{"type":"FeatureCollection","features":[{"type":"Feature","properties":{},"geometry":{"type":"LineString","coordinates":[[-0.3231,5.5083],[-0.2177,5.5296],[-0.2049,5.5348],[-0.2049,5.5406],[-0.1227,5.5661],[-0.074,5.5891],[-0.0549,5.6077],[-0.0221,5.6142],[-0.0138,5.6045],[0.0037,5.612],[0.0247,5.6263],[0.019,5.6411],[0.0282,5.6469],[0.0286,5.6509],[0.0344,5.6576],[0.0426,5.662],[0.0437,5.6706],[0.0516,5.6746],[0.0697,5.6947],[0.1244,5.7069],[0.1308,5.7107],[0.138,5.7223],[0.1646,5.7318],[0.1742,5.7371],[0.1732,5.7388],[0.1789,5.7428],[0.2199,5.7468],[0.246,5.7604],[0.2497,5.7658],[0.2567,5.7686],[0.3239,5.7829],[0.3645,5.7869],[0.4412,5.7897],[0.6208,5.7764],[0.6654,5.7697],[0.6723,5.7743],[0.6697,5.7769],[0.6716,5.7875],[0.6569,5.8108],[0.6429,5.8217],[0.6363,5.8345],[0.6209,5.8343],[0.6201,5.8517],[0.6259,5.8621],[0.6312,5.8627],[0.6323,5.866],[0.6251,5.8693],[0.6146,5.8656],[0.6128,5.8726],[0.6194,5.8743],[0.6193,5.8762],[0.6111,5.8766],[0.61,5.884],[0.604,5.8873],[0.6121,5.8941],[0.6088,5.9003],[0.6026,5.9003],[0.5974,5.907],[0.5899,5.9104],[0.5884,5.9202],[0.577,5.9327],[0.5706,5.9304],[0.5715,5.9321],[0.5669,5.9377],[0.5597,5.9394],[0.5546,5.9453],[0.545,5.9429],[0.5429,5.9393],[0.5293,5.9477],[0.5245,5.9576],[0.5254,5.9786],[0.5146,5.9825],[0.4969,5.9818],[0.4949,5.9856],[0.4883,5.9892],[0.4874,6.0033],[0.479,6.0096],[0.4604,6.0074],[0.4494,6.0011],[0.446,5.9965],[0.4427,5.9964],[0.4404,5.9911],[0.4419,5.9868],[0.4344,5.9743],[0.4299,5.9741],[0.4213,5.9783],[0.4164,5.9763],[0.4143,5.9693],[0.3896,5.96],[0.3667,5.9604],[0.344,5.9549],[0.348,5.9626],[0.3504,5.9772],[0.3123,5.9892],[0.3197,5.9957],[0.3199,6.001],[0.3333,6.0158],[0.3485,6.0223],[0.3315,6.0342],[0.3376,6.0514],[0.2943,6.0614],[0.2831,6.0905],[0.2642,6.1046],[0.236,6.1054],[0.183,6.0926],[0.1755,6.0938],[0.1676,6.0993],[0.1446,6.1076],[0.1436,6.1009],[0.1497,6.0855],[0.1378,6.0735],[0.1269,6.073],[0.1169,6.0623],[0.1017,6.057],[0.0949,6.0482],[0.0835,6.0432],[0.065,6.0532],[0.0506,6.0464],[0.0464,6.0404],[0.0433,6.0503],[0.0189,6.0614],[0.0179,6.0389],[0.0085,6.0241],[0.0079,6.0168],[0.0041,6.0095],[-0.0008,6.0076],[-0.0097,6.0104],[-0.0148,5.9972],[-0.0082,5.9939],[-0.0047,5.9859],[-0.0041,5.9763],[-0.0062,5.971],[-0.0406,5.9448],[-0.0466,5.9433],[-0.0628,5.9304],[-0.0833,5.9078],[-0.0951,5.9019],[-0.1142,5.8866],[-0.1256,5.8711],[-0.1306,5.8525],[-0.1378,5.851],[-0.1439,5.8548],[-0.1642,5.8411],[-0.1639,5.8382],[-0.1529,5.8397],[-0.1493,5.8337],[-0.155,5.8145],[-0.1646,5.8121],[-0.1722,5.814],[-0.1722,5.8058],[-0.1808,5.7941],[-0.1942,5.7842],[-0.2027,5.782],[-0.2047,5.7678],[-0.2044,5.7637],[-0.202,5.7631],[-0.2071,5.7549],[-0.2144,5.7494],[-0.2183,5.7506],[-0.2206,5.7483],[-0.2213,5.7426],[-0.2254,5.7404],[-0.242,5.7468],[-0.243,5.7645],[-0.2338,5.7782],[-0.2629,5.7994],[-0.269,5.8004],[-0.2708,5.8082],[-0.3108,5.7893],[-0.3274,5.7729],[-0.3314,5.7789],[-0.3354,5.7767],[-0.3403,5.7781],[-0.3482,5.7743],[-0.3523,5.7663],[-0.366,5.7624],[-0.3709,5.7673],[-0.3786,5.7702],[-0.3789,5.7744],[-0.3847,5.7764],[-0.3891,5.7616],[-0.3935,5.7599],[-0.4132,5.7722],[-0.4164,5.7801],[-0.4131,5.7856],[-0.437,5.7994],[-0.4415,5.798],[-0.4483,5.7881],[-0.4577,5.7889],[-0.4597,5.7758],[-0.4736,5.7828],[-0.4771,5.7767],[-0.477,5.7613],[-0.4904,5.7543],[-0.4926,5.7484],[-0.4957,5.7489],[-0.504,5.7401],[-0.5133,5.7349],[-0.51,5.7306],[-0.5119,5.7265],[-0.5092,5.7217],[-0.5098,5.7048],[-0.5197,5.7005],[-0.5189,5.6923],[-0.5151,5.6888],[-0.5114,5.6888],[-0.5124,5.681],[-0.5072,5.6795],[-0.494,5.6543],[-0.4277,5.6184],[-0.4258,5.6027],[-0.4181,5.5939],[-0.4205,5.5847],[-0.4196,5.5507],[-0.4216,5.5409],[-0.4157,5.537],[-0.4133,5.524],[-0.4068,5.5178],[-0.4035,5.5099],[-0.4041,5.4918],[-0.4003,5.4844],[-0.4069,5.4786],[-0.4071,5.4708],[-0.4,5.4775],[-0.371,5.4897],[-0.3636,5.4959],[-0.3231,5.5083]]}},{"type":"Feature","properties":{},"geometry":{"type":"LineString","coordinates":[[-0.0728,10.7696],[-0.0678,10.7734],[-0.0637,10.7732],[-0.0576,10.7846],[-0.0446,10.7924],[-0.0439,10.7981],[-0.0382,10.8044],[-0.0313,10.8072],[-0.029,10.8148],[-0.0219,10.8187],[-0.0224,10.8317],[-0.0279,10.8422],[-0.0295,10.8545],[-0.0251,10.8658],[-0.0254,10.8813],[-0.0177,10.8895],[-0.0122,10.9054],[-0.0151,10.9063],[-0.0077,10.9147],[-0.0119,10.9438],[-0.007,10.9457],[-0.006,10.9634],[0.0054,10.967],[0.0097,10.9655],[0.0131,10.9713],[0.0155,10.9706],[0.0235,10.9774],[0.0335,10.9788],[0.0312,10.9827],[0.0344,10.9927],[0.0286,11.004],[0.0239,11.0626],[0.0032,11.084],[0.0014,11.095],[-0.0052,11.1009],[-0.0043,11.1075],[-0.0143,11.1108],[-0.0147,11.1131],[-0.0194,11.1145],[-0.0215,11.1118],[-0.0273,11.1114],[-0.0386,11.1061],[-0.0462,11.1004],[-0.0547,11.086],[-0.0644,11.0865],[-0.0681,11.0846],[-0.0726,11.0864],[-0.0812,11.0841],[-0.0865,11.0873],[-0.095,11.0861],[-0.1031,11.0902],[-0.1025,11.0937],[-0.1192,11.0994],[-0.1205,11.1026],[-0.1264,11.106],[-0.143,11.1058],[-0.1437,11.1186],[-0.1338,11.1298],[-0.1338,11.1362],[-0.1362,11.1395],[-0.2753,11.1749],[-0.282,11.1693],[-0.2844,11.1542],[-0.2894,11.1483],[-0.2821,11.141],[-0.2718,11.1379],[-0.2722,11.1244],[-0.2928,11.119],[-0.3025,11.1195],[-0.3099,11.1153],[-0.3212,11.1154],[-0.3327,11.1093],[-0.3368,11.1062],[-0.3354,11.1005],[-0.3396,11.0881],[-0.3432,11.0853],[-0.3548,11.0838],[-0.3549,11.0731],[-0.3591,11.0699],[-0.3616,11.0692],[-0.3599,11.0783],[-0.368,11.0839],[-0.3721,11.0917],[-0.3697,11.098],[-0.3752,11.1054],[-0.3724,11.1233],[-0.3761,11.1243],[-0.3783,11.1224],[-0.3849,11.127],[-0.3929,11.1249],[-0.4021,11.1271],[-0.4071,11.1219],[-0.4161,11.1195],[-0.4221,11.1147],[-0.4276,11.1143],[-0.4316,11.1025],[-0.4302,11.095],[-0.4331,11.0789],[-0.4398,11.0649],[-0.4349,11.0479],[-0.4386,11.0443],[-0.4336,11.0372],[-0.438,11.0303],[-0.4571,11.0301],[-0.4616,11.0281],[-0.475,11.036],[-0.4795,11.0318],[-0.4816,11.0256],[-0.4801,11.0235],[-0.5015,11.0177],[-0.501,11.0034],[-0.5106,10.9928],[-0.5109,10.9884],[-0.5167,10.992],[-0.5234,10.9917],[-0.5275,11.0001],[-0.5435,10.9853],[-0.5448,10.9747],[-0.5512,10.9787],[-0.5523,10.9819],[-0.5499,10.9836],[-0.5527,10.99],[-0.5596,10.9894],[-0.5627,10.9923],[-0.5683,10.9923],[-0.5726,10.9812],[-0.5798,10.9723],[-0.5816,10.9629],[-0.5862,10.9608],[-0.5884,10.9398],[-0.5863,10.9383],[-0.5912,10.9356],[-0.5937,10.9307],[-0.5932,10.9236],[-0.6042,10.9198],[-0.6068,10.9157],[-0.6182,10.9105],[-0.626,10.9388],[-0.6485,10.9495],[-0.6449,10.9532],[-0.6457,10.9559],[-0.6527,10.9632],[-0.6561,10.9635],[-0.6625,10.9556],[-0.6711,10.9583],[-0.6717,10.9612],[-0.6637,10.9747],[-0.6553,10.976],[-0.6524,10.9817],[-0.6538,10.9873],[-0.6725,10.9903],[-0.6775,10.9821],[-0.6809,10.9826],[-0.6862,10.9866],[-0.6868,10.9924],[-0.6842,10.9974],[-0.8076,10.9978],[-0.8076,11.0058],[-0.8273,11.0065],[-0.8284,10.998],[-0.8551,10.998],[-0.87,10.9666],[-0.8935,10.9624],[-0.8886,10.9652],[-0.8888,10.9801],[-0.8906,10.982],[-0.9168,10.9803],[-0.9165,11.002],[-0.9478,11.0025],[-0.9765,10.9982],[-1.0002,10.9977],[-1.0003,11.0078],[-1.0083,11.008],[-1.115,11.0038],[-1.1148,10.9882],[-1.1174,10.9856],[-1.3114,10.9927],[-1.3827,10.9968],[-1.3952,11.012],[-1.4263,11.021],[-1.4241,11.0144],[-1.4317,11.0098],[-1.4283,10.998],[-1.4384,10.9907],[-1.4415,10.977],[-1.4477,10.9646],[-1.4478,10.9561],[-1.4441,10.9502],[-1.4474,10.9323],[-1.4562,10.9116],[-1.4517,10.9079],[-1.4536,10.9048],[-1.452,10.8888],[-1.4583,10.8794],[-1.4533,10.8658],[-1.4567,10.8617],[-1.4587,10.8491],[-1.4629,10.8493],[-1.4624,10.8467],[-1.4659,10.8447],[-1.4725,10.8442],[-1.4777,10.8389],[-1.4787,10.8306],[-1.4907,10.833],[-1.4941,10.8299],[-1.4934,10.8269],[-1.5004,10.8137],[-1.491,10.8067],[-1.4959,10.7866],[-1.4992,10.7857],[-1.4997,10.7824],[-1.5057,10.7792],[-1.5235,10.7772],[-1.5289,10.7652],[-1.5262,10.7609],[-1.5334,10.748],[-1.5511,10.7506],[-1.5579,10.7458],[-1.5619,10.7287],[-1.5672,10.7235],[-1.5662,10.7162],[-1.5731,10.6666],[-1.5677,10.6467],[-1.568,10.6359],[-1.565,10.6224],[-1.5665,10.5991],[-1.558,10.5945],[-1.5535,10.5864],[-1.5277,10.5885],[-1.517,10.5782],[-1.5201,10.5664],[-1.5178,10.5612],[-1.5052,10.5599],[-1.5004,10.555],[-1.491,10.551],[-1.4878,10.5478],[-1.4877,10.5397],[-1.4853,10.5383],[-1.4713,10.5362],[-1.4665,10.5379],[-1.4568,10.5331],[-1.4499,10.524],[-1.4482,10.5161],[-1.463,10.5084],[-1.4589,10.4977],[-1.4666,10.4868],[-1.4576,10.4789],[-1.449,10.4789],[-1.4463,10.4693],[-1.4357,10.4689],[-1.4273,10.4636],[-1.4173,10.4676],[-1.4131,10.4761],[-1.4032,10.4853],[-1.3984,10.4829],[-1.392,10.4741],[-1.3747,10.4646],[-1.3736,10.4587],[-1.3804,10.456],[-1.3643,10.4402],[-1.3628,10.4351],[-1.366,10.4281],[-1.3736,10.4261],[-1.3705,10.4225],[-1.3638,10.422],[-1.3679,10.4115],[-1.3724,10.4099],[-1.3754,10.4052],[-1.3853,10.4052],[-1.3816,10.3899],[-1.3759,10.3859],[-1.3751,10.3821],[-1.366,10.3772],[-1.3535,10.3767],[-1.3489,10.372],[-1.3437,10.361],[-1.3458,10.3553],[-1.3433,10.3513],[-1.3489,10.3475],[-1.344,10.3468],[-1.3407,10.3429],[-1.3365,10.3479],[-1.3299,10.341],[-1.3266,10.3413],[-1.3231,10.3343],[-1.3267,10.3316],[-1.3148,10.3306],[-1.3108,10.327],[-1.3027,10.3268],[-1.297,10.3238],[-1.2898,10.3261],[-1.2855,10.3215],[-1.2724,10.321],[-1.2711,10.3236],[-1.2734,10.3268],[-1.2688,10.3255],[-1.2675,10.3238],[-1.2717,10.3135],[-1.2673,10.3096],[-1.2645,10.3107],[-1.2594,10.3022],[-1.2558,10.303],[-1.2543,10.2947],[-1.2582,10.2927],[-1.2551,10.2884],[-1.2557,10.2818],[-1.2526,10.2804],[-1.2534,10.2768],[-1.2486,10.278],[-1.2482,10.2744],[-1.243,10.2764],[-1.2473,10.2781],[-1.2472,10.2809],[-1.2417,10.2807],[-1.2415,10.2768],[-1.2398,10.2787],[-1.2397,10.286],[-1.2342,10.2861],[-1.2321,10.2836],[-1.2276,10.2867],[-1.2322,10.292],[-1.2219,10.2949],[-1.224,10.3026],[-1.2162,10.304],[-1.2089,10.3284],[-1.2131,10.3455],[-1.2314,10.3672],[-1.234,10.3777],[-1.2316,10.3861],[-1.2261,10.3912],[-1.1664,10.4121],[-1.1327,10.4579],[-1.1055,10.4779],[-1.0718,10.4885],[-1.065,10.497],[-1.0556,10.4975],[-1.0499,10.5096],[-1.0432,10.5134],[-1.0413,10.5201],[-1.0356,10.522],[-1.0326,10.5271],[-1.01,10.5374],[-0.9806,10.5318],[-0.966,10.5364],[-0.959,10.5282],[-0.9478,10.5324],[-0.9296,10.524],[-0.9135,10.5274],[-0.9095,10.5237],[-0.9091,10.5186],[-0.9209,10.5003],[-0.9351,10.4862],[-0.9315,10.48],[-0.9224,10.482],[-0.9096,10.5004],[-0.8905,10.5183],[-0.9077,10.5625],[-0.9089,10.5794],[-0.8655,10.5925],[-0.8596,10.5901],[-0.8548,10.5802],[-0.8487,10.5803],[-0.8433,10.574],[-0.8377,10.6012],[-0.8275,10.5993],[-0.8179,10.6031],[-0.7961,10.6208],[-0.7968,10.6445],[-0.7924,10.6513],[-0.7776,10.652],[-0.7649,10.6425],[-0.7548,10.6398],[-0.7478,10.6455],[-0.7269,10.6517],[-0.7122,10.6412],[-0.7064,10.6207],[-0.7088,10.6169],[-0.7179,10.6158],[-0.7184,10.6054],[-0.7135,10.5992],[-0.7049,10.5971],[-0.6951,10.5897],[-0.6861,10.5671],[-0.706,10.5432],[-0.7153,10.5378],[-0.7161,10.5299],[-0.7107,10.5238],[-0.704,10.5233],[-0.7013,10.534],[-0.6933,10.5414],[-0.6894,10.5421],[-0.687,10.5401],[-0.6867,10.5304],[-0.681,10.5261],[-0.6727,10.5246],[-0.6649,10.5291],[-0.6625,10.5376],[-0.6518,10.5505],[-0.6395,10.5556],[-0.6294,10.5525],[-0.6185,10.5556],[-0.6125,10.5529],[-0.6082,10.5536],[-0.5953,10.5463],[-0.5816,10.5481],[-0.5766,10.5508],[-0.5666,10.566],[-0.5561,10.5718],[-0.5486,10.5707],[-0.5282,10.5585],[-0.5155,10.5602],[-0.5077,10.5673],[-0.5079,10.5897],[-0.5046,10.6007],[-0.507,10.6068],[-0.4988,10.6232],[-0.4938,10.624],[-0.4679,10.6175],[-0.4613,10.6075],[-0.452,10.601],[-0.4436,10.5991],[-0.4352,10.6025],[-0.4157,10.6026],[-0.3889,10.6099],[-0.3668,10.6241],[-0.3556,10.6247],[-0.3468,10.6182],[-0.338,10.6195],[-0.3309,10.6254],[-0.3302,10.623],[-0.3238,10.6255],[-0.3236,10.6218],[-0.311,10.6228],[-0.3,10.6334],[-0.2969,10.632],[-0.2951,10.6354],[-0.2924,10.6345],[-0.2905,10.6367],[-0.285,10.6341],[-0.2814,10.6396],[-0.2753,10.6372],[-0.2711,10.6382],[-0.2695,10.6343],[-0.2605,10.6315],[-0.2578,10.6384],[-0.2361,10.6481],[-0.2299,10.6558],[-0.2192,10.6577],[-0.2141,10.6548],[-0.2127,10.6579],[-0.2036,10.6577],[-0.2002,10.6594],[-0.2004,10.6617],[-0.1974,10.6617],[-0.1969,10.6638],[-0.1957,10.6618],[-0.1867,10.6687],[-0.1815,10.6705],[-0.177,10.6676],[-0.1747,10.672],[-0.1702,10.6698],[-0.1637,10.6706],[-0.1614,10.6755],[-0.1604,10.6715],[-0.1541,10.6715],[-0.1415,10.6817],[-0.1317,10.6853],[-0.1224,10.6856],[-0.1215,10.6889],[-0.1104,10.6959],[-0.109,10.7013],[-0.0915,10.7099],[-0.0855,10.7164],[-0.0726,10.7195],[-0.0742,10.7318],[-0.0709,10.7415],[-0.0743,10.7564],[-0.0698,10.7636],[-0.0728,10.7696]]}},{"type":"Feature","properties":{},"geometry":{"type":"LineString","coordinates":[[-1.7499,10.9842],[-2.1314,10.9859],[-2.2243,10.9938],[-2.2734,10.9939],[-2.3302,10.9898],[-2.5007,10.99],[-2.6321,10.9996],[-2.6355,10.9966],[-2.6895,11.0043],[-2.7386,11.0021],[-2.7588,11.0031],[-2.7594,11.0074],[-2.8337,11.0067],[-2.8408,10.9671],[-2.8378,10.9601],[-2.8278,10.9528],[-2.8195,10.9417],[-2.8175,10.925],[-2.838,10.8931],[-2.8584,10.8915],[-2.864,10.8877],[-2.8669,10.8759],[-2.8635,10.8646],[-2.864,10.8572],[-2.8795,10.8313],[-2.8808,10.8045],[-2.8922,10.7806],[-2.8953,10.7644],[-2.9187,10.7362],[-2.938,10.7219],[-2.9396,10.7086],[-2.9108,10.6994],[-2.9057,10.6861],[-2.9113,10.6778],[-2.911,10.6713],[-2.9156,10.6643],[-2.9313,10.6522],[-2.9378,10.643],[-2.9412,10.6361],[-2.9397,10.6251],[-2.9413,10.6156],[-2.94,10.6114],[-2.9354,10.6094],[-2.9329,10.602],[-2.9241,10.5946],[-2.9114,10.5637],[-2.9002,10.5465],[-2.8984,10.5385],[-2.9005,10.5302],[-2.8994,10.5228],[-2.8951,10.5137],[-2.8883,10.505],[-2.8808,10.5005],[-2.8747,10.4903],[-2.8712,10.4804],[-2.8727,10.4671],[-2.8664,10.4545],[-2.8338,10.4372],[-2.7914,10.4265],[-2.7769,10.4256],[-2.7733,10.4225],[-2.776,10.4127],[-2.7801,10.4085],[-2.7997,10.3977],[-2.8085,10.3997],[-2.8187,10.3977],[-2.8315,10.3878],[-2.842,10.3661],[-2.8423,10.3436],[-2.8491,10.3282],[-2.8505,10.3188],[-2.8426,10.3041],[-2.833,10.2955],[-2.797,10.2758],[-2.7807,10.2721],[-2.7628,10.2632],[-2.7593,10.2581],[-2.7563,10.2458],[-2.7577,10.2334],[-2.7609,10.2266],[-2.7757,10.2134],[-2.7903,10.2047],[-2.7964,10.1984],[-2.7983,10.1908],[-2.7947,10.1715],[-2.7899,10.1613],[-2.7872,10.1411],[-2.7935,10.126],[-2.7916,10.1059],[-2.788,10.0939],[-2.7905,10.0696],[-2.782,10.0445],[-2.7817,10.0268],[-2.7765,10.02],[-2.7748,10.01],[-2.7633,9.9937],[-2.7498,9.982],[-2.7431,9.9607],[-2.7448,9.9475],[-2.755,9.9359],[-2.7633,9.915],[-2.7634,9.9051],[-2.761,9.8998],[-2.7619,9.884],[-2.7465,9.8541],[-2.7302,9.8384],[-2.7265,9.8264],[-2.7326,9.8147],[-2.7496,9.8081],[-2.7587,9.8],[-2.759,9.7953],[-2.7654,9.7864],[-2.771,9.7715],[-2.7738,9.7697],[-2.7782,9.7569],[-2.7893,9.748],[-2.7904,9.7436],[-2.783,9.7272],[-2.7866,9.7096],[-2.7859,9.6931],[-2.7837,9.6896],[-2.7768,9.6865],[-2.7576,9.6807],[-2.7539,9.653],[-2.7456,9.6413],[-2.733,9.6435],[-2.7238,9.6338],[-2.7193,9.6324],[-2.7086,9.6343],[-2.6986,9.63],[-2.6739,9.6336],[-2.6665,9.6387],[-2.6526,9.6428],[-2.629,9.6447],[-2.6184,9.6497],[-2.6047,9.6456],[-2.5931,9.6454],[-2.5757,9.6492],[-2.5514,9.6737],[-2.5215,9.6867],[-2.5145,9.6943],[-2.5075,9.7199],[-2.5085,9.7464],[-2.4221,9.7723],[-2.097,9.8137],[-2.0946,9.8114],[-2.0901,9.7887],[-2.086,9.7852],[-2.0431,9.7797],[-2.029,9.7829],[-2.0185,9.7931],[-2.0042,9.8218],[-1.9873,9.826],[-1.7136,9.8213],[-1.7097,9.8488],[-1.7124,9.8562],[-1.7108,9.8654],[-1.7073,9.8731],[-1.6975,9.879],[-1.6969,9.8914],[-1.7044,9.8971],[-1.7076,9.9036],[-1.7037,9.909],[-1.7061,9.9151],[-1.7055,9.925],[-1.7143,9.9294],[-1.7157,9.9336],[-1.7157,9.9429],[-1.7073,9.9478],[-1.7098,9.9542],[-1.7086,9.9583],[-1.7128,9.9618],[-1.7077,9.9654],[-1.7136,9.9694],[-1.7104,9.9815],[-1.7171,9.9909],[-1.7166,9.9961],[-1.7188,9.999],[-1.7158,10.0115],[-1.7136,10.014],[-1.7012,10.0147],[-1.7015,10.0231],[-1.6944,10.0263],[-1.6942,10.0331],[-1.6857,10.0392],[-1.6747,10.0257],[-1.6679,10.0349],[-1.6676,10.0455],[-1.6444,10.0382],[-1.635,10.0429],[-1.629,10.0524],[-1.6423,10.0577],[-1.6561,10.0724],[-1.6553,10.075],[-1.642,10.0754],[-1.6318,10.0798],[-1.6255,10.0793],[-1.6234,10.0714],[-1.6159,10.0688],[-1.5854,10.0794],[-1.5899,10.0884],[-1.5874,10.0888],[-1.5897,10.0919],[-1.5863,10.1008],[-1.5952,10.107],[-1.5922,10.1155],[-1.5988,10.1228],[-1.5968,10.127],[-1.6005,10.1329],[-1.6037,10.1346],[-1.6088,10.1332],[-1.6118,10.1355],[-1.6215,10.1333],[-1.6253,10.1394],[-1.6283,10.1402],[-1.6285,10.1444],[-1.6322,10.1458],[-1.6356,10.1549],[-1.645,10.1565],[-1.6596,10.1657],[-1.6594,10.1699],[-1.6631,10.1729],[-1.66,10.1763],[-1.6622,10.1875],[-1.6563,10.1945],[-1.6092,10.2848],[-1.5638,10.3614],[-1.523,10.3971],[-1.4718,10.4358],[-1.47,10.442],[-1.4491,10.4546],[-1.4461,10.4606],[-1.4382,10.4661],[-1.4382,10.4696],[-1.4471,10.4701],[-1.449,10.4789],[-1.4576,10.4789],[-1.4666,10.4868],[-1.4589,10.4977],[-1.463,10.5084],[-1.4482,10.5161],[-1.4499,10.524],[-1.4568,10.5331],[-1.4665,10.5379],[-1.4713,10.5362],[-1.4853,10.5383],[-1.4877,10.5397],[-1.4878,10.5478],[-1.491,10.551],[-1.5004,10.555],[-1.5052,10.5599],[-1.5178,10.5612],[-1.5201,10.5664],[-1.517,10.5782],[-1.5277,10.5885],[-1.5535,10.5864],[-1.558,10.5945],[-1.5665,10.5991],[-1.565,10.6224],[-1.568,10.6359],[-1.5677,10.6467],[-1.5731,10.6666],[-1.5662,10.7162],[-1.5672,10.7235],[-1.5619,10.7287],[-1.5579,10.7458],[-1.5511,10.7506],[-1.5334,10.748],[-1.5262,10.7609],[-1.5289,10.7652],[-1.5235,10.7772],[-1.5057,10.7792],[-1.4997,10.7824],[-1.4992,10.7857],[-1.4959,10.7866],[-1.491,10.8067],[-1.5004,10.8137],[-1.4934,10.8269],[-1.4941,10.8299],[-1.4907,10.833],[-1.4787,10.8306],[-1.4777,10.8389],[-1.4725,10.8442],[-1.4659,10.8447],[-1.4624,10.8467],[-1.4629,10.8493],[-1.4587,10.8491],[-1.4567,10.8617],[-1.4533,10.8658],[-1.4583,10.8794],[-1.452,10.8888],[-1.4536,10.9048],[-1.4517,10.9079],[-1.4562,10.9116],[-1.4474,10.9323],[-1.4441,10.9502],[-1.4478,10.9561],[-1.4477,10.9646],[-1.4415,10.977],[-1.4384,10.9907],[-1.4283,10.998],[-1.4317,11.0101],[-1.4249,11.013],[-1.4244,11.0191],[-1.4263,11.021],[-1.6156,11.021],[-1.6163,10.9851],[-1.691,10.9846],[-1.6914,10.9728],[-1.7499,10.972],[-1.7499,10.9842]]}},{"type":"Feature","properties":{},"geometry":{"type":"LineString","coordinates":[[0.2245,7.0994],[0.2426,7.127],[0.2425,7.1486],[0.2352,7.1671],[0.2162,7.174],[0.1823,7.1797],[0.1641,7.1032],[0.1548,7.0419],[0.1581,7.009],[0.1657,6.9878],[0.1724,6.9454],[0.1742,6.8823],[0.1798,6.8586],[0.2003,6.8009],[0.2084,6.7651],[0.2112,6.7288],[0.2061,6.709],[0.1974,6.6952],[0.1846,6.6816],[0.1164,6.6309],[0.0933,6.6053],[0.0815,6.5771],[0.1523,6.5754],[0.1632,6.57],[0.1818,6.5663],[0.1874,6.5686],[0.1946,6.5639],[0.195,6.5556],[0.1984,6.5537],[0.1997,6.5485],[0.1924,6.5325],[0.1778,6.5115],[0.182,6.4966],[0.1789,6.4867],[0.1872,6.4826],[0.1892,6.4754],[0.1843,6.4655],[0.1862,6.4403],[0.178,6.4242],[0.2062,6.4053],[0.2095,6.4011],[0.2102,6.3947],[0.2166,6.388],[0.2164,6.3844],[0.2131,6.3786],[0.2074,6.3774],[0.205,6.3718],[0.1998,6.3705],[0.2043,6.3574],[0.2013,6.3573],[0.2006,6.3536],[0.1948,6.3529],[0.1932,6.3475],[0.1857,6.3422],[0.187,6.3392],[0.1787,6.3408],[0.1781,6.3341],[0.1726,6.332],[0.174,6.3282],[0.1692,6.3277],[0.1706,6.3178],[0.1679,6.3136],[0.1761,6.3077],[0.1756,6.3027],[0.1595,6.3002],[0.1552,6.2939],[0.1556,6.2887],[0.1372,6.2657],[0.1361,6.2598],[0.1278,6.2552],[0.1189,6.2189],[0.1044,6.1832],[0.096,6.1768],[0.0935,6.1565],[0.0973,6.148],[0.1382,6.1097],[0.1676,6.0993],[0.1755,6.0938],[0.1852,6.0927],[0.236,6.1054],[0.2642,6.1046],[0.2831,6.0905],[0.2943,6.0614],[0.3376,6.0514],[0.3315,6.0342],[0.3485,6.0223],[0.3333,6.0158],[0.3199,6.001],[0.3197,5.9957],[0.3123,5.9892],[0.3504,5.9772],[0.348,5.9626],[0.344,5.9549],[0.3667,5.9604],[0.3896,5.96],[0.4143,5.9693],[0.4164,5.9763],[0.4213,5.9783],[0.4299,5.9741],[0.4344,5.9743],[0.4419,5.9868],[0.4404,5.9911],[0.4427,5.9964],[0.446,5.9965],[0.4494,6.0011],[0.4604,6.0074],[0.479,6.0096],[0.4874,6.0033],[0.4883,5.9892],[0.4949,5.9856],[0.4969,5.9818],[0.5146,5.9825],[0.5254,5.9786],[0.5245,5.9576],[0.5293,5.9477],[0.5429,5.9393],[0.545,5.9429],[0.5546,5.9453],[0.5597,5.9394],[0.5669,5.9377],[0.5715,5.9321],[0.5706,5.9304],[0.577,5.9327],[0.5884,5.9202],[0.5899,5.9104],[0.5974,5.907],[0.6026,5.9003],[0.6088,5.9003],[0.6121,5.8941],[0.604,5.8873],[0.61,5.884],[0.6111,5.8766],[0.6193,5.8762],[0.6194,5.8743],[0.6128,5.8726],[0.6146,5.8656],[0.6251,5.8693],[0.6323,5.866],[0.6312,5.8627],[0.6259,5.8621],[0.6201,5.8517],[0.6209,5.8343],[0.6363,5.8345],[0.6429,5.8217],[0.6569,5.8108],[0.6716,5.7875],[0.6697,5.7769],[0.6723,5.7743],[0.6768,5.7776],[0.6833,5.7739],[0.7136,5.7712],[0.8028,5.7717],[0.9134,5.7842],[0.9305,5.7894],[0.9541,5.808],[0.9802,5.8397],[0.9954,5.8813],[0.994,5.924],[1.0155,5.9621],[1.0572,6.0194],[1.0821,6.0473],[1.1171,6.0725],[1.1473,6.0903],[1.1996,6.1124],[1.1994,6.1691],[1.0829,6.1695],[1.0829,6.1873],[1.0677,6.2092],[1.0633,6.2234],[1.0539,6.2346],[1.0483,6.2334],[1.0381,6.2376],[1.0242,6.2561],[1.0246,6.2597],[1.0175,6.2742],[1.016,6.2868],[1.007,6.2972],[1.0053,6.311],[1.0082,6.3211],[1.0035,6.3355],[0.8922,6.3355],[0.8853,6.3523],[0.8732,6.3684],[0.8577,6.3831],[0.8254,6.4041],[0.7876,6.4132],[0.7826,6.4331],[0.7492,6.4482],[0.744,6.4832],[0.7261,6.4912],[0.719,6.5025],[0.7176,6.5153],[0.7124,6.5292],[0.729,6.5497],[0.7476,6.5629],[0.7413,6.5842],[0.7283,6.594],[0.7046,6.5877],[0.6914,6.5907],[0.6851,6.5944],[0.6842,6.5976],[0.6899,6.5966],[0.6914,6.5986],[0.6733,6.6139],[0.67,6.6082],[0.6649,6.6086],[0.6662,6.6044],[0.6572,6.6076],[0.6434,6.632],[0.6365,6.6339],[0.6372,6.6377],[0.64,6.6388],[0.6354,6.6415],[0.6427,6.6646],[0.6497,6.6743],[0.6462,6.686],[0.6427,6.6883],[0.6436,6.6972],[0.6474,6.7022],[0.6457,6.7053],[0.6481,6.7129],[0.6414,6.7224],[0.6438,6.7229],[0.6428,6.7264],[0.65,6.7376],[0.6312,6.7494],[0.6254,6.7471],[0.6188,6.7548],[0.6161,6.7513],[0.6141,6.7529],[0.6092,6.75],[0.6087,6.747],[0.6006,6.7568],[0.5814,6.7615],[0.5724,6.7736],[0.5775,6.7744],[0.5666,6.7823],[0.5699,6.7851],[0.5662,6.7887],[0.5698,6.7928],[0.57,6.8011],[0.5759,6.7985],[0.5778,6.8016],[0.576,6.8037],[0.5798,6.8073],[0.5696,6.8094],[0.5702,6.8132],[0.5659,6.8153],[0.5682,6.8208],[0.5652,6.825],[0.561,6.8241],[0.5483,6.8336],[0.5445,6.8309],[0.5463,6.8279],[0.5394,6.8251],[0.5321,6.8288],[0.5347,6.8343],[0.5315,6.8332],[0.5313,6.8569],[0.5428,6.8611],[0.5434,6.8644],[0.5353,6.8765],[0.551,6.8809],[0.5585,6.8876],[0.558,6.8941],[0.5625,6.9023],[0.5632,6.9157],[0.5661,6.918],[0.566,6.9211],[0.5596,6.9291],[0.5504,6.9279],[0.5484,6.9362],[0.5456,6.9336],[0.5432,6.9363],[0.5228,6.9432],[0.5218,6.9478],[0.526,6.9551],[0.5222,6.9607],[0.5253,6.9638],[0.5212,6.9711],[0.534,6.9768],[0.542,6.9874],[0.5496,6.9916],[0.5704,6.9961],[0.5802,6.9939],[0.5948,7.0029],[0.5969,7.0063],[0.5926,7.01],[0.6035,7.0223],[0.6013,7.0339],[0.6046,7.0359],[0.5976,7.0626],[0.6113,7.0845],[0.6143,7.0945],[0.6111,7.0968],[0.6142,7.0993],[0.6115,7.1056],[0.6025,7.1072],[0.6,7.1126],[0.5966,7.1142],[0.5911,7.1115],[0.5959,7.1278],[0.5864,7.1281],[0.5825,7.1223],[0.5559,7.1245],[0.5538,7.1302],[0.5481,7.1297],[0.5471,7.1267],[0.5505,7.122],[0.531,7.1158],[0.5333,7.1542],[0.5222,7.1563],[0.5197,7.153],[0.5194,7.1638],[0.5011,7.1741],[0.4869,7.1672],[0.4904,7.1726],[0.4812,7.1802],[0.4789,7.1875],[0.4753,7.1858],[0.475,7.1807],[0.4465,7.171],[0.4365,7.1702],[0.4166,7.1543],[0.4041,7.1642],[0.406,7.1398],[0.3966,7.1362],[0.3916,7.2266],[0.3712,7.1543],[0.3674,7.1475],[0.3637,7.1456],[0.3575,7.1317],[0.3502,7.1266],[0.3416,7.1274],[0.3386,7.1306],[0.3369,7.1255],[0.3398,7.1159],[0.3359,7.1128],[0.3327,7.1023],[0.3281,7.0974],[0.3285,7.0892],[0.3158,7.096],[0.2245,7.0994]]}},{"type":"Feature","properties":{},"geometry":{"type":"LineString","coordinates":[[-2.0918,7.6228],[-2.0878,7.6339],[-2.0729,7.6463],[-2.0669,7.6617],[-2.0509,7.6663],[-2.0478,7.6715],[-2.0484,7.6775],[-2.0558,7.685],[-2.0637,7.7035],[-2.073,7.7129],[-2.0699,7.7285],[-2.0721,7.7356],[-2.0704,7.7405],[-2.0728,7.7521],[-2.0815,7.7588],[-2.0821,7.7669],[-2.0764,7.7786],[-2.0691,7.7802],[-2.0446,7.7777],[-2.0227,7.7802],[-1.9773,7.8042],[-1.9622,7.8061],[-1.9583,7.802],[-1.9442,7.7994],[-1.9363,7.8027],[-1.9302,7.8086],[-1.9251,7.8093],[-1.9221,7.8063],[-1.9099,7.8185],[-1.9029,7.8312],[-1.9142,7.8774],[-1.9882,7.969],[-2.0211,7.9555],[-2.0319,7.9566],[-2.0412,7.9644],[-2.044,7.9735],[-2.026,7.9961],[-2.0268,8.0012],[-2.0248,8.0022],[-2.027,8.0176],[-2.0253,8.0239],[-2.0369,8.0304],[-2.0575,8.052],[-2.055,8.0614],[-2.0664,8.0912],[-2.0797,8.0989],[-2.0886,8.1137],[-2.0889,8.1187],[-2.0975,8.1259],[-2.1021,8.1361],[-2.1168,8.1358],[-2.1198,8.1391],[-2.1217,8.1511],[-2.1246,8.1484],[-2.1289,8.1485],[-2.1361,8.153],[-2.1386,8.1611],[-2.1444,8.1623],[-2.1534,8.1719],[-2.1617,8.1743],[-2.1671,8.2115],[-2.176,8.2189],[-2.1918,8.2226],[-2.2036,8.2312],[-2.212,8.2414],[-2.2081,8.2447],[-2.2068,8.254],[-2.2112,8.2605],[-2.216,8.2605],[-2.2192,8.264],[-2.2255,8.2638],[-2.2396,8.282],[-2.2839,8.2952],[-2.287,8.3086],[-2.2848,8.3117],[-2.2867,8.3148],[-2.2857,8.3192],[-2.288,8.3203],[-2.2883,8.3244],[-2.2933,8.3248],[-2.2969,8.3442],[-2.3044,8.3548],[-2.3006,8.3644],[-2.3032,8.3696],[-2.3073,8.3708],[-2.3083,8.3747],[-2.3052,8.3857],[-2.3087,8.3886],[-2.3088,8.3938],[-2.3166,8.3971],[-2.3207,8.4052],[-2.3195,8.4102],[-2.3237,8.4123],[-2.3349,8.4332],[-2.342,8.4418],[-2.3469,8.4563],[-2.3532,8.4608],[-2.3559,8.4689],[-2.3666,8.4758],[-2.3705,8.5064],[-2.3583,8.5196],[-2.3703,8.547],[-2.3803,8.5565],[-2.4093,8.5668],[-2.4142,8.5743],[-2.4187,8.5953],[-2.4143,8.6093],[-2.4168,8.6232],[-2.4306,8.6347],[-2.4315,8.6409],[-2.4422,8.6451],[-2.4463,8.6427],[-2.4643,8.6528],[-2.4783,8.6758],[-2.4869,8.6847],[-2.4888,8.6989],[-2.4979,8.718],[-2.512,8.7305],[-2.5241,8.7329],[-2.5353,8.7403],[-2.5395,8.7583],[-2.5429,8.762],[-2.5503,8.7633],[-2.5693,8.7727],[-2.5883,8.7879],[-2.562,8.6141],[-2.5457,8.5284],[-2.5246,8.4398],[-2.5159,8.3848],[-2.5014,8.3158],[-2.4929,8.2064],[-2.5592,8.1438],[-2.5653,8.1495],[-2.5702,8.1455],[-2.5759,8.1447],[-2.5849,8.1509],[-2.5878,8.1497],[-2.6007,8.1542],[-2.6081,8.1521],[-2.6148,8.1367],[-2.6268,8.1237],[-2.6293,8.1159],[-2.6261,8.1092],[-2.6257,8.1006],[-2.5978,8.0573],[-2.6047,8.0304],[-2.6199,8.0229],[-2.6278,8.0296],[-2.6796,8.0204],[-2.6876,8.0117],[-2.6948,7.9972],[-2.7068,7.9821],[-2.71,7.9818],[-2.731,7.958],[-2.7372,7.9482],[-2.74,7.9356],[-2.7452,7.9304],[-2.7467,7.9227],[-2.7576,7.9285],[-2.7604,7.937],[-2.7684,7.9489],[-2.7731,7.952],[-2.7814,7.9522],[-2.7912,7.8626],[-2.7946,7.856],[-2.8173,7.837],[-2.831,7.82],[-2.8267,7.8055],[-2.848,7.7839],[-2.8492,7.7634],[-2.86,7.7492],[-2.9119,7.6297],[-2.9222,7.6122],[-2.9342,7.4867],[-2.9472,7.454],[-2.9475,7.4312],[-2.9699,7.3317],[-2.9753,7.2699],[-2.9528,7.2377],[-2.9808,7.1969],[-3.0238,7.1418],[-3.0319,7.0718],[-3.0478,7.0695],[-3.0876,7.0527],[-3.1168,7.0042],[-3.0995,6.9951],[-3.0926,6.9799],[-3.0756,6.972],[-3.0719,6.9599],[-3.0737,6.9549],[-3.0716,6.9495],[-3.0728,6.9436],[-3.0661,6.9398],[-3.0451,6.9383],[-3.0315,6.9261],[-3.0172,6.9309],[-3.0123,6.9372],[-3.007,6.9395],[-2.9959,6.9405],[-2.9891,6.9464],[-2.9843,6.9466],[-2.9692,6.9369],[-2.9391,6.9418],[-2.9288,6.9294],[-2.9198,6.9249],[-2.9185,6.918],[-2.9118,6.9143],[-2.909,6.9083],[-2.9053,6.9062],[-2.8963,6.8929],[-2.8968,6.8875],[-2.8911,6.8812],[-2.8859,6.8796],[-2.8861,6.8749],[-2.8801,6.87],[-2.8716,6.8537],[-2.8647,6.8513],[-2.8595,6.8541],[-2.8583,6.8601],[-2.8607,6.8639],[-2.8548,6.8697],[-2.8548,6.8736],[-2.8517,6.8747],[-2.8493,6.8868],[-2.853,6.8917],[-2.8521,6.8968],[-2.8563,6.9117],[-2.85,6.9229],[-2.8521,6.9422],[-2.8496,6.9443],[-2.8489,6.9517],[-2.8395,6.9596],[-2.8323,6.9586],[-2.8308,6.9632],[-2.8208,6.964],[-2.8188,6.9696],[-2.8119,6.9734],[-2.8049,6.9883],[-2.8005,6.9912],[-2.8013,6.994],[-2.7961,6.9988],[-2.7965,7.0027],[-2.7907,7.0122],[-2.7838,7.0134],[-2.7774,7.0206],[-2.7706,7.0215],[-2.7679,7.0299],[-2.7618,7.0352],[-2.7639,7.0395],[-2.7618,7.0605],[-2.7513,7.0799],[-2.7332,7.0928],[-2.7322,7.0973],[-2.7134,7.098],[-2.6959,7.108],[-2.6897,7.1165],[-2.6923,7.1244],[-2.6897,7.1293],[-2.6916,7.1328],[-2.6851,7.1368],[-2.6839,7.1403],[-2.6753,7.1372],[-2.672,7.1401],[-2.6677,7.1377],[-2.659,7.1418],[-2.6514,7.1415],[-2.6488,7.1452],[-2.6285,7.1557],[-2.6239,7.1627],[-2.6201,7.1635],[-2.6124,7.1769],[-2.6069,7.1804],[-2.5838,7.1793],[-2.5799,7.1819],[-2.582,7.1964],[-2.581,7.2073],[-2.5784,7.2124],[-2.5699,7.216],[-2.5637,7.2239],[-2.5587,7.226],[-2.5577,7.2294],[-2.517,7.2303],[-2.4936,7.2264],[-2.4938,7.1332],[-2.4793,7.1314],[-2.4754,7.1354],[-2.4697,7.1363],[-2.4603,7.1342],[-2.4476,7.1408],[-2.4009,7.1118],[-2.4383,7.0889],[-2.3828,7.0986],[-2.3685,7.1037],[-2.3634,7.1091],[-2.3661,7.1153],[-2.3503,7.129],[-2.3367,7.1221],[-2.3262,7.1249],[-2.324,7.1229],[-2.3236,7.119],[-2.3305,7.1156],[-2.3301,7.1061],[-2.3196,7.103],[-2.3151,7.1042],[-2.3095,7.0993],[-2.3044,7.1033],[-2.3007,7.0987],[-2.298,7.0986],[-2.295,7.1129],[-2.3048,7.12],[-2.299,7.1236],[-2.3006,7.1268],[-2.2963,7.1263],[-2.2918,7.1316],[-2.2936,7.1357],[-2.2881,7.1408],[-2.2977,7.1455],[-2.2979,7.1487],[-2.3052,7.1479],[-2.3106,7.1605],[-2.3501,7.187],[-2.3415,7.2157],[-2.3341,7.2294],[-2.3249,7.2371],[-2.3194,7.2333],[-2.2968,7.2335],[-2.291,7.2243],[-2.2853,7.2266],[-2.284,7.2326],[-2.2785,7.2337],[-2.2816,7.238],[-2.2815,7.247],[-2.2734,7.2372],[-2.27,7.2388],[-2.2725,7.2457],[-2.2671,7.2438],[-2.2652,7.2455],[-2.2703,7.2493],[-2.271,7.2551],[-2.2676,7.2556],[-2.2634,7.2614],[-2.2689,7.2647],[-2.2659,7.2675],[-2.2682,7.2688],[-2.2687,7.2743],[-2.2652,7.2775],[-2.2576,7.2772],[-2.2519,7.2809],[-2.2457,7.2796],[-2.2428,7.285],[-2.2442,7.2876],[-2.2405,7.2922],[-2.2352,7.2958],[-2.2305,7.295],[-2.222,7.3028],[-2.2184,7.301],[-2.2191,7.3122],[-2.2159,7.3122],[-2.2151,7.3144],[-2.2117,7.3129],[-2.2023,7.3146],[-2.1984,7.3182],[-2.1944,7.3176],[-2.1902,7.3221],[-2.1825,7.3198],[-2.1771,7.3238],[-2.1713,7.3229],[-2.1655,7.328],[-2.161,7.3286],[-2.1563,7.3388],[-2.1524,7.3411],[-2.1535,7.3459],[-2.1511,7.3488],[-2.1514,7.3562],[-2.1473,7.3614],[-2.1475,7.3657],[-2.1389,7.3682],[-2.1355,7.3738],[-2.1403,7.3871],[-2.1365,7.3902],[-2.136,7.3954],[-2.1408,7.4091],[-2.1268,7.4191],[-2.1256,7.4256],[-2.1278,7.4318],[-2.1219,7.4332],[-2.1193,7.4408],[-2.1141,7.4424],[-2.1141,7.4521],[-2.1121,7.4536],[-2.114,7.4604],[-2.1094,7.4644],[-2.1148,7.4846],[-2.1132,7.5],[-2.1189,7.5024],[-2.1219,7.515],[-2.1358,7.519],[-2.1377,7.5258],[-2.1089,7.5532],[-2.1118,7.5722],[-2.1032,7.5903],[-2.0882,7.6099],[-2.0918,7.6228]]}},{"type":"Feature","properties":{},"geometry":{"type":"LineString","coordinates":[[-1.5445,5.9386],[-1.5296,5.9381],[-1.5266,5.934],[-1.5311,5.9306],[-1.531,5.9232],[-1.5253,5.9215],[-1.5242,5.9279],[-1.5211,5.9285],[-1.5166,5.914],[-1.5044,5.9086],[-1.5004,5.9043],[-1.5054,5.8959],[-1.501,5.8952],[-1.4987,5.8902],[-1.5056,5.8873],[-1.5082,5.891],[-1.5161,5.8909],[-1.5224,5.8753],[-1.5163,5.8724],[-1.5104,5.8763],[-1.501,5.8769],[-1.4991,5.8736],[-1.5014,5.8682],[-1.4954,5.8681],[-1.4898,5.8625],[-1.4861,5.8652],[-1.489,5.8673],[-1.4878,5.8691],[-1.4829,5.8669],[-1.4785,5.8631],[-1.4784,5.857],[-1.4759,5.855],[-1.4698,5.8615],[-1.4615,5.8621],[-1.4589,5.8858],[-1.4651,5.8943],[-1.4675,5.9024],[-1.4661,5.9045],[-1.4621,5.9041],[-1.4634,5.8995],[-1.4615,5.8958],[-1.4548,5.8936],[-1.4508,5.9062],[-1.4375,5.9011],[-1.4288,5.9098],[-1.4207,5.9035],[-1.4157,5.9152],[-1.4181,5.9217],[-1.4046,5.9219],[-1.398,5.9166],[-1.3943,5.9196],[-1.3801,5.9162],[-1.374,5.9232],[-1.3748,5.9289],[-1.3784,5.9306],[-1.3765,5.9348],[-1.3734,5.9328],[-1.3543,5.9341],[-1.3519,5.9312],[-1.3482,5.9317],[-1.3473,5.919],[-1.3442,5.9219],[-1.3417,5.9209],[-1.3416,5.9251],[-1.3367,5.9273],[-1.336,5.9235],[-1.341,5.9156],[-1.3445,5.9138],[-1.3434,5.9107],[-1.3357,5.9168],[-1.3226,5.9143],[-1.318,5.9174],[-1.3172,5.9243],[-1.308,5.9261],[-1.3069,5.9229],[-1.3119,5.9163],[-1.3124,5.9075],[-1.3043,5.901],[-1.3087,5.8909],[-1.3055,5.8874],[-1.2975,5.8855],[-1.2922,5.8876],[-1.2828,5.8996],[-1.2748,5.9029],[-1.272,5.901],[-1.2703,5.8944],[-1.2616,5.8908],[-1.2607,5.9001],[-1.2579,5.9039],[-1.2624,5.9054],[-1.2612,5.9146],[-1.2561,5.9166],[-1.2554,5.9102],[-1.2527,5.9138],[-1.2441,5.9135],[-1.2457,5.9223],[-1.2427,5.9319],[-1.2376,5.931],[-1.2332,5.9345],[-1.2271,5.9328],[-1.2189,5.9423],[-1.2249,5.9461],[-1.2208,5.9551],[-1.2247,5.9576],[-1.2187,5.9645],[-1.2225,5.9763],[-1.2288,5.983],[-1.2331,5.9799],[-1.2398,5.9807],[-1.2386,5.9844],[-1.2425,5.9873],[-1.2454,5.9863],[-1.2471,5.9908],[-1.2451,5.9946],[-1.2422,5.9937],[-1.2412,5.996],[-1.2439,6.0031],[-1.2406,6.0062],[-1.241,6.0116],[-1.2302,6.0133],[-1.2313,6.0156],[-1.2268,6.0188],[-1.2299,6.0196],[-1.2283,6.0205],[-1.23,6.0274],[-1.2335,6.028],[-1.2315,6.033],[-1.2288,6.0336],[-1.2317,6.0384],[-1.2277,6.0385],[-1.2156,6.0495],[-1.2081,6.0524],[-1.2121,6.0586],[-1.2094,6.0612],[-1.2106,6.0653],[-1.2145,6.0679],[-1.2062,6.0714],[-1.2085,6.0742],[-1.2065,6.0775],[-1.1986,6.0809],[-1.1996,6.086],[-1.2028,6.0867],[-1.2006,6.0883],[-1.2046,6.0913],[-1.2025,6.0938],[-1.2002,6.0914],[-1.1971,6.0935],[-1.1903,6.0919],[-1.187,6.0969],[-1.1876,6.1005],[-1.1917,6.1019],[-1.1895,6.1064],[-1.1927,6.1127],[-1.2011,6.1125],[-1.2011,6.1099],[-1.2068,6.1127],[-1.2056,6.1162],[-1.1924,6.1224],[-1.1986,6.1257],[-1.2022,6.1334],[-1.1927,6.1351],[-1.1902,6.1442],[-1.1867,6.145],[-1.1848,6.1427],[-1.1824,6.1445],[-1.184,6.1489],[-1.1804,6.1468],[-1.179,6.1481],[-1.1814,6.1491],[-1.1796,6.1554],[-1.1812,6.1563],[-1.1778,6.1573],[-1.1827,6.1636],[-1.1843,6.1629],[-1.1858,6.1685],[-1.1848,6.1704],[-1.1807,6.167],[-1.1825,6.173],[-1.1788,6.172],[-1.1788,6.1802],[-1.1896,6.1851],[-1.1877,6.1907],[-1.1902,6.193],[-1.1863,6.1938],[-1.1933,6.1972],[-1.1916,6.1966],[-1.191,6.2006],[-1.1863,6.2013],[-1.1829,6.2056],[-1.1796,6.2007],[-1.1757,6.2041],[-1.1754,6.2018],[-1.1683,6.2025],[-1.1641,6.2067],[-1.1605,6.2007],[-1.1549,6.2045],[-1.1559,6.1999],[-1.1536,6.1982],[-1.1503,6.2015],[-1.147,6.1984],[-1.1431,6.1997],[-1.1404,6.1977],[-1.1405,6.1997],[-1.1369,6.2005],[-1.1358,6.198],[-1.1328,6.2011],[-1.1328,6.1993],[-1.1307,6.1999],[-1.1307,6.2028],[-1.1291,6.2012],[-1.1262,6.2077],[-1.1202,6.2089],[-1.1225,6.2109],[-1.1206,6.2164],[-1.1231,6.2178],[-1.1207,6.2205],[-1.1224,6.2209],[-1.1229,6.2219],[-1.12,6.2277],[-1.1256,6.2331],[-1.1209,6.2377],[-1.1254,6.2432],[-1.1224,6.2495],[-1.1236,6.254],[-1.1201,6.257],[-1.1215,6.2615],[-1.1177,6.2639],[-1.1165,6.2696],[-1.1282,6.2711],[-1.1289,6.2771],[-1.1316,6.2799],[-1.1283,6.2833],[-1.1283,6.2876],[-1.1312,6.2877],[-1.1306,6.29],[-1.1369,6.2925],[-1.1387,6.2965],[-1.1366,6.3],[-1.1318,6.2983],[-1.1281,6.3019],[-1.1316,6.3087],[-1.1311,6.3162],[-1.1257,6.3198],[-1.1155,6.3216],[-1.116,6.3261],[-1.1201,6.3269],[-1.1179,6.3328],[-1.1144,6.3331],[-1.1134,6.3417],[-1.1105,6.343],[-1.1141,6.3531],[-1.105,6.3573],[-1.1053,6.3617],[-1.1027,6.3641],[-1.0682,6.3833],[-1.0691,6.387],[-1.0669,6.3903],[-1.049,6.4001],[-1.0467,6.3985],[-1.0418,6.4003],[-1.0381,6.4035],[-1.0411,6.4076],[-1.0349,6.4122],[-1.0308,6.4082],[-1.0244,6.4082],[-1.0199,6.4091],[-1.0192,6.4137],[-1.0104,6.4148],[-1.0163,6.4206],[-1.0134,6.4259],[-1.018,6.4361],[-1.0079,6.4393],[-1.0057,6.4428],[-1.0087,6.4488],[-1.0074,6.4507],[-1.0046,6.45],[-1.005,6.453],[-1.0086,6.4543],[-1.0077,6.4577],[-1.0112,6.4624],[-1.0097,6.4654],[-1.0123,6.4683],[-1.0059,6.4717],[-1.0068,6.4786],[-1.0034,6.4839],[-1.006,6.487],[-1.0006,6.496],[-1.0006,6.5001],[-0.9932,6.504],[-0.9934,6.5114],[-0.9889,6.5129],[-0.9892,6.5162],[-0.9815,6.521],[-0.9781,6.5177],[-0.9768,6.5233],[-0.972,6.5265],[-0.974,6.5315],[-0.9726,6.535],[-0.9682,6.5361],[-0.9566,6.5594],[-0.9504,6.5656],[-0.944,6.5645],[-0.9418,6.5707],[-0.9386,6.5704],[-0.9339,6.575],[-0.9333,6.5821],[-0.9265,6.588],[-0.9191,6.5879],[-0.9117,6.598],[-0.9125,6.6046],[-0.91,6.6104],[-0.9172,6.6197],[-0.9236,6.6409],[-0.9327,6.6394],[-0.9375,6.6354],[-0.9441,6.6375],[-0.9451,6.627],[-0.9697,6.6126],[-0.9768,6.6148],[-0.9775,6.6386],[-0.9725,6.6446],[-0.9736,6.6509],[-0.9772,6.6551],[-0.9739,6.6811],[-0.9606,6.6914],[-0.9543,6.7045],[-0.9504,6.7075],[-0.9469,6.7249],[-0.9504,6.7287],[-0.9502,6.7352],[-0.9566,6.7396],[-0.9646,6.7415],[-0.9742,6.7374],[-0.9851,6.7428],[-0.9756,6.7455],[-0.973,6.7505],[-0.9609,6.7462],[-0.9565,6.754],[-0.9489,6.7545],[-0.9435,6.7577],[-0.9325,6.7563],[-0.9267,6.7629],[-0.9152,6.7682],[-0.9149,6.7769],[-0.9083,6.7772],[-0.9012,6.7884],[-0.8933,6.7823],[-0.8827,6.7785],[-0.8654,6.7825],[-0.8588,6.7795],[-0.8568,6.7813],[-0.8516,6.778],[-0.843,6.7802],[-0.8337,6.7935],[-0.8234,6.79],[-0.8114,6.7914],[-0.7999,6.7886],[-0.7869,6.7939],[-0.7874,6.799],[-0.7834,6.8024],[-0.7779,6.8161],[-0.7697,6.8271],[-0.767,6.8359],[-0.7625,6.8391],[-0.7551,6.8802],[-0.7572,6.9254],[-0.7533,6.9381],[-0.742,6.9489],[-0.7341,6.9485],[-0.7228,6.9524],[-0.7145,6.9467],[-0.7059,6.9467],[-0.6934,6.9395],[-0.6523,6.9295],[-0.6562,6.9348],[-0.6576,6.9472],[-0.637,6.9531],[-0.6009,6.9482],[-0.5853,6.9509],[-0.5819,6.9534],[-0.5741,6.9633],[-0.5742,6.9787],[-0.572,6.989],[-0.5666,6.998],[-0.5647,7.0187],[-0.5761,7.0292],[-0.5799,7.0377],[-0.591,7.0445],[-0.6042,7.0702],[-0.6039,7.0786],[-0.6118,7.1086],[-0.6151,7.1098],[-0.6176,7.1147],[-0.6149,7.1167],[-0.6158,7.1204],[-0.6192,7.1252],[-0.6198,7.1336],[-0.627,7.1441],[-0.6277,7.1541],[-0.6354,7.1739],[-0.6274,7.1725],[-0.6193,7.1667],[-0.6096,7.1537],[-0.5926,7.1495],[-0.5828,7.1506],[-0.5612,7.1375],[-0.5418,7.139],[-0.5112,7.1306],[-0.5072,7.1269],[-0.5006,7.1275],[-0.4947,7.1248],[-0.4804,7.1271],[-0.4657,7.1259],[-0.4614,7.1284],[-0.4416,7.1222],[-0.4263,7.1253],[-0.4203,7.1196],[-0.4111,7.1188],[-0.4079,7.1206],[-0.3878,7.1179],[-0.371,7.1232],[-0.3693,7.1264],[-0.3632,7.1272],[-0.3521,7.1343],[-0.3472,7.1341],[-0.3439,7.1373],[-0.3408,7.1352],[-0.3403,7.1376],[-0.3355,7.1377],[-0.3315,7.1428],[-0.3218,7.1441],[-0.3168,7.1492],[-0.3125,7.1591],[-0.309,7.1608],[-0.3096,7.164],[-0.3053,7.1655],[-0.3003,7.1721],[-0.3055,7.1749],[-0.3064,7.1783],[-0.2881,7.1842],[-0.2855,7.1891],[-0.2891,7.193],[-0.2872,7.1947],[-0.2791,7.1903],[-0.2745,7.1935],[-0.2674,7.1937],[-0.2602,7.1896],[-0.2575,7.1953],[-0.2505,7.1924],[-0.2485,7.1974],[-0.2376,7.2026],[-0.2437,7.2119],[-0.2425,7.222],[-0.2509,7.2232],[-0.2567,7.2283],[-0.2545,7.2329],[-0.2603,7.249],[-0.2617,7.2667],[-0.2724,7.2681],[-0.275,7.2746],[-0.2881,7.2805],[-0.2888,7.2844],[-0.2977,7.283],[-0.3022,7.2777],[-0.3081,7.2791],[-0.311,7.2857],[-0.3256,7.2816],[-0.325,7.2848],[-0.3316,7.2877],[-0.3299,7.2909],[-0.3414,7.294],[-0.3468,7.293],[-0.3542,7.2976],[-0.3568,7.3016],[-0.3549,7.3086],[-0.362,7.3118],[-0.3732,7.3118],[-0.3773,7.3091],[-0.3819,7.3129],[-0.3963,7.3116],[-0.4086,7.3183],[-0.4233,7.321],[-0.427,7.3269],[-0.4311,7.3233],[-0.4476,7.3326],[-0.4539,7.3316],[-0.4567,7.3342],[-0.4607,7.3312],[-0.4735,7.3388],[-0.4777,7.3354],[-0.4794,7.3383],[-0.4842,7.3374],[-0.4927,7.3439],[-0.4971,7.3393],[-0.4992,7.3435],[-0.5059,7.3411],[-0.5158,7.3455],[-0.534,7.3478],[-0.5409,7.3546],[-0.5484,7.355],[-0.556,7.352],[-0.5743,7.3534],[-0.5898,7.3501],[-0.593,7.3474],[-0.5987,7.3486],[-0.6008,7.3508],[-0.6006,7.3561],[-0.6082,7.3618],[-0.619,7.3824],[-0.6248,7.3835],[-0.6391,7.4023],[-0.638,7.4098],[-0.6405,7.4109],[-0.6417,7.4205],[-0.6542,7.4308],[-0.6543,7.4383],[-0.6513,7.4434],[-0.653,7.4465],[-0.6504,7.4516],[-0.6514,7.4561],[-0.6478,7.4616],[-0.652,7.4667],[-0.6504,7.4755],[-0.6479,7.4771],[-0.6505,7.4809],[-0.6481,7.49],[-0.6515,7.4956],[-0.65,7.502],[-0.6564,7.5053],[-0.6626,7.5145],[-0.6757,7.5256],[-0.6767,7.5306],[-0.6825,7.529],[-0.6829,7.5327],[-0.6874,7.5338],[-0.6856,7.5399],[-0.687,7.5429],[-0.6945,7.5396],[-0.6995,7.5323],[-0.7041,7.5324],[-0.7067,7.5291],[-0.7144,7.5289],[-0.7221,7.5233],[-0.7393,7.5201],[-0.7476,7.5086],[-0.751,7.5106],[-0.7637,7.507],[-0.7691,7.5095],[-0.7689,7.5169],[-0.7713,7.5183],[-0.7757,7.5162],[-0.7775,7.5097],[-0.781,7.5083],[-0.7861,7.5001],[-0.7958,7.4989],[-0.8046,7.5043],[-0.8077,7.5026],[-0.8066,7.5078],[-0.8084,7.511],[-0.8156,7.507],[-0.8154,7.502],[-0.8204,7.4995],[-0.8215,7.5085],[-0.8284,7.5123],[-0.838,7.5086],[-0.8395,7.5106],[-0.8437,7.5098],[-0.8451,7.5184],[-0.8539,7.517],[-0.8558,7.5188],[-0.864,7.5147],[-0.8621,7.5183],[-0.8668,7.5207],[-0.8739,7.5176],[-0.8758,7.5145],[-0.879,7.5157],[-0.8846,7.5131],[-0.8899,7.5166],[-0.8932,7.5043],[-0.9018,7.508],[-0.9089,7.5049],[-0.9134,7.5063],[-0.9252,7.5038],[-0.932,7.5079],[-0.9331,7.5056],[-0.9359,7.5141],[-0.9481,7.5187],[-0.9482,7.5207],[-0.9506,7.5199],[-0.9532,7.5235],[-0.9576,7.5245],[-0.9669,7.5191],[-0.9721,7.5197],[-0.9771,7.5259],[-0.9761,7.5292],[-0.9835,7.5347],[-0.9898,7.5328],[-0.9921,7.5294],[-1.0023,7.5282],[-1.0144,7.5349],[-1.018,7.5322],[-1.0248,7.534],[-1.0356,7.527],[-1.0408,7.5276],[-1.0452,7.5211],[-1.0453,7.5156],[-1.0502,7.5136],[-1.0526,7.5086],[-1.0601,7.5048],[-1.0643,7.5051],[-1.0684,7.5016],[-1.0671,7.4963],[-1.0711,7.4878],[-1.0758,7.4863],[-1.082,7.4885],[-1.1034,7.4655],[-1.1081,7.4652],[-1.1119,7.4707],[-1.1294,7.4745],[-1.1336,7.4718],[-1.1553,7.469],[-1.1571,7.4797],[-1.1813,7.4814],[-1.1835,7.4852],[-1.1912,7.4859],[-1.1937,7.4904],[-1.2029,7.4954],[-1.2067,7.4925],[-1.2254,7.4949],[-1.2413,7.4898],[-1.2499,7.4962],[-1.2564,7.5067],[-1.2904,7.5351],[-1.2951,7.5463],[-1.2938,7.5598],[-1.2972,7.5629],[-1.2995,7.5712],[-1.311,7.5765],[-1.3136,7.5806],[-1.3128,7.6027],[-1.3172,7.6106],[-1.3107,7.6149],[-1.3109,7.6223],[-1.3415,7.6195],[-1.3573,7.6084],[-1.3946,7.5994],[-1.406,7.5879],[-1.4344,7.5727],[-1.4375,7.5556],[-1.4523,7.5382],[-1.4737,7.494],[-1.4879,7.4875],[-1.5202,7.45],[-1.5115,7.4404],[-1.5092,7.4223],[-1.5153,7.41],[-1.5158,7.3907],[-1.5312,7.4004],[-1.5353,7.4006],[-1.5384,7.3969],[-1.5649,7.4053],[-1.5789,7.4016],[-1.584,7.3974],[-1.5896,7.3843],[-1.5942,7.3808],[-1.607,7.3597],[-1.6182,7.3524],[-1.6236,7.3463],[-1.626,7.3394],[-1.6429,7.3361],[-1.642,7.3244],[-1.654,7.3144],[-1.6584,7.3199],[-1.6756,7.3208],[-1.6788,7.325],[-1.6916,7.3246],[-1.6967,7.3208],[-1.7103,7.3238],[-1.7197,7.3156],[-1.7269,7.3163],[-1.7297,7.3122],[-1.7386,7.3197],[-1.7608,7.3214],[-1.7737,7.3479],[-1.7799,7.3497],[-1.8072,7.3488],[-1.8279,7.3895],[-1.84,7.4246],[-1.8358,7.4707],[-1.8636,7.4768],[-1.8681,7.4735],[-1.8716,7.4594],[-1.8987,7.4306],[-1.9155,7.4361],[-1.9208,7.4421],[-1.9276,7.4421],[-1.9335,7.4338],[-1.9391,7.4347],[-1.9434,7.4308],[-1.9513,7.4186],[-1.9619,7.4128],[-1.9638,7.4169],[-1.9807,7.4148],[-2.0011,7.4213],[-2.0185,7.4215],[-2.023,7.4378],[-2.0341,7.4507],[-2.0357,7.4564],[-2.0423,7.4576],[-2.0588,7.4539],[-2.072,7.4577],[-2.0749,7.4556],[-2.0934,7.4593],[-2.1067,7.4643],[-2.1127,7.4622],[-2.1141,7.4424],[-2.1193,7.4408],[-2.1219,7.4332],[-2.1278,7.4318],[-2.1256,7.4256],[-2.1268,7.4191],[-2.1401,7.4099],[-2.1407,7.4066],[-2.136,7.3954],[-2.0771,7.324],[-2.0606,7.3172],[-2.0563,7.3089],[-2.047,7.3056],[-2.0386,7.3067],[-2.026,7.3129],[-2.021,7.3125],[-2.0091,7.3185],[-2.0014,7.3169],[-1.9958,7.3132],[-1.9884,7.298],[-1.9702,7.2972],[-1.9623,7.2936],[-1.9515,7.2667],[-1.9412,7.2637],[-1.9272,7.2648],[-1.9143,7.2537],[-1.9085,7.255],[-1.8953,7.2634],[-1.8812,7.2663],[-1.8657,7.2775],[-1.8584,7.2781],[-1.8425,7.2723],[-1.8379,7.2675],[-1.8366,7.2611],[-1.8272,7.2585],[-1.8267,7.2534],[-1.8394,7.2379],[-1.8553,7.2273],[-1.8556,7.2222],[-1.8623,7.2174],[-1.8689,7.2032],[-1.933,7.1765],[-1.9324,7.1302],[-1.9536,7.0852],[-1.967,7.0899],[-1.9706,7.0867],[-1.9843,7.0836],[-1.9903,7.0784],[-1.995,7.0792],[-2.0039,7.0747],[-2.0196,7.0606],[-2.0233,7.0512],[-2.0349,7.0446],[-2.0383,7.0402],[-2.0488,7.0373],[-2.0531,7.041],[-2.0623,7.0389],[-2.0673,7.0337],[-2.0756,7.0314],[-2.0784,7.0274],[-2.0821,7.0276],[-2.0921,7.021],[-2.0973,7.0072],[-2.106,7.0044],[-2.122,7.0022],[-2.1247,7.0115],[-2.131,7.0171],[-2.1393,7.0342],[-2.14,7.0416],[-2.1653,7.0329],[-2.1726,7.0241],[-2.1829,7.0228],[-2.1866,7.0294],[-2.1834,7.028],[-2.1788,7.0327],[-2.1839,7.0362],[-2.1934,7.0282],[-2.2056,7.026],[-2.2143,7.0197],[-2.2161,7.0118],[-2.2231,7.0076],[-2.2294,7.0073],[-2.2414,6.9972],[-2.2472,6.991],[-2.247,6.9832],[-2.252,6.9773],[-2.2589,6.9736],[-2.2647,6.9651],[-2.2737,6.9605],[-2.289,6.9457],[-2.2968,6.9409],[-2.311,6.9418],[-2.3211,6.9328],[-2.3245,6.9333],[-2.3266,6.9288],[-2.3315,6.9289],[-2.3339,6.9244],[-2.3323,6.921],[-2.3378,6.919],[-2.3383,6.9166],[-2.3361,6.9167],[-2.338,6.9151],[-2.335,6.9138],[-2.3384,6.9125],[-2.3391,6.9087],[-2.3486,6.9089],[-2.3499,6.9059],[-2.3475,6.9017],[-2.3512,6.9009],[-2.3503,6.8984],[-2.3523,6.8995],[-2.3546,6.8959],[-2.3607,6.8958],[-2.3669,6.8899],[-2.3675,6.8875],[-2.3628,6.8848],[-2.364,6.8829],[-2.3686,6.8821],[-2.3689,6.8789],[-2.3765,6.8791],[-2.3791,6.877],[-2.3806,6.8789],[-2.3841,6.8758],[-2.3842,6.8719],[-2.389,6.868],[-2.3856,6.8634],[-2.388,6.8616],[-2.3853,6.8583],[-2.3869,6.8558],[-2.3889,6.8572],[-2.3914,6.8554],[-2.3907,6.8573],[-2.3948,6.8587],[-2.3971,6.857],[-2.3961,6.8548],[-2.3987,6.8544],[-2.3978,6.8506],[-2.3999,6.8498],[-2.4002,6.8456],[-2.3984,6.8451],[-2.3985,6.8392],[-2.4019,6.8417],[-2.4087,6.8418],[-2.4089,6.8395],[-2.416,6.8367],[-2.4158,6.834],[-2.4209,6.8308],[-2.4181,6.8293],[-2.4201,6.8268],[-2.4181,6.824],[-2.4015,6.8193],[-2.3767,6.8382],[-2.3554,6.8445],[-2.3459,6.8421],[-2.3337,6.8312],[-2.3365,6.8215],[-2.3442,6.8157],[-2.3346,6.804],[-2.3196,6.8012],[-2.3054,6.8115],[-2.296,6.7974],[-2.2663,6.7992],[-2.2563,6.7916],[-2.2687,6.7759],[-2.2691,6.7666],[-2.2744,6.7559],[-2.2737,6.7485],[-2.2771,6.7432],[-2.2785,6.7302],[-2.2869,6.7149],[-2.2856,6.7073],[-2.2939,6.7043],[-2.2976,6.6987],[-2.3001,6.6991],[-2.3025,6.6938],[-2.2997,6.6925],[-2.302,6.6894],[-2.3068,6.6874],[-2.3177,6.6932],[-2.3259,6.6921],[-2.3317,6.6985],[-2.3344,6.6955],[-2.3381,6.696],[-2.3385,6.6989],[-2.3427,6.6971],[-2.3459,6.6999],[-2.3517,6.6969],[-2.3525,6.6932],[-2.356,6.6943],[-2.3596,6.6877],[-2.3642,6.6884],[-2.3667,6.6839],[-2.3652,6.6792],[-2.3679,6.6752],[-2.3717,6.6756],[-2.3725,6.6716],[-2.3802,6.6742],[-2.3812,6.6706],[-2.3839,6.6722],[-2.3875,6.6707],[-2.389,6.6657],[-2.3914,6.6672],[-2.3997,6.6644],[-2.4035,6.6655],[-2.4047,6.6617],[-2.4092,6.6635],[-2.4135,6.6581],[-2.4173,6.6589],[-2.4129,6.6506],[-2.4124,6.6526],[-2.4114,6.6503],[-2.4106,6.6523],[-2.4077,6.6518],[-2.4066,6.6482],[-2.3999,6.6509],[-2.3954,6.6485],[-2.3978,6.6441],[-2.395,6.6439],[-2.3955,6.641],[-2.3983,6.6406],[-2.3962,6.6391],[-2.3999,6.6378],[-2.4002,6.6403],[-2.4004,6.6367],[-2.4029,6.6378],[-2.4034,6.6352],[-2.4011,6.6349],[-2.4029,6.6319],[-2.3989,6.6258],[-2.3923,6.6245],[-2.3958,6.6175],[-2.392,6.6142],[-2.3947,6.6142],[-2.3948,6.6122],[-2.3895,6.6093],[-2.3839,6.611],[-2.3857,6.6046],[-2.3832,6.6042],[-2.3839,6.5985],[-2.3777,6.5994],[-2.3785,6.5973],[-2.3711,6.5948],[-2.3728,6.5891],[-2.3802,6.5852],[-2.3797,6.5725],[-2.3857,6.5684],[-2.3838,6.5536],[-2.3823,6.5506],[-2.3768,6.5484],[-2.376,6.5453],[-2.3785,6.5436],[-2.3748,6.5387],[-2.3811,6.5379],[-2.3842,6.5326],[-2.3818,6.5268],[-2.3851,6.526],[-2.3859,6.5234],[-2.3891,6.5225],[-2.3921,6.5246],[-2.3976,6.5215],[-2.3968,6.5028],[-2.4041,6.5084],[-2.4054,6.5059],[-2.403,6.5048],[-2.4075,6.5051],[-2.4084,6.5009],[-2.4114,6.5006],[-2.4094,6.4992],[-2.4118,6.4981],[-2.41,6.4954],[-2.4127,6.4979],[-2.416,6.4959],[-2.4138,6.4902],[-2.4157,6.4909],[-2.4156,6.4883],[-2.4238,6.4923],[-2.4231,6.4868],[-2.4269,6.4843],[-2.4235,6.4813],[-2.426,6.4797],[-2.4237,6.4779],[-2.4232,6.4801],[-2.423,6.4768],[-2.4207,6.4795],[-2.4191,6.478],[-2.4213,6.475],[-2.4236,6.4755],[-2.4212,6.4742],[-2.4222,6.4723],[-2.4254,6.4729],[-2.4246,6.4751],[-2.4274,6.4717],[-2.4311,6.4734],[-2.4291,6.4712],[-2.4318,6.4714],[-2.4304,6.4692],[-2.435,6.4652],[-2.4362,6.46],[-2.4425,6.4576],[-2.4424,6.4497],[-2.445,6.4462],[-2.4436,6.4447],[-2.4461,6.4431],[-2.4382,6.4429],[-2.4386,6.4393],[-2.4476,6.4341],[-2.4465,6.4306],[-2.4486,6.4328],[-2.4516,6.4316],[-2.4469,6.4289],[-2.4442,6.4314],[-2.4441,6.4289],[-2.4391,6.4282],[-2.4402,6.417],[-2.4379,6.4214],[-2.435,6.4209],[-2.4348,6.4173],[-2.4287,6.4175],[-2.4268,6.4116],[-2.4237,6.4112],[-2.4258,6.4076],[-2.4219,6.4084],[-2.4202,6.4048],[-2.4256,6.4045],[-2.4227,6.3951],[-2.4261,6.3828],[-2.4239,6.3801],[-2.4254,6.375],[-2.4285,6.3735],[-2.4262,6.3637],[-2.4308,6.3549],[-2.4269,6.3482],[-2.4247,6.3495],[-2.4215,6.3474],[-2.4085,6.3513],[-2.3975,6.3516],[-2.3995,6.3417],[-2.3898,6.3342],[-2.3903,6.3456],[-2.3845,6.3507],[-2.381,6.3469],[-2.3779,6.3498],[-2.3783,6.3551],[-2.376,6.3549],[-2.3764,6.3583],[-2.368,6.368],[-2.3625,6.3835],[-2.3507,6.3949],[-2.344,6.4337],[-2.3499,6.4347],[-2.3479,6.438],[-2.351,6.441],[-2.3525,6.4478],[-2.3525,6.4535],[-2.349,6.4554],[-2.3503,6.4621],[-2.36,6.4757],[-2.3534,6.4835],[-2.3437,6.4824],[-2.3386,6.4915],[-2.3159,6.4895],[-2.3078,6.4839],[-2.3017,6.4843],[-2.2894,6.4967],[-2.2861,6.4966],[-2.2861,6.4936],[-2.279,6.487],[-2.2736,6.4896],[-2.2598,6.4904],[-2.2514,6.4828],[-2.2478,6.4762],[-2.2402,6.4725],[-2.23,6.4491],[-2.2319,6.4386],[-2.2286,6.4339],[-2.2316,6.4204],[-2.226,6.4182],[-2.2264,6.4055],[-2.2241,6.4034],[-2.2219,6.3846],[-2.2177,6.3773],[-2.2156,6.3663],[-2.2158,6.3552],[-2.2186,6.3517],[-2.2166,6.3447],[-2.224,6.3361],[-2.2271,6.3199],[-2.2071,6.3417],[-2.1998,6.3545],[-2.1727,6.3649],[-2.153,6.3545],[-2.1513,6.3495],[-2.1369,6.3481],[-2.1283,6.3413],[-2.1227,6.3271],[-2.126,6.3222],[-2.1266,6.3159],[-2.1232,6.3008],[-2.1201,6.3076],[-2.0953,6.3085],[-2.0814,6.2972],[-2.0748,6.2947],[-2.076,6.2904],[-2.0791,6.2904],[-2.0773,6.2836],[-2.0765,6.2897],[-2.0698,6.2953],[-2.0459,6.2846],[-2.0255,6.2891],[-2.0187,6.2993],[-2.0097,6.2926],[-2.0061,6.2723],[-2.0109,6.2652],[-2.0151,6.2661],[-2.0199,6.2558],[-2.0234,6.255],[-2.0213,6.2521],[-2.0235,6.2486],[-2.0232,6.2416],[-2.0199,6.2359],[-2.0221,6.2314],[-2.0212,6.2243],[-2.0247,6.2226],[-2.0316,6.2104],[-2.0387,6.2066],[-2.0403,6.1979],[-2.0351,6.1888],[-2.0227,6.1795],[-2.0238,6.175],[-2.0211,6.1702],[-2.0244,6.167],[-2.0223,6.1654],[-2.0243,6.1555],[-2.0195,6.1524],[-2.0245,6.1473],[-2.0262,6.141],[-2.0233,6.1423],[-2.0243,6.1326],[-2.0194,6.1281],[-2.0143,6.1279],[-2.016,6.119],[-2.0142,6.1121],[-2.0063,6.1113],[-2.0076,6.1175],[-1.9974,6.116],[-1.9898,6.1248],[-1.9785,6.1155],[-1.9789,6.1116],[-1.9862,6.1142],[-1.988,6.1032],[-1.9802,6.0937],[-1.975,6.0922],[-1.9758,6.0886],[-1.9784,6.0894],[-1.9779,6.0856],[-1.9763,6.0805],[-1.9735,6.0794],[-1.9755,6.0773],[-1.9727,6.0727],[-1.974,6.0713],[-1.97,6.069],[-1.9725,6.0618],[-1.9684,6.0574],[-1.9664,6.0504],[-1.963,6.055],[-1.9653,6.0574],[-1.961,6.0581],[-1.9576,6.0515],[-1.9522,6.0488],[-1.9509,6.0513],[-1.9531,6.056],[-1.9499,6.057],[-1.9478,6.0489],[-1.9343,6.0367],[-1.9249,6.0354],[-1.927,6.0297],[-1.9224,6.0235],[-1.9211,6.0156],[-1.9128,6.0109],[-1.9055,6.0148],[-1.9035,6.0116],[-1.8983,6.0163],[-1.8926,6.016],[-1.8894,6.0202],[-1.8887,6.0275],[-1.8848,6.0314],[-1.8797,6.03],[-1.8805,6.0253],[-1.873,6.0204],[-1.871,6.012],[-1.865,6.0103],[-1.8504,6.0146],[-1.8518,6.0197],[-1.8448,6.0261],[-1.8433,6.033],[-1.8339,6.0355],[-1.8285,6.0332],[-1.8234,6.0365],[-1.8237,6.0285],[-1.8206,6.0272],[-1.8076,6.0328],[-1.8013,6.0261],[-1.8064,6.0227],[-1.8126,6.0112],[-1.8101,6.0101],[-1.8101,6.0062],[-1.8062,6.0023],[-1.8031,5.993],[-1.7972,6.0001],[-1.7981,5.9965],[-1.7917,5.9883],[-1.7752,5.9814],[-1.7739,5.9791],[-1.7778,5.9718],[-1.7702,5.9609],[-1.768,5.9614],[-1.7642,5.9701],[-1.7524,5.962],[-1.7503,5.966],[-1.7415,5.9675],[-1.7396,5.9697],[-1.7323,5.9681],[-1.7247,5.9528],[-1.7149,5.9572],[-1.7099,5.9546],[-1.7105,5.9486],[-1.7138,5.9452],[-1.712,5.9429],[-1.7138,5.9386],[-1.7075,5.9292],[-1.7037,5.9272],[-1.692,5.9428],[-1.6899,5.941],[-1.6927,5.9331],[-1.6885,5.9335],[-1.679,5.924],[-1.6738,5.9232],[-1.6763,5.9213],[-1.6709,5.915],[-1.6679,5.9193],[-1.6664,5.9168],[-1.6638,5.9189],[-1.6619,5.9245],[-1.6547,5.922],[-1.6477,5.9244],[-1.6451,5.9321],[-1.6387,5.9338],[-1.6353,5.9276],[-1.6293,5.9292],[-1.6241,5.9266],[-1.6196,5.9324],[-1.6195,5.9266],[-1.6129,5.9291],[-1.6088,5.9253],[-1.6004,5.9291],[-1.5952,5.9236],[-1.5899,5.9276],[-1.5892,5.9346],[-1.5821,5.9275],[-1.5841,5.9206],[-1.5812,5.9178],[-1.5778,5.9226],[-1.572,5.9249],[-1.5726,5.933],[-1.5669,5.9312],[-1.5672,5.9257],[-1.5613,5.9267],[-1.5592,5.9234],[-1.5552,5.9287],[-1.5461,5.9265],[-1.5439,5.9295],[-1.5398,5.93],[-1.5458,5.9343],[-1.5445,5.9386]]}},{"type":"Feature","properties":{},"geometry":{"type":"LineString","coordinates":[[-0.4065,5.4659],[-0.4069,5.4786],[-0.4003,5.4844],[-0.4041,5.4918],[-0.4035,5.5099],[-0.4068,5.5178],[-0.4133,5.524],[-0.4157,5.537],[-0.4216,5.5409],[-0.4196,5.5507],[-0.4205,5.5847],[-0.4181,5.5939],[-0.4258,5.6027],[-0.4277,5.6184],[-0.494,5.6543],[-0.5072,5.6795],[-0.5124,5.681],[-0.5114,5.6888],[-0.5151,5.6888],[-0.5189,5.6923],[-0.5197,5.7005],[-0.5098,5.7048],[-0.5092,5.7217],[-0.5119,5.7265],[-0.51,5.7306],[-0.5133,5.7349],[-0.5194,5.7373],[-0.5201,5.7344],[-0.5248,5.7339],[-0.5503,5.739],[-0.56,5.736],[-0.568,5.7404],[-0.5715,5.7351],[-0.5811,5.7368],[-0.6101,5.7237],[-0.6291,5.7216],[-0.6437,5.7355],[-0.6856,5.7397],[-0.6943,5.7331],[-0.6924,5.7297],[-0.6965,5.7265],[-0.6953,5.7152],[-0.7039,5.7126],[-0.7119,5.7114],[-0.732,5.7144],[-0.7389,5.7105],[-0.7843,5.7105],[-0.7903,5.7257],[-0.8142,5.7306],[-0.8126,5.7438],[-0.8302,5.7459],[-0.8362,5.7532],[-0.8476,5.7571],[-0.8806,5.7586],[-0.8792,5.7416],[-0.9037,5.7385],[-0.9538,5.7378],[-0.9631,5.7478],[-0.9709,5.7518],[-0.9813,5.7518],[-0.9906,5.7482],[-0.9912,5.7427],[-0.9949,5.7392],[-0.999,5.7444],[-0.9975,5.7466],[-1.003,5.7422],[-1.0095,5.7429],[-1.0348,5.7374],[-1.0413,5.7443],[-1.042,5.7508],[-1.0549,5.7524],[-1.0701,5.7476],[-1.0837,5.7474],[-1.0912,5.7425],[-1.0979,5.7282],[-1.0939,5.7169],[-1.0998,5.7008],[-1.1209,5.7204],[-1.1346,5.7212],[-1.1356,5.7045],[-1.1437,5.7041],[-1.1424,5.7128],[-1.1509,5.725],[-1.1548,5.7216],[-1.163,5.7208],[-1.1655,5.7312],[-1.1632,5.7412],[-1.1664,5.7547],[-1.1625,5.7684],[-1.1666,5.7731],[-1.1678,5.7843],[-1.1648,5.8013],[-1.1575,5.8124],[-1.1596,5.8169],[-1.1579,5.8195],[-1.165,5.8265],[-1.1692,5.8397],[-1.1686,5.8457],[-1.1596,5.8517],[-1.1612,5.8608],[-1.1671,5.8626],[-1.1689,5.8657],[-1.1631,5.8814],[-1.1632,5.8976],[-1.169,5.9099],[-1.1777,5.9084],[-1.1906,5.9137],[-1.1923,5.9183],[-1.2001,5.9168],[-1.2201,5.9338],[-1.2254,5.9348],[-1.229,5.9325],[-1.2332,5.9345],[-1.2376,5.931],[-1.2427,5.9319],[-1.2457,5.9223],[-1.2441,5.9135],[-1.2527,5.9138],[-1.2554,5.9102],[-1.2561,5.9166],[-1.2598,5.916],[-1.2632,5.9092],[-1.2623,5.905],[-1.2579,5.9039],[-1.2607,5.9001],[-1.2616,5.8908],[-1.2703,5.8944],[-1.272,5.901],[-1.2748,5.9029],[-1.2828,5.8996],[-1.2895,5.8897],[-1.2975,5.8855],[-1.3087,5.8902],[-1.3043,5.901],[-1.3124,5.907],[-1.3119,5.9163],[-1.3069,5.9229],[-1.308,5.9261],[-1.3172,5.9243],[-1.318,5.9174],[-1.3226,5.9143],[-1.3357,5.9168],[-1.3434,5.9107],[-1.3445,5.9138],[-1.341,5.9156],[-1.336,5.9235],[-1.3367,5.9273],[-1.3416,5.9251],[-1.3417,5.9209],[-1.3442,5.9219],[-1.3473,5.919],[-1.3482,5.9317],[-1.3519,5.9312],[-1.3543,5.9341],[-1.3734,5.9328],[-1.3765,5.9348],[-1.3784,5.9306],[-1.3748,5.9289],[-1.374,5.9232],[-1.3801,5.9162],[-1.3943,5.9196],[-1.398,5.9166],[-1.4046,5.9219],[-1.4181,5.9217],[-1.4157,5.9152],[-1.4207,5.9035],[-1.4288,5.9098],[-1.4375,5.9011],[-1.4508,5.9062],[-1.4548,5.8936],[-1.4615,5.8958],[-1.4634,5.8995],[-1.4621,5.9041],[-1.4661,5.9045],[-1.4675,5.9024],[-1.4651,5.8943],[-1.4589,5.8858],[-1.4615,5.8621],[-1.4698,5.8615],[-1.4759,5.855],[-1.4784,5.857],[-1.4785,5.8631],[-1.4829,5.8669],[-1.4878,5.8691],[-1.489,5.8673],[-1.4861,5.8652],[-1.4898,5.8625],[-1.4954,5.8681],[-1.5014,5.8682],[-1.4991,5.8736],[-1.501,5.8769],[-1.5104,5.8763],[-1.5163,5.8724],[-1.5224,5.8753],[-1.5161,5.8909],[-1.5082,5.891],[-1.5056,5.8873],[-1.4983,5.8912],[-1.501,5.8952],[-1.5054,5.8959],[-1.5001,5.903],[-1.5009,5.9056],[-1.5166,5.914],[-1.5198,5.9275],[-1.5242,5.9279],[-1.5253,5.9215],[-1.531,5.9232],[-1.5311,5.9306],[-1.5266,5.934],[-1.531,5.9389],[-1.5457,5.9387],[-1.5458,5.9343],[-1.5392,5.9305],[-1.5461,5.9265],[-1.5552,5.9287],[-1.5581,5.9235],[-1.5613,5.9267],[-1.5672,5.9257],[-1.5669,5.9312],[-1.5726,5.933],[-1.572,5.9249],[-1.5778,5.9226],[-1.5812,5.9178],[-1.5841,5.9206],[-1.5821,5.9275],[-1.5892,5.9346],[-1.5899,5.9276],[-1.5952,5.9236],[-1.6004,5.9291],[-1.6088,5.9253],[-1.6129,5.9291],[-1.6195,5.9266],[-1.6196,5.9324],[-1.6241,5.9266],[-1.6293,5.9292],[-1.6353,5.9276],[-1.6387,5.9338],[-1.6451,5.9321],[-1.6477,5.9244],[-1.6547,5.922],[-1.6619,5.9245],[-1.6638,5.9189],[-1.6664,5.9168],[-1.6679,5.9193],[-1.6709,5.915],[-1.6763,5.9213],[-1.6738,5.9232],[-1.679,5.924],[-1.6885,5.9335],[-1.6927,5.9331],[-1.6899,5.941],[-1.692,5.9428],[-1.7037,5.9272],[-1.7075,5.9292],[-1.7138,5.9386],[-1.712,5.9429],[-1.7138,5.9452],[-1.7105,5.9486],[-1.7099,5.9546],[-1.7149,5.9572],[-1.7247,5.9528],[-1.7323,5.9681],[-1.7396,5.9697],[-1.7415,5.9675],[-1.7503,5.966],[-1.7524,5.962],[-1.7642,5.9701],[-1.768,5.9614],[-1.7702,5.9609],[-1.7778,5.9718],[-1.7739,5.9791],[-1.7752,5.9814],[-1.7917,5.9883],[-1.7981,5.9965],[-1.7972,6.0001],[-1.8031,5.993],[-1.8062,6.0023],[-1.8101,6.0062],[-1.8101,6.0101],[-1.8126,6.0112],[-1.8064,6.0227],[-1.8013,6.0261],[-1.8076,6.0328],[-1.8206,6.0272],[-1.8237,6.0285],[-1.8234,6.0365],[-1.8285,6.0332],[-1.8339,6.0355],[-1.8433,6.033],[-1.8448,6.0261],[-1.8518,6.0197],[-1.8504,6.0146],[-1.865,6.0103],[-1.871,6.012],[-1.873,6.0204],[-1.8805,6.0253],[-1.8797,6.03],[-1.8848,6.0314],[-1.8887,6.0275],[-1.8894,6.0202],[-1.8926,6.016],[-1.8983,6.0163],[-1.9035,6.0116],[-1.9055,6.0148],[-1.9136,6.0111],[-1.9211,6.0156],[-1.9224,6.0235],[-1.927,6.0297],[-1.9249,6.0354],[-1.9343,6.0367],[-1.9478,6.0489],[-1.9499,6.057],[-1.9531,6.056],[-1.9509,6.0513],[-1.9522,6.0488],[-1.9576,6.0515],[-1.961,6.0581],[-1.9653,6.0574],[-1.963,6.055],[-1.9652,6.0505],[-1.9686,6.0528],[-1.9684,6.0574],[-1.9725,6.0618],[-1.97,6.069],[-1.974,6.0713],[-1.9727,6.0727],[-1.9755,6.0773],[-1.9735,6.0794],[-1.9763,6.0805],[-1.9784,6.0888],[-1.9758,6.0886],[-1.975,6.0922],[-1.9802,6.0937],[-1.988,6.1032],[-1.9862,6.1142],[-1.9789,6.1116],[-1.9797,6.1172],[-1.9864,6.12],[-1.9898,6.1248],[-1.9974,6.116],[-2.0076,6.1175],[-2.0063,6.1113],[-2.0142,6.1121],[-2.016,6.119],[-2.0143,6.1279],[-2.0194,6.1281],[-2.0247,6.1334],[-2.0233,6.1419],[-2.0262,6.141],[-2.0255,6.1451],[-2.0195,6.1524],[-2.0243,6.1555],[-2.0223,6.1654],[-2.0244,6.167],[-2.0211,6.1702],[-2.0238,6.175],[-2.0227,6.1795],[-2.0351,6.1888],[-2.0403,6.1979],[-2.0387,6.2066],[-2.0316,6.2104],[-2.0247,6.2226],[-2.0212,6.2243],[-2.0221,6.2314],[-2.0199,6.2359],[-2.0232,6.2416],[-2.0235,6.2486],[-2.0213,6.2521],[-2.0232,6.2559],[-2.0199,6.2558],[-2.0151,6.2661],[-2.0109,6.2652],[-2.0061,6.2723],[-2.0094,6.2917],[-2.0158,6.2988],[-2.0187,6.2993],[-2.0255,6.2891],[-2.0459,6.2846],[-2.0698,6.2953],[-2.0765,6.2897],[-2.0865,6.2625],[-2.0996,6.2396],[-2.1067,6.2461],[-2.1269,6.2507],[-2.1324,6.2587],[-2.1486,6.2384],[-2.1758,6.2143],[-2.196,6.2012],[-2.2052,6.1977],[-2.1808,6.1206],[-2.1626,6.1202],[-2.1424,6.0996],[-2.1293,6.0928],[-2.0586,6.072],[-2.0488,6.0598],[-2.05,6.0497],[-2.0288,6.0424],[-2.0168,6.0276],[-1.9951,6.0225],[-1.985,6.0131],[-1.9271,5.9418],[-1.9093,5.9368],[-1.9122,5.9322],[-1.903,5.9175],[-1.8923,5.9159],[-1.8881,5.9092],[-1.8871,5.8971],[-1.8698,5.8838],[-1.856,5.8882],[-1.8535,5.8952],[-1.8422,5.901],[-1.8265,5.8995],[-1.8148,5.8905],[-1.8144,5.8756],[-1.8166,5.8717],[-1.814,5.868],[-1.8222,5.8545],[-1.8326,5.827],[-1.8317,5.8221],[-1.8394,5.8112],[-1.8413,5.8043],[-1.8289,5.7841],[-1.8346,5.7845],[-1.8409,5.7801],[-1.8504,5.7672],[-1.8112,5.759],[-1.8002,5.748],[-1.8121,5.7352],[-1.8176,5.7239],[-1.7877,5.7328],[-1.7842,5.7262],[-1.7904,5.7103],[-1.7906,5.6993],[-1.7949,5.6918],[-1.804,5.6865],[-1.8118,5.6769],[-1.8184,5.6741],[-1.8318,5.5925],[-1.8185,5.596],[-1.7515,5.6263],[-1.7218,5.6295],[-1.6851,5.642],[-1.6761,5.6085],[-1.6559,5.6185],[-1.6401,5.6144],[-1.628,5.6045],[-1.6178,5.5886],[-1.6077,5.5642],[-1.5916,5.5635],[-1.5939,5.5293],[-1.6095,5.5305],[-1.6163,5.5206],[-1.6158,5.5124],[-1.6199,5.5065],[-1.6203,5.498],[-1.6154,5.4919],[-1.6177,5.4869],[-1.6127,5.4766],[-1.613,5.4655],[-1.6098,5.4603],[-1.603,5.4559],[-1.6021,5.4509],[-1.6232,5.4398],[-1.6277,5.4317],[-1.6291,5.4226],[-1.6231,5.4203],[-1.6207,5.4254],[-1.608,5.4222],[-1.5995,5.4118],[-1.5778,5.411],[-1.5628,5.415],[-1.5158,5.3932],[-1.4983,5.4007],[-1.4811,5.3927],[-1.4742,5.3773],[-1.4615,5.3816],[-1.4565,5.3472],[-1.4375,5.3383],[-1.408,5.312],[-1.4002,5.2983],[-1.4275,5.2893],[-1.4356,5.2675],[-1.4444,5.2674],[-1.4453,5.2369],[-1.4484,5.2299],[-1.4455,5.2187],[-1.4461,5.2102],[-1.4835,5.2086],[-1.5177,5.2041],[-1.5268,5.1708],[-1.5405,5.1622],[-1.5788,5.1571],[-1.5807,5.0334],[-1.5646,5.0338],[-1.5272,5.0417],[-1.5049,5.0432],[-1.4708,5.0564],[-1.4447,5.0583],[-1.4352,5.0645],[-1.4199,5.0682],[-1.3947,5.0703],[-1.3847,5.0745],[-1.3554,5.0794],[-1.3457,5.0827],[-1.346,5.0872],[-1.347,5.0848],[-1.3483,5.0836],[-1.3486,5.0839],[-1.3483,5.0876],[-1.3421,5.092],[-1.3186,5.0976],[-1.2407,5.1029],[-1.237,5.1044],[-1.2396,5.1039],[-1.239,5.1066],[-1.2354,5.1083],[-1.236,5.106],[-1.2295,5.1128],[-1.2139,5.1176],[-1.2083,5.1245],[-1.1994,5.1279],[-1.1952,5.1313],[-1.1984,5.132],[-1.1947,5.1375],[-1.1694,5.1437],[-1.1627,5.1479],[-1.1588,5.1553],[-1.1512,5.1593],[-1.1485,5.1644],[-1.1199,5.1731],[-1.1151,5.1786],[-1.1062,5.1806],[-1.0882,5.1954],[-1.0599,5.1992],[-0.8372,5.2102],[-0.808,5.216],[-0.8029,5.222],[-0.7901,5.2265],[-0.7907,5.2316],[-0.7822,5.2372],[-0.7784,5.2459],[-0.7598,5.2543],[-0.7558,5.2589],[-0.7567,5.2641],[-0.7478,5.2745],[-0.7351,5.2795],[-0.7274,5.2855],[-0.7311,5.2923],[-0.7243,5.3],[-0.6712,5.3202],[-0.6216,5.3326],[-0.6165,5.3382],[-0.6182,5.341],[-0.613,5.3479],[-0.6039,5.3531],[-0.4986,5.3783],[-0.4886,5.3857],[-0.4897,5.3884],[-0.4822,5.4017],[-0.4755,5.4053],[-0.4728,5.4112],[-0.4631,5.4183],[-0.4671,5.4257],[-0.465,5.4298],[-0.4441,5.4426],[-0.4204,5.4523],[-0.4065,5.4659]]}},{"type":"Feature","properties":{},"geometry":{"type":"LineString","coordinates":[[-0.0224,8.3305],[-0.0163,8.3249],[-0.0026,8.3206],[0.0106,8.2977],[0.0274,8.2974],[0.0428,8.2911],[0.0501,8.2917],[0.0601,8.2821],[0.0789,8.2818],[0.0819,8.2731],[0.0902,8.2674],[0.0938,8.2604],[0.1002,8.2576],[0.113,8.2355],[0.1206,8.2331],[0.1238,8.2288],[0.1318,8.2331],[0.1687,8.2407],[0.1866,8.2495],[0.1927,8.2593],[0.1984,8.2943],[0.194,8.307],[0.1841,8.3191],[0.1833,8.33],[0.1889,8.3376],[0.2297,8.343],[0.2396,8.3494],[0.2481,8.3638],[0.2498,8.3742],[0.2505,8.3872],[0.2456,8.3985],[0.2425,8.4018],[0.2315,8.4057],[0.1617,8.3984],[0.1293,8.3798],[0.1186,8.3804],[0.1047,8.3906],[0.0856,8.3933],[0.085,8.4013],[0.0969,8.4397],[0.0892,8.4501],[0.0783,8.4573],[0.0793,8.4611],[0.0932,8.4687],[0.1209,8.4714],[0.123,8.4744],[0.1237,8.4869],[0.1209,8.4907],[0.0938,8.5012],[0.0864,8.5183],[0.0847,8.5288],[0.1066,8.5872],[0.115,8.5972],[0.129,8.6043],[0.1396,8.5971],[0.1464,8.5887],[0.1605,8.5901],[0.1721,8.5954],[0.1731,8.6107],[0.1713,8.6144],[0.1521,8.6257],[0.1421,8.6361],[0.138,8.6431],[0.1367,8.6525],[0.1397,8.6687],[0.169,8.7012],[0.18,8.7076],[0.1824,8.7148],[0.1816,8.7241],[0.1683,8.75],[0.1658,8.7731],[0.1695,8.7753],[0.173,8.7736],[0.1756,8.7701],[0.1707,8.7711],[0.1701,8.7658],[0.1755,8.7637],[0.1782,8.7651],[0.1814,8.7618],[0.1806,8.746],[0.1851,8.741],[0.1854,8.7455],[0.1999,8.7438],[0.2013,8.7489],[0.2155,8.7557],[0.2212,8.7496],[0.2318,8.7535],[0.2376,8.7521],[0.2445,8.7408],[0.2513,8.7461],[0.2593,8.7466],[0.263,8.741],[0.2699,8.7398],[0.2681,8.734],[0.2704,8.7306],[0.2824,8.724],[0.2867,8.7332],[0.2921,8.7329],[0.2927,8.7412],[0.2975,8.7426],[0.3008,8.7261],[0.3143,8.7345],[0.3207,8.733],[0.3242,8.7283],[0.3326,8.7307],[0.3421,8.729],[0.3437,8.7187],[0.3588,8.7185],[0.3596,8.7253],[0.3552,8.7269],[0.3552,8.7306],[0.346,8.7385],[0.3475,8.7427],[0.3753,8.7358],[0.3831,8.7399],[0.3855,8.7443],[0.374,8.7549],[0.3958,8.7539],[0.4009,8.7569],[0.3997,8.7611],[0.3892,8.7617],[0.3782,8.772],[0.382,8.7777],[0.38,8.7809],[0.3795,8.7924],[0.3902,8.7905],[0.3925,8.7966],[0.398,8.7896],[0.3998,8.794],[0.418,8.7923],[0.424,8.7896],[0.4236,8.7811],[0.4278,8.7791],[0.434,8.7849],[0.4385,8.7841],[0.4411,8.788],[0.4375,8.7944],[0.4306,8.7907],[0.4303,8.7976],[0.4426,8.8016],[0.4482,8.8114],[0.4597,8.8097],[0.459,8.8022],[0.4638,8.8005],[0.469,8.7918],[0.472,8.7995],[0.4781,8.7979],[0.4913,8.8004],[0.5004,8.8145],[0.4954,8.8205],[0.4968,8.8272],[0.5014,8.8289],[0.4978,8.8327],[0.496,8.8397],[0.5028,8.8466],[0.5076,8.8477],[0.5087,8.8552],[0.5195,8.853],[0.5215,8.8585],[0.5169,8.864],[0.5203,8.8725],[0.5276,8.8778],[0.5254,8.8826],[0.522,8.8837],[0.522,8.8899],[0.5148,8.8985],[0.5151,8.9016],[0.5124,8.9016],[0.5126,8.9142],[0.5091,8.9177],[0.5131,8.9237],[0.5133,8.933],[0.5166,8.9387],[0.5096,8.941],[0.508,8.9481],[0.5038,8.9521],[0.4942,8.954],[0.4683,9.0047],[0.4707,9.0194],[0.4654,9.0228],[0.4633,9.0343],[0.4569,9.0353],[0.4562,9.0439],[0.4575,9.0553],[0.4625,9.0542],[0.4633,9.0696],[0.4607,9.0718],[0.4625,9.0761],[0.4731,9.0963],[0.4759,9.0989],[0.4828,9.0994],[0.4867,9.1087],[0.487,9.1119],[0.4828,9.1167],[0.4849,9.123],[0.4809,9.1395],[0.4768,9.145],[0.4954,9.156],[0.5031,9.1541],[0.5048,9.1605],[0.5116,9.1637],[0.515,9.1765],[0.5215,9.1865],[0.522,9.1937],[0.5336,9.2094],[0.5058,9.2564],[0.5187,9.2772],[0.5284,9.2856],[0.5384,9.3058],[0.5441,9.3035],[0.5526,9.3039],[0.5558,9.3112],[0.5548,9.3188],[0.5504,9.3241],[0.5501,9.3307],[0.5451,9.3409],[0.5525,9.3523],[0.567,9.4059],[0.557,9.4112],[0.555,9.4231],[0.5521,9.4244],[0.5488,9.4222],[0.5382,9.4259],[0.536,9.4298],[0.5328,9.4285],[0.5316,9.4319],[0.5246,9.4317],[0.5233,9.4373],[0.5193,9.4403],[0.5101,9.4369],[0.5034,9.4405],[0.5024,9.4375],[0.5,9.4379],[0.4985,9.4416],[0.5001,9.4437],[0.4953,9.446],[0.4969,9.449],[0.4948,9.4522],[0.4979,9.4535],[0.498,9.4564],[0.5039,9.4584],[0.5057,9.4676],[0.5025,9.4684],[0.5006,9.4723],[0.5029,9.4749],[0.4888,9.4869],[0.4826,9.485],[0.4742,9.4907],[0.4633,9.4901],[0.4571,9.4979],[0.4508,9.4974],[0.4487,9.4995],[0.4391,9.4951],[0.4288,9.4996],[0.4189,9.5006],[0.4169,9.4988],[0.4146,9.5007],[0.415,9.4964],[0.4117,9.4985],[0.4083,9.4973],[0.4075,9.494],[0.4014,9.4954],[0.4001,9.4933],[0.3989,9.4946],[0.3977,9.4926],[0.389,9.4916],[0.3856,9.4941],[0.3822,9.4944],[0.3826,9.4917],[0.3761,9.4931],[0.3704,9.4987],[0.3693,9.496],[0.3594,9.4992],[0.3552,9.494],[0.3503,9.4932],[0.3502,9.49],[0.3435,9.4883],[0.3478,9.4819],[0.3482,9.4764],[0.3505,9.4753],[0.3476,9.4709],[0.3449,9.4724],[0.3375,9.4517],[0.3335,9.4527],[0.3317,9.4482],[0.3297,9.4497],[0.327,9.447],[0.322,9.4491],[0.3202,9.4462],[0.3125,9.4462],[0.3044,9.4415],[0.3048,9.4386],[0.3007,9.4389],[0.2995,9.4359],[0.2892,9.4343],[0.2853,9.4299],[0.277,9.4305],[0.2758,9.4274],[0.2689,9.4284],[0.2703,9.4317],[0.2609,9.4287],[0.2587,9.431],[0.2593,9.4344],[0.2472,9.438],[0.2479,9.4425],[0.229,9.4648],[0.2271,9.4784],[0.229,9.4859],[0.2372,9.486],[0.2545,9.4778],[0.2697,9.4789],[0.275,9.4874],[0.2867,9.4868],[0.3101,9.5024],[0.3112,9.5066],[0.3092,9.5127],[0.2971,9.5228],[0.2804,9.5258],[0.2703,9.5215],[0.2556,9.5194],[0.2433,9.5245],[0.2375,9.5343],[0.2355,9.5483],[0.2396,9.5623],[0.2401,9.5746],[0.2532,9.5744],[0.2669,9.5666],[0.2894,9.5767],[0.3185,9.5754],[0.3343,9.5786],[0.3398,9.5777],[0.3462,9.5723],[0.3513,9.572],[0.3721,9.579],[0.3837,9.5915],[0.373,9.6082],[0.3824,9.6449],[0.3771,9.6435],[0.3758,9.6539],[0.3695,9.6522],[0.3704,9.6557],[0.3679,9.6558],[0.3654,9.6607],[0.3685,9.6661],[0.3662,9.6689],[0.363,9.6686],[0.3635,9.6734],[0.3589,9.676],[0.351,9.6759],[0.3516,9.6941],[0.3448,9.7177],[0.3388,9.7222],[0.3244,9.7227],[0.3189,9.7279],[0.3223,9.7333],[0.33,9.7611],[0.3251,9.7721],[0.3339,9.7738],[0.336,9.7788],[0.3297,9.7929],[0.3397,9.8042],[0.3382,9.814],[0.3503,9.8258],[0.3574,9.8467],[0.3553,9.8739],[0.3512,9.8815],[0.3531,9.8876],[0.3513,9.9042],[0.3575,9.9269],[0.3665,9.9315],[0.363,9.9405],[0.35,9.9487],[0.3476,9.9454],[0.3491,9.9403],[0.3473,9.9385],[0.3254,9.944],[0.3248,9.9631],[0.3113,9.9599],[0.3068,9.9647],[0.3097,9.9651],[0.3057,9.9719],[0.307,9.9751],[0.3038,9.9771],[0.2902,9.9738],[0.2766,9.9741],[0.2699,9.9711],[0.2631,9.959],[0.2592,9.9638],[0.2509,9.9592],[0.2389,9.9596],[0.2336,9.9563],[0.2267,9.9607],[0.2066,9.9605],[0.1898,9.9665],[0.1874,9.968],[0.1908,9.9743],[0.1838,9.9796],[0.176,9.9787],[0.1558,9.9861],[0.1517,9.9835],[0.1485,9.977],[0.1398,9.9715],[0.1382,9.966],[0.1304,9.9567],[0.1294,9.9685],[0.1271,9.9715],[0.1194,9.9692],[0.1125,9.972],[0.1069,9.967],[0.0993,9.9733],[0.0854,9.9651],[0.0786,9.9685],[0.0716,9.9665],[0.0718,9.9771],[0.0687,9.9797],[0.063,9.994],[0.0637,9.9997],[0.069,10.0019],[0.0827,9.9982],[0.0867,10.0017],[0.1094,10.005],[0.1124,10.0106],[0.118,10.014],[0.1204,10.0249],[0.1246,10.0289],[0.1225,10.0324],[0.1243,10.04],[0.1217,10.0425],[0.1226,10.0455],[0.1189,10.0455],[0.121,10.0492],[0.1188,10.0541],[0.1172,10.0536],[0.1182,10.0617],[0.1158,10.0626],[0.1133,10.0705],[0.1133,10.0766],[0.1186,10.0814],[0.1149,10.0943],[0.1124,10.095],[0.1135,10.0994],[0.1106,10.1025],[0.1124,10.1066],[0.1106,10.108],[0.1124,10.1083],[0.1087,10.1095],[0.1072,10.1157],[0.1087,10.1162],[0.1059,10.1187],[0.1115,10.1307],[0.0983,10.1376],[0.0913,10.1521],[0.0875,10.151],[0.0794,10.1584],[0.0732,10.1716],[0.0685,10.1744],[0.0643,10.1721],[0.0609,10.1801],[0.0653,10.1886],[0.0661,10.2009],[0.0771,10.2053],[0.082,10.2127],[0.0853,10.2142],[0.0803,10.2183],[0.0764,10.2283],[0.0864,10.2422],[0.091,10.2432],[0.09,10.2498],[0.0821,10.256],[0.0774,10.2884],[0.0737,10.2951],[0.0679,10.2931],[0.0581,10.2939],[0.056,10.3044],[0.0564,10.3076],[0.0592,10.3089],[0.064,10.3058],[0.0747,10.3087],[0.0767,10.3346],[0.0806,10.3453],[0.0791,10.3487],[0.081,10.3494],[0.0775,10.3513],[0.0793,10.3555],[0.0767,10.3574],[0.0737,10.3551],[0.0728,10.3572],[0.069,10.3558],[0.0613,10.3589],[0.0534,10.3572],[0.047,10.3502],[0.0476,10.3461],[0.0447,10.3457],[0.0457,10.3405],[0.0334,10.336],[0.0292,10.3387],[0.0244,10.3323],[0.0182,10.3338],[0.0071,10.3301],[0.0032,10.3317],[-0.019,10.3286],[-0.0213,10.3226],[-0.025,10.3213],[-0.0278,10.3162],[-0.0256,10.3144],[-0.0296,10.3008],[-0.0282,10.2914],[-0.0301,10.2892],[-0.0248,10.2712],[-0.0436,10.283],[-0.0726,10.2952],[-0.0882,10.295],[-0.0865,10.2897],[-0.0935,10.2695],[-0.1183,10.288],[-0.1493,10.2952],[-0.1549,10.2933],[-0.1572,10.288],[-0.1661,10.2811],[-0.1693,10.2822],[-0.1789,10.2777],[-0.1815,10.28],[-0.1831,10.278],[-0.1953,10.2767],[-0.203,10.2658],[-0.2383,10.2879],[-0.2557,10.2854],[-0.2611,10.2782],[-0.2694,10.2762],[-0.2717,10.2795],[-0.2843,10.2826],[-0.2956,10.2914],[-0.3099,10.291],[-0.3157,10.2908],[-0.3233,10.2842],[-0.3302,10.2848],[-0.3324,10.2811],[-0.3388,10.2804],[-0.3437,10.2764],[-0.3528,10.2751],[-0.3549,10.2735],[-0.3538,10.268],[-0.3595,10.2617],[-0.3717,10.2751],[-0.3781,10.2885],[-0.3859,10.2979],[-0.4275,10.3019],[-0.4406,10.299],[-0.4554,10.3017],[-0.4815,10.3263],[-0.4848,10.3273],[-0.4897,10.323],[-0.491,10.3257],[-0.4944,10.3256],[-0.5057,10.3129],[-0.5041,10.3046],[-0.5023,10.3056],[-0.5012,10.3014],[-0.505,10.2994],[-0.5029,10.2957],[-0.5053,10.2915],[-0.501,10.2903],[-0.5012,10.2846],[-0.497,10.2818],[-0.5004,10.2756],[-0.4979,10.2713],[-0.5049,10.2705],[-0.5051,10.2664],[-0.5027,10.2654],[-0.5008,10.2587],[-0.5099,10.2554],[-0.5107,10.2527],[-0.5068,10.2455],[-0.4989,10.2407],[-0.499,10.2374],[-0.5029,10.2407],[-0.5096,10.2367],[-0.5133,10.2401],[-0.5123,10.243],[-0.5152,10.2417],[-0.514,10.2483],[-0.5194,10.246],[-0.5219,10.234],[-0.5325,10.2539],[-0.5316,10.2615],[-0.5343,10.2671],[-0.5379,10.2619],[-0.5411,10.2615],[-0.5408,10.2566],[-0.5467,10.248],[-0.5469,10.2356],[-0.5416,10.2327],[-0.5411,10.2257],[-0.5476,10.2105],[-0.5582,10.1968],[-0.5788,10.182],[-0.5808,10.1767],[-0.59,10.1734],[-0.5958,10.1617],[-0.5991,10.1602],[-0.6033,10.1627],[-0.6253,10.1658],[-0.6242,10.1727],[-0.6324,10.1769],[-0.634,10.1838],[-0.6384,10.1834],[-0.6397,10.1772],[-0.6442,10.1774],[-0.646,10.1827],[-0.6414,10.1881],[-0.6437,10.1902],[-0.6529,10.1806],[-0.6544,10.1876],[-0.6524,10.1914],[-0.6576,10.192],[-0.6645,10.1821],[-0.6685,10.1798],[-0.674,10.1826],[-0.6818,10.1815],[-0.6836,10.19],[-0.6885,10.1823],[-0.6923,10.1839],[-0.6918,10.1885],[-0.6935,10.1887],[-0.6993,10.1805],[-0.7083,10.1774],[-0.7105,10.1779],[-0.7108,10.1843],[-0.7144,10.1829],[-0.7187,10.1782],[-0.7124,10.1749],[-0.7156,10.1718],[-0.712,10.1629],[-0.7208,10.1686],[-0.7316,10.1703],[-0.737,10.1678],[-0.7316,10.1625],[-0.7331,10.1599],[-0.745,10.167],[-0.7502,10.1592],[-0.7591,10.1603],[-0.7642,10.165],[-0.7673,10.1583],[-0.7746,10.1537],[-0.7781,10.1568],[-0.7806,10.1559],[-0.7803,10.1451],[-0.7833,10.1418],[-0.7869,10.1462],[-0.7844,10.1489],[-0.7866,10.1516],[-0.795,10.1454],[-0.7987,10.1488],[-0.7997,10.1559],[-0.8047,10.1548],[-0.8177,10.1256],[-0.8218,10.125],[-0.8194,10.1197],[-0.8214,10.1177],[-0.8385,10.1227],[-0.8372,10.1319],[-0.8448,10.132],[-0.8543,10.1283],[-0.8559,10.1247],[-0.8491,10.1193],[-0.8485,10.1156],[-0.8561,10.112],[-0.8596,10.1076],[-0.8576,10.1065],[-0.858,10.1033],[-0.868,10.0957],[-0.8583,10.0863],[-0.8696,10.0755],[-0.8674,10.063],[-0.8635,10.061],[-0.8646,10.056],[-0.8713,10.0545],[-0.8778,10.0597],[-0.8819,10.0598],[-0.8813,10.0487],[-0.8887,10.0519],[-0.8907,10.0481],[-0.8908,10.0439],[-0.8861,10.0356],[-0.8899,10.0339],[-0.8931,10.0358],[-0.8953,10.033],[-0.8967,10.0223],[-0.895,10.0191],[-0.9011,10.0205],[-0.9043,10.0243],[-0.9096,10.0236],[-0.912,10.012],[-0.9064,10.0121],[-0.9125,10.0089],[-0.9191,10.013],[-0.9214,10.0003],[-0.9255,10.0017],[-0.9323,10.0107],[-0.938,10.0111],[-0.9404,10.0082],[-0.9386,10.0022],[-0.9425,9.9985],[-0.9393,9.9931],[-0.94,9.9898],[-0.9535,9.9926],[-0.9629,9.9896],[-0.9727,9.9644],[-0.97,9.957],[-0.9749,9.9571],[-0.9808,9.9626],[-0.9842,9.9611],[-0.9849,9.95],[-0.9812,9.9441],[-0.9926,9.9432],[-0.9913,9.9531],[-1.0006,9.9602],[-1.0032,9.9663],[-0.9999,9.9751],[-0.9877,9.9844],[-0.9921,9.9904],[-0.9879,9.9974],[-0.9888,10.0022],[-1.0034,10.01],[-1.0018,10.0166],[-1.0133,10.0261],[-1.0146,10.0399],[-1.0273,10.0619],[-1.024,10.0756],[-1.0147,10.0761],[-1.0108,10.0795],[-1.011,10.086],[-1.0157,10.0968],[-1.0199,10.1],[-1.0311,10.0969],[-1.0434,10.0989],[-1.0519,10.103],[-1.0685,10.1045],[-1.0712,10.106],[-1.07,10.1087],[-1.064,10.1106],[-1.0614,10.1141],[-1.0637,10.1219],[-1.0879,10.1217],[-1.093,10.1287],[-1.0936,10.1348],[-1.0879,10.1502],[-1.0813,10.1557],[-1.0669,10.1544],[-1.0578,10.1573],[-1.0678,10.1655],[-1.0722,10.1734],[-1.0945,10.1846],[-1.1107,10.1871],[-1.1235,10.1508],[-1.1313,10.1412],[-1.1221,10.1302],[-1.1262,10.1154],[-1.1307,10.1127],[-1.1362,10.1147],[-1.1399,10.1193],[-1.2101,10.0884],[-1.228,10.0632],[-1.2414,10.0355],[-1.2361,10.0314],[-1.2368,10.0274],[-1.24,10.0262],[-1.235,10.0155],[-1.227,10.008],[-1.2086,10.0054],[-1.1969,9.994],[-1.1803,9.992],[-1.1564,9.9773],[-1.1421,9.98],[-1.1384,9.9697],[-1.1399,9.968],[-1.1357,9.9636],[-1.1291,9.9632],[-1.1244,9.9595],[-1.1171,9.9469],[-1.1133,9.9339],[-1.1077,9.9273],[-1.12,9.9272],[-1.1267,9.9295],[-1.1626,9.9522],[-1.1785,9.9497],[-1.1763,9.9233],[-1.1822,9.898],[-1.1767,9.892],[-1.1721,9.8797],[-1.1639,9.8739],[-1.1601,9.8565],[-1.1628,9.8519],[-1.1619,9.8456],[-1.1654,9.8407],[-1.1639,9.8373],[-1.1726,9.8245],[-1.1733,9.8203],[-1.169,9.8146],[-1.174,9.8079],[-1.1743,9.8006],[-1.1721,9.7981],[-1.1738,9.7906],[-1.1774,9.7912],[-1.1867,9.8003],[-1.1949,9.796],[-1.2073,9.7962],[-1.2131,9.7984],[-1.2163,9.8008],[-1.2181,9.8124],[-1.2282,9.8175],[-1.2323,9.8257],[-1.2383,9.8285],[-1.2535,9.8232],[-1.2632,9.8243],[-1.2639,9.8161],[-1.2697,9.8041],[-1.2736,9.802],[-1.2853,9.8017],[-1.2967,9.809],[-1.3051,9.8112],[-1.3093,9.8178],[-1.3076,9.823],[-1.3142,9.8163],[-1.3138,9.8065],[-1.3087,9.8011],[-1.3228,9.7998],[-1.3277,9.8079],[-1.3414,9.8081],[-1.3478,9.8055],[-1.3515,9.7944],[-1.3477,9.7773],[-1.3508,9.7662],[-1.3454,9.7489],[-1.3496,9.7461],[-1.3467,9.7338],[-1.35,9.7295],[-1.3444,9.7157],[-1.34,9.7143],[-1.3388,9.7061],[-1.33,9.6985],[-1.3253,9.698],[-1.3248,9.6888],[-1.3196,9.6843],[-1.3192,9.6711],[-1.3209,9.6691],[-1.3191,9.6671],[-1.3214,9.663],[-1.3242,9.6629],[-1.3223,9.6591],[-1.3251,9.6561],[-1.3144,9.6534],[-1.3191,9.6456],[-1.3298,9.6436],[-1.3284,9.6341],[-1.3458,9.6268],[-1.3578,9.6188],[-1.3692,9.6159],[-1.3736,9.61],[-1.3647,9.6035],[-1.3624,9.5982],[-1.3138,9.5488],[-1.3117,9.538],[-1.2954,9.5193],[-1.2879,9.5165],[-1.2813,9.5099],[-1.2501,9.4275],[-1.2431,9.4194],[-1.2459,9.386],[-1.2493,9.3818],[-1.2511,9.372],[-1.2545,9.369],[-1.2538,9.3643],[-1.2582,9.3607],[-1.2546,9.3529],[-1.2579,9.3522],[-1.2649,9.342],[-1.2608,9.3315],[-1.2654,9.3332],[-1.2691,9.3312],[-1.2681,9.3272],[-1.259,9.3198],[-1.2548,9.3103],[-1.2575,9.3094],[-1.2533,9.3015],[-1.2423,9.2906],[-1.2417,9.286],[-1.2265,9.2909],[-1.2063,9.3052],[-1.1966,9.3038],[-1.1963,9.3083],[-1.1931,9.3073],[-1.1878,9.3119],[-1.1841,9.3098],[-1.1729,9.3204],[-1.1689,9.3216],[-1.1683,9.3199],[-1.1646,9.3208],[-1.1664,9.3178],[-1.1456,9.3203],[-1.1428,9.3174],[-1.1417,9.3191],[-1.1319,9.3177],[-1.1301,9.32],[-1.1282,9.3171],[-1.1203,9.3184],[-1.1181,9.3159],[-1.1168,9.3173],[-1.1092,9.3144],[-1.1091,9.3119],[-1.107,9.3122],[-1.1082,9.3107],[-1.1058,9.311],[-1.1063,9.308],[-1.1026,9.3085],[-1.0984,9.3097],[-1.0979,9.3124],[-1.0958,9.3117],[-1.0954,9.3154],[-1.0898,9.3191],[-1.0827,9.3197],[-1.0815,9.3224],[-1.0767,9.3232],[-1.0769,9.3264],[-1.0662,9.3279],[-1.0656,9.3253],[-1.0622,9.328],[-1.0574,9.3278],[-1.0535,9.3311],[-1.054,9.3354],[-1.0407,9.3448],[-1.031,9.3416],[-1.0212,9.3325],[-1.0136,9.3298],[-1.0204,9.3165],[-1.0196,9.3134],[-1.009,9.3172],[-0.996,9.3289],[-0.9887,9.3289],[-0.9765,9.3366],[-0.9626,9.3347],[-0.9605,9.3053],[-0.9491,9.298],[-0.9355,9.2962],[-0.9306,9.2988],[-0.9264,9.2964],[-0.9045,9.3056],[-0.8852,9.3104],[-0.8828,9.3093],[-0.8798,9.3],[-0.8699,9.3064],[-0.8598,9.3065],[-0.8492,9.3043],[-0.8485,9.2967],[-0.8425,9.2997],[-0.8329,9.2974],[-0.8229,9.3116],[-0.8146,9.3129],[-0.806,9.319],[-0.7956,9.309],[-0.7749,9.3029],[-0.7645,9.296],[-0.7318,9.2899],[-0.7274,9.2915],[-0.7241,9.2879],[-0.7085,9.2872],[-0.6997,9.2836],[-0.6972,9.2785],[-0.6941,9.2783],[-0.6985,9.2826],[-0.6974,9.2851],[-0.7106,9.2902],[-0.7144,9.2959],[-0.7113,9.3008],[-0.7117,9.306],[-0.7179,9.3137],[-0.7146,9.3263],[-0.6891,9.3102],[-0.687,9.3138],[-0.6869,9.3235],[-0.6842,9.3255],[-0.6711,9.3207],[-0.6675,9.3214],[-0.666,9.3184],[-0.6575,9.3183],[-0.6542,9.3153],[-0.635,9.3185],[-0.6326,9.3155],[-0.6363,9.3141],[-0.6346,9.3114],[-0.6363,9.3102],[-0.6271,9.3071],[-0.6173,9.3126],[-0.6102,9.3114],[-0.6102,9.3158],[-0.6066,9.3171],[-0.6043,9.3234],[-0.5987,9.3239],[-0.5944,9.3288],[-0.5801,9.3165],[-0.5663,9.2883],[-0.5604,9.2849],[-0.5531,9.2845],[-0.5437,9.2751],[-0.5412,9.2771],[-0.5351,9.2747],[-0.5255,9.2815],[-0.5195,9.2822],[-0.511,9.2741],[-0.5119,9.2652],[-0.5096,9.2607],[-0.4896,9.2495],[-0.4833,9.2505],[-0.4747,9.2476],[-0.4693,9.2425],[-0.4631,9.243],[-0.4524,9.2357],[-0.4359,9.231],[-0.4263,9.2228],[-0.4196,9.2225],[-0.3908,9.2354],[-0.3781,9.2281],[-0.3587,9.2235],[-0.3527,9.2175],[-0.3429,9.2143],[-0.3404,9.2112],[-0.324,9.2093],[-0.3173,9.1973],[-0.3095,9.1935],[-0.3109,9.1917],[-0.3086,9.1903],[-0.3106,9.1883],[-0.3085,9.1882],[-0.3081,9.1808],[-0.3026,9.1804],[-0.2966,9.1754],[-0.2942,9.1764],[-0.294,9.1671],[-0.2895,9.16],[-0.2902,9.1548],[-0.2868,9.1551],[-0.2848,9.1499],[-0.2873,9.148],[-0.2819,9.1456],[-0.2839,9.1421],[-0.2821,9.1375],[-0.2748,9.1352],[-0.2696,9.129],[-0.2665,9.1323],[-0.265,9.1296],[-0.2615,9.1303],[-0.257,9.1249],[-0.2508,9.1293],[-0.244,9.1214],[-0.2371,9.1232],[-0.2341,9.1207],[-0.2306,9.1238],[-0.2235,9.1212],[-0.2231,9.1145],[-0.2185,9.1083],[-0.2102,9.111],[-0.2027,9.1092],[-0.208,9.1019],[-0.2061,9.0959],[-0.2094,9.0941],[-0.2101,9.0866],[-0.208,9.0829],[-0.213,9.0792],[-0.2111,9.0725],[-0.2085,9.0715],[-0.2039,9.0627],[-0.2081,9.056],[-0.2127,9.0552],[-0.2113,9.0466],[-0.2184,9.0328],[-0.2173,9.0296],[-0.2088,9.0267],[-0.2112,9.0174],[-0.2097,9.0125],[-0.2124,9.0121],[-0.204,9.0048],[-0.2056,8.9977],[-0.203,8.9985],[-0.1969,8.9829],[-0.1954,8.9642],[-0.1993,8.9577],[-0.1981,8.9512],[-0.2016,8.9462],[-0.2132,8.9456],[-0.2236,8.9347],[-0.2269,8.9384],[-0.2334,8.9363],[-0.2336,8.9405],[-0.2381,8.9383],[-0.242,8.9301],[-0.2401,8.9215],[-0.2362,8.9195],[-0.2405,8.9178],[-0.2433,8.92],[-0.2481,8.9176],[-0.2435,8.909],[-0.2529,8.9049],[-0.2544,8.9011],[-0.2622,8.8998],[-0.2638,8.9025],[-0.2656,8.9006],[-0.2727,8.9031],[-0.2745,8.8994],[-0.2806,8.901],[-0.2817,8.8984],[-0.2788,8.8993],[-0.2789,8.8964],[-0.288,8.8918],[-0.2875,8.8881],[-0.2913,8.8852],[-0.2959,8.8884],[-0.302,8.8854],[-0.3025,8.8782],[-0.2948,8.8671],[-0.2959,8.8645],[-0.3001,8.8648],[-0.2992,8.8592],[-0.3114,8.858],[-0.3268,8.863],[-0.3307,8.8587],[-0.3336,8.8664],[-0.34,8.8672],[-0.3426,8.8653],[-0.3441,8.8616],[-0.3399,8.8624],[-0.3392,8.858],[-0.3446,8.8554],[-0.343,8.8459],[-0.3382,8.845],[-0.3348,8.8372],[-0.326,8.8368],[-0.3227,8.8341],[-0.3209,8.8196],[-0.3167,8.8165],[-0.3091,8.8205],[-0.3038,8.8181],[-0.2993,8.8191],[-0.2953,8.8106],[-0.2992,8.8095],[-0.2973,8.806],[-0.3005,8.8033],[-0.3002,8.7976],[-0.303,8.7987],[-0.3032,8.7949],[-0.3058,8.7951],[-0.3053,8.7846],[-0.3096,8.7854],[-0.3076,8.7767],[-0.3097,8.7726],[-0.3077,8.7698],[-0.3093,8.7651],[-0.311,8.7673],[-0.3141,8.7666],[-0.3147,8.7503],[-0.3298,8.7429],[-0.3352,8.7477],[-0.3375,8.7542],[-0.3461,8.7582],[-0.3664,8.7431],[-0.3737,8.7409],[-0.3754,8.7424],[-0.3741,8.7341],[-0.37,8.7397],[-0.3662,8.7347],[-0.3689,8.722],[-0.3839,8.7237],[-0.3811,8.7106],[-0.3842,8.7111],[-0.3865,8.7081],[-0.3869,8.7111],[-0.3971,8.7128],[-0.4065,8.7073],[-0.4081,8.7155],[-0.4125,8.7078],[-0.4148,8.719],[-0.4105,8.7224],[-0.4121,8.7283],[-0.4091,8.7282],[-0.4085,8.7308],[-0.4107,8.7334],[-0.4177,8.7332],[-0.432,8.728],[-0.4312,8.7164],[-0.4476,8.7294],[-0.4567,8.7207],[-0.4651,8.7254],[-0.4728,8.7341],[-0.4862,8.726],[-0.4911,8.7118],[-0.4886,8.7073],[-0.4926,8.7067],[-0.4932,8.7042],[-0.4846,8.7021],[-0.4868,8.6891],[-0.484,8.6816],[-0.4753,8.6825],[-0.4691,8.6716],[-0.464,8.6725],[-0.459,8.6786],[-0.4529,8.675],[-0.4471,8.6625],[-0.4406,8.6641],[-0.4395,8.6592],[-0.4325,8.6584],[-0.4363,8.6484],[-0.4352,8.641],[-0.424,8.6502],[-0.4177,8.6485],[-0.4201,8.6427],[-0.4125,8.6261],[-0.4153,8.6194],[-0.4136,8.6159],[-0.4171,8.6132],[-0.4152,8.6077],[-0.4125,8.6099],[-0.4094,8.6077],[-0.4107,8.5988],[-0.4073,8.5982],[-0.4043,8.6039],[-0.4006,8.6053],[-0.3957,8.5933],[-0.39,8.5954],[-0.3853,8.5925],[-0.3782,8.5936],[-0.3771,8.5955],[-0.3795,8.5965],[-0.3743,8.5994],[-0.3723,8.5872],[-0.3651,8.5927],[-0.3628,8.5988],[-0.3575,8.5991],[-0.3594,8.5953],[-0.3578,8.5909],[-0.3636,8.5816],[-0.3554,8.5711],[-0.344,8.5686],[-0.3497,8.56],[-0.3455,8.5498],[-0.3366,8.5393],[-0.3355,8.5312],[-0.3337,8.5338],[-0.3233,8.5318],[-0.3178,8.5359],[-0.3171,8.5333],[-0.3135,8.5327],[-0.3139,8.5285],[-0.3121,8.5276],[-0.3107,8.5391],[-0.3058,8.5389],[-0.3047,8.5351],[-0.2987,8.547],[-0.2934,8.5474],[-0.2985,8.5439],[-0.2972,8.5416],[-0.2894,8.5441],[-0.2869,8.5496],[-0.2831,8.5495],[-0.283,8.5526],[-0.2779,8.5577],[-0.2691,8.551],[-0.2696,8.5423],[-0.2656,8.5469],[-0.2603,8.5465],[-0.2605,8.5525],[-0.2574,8.5556],[-0.2491,8.5578],[-0.2454,8.556],[-0.2386,8.5588],[-0.2349,8.5716],[-0.229,8.5671],[-0.2224,8.57],[-0.2211,8.5616],[-0.2146,8.5526],[-0.2002,8.554],[-0.1962,8.5518],[-0.1973,8.5473],[-0.2062,8.5387],[-0.2063,8.5257],[-0.1996,8.5221],[-0.2045,8.4972],[-0.2082,8.4947],[-0.1951,8.4833],[-0.1999,8.4817],[-0.2075,8.4868],[-0.2107,8.4864],[-0.213,8.4682],[-0.2175,8.4701],[-0.2169,8.4731],[-0.2194,8.475],[-0.2239,8.4728],[-0.2305,8.4754],[-0.2429,8.4727],[-0.241,8.4665],[-0.2335,8.4575],[-0.2282,8.4588],[-0.2189,8.4555],[-0.2214,8.4395],[-0.226,8.4279],[-0.2337,8.4168],[-0.2382,8.3994],[-0.2491,8.3809],[-0.2529,8.3523],[-0.2585,8.3495],[-0.2747,8.3534],[-0.2986,8.3532],[-0.3051,8.3584],[-0.3074,8.3579],[-0.3146,8.3481],[-0.319,8.3441],[-0.3252,8.3429],[-0.3267,8.3398],[-0.3242,8.3343],[-0.3091,8.3213],[-0.3024,8.3187],[-0.2863,8.3216],[-0.2756,8.3197],[-0.2667,8.3267],[-0.2623,8.3366],[-0.2476,8.3338],[-0.2424,8.341],[-0.2373,8.3429],[-0.2325,8.3396],[-0.2187,8.3382],[-0.2153,8.3399],[-0.2099,8.3505],[-0.196,8.3476],[-0.1897,8.3567],[-0.187,8.3571],[-0.1843,8.337],[-0.1643,8.3119],[-0.1588,8.2958],[-0.145,8.2862],[-0.1412,8.2719],[-0.1242,8.273],[-0.1141,8.2973],[-0.1133,8.3244],[-0.1103,8.336],[-0.1025,8.3364],[-0.1,8.334],[-0.0874,8.3325],[-0.0843,8.3374],[-0.0677,8.3399],[-0.0676,8.3485],[-0.0643,8.3512],[-0.0482,8.3523],[-0.04,8.349],[-0.0395,8.3354],[-0.0306,8.3297],[-0.0242,8.3288],[-0.0224,8.3305]]}},{"type":"Feature","properties":{},"geometry":{"type":"LineString","coordinates":[[0.1874,6.5686],[0.1818,6.5663],[0.1632,6.57],[0.1523,6.5754],[0.0815,6.5771],[0.0933,6.6053],[0.1164,6.6309],[0.1846,6.6816],[0.1974,6.6952],[0.2061,6.709],[0.2112,6.7288],[0.2084,6.7651],[0.2003,6.8009],[0.1798,6.8586],[0.1742,6.8823],[0.1724,6.9454],[0.1657,6.9878],[0.1581,7.009],[0.1548,7.0419],[0.1641,7.1032],[0.1823,7.1797],[0.1232,7.1839],[0.1101,7.1826],[0.0979,7.1777],[0.0811,7.1817],[0.0674,7.1737],[0.0505,7.1721],[0.0409,7.1809],[0.0291,7.1855],[0.0213,7.183],[0.0111,7.1863],[0.0044,7.194],[-0.0042,7.1911],[-0.0141,7.1932],[-0.0275,7.1914],[-0.0527,7.1965],[-0.0616,7.1881],[-0.0849,7.1793],[-0.0972,7.1846],[-0.1068,7.1944],[-0.143,7.1946],[-0.1471,7.202],[-0.153,7.1955],[-0.1583,7.1935],[-0.164,7.2008],[-0.1684,7.1983],[-0.1736,7.2008],[-0.1795,7.1977],[-0.1812,7.204],[-0.184,7.2009],[-0.1999,7.2034],[-0.2139,7.1997],[-0.2158,7.2007],[-0.2172,7.2111],[-0.2208,7.2128],[-0.2365,7.2022],[-0.2485,7.1974],[-0.2505,7.1924],[-0.2575,7.1953],[-0.2602,7.1896],[-0.2674,7.1937],[-0.2745,7.1935],[-0.2791,7.1903],[-0.2872,7.1947],[-0.2891,7.193],[-0.2855,7.1891],[-0.2881,7.1842],[-0.3064,7.1783],[-0.3055,7.1749],[-0.3003,7.1721],[-0.3053,7.1655],[-0.3096,7.164],[-0.309,7.1608],[-0.3125,7.1591],[-0.3168,7.1492],[-0.3228,7.1434],[-0.3315,7.1428],[-0.3355,7.1377],[-0.3403,7.1376],[-0.3408,7.1352],[-0.3439,7.1373],[-0.3472,7.1341],[-0.3521,7.1343],[-0.3632,7.1272],[-0.3693,7.1264],[-0.371,7.1232],[-0.3936,7.1177],[-0.4048,7.1204],[-0.4203,7.1196],[-0.4263,7.1253],[-0.4416,7.1222],[-0.4614,7.1284],[-0.4657,7.1259],[-0.4804,7.1271],[-0.4947,7.1248],[-0.5006,7.1275],[-0.5072,7.1269],[-0.5112,7.1306],[-0.5418,7.139],[-0.5612,7.1375],[-0.5828,7.1506],[-0.5926,7.1495],[-0.6096,7.1537],[-0.6193,7.1667],[-0.6274,7.1725],[-0.6354,7.1739],[-0.6277,7.1541],[-0.627,7.1441],[-0.6198,7.1336],[-0.6192,7.1252],[-0.6158,7.1204],[-0.6149,7.1167],[-0.6176,7.1147],[-0.6151,7.1098],[-0.6118,7.1086],[-0.6039,7.0786],[-0.6042,7.0702],[-0.591,7.0445],[-0.5799,7.0377],[-0.5761,7.0292],[-0.5647,7.0187],[-0.5666,6.998],[-0.572,6.989],[-0.5742,6.9787],[-0.5741,6.9633],[-0.5853,6.9509],[-0.6009,6.9482],[-0.637,6.9531],[-0.6576,6.9472],[-0.6562,6.9348],[-0.6523,6.9295],[-0.6934,6.9395],[-0.7059,6.9467],[-0.7145,6.9467],[-0.7228,6.9524],[-0.7341,6.9485],[-0.742,6.9489],[-0.7533,6.9381],[-0.7572,6.9254],[-0.7551,6.8802],[-0.7625,6.8391],[-0.767,6.8359],[-0.7697,6.8271],[-0.7779,6.8161],[-0.7834,6.8024],[-0.7874,6.799],[-0.7869,6.7939],[-0.7999,6.7886],[-0.8114,6.7914],[-0.8234,6.79],[-0.8337,6.7935],[-0.843,6.7802],[-0.8516,6.778],[-0.8568,6.7813],[-0.8588,6.7795],[-0.8654,6.7825],[-0.8827,6.7785],[-0.8933,6.7823],[-0.9012,6.7884],[-0.9083,6.7772],[-0.9149,6.7769],[-0.9152,6.7682],[-0.9267,6.7629],[-0.9325,6.7563],[-0.9435,6.7577],[-0.9489,6.7545],[-0.9565,6.754],[-0.9609,6.7462],[-0.973,6.7505],[-0.9756,6.7455],[-0.9851,6.7428],[-0.9742,6.7374],[-0.9646,6.7415],[-0.9566,6.7396],[-0.9502,6.7352],[-0.9504,6.7287],[-0.9469,6.7249],[-0.9504,6.7075],[-0.9543,6.7045],[-0.9606,6.6914],[-0.9739,6.6811],[-0.9772,6.6551],[-0.9736,6.6509],[-0.9725,6.6446],[-0.9775,6.6386],[-0.9768,6.6148],[-0.9697,6.6126],[-0.9451,6.627],[-0.9441,6.6375],[-0.9375,6.6354],[-0.9327,6.6394],[-0.9236,6.6409],[-0.9172,6.6197],[-0.91,6.6104],[-0.9129,6.5946],[-0.9161,6.5934],[-0.9191,6.5879],[-0.9265,6.588],[-0.9333,6.5821],[-0.9324,6.5784],[-0.9347,6.5736],[-0.9386,6.5704],[-0.9418,6.5707],[-0.9449,6.5638],[-0.9504,6.5656],[-0.9566,6.5594],[-0.9682,6.5361],[-0.9726,6.535],[-0.974,6.5315],[-0.972,6.5265],[-0.9768,6.5233],[-0.9781,6.5177],[-0.9815,6.521],[-0.9892,6.5162],[-0.9889,6.5129],[-0.9934,6.5114],[-0.9932,6.504],[-1.0006,6.5001],[-1.0006,6.496],[-1.006,6.487],[-1.0034,6.4839],[-1.0068,6.4786],[-1.0059,6.4717],[-1.0123,6.4683],[-1.0097,6.4654],[-1.0112,6.4624],[-1.0077,6.4577],[-1.0086,6.4543],[-1.005,6.453],[-1.0046,6.45],[-1.0074,6.4507],[-1.0087,6.4488],[-1.0057,6.4428],[-1.0079,6.4393],[-1.018,6.4361],[-1.0134,6.4259],[-1.0163,6.4206],[-1.0104,6.4148],[-1.0192,6.4137],[-1.0199,6.4091],[-1.0244,6.4082],[-1.0308,6.4082],[-1.0349,6.4122],[-1.0411,6.4076],[-1.0381,6.4035],[-1.0418,6.4003],[-1.0467,6.3985],[-1.049,6.4001],[-1.0669,6.3903],[-1.0691,6.387],[-1.0682,6.3833],[-1.1027,6.3641],[-1.1053,6.3617],[-1.105,6.3573],[-1.1141,6.3531],[-1.1105,6.343],[-1.1134,6.3417],[-1.1144,6.3331],[-1.1179,6.3328],[-1.1201,6.3269],[-1.116,6.3261],[-1.1155,6.3216],[-1.1257,6.3198],[-1.1311,6.3162],[-1.1316,6.3087],[-1.1281,6.3019],[-1.1318,6.2983],[-1.1366,6.3],[-1.1387,6.2965],[-1.1369,6.2925],[-1.1306,6.29],[-1.1312,6.2877],[-1.1283,6.2876],[-1.1283,6.2833],[-1.1316,6.2799],[-1.1289,6.2771],[-1.1282,6.2711],[-1.1165,6.2696],[-1.1177,6.2639],[-1.1215,6.2615],[-1.1201,6.257],[-1.1236,6.254],[-1.1224,6.2495],[-1.1254,6.2432],[-1.1209,6.2377],[-1.1256,6.2331],[-1.12,6.2277],[-1.1229,6.2219],[-1.1207,6.2205],[-1.1231,6.2178],[-1.1206,6.2164],[-1.1225,6.2109],[-1.1202,6.2089],[-1.1262,6.2077],[-1.1291,6.2012],[-1.1307,6.2028],[-1.1307,6.1999],[-1.1328,6.1993],[-1.1328,6.2011],[-1.1358,6.198],[-1.1369,6.2005],[-1.1405,6.1997],[-1.1404,6.1977],[-1.1431,6.1997],[-1.147,6.1984],[-1.1503,6.2015],[-1.1536,6.1982],[-1.1559,6.1999],[-1.1549,6.2045],[-1.1605,6.2007],[-1.1641,6.2067],[-1.1683,6.2025],[-1.1754,6.2018],[-1.1757,6.2041],[-1.1796,6.2007],[-1.1829,6.2056],[-1.1863,6.2013],[-1.191,6.2006],[-1.1916,6.1966],[-1.1933,6.1972],[-1.1863,6.1938],[-1.1902,6.193],[-1.1877,6.1907],[-1.1896,6.1851],[-1.1788,6.1802],[-1.1788,6.172],[-1.1825,6.173],[-1.1807,6.167],[-1.1848,6.1704],[-1.1858,6.1685],[-1.1843,6.1629],[-1.1827,6.1636],[-1.1778,6.1573],[-1.1812,6.1563],[-1.1796,6.1554],[-1.1814,6.1491],[-1.179,6.1481],[-1.1804,6.1468],[-1.184,6.1489],[-1.1824,6.1445],[-1.1848,6.1427],[-1.1867,6.145],[-1.1902,6.1442],[-1.1927,6.1351],[-1.2022,6.1334],[-1.1986,6.1257],[-1.1924,6.1224],[-1.2056,6.1162],[-1.2068,6.1127],[-1.2011,6.1099],[-1.2011,6.1125],[-1.1927,6.1127],[-1.1895,6.1064],[-1.1917,6.1019],[-1.1876,6.1005],[-1.187,6.0969],[-1.1903,6.0919],[-1.1971,6.0935],[-1.2002,6.0914],[-1.2025,6.0938],[-1.2046,6.0913],[-1.2006,6.0883],[-1.2028,6.0867],[-1.1996,6.086],[-1.1986,6.0809],[-1.2065,6.0775],[-1.2085,6.0742],[-1.2062,6.0714],[-1.2145,6.0679],[-1.2106,6.0653],[-1.2094,6.0612],[-1.2121,6.0586],[-1.2081,6.0524],[-1.2156,6.0495],[-1.2277,6.0385],[-1.2317,6.0384],[-1.2288,6.0336],[-1.2315,6.033],[-1.2335,6.028],[-1.23,6.0274],[-1.2283,6.0205],[-1.2299,6.0196],[-1.2268,6.0188],[-1.2313,6.0156],[-1.2302,6.0133],[-1.241,6.0116],[-1.2406,6.0062],[-1.2439,6.0031],[-1.2412,5.996],[-1.2422,5.9937],[-1.2451,5.9946],[-1.2471,5.9908],[-1.2454,5.9863],[-1.2425,5.9873],[-1.2386,5.9844],[-1.2398,5.9807],[-1.2331,5.9799],[-1.2288,5.983],[-1.2225,5.9763],[-1.2187,5.9645],[-1.2247,5.9576],[-1.2208,5.9551],[-1.2249,5.9461],[-1.2189,5.9423],[-1.2254,5.9348],[-1.2201,5.9338],[-1.2001,5.9168],[-1.1923,5.9183],[-1.1906,5.9137],[-1.1777,5.9084],[-1.169,5.9099],[-1.1632,5.8976],[-1.1631,5.8814],[-1.1689,5.8657],[-1.1671,5.8626],[-1.1612,5.8608],[-1.1596,5.8517],[-1.1686,5.8457],[-1.1692,5.8397],[-1.165,5.8265],[-1.1579,5.8195],[-1.1596,5.8169],[-1.1575,5.8124],[-1.1648,5.8013],[-1.1678,5.7843],[-1.1666,5.7731],[-1.1625,5.7684],[-1.1664,5.7547],[-1.1632,5.7412],[-1.1655,5.7312],[-1.163,5.7208],[-1.1548,5.7216],[-1.1509,5.725],[-1.1424,5.7128],[-1.1437,5.7041],[-1.1356,5.7045],[-1.1346,5.7212],[-1.1209,5.7204],[-1.0998,5.7008],[-1.0939,5.7169],[-1.0979,5.7282],[-1.0912,5.7425],[-1.0837,5.7474],[-1.0701,5.7476],[-1.0619,5.7513],[-1.0447,5.7523],[-1.0408,5.7498],[-1.0413,5.7443],[-1.0348,5.7374],[-1.0095,5.7429],[-1.003,5.7422],[-0.9975,5.7466],[-0.999,5.7444],[-0.9949,5.7392],[-0.9912,5.7427],[-0.9906,5.7482],[-0.9813,5.7518],[-0.9709,5.7518],[-0.9631,5.7478],[-0.9538,5.7378],[-0.9037,5.7385],[-0.8792,5.7416],[-0.8806,5.7586],[-0.8476,5.7571],[-0.8362,5.7532],[-0.8302,5.7459],[-0.8126,5.7438],[-0.8142,5.7306],[-0.7903,5.7257],[-0.7843,5.7105],[-0.7389,5.7105],[-0.732,5.7144],[-0.7119,5.7114],[-0.6953,5.7152],[-0.6965,5.7265],[-0.6924,5.7297],[-0.6943,5.7331],[-0.6856,5.7397],[-0.6437,5.7355],[-0.6291,5.7216],[-0.6101,5.7237],[-0.5811,5.7368],[-0.5715,5.7351],[-0.568,5.7404],[-0.56,5.736],[-0.5503,5.739],[-0.5248,5.7339],[-0.5201,5.7344],[-0.5194,5.7373],[-0.5133,5.7349],[-0.504,5.7401],[-0.4957,5.7489],[-0.4926,5.7484],[-0.4904,5.7543],[-0.477,5.7613],[-0.4771,5.7767],[-0.4736,5.7828],[-0.4597,5.7758],[-0.4577,5.7889],[-0.4483,5.7881],[-0.4415,5.798],[-0.437,5.7994],[-0.4131,5.7856],[-0.4164,5.7801],[-0.4132,5.7722],[-0.3935,5.7599],[-0.3891,5.7616],[-0.3847,5.7764],[-0.3789,5.7744],[-0.3786,5.7702],[-0.3709,5.7673],[-0.366,5.7624],[-0.3523,5.7663],[-0.3482,5.7743],[-0.3403,5.7781],[-0.3354,5.7767],[-0.3314,5.7789],[-0.3274,5.7729],[-0.3108,5.7893],[-0.2708,5.8082],[-0.269,5.8004],[-0.2629,5.7994],[-0.2338,5.7782],[-0.243,5.7645],[-0.242,5.7468],[-0.2254,5.7404],[-0.2213,5.7426],[-0.2206,5.7483],[-0.2183,5.7506],[-0.2144,5.7494],[-0.2071,5.7549],[-0.202,5.7631],[-0.2044,5.7637],[-0.2047,5.7678],[-0.2027,5.782],[-0.1942,5.7842],[-0.1808,5.7941],[-0.1722,5.8058],[-0.1722,5.814],[-0.1646,5.8121],[-0.155,5.8145],[-0.1493,5.8337],[-0.1529,5.8397],[-0.1639,5.8382],[-0.1642,5.8411],[-0.1439,5.8548],[-0.1378,5.851],[-0.1306,5.8525],[-0.1256,5.8711],[-0.1142,5.8866],[-0.0951,5.9019],[-0.0833,5.9078],[-0.0628,5.9304],[-0.0466,5.9433],[-0.0406,5.9448],[-0.0062,5.971],[-0.0041,5.9763],[-0.0047,5.9859],[-0.0082,5.9939],[-0.0148,5.9972],[-0.0097,6.0104],[-0.0008,6.0076],[0.0041,6.0095],[0.0079,6.0168],[0.0085,6.0241],[0.0179,6.0389],[0.0189,6.0614],[0.0433,6.0503],[0.0464,6.0404],[0.0506,6.0464],[0.065,6.0532],[0.0835,6.0432],[0.0949,6.0482],[0.1017,6.057],[0.1169,6.0623],[0.1269,6.073],[0.1378,6.0735],[0.1497,6.0855],[0.1436,6.1009],[0.1446,6.1076],[0.1382,6.1097],[0.1226,6.1234],[0.116,6.1325],[0.0973,6.148],[0.0935,6.1565],[0.096,6.1768],[0.1044,6.1832],[0.1189,6.2189],[0.1278,6.2552],[0.1361,6.2598],[0.1372,6.2657],[0.1556,6.2887],[0.1552,6.2939],[0.1595,6.3002],[0.1756,6.3027],[0.1761,6.3077],[0.1679,6.3136],[0.1706,6.3178],[0.1692,6.3277],[0.174,6.3282],[0.1726,6.332],[0.1781,6.3341],[0.1787,6.3408],[0.187,6.3392],[0.1857,6.3422],[0.1932,6.3475],[0.1948,6.3529],[0.2006,6.3536],[0.2013,6.3573],[0.2043,6.3574],[0.1998,6.3705],[0.205,6.3718],[0.2074,6.3774],[0.2131,6.3786],[0.2164,6.3844],[0.2166,6.388],[0.2102,6.3947],[0.2095,6.4011],[0.2062,6.4053],[0.178,6.4242],[0.1862,6.4403],[0.1843,6.4655],[0.1892,6.4754],[0.1872,6.4826],[0.1789,6.4867],[0.182,6.4966],[0.1778,6.5115],[0.1924,6.5325],[0.1998,6.549],[0.1984,6.5537],[0.195,6.5556],[0.1946,6.5639],[0.1874,6.5686]]}},{"type":"Feature","properties":{},"geometry":{"type":"LineString","coordinates":[[-1.8184,5.6741],[-1.804,5.6865],[-1.7949,5.6918],[-1.7906,5.6993],[-1.7904,5.7103],[-1.7842,5.7262],[-1.7855,5.7312],[-1.7877,5.7328],[-1.8176,5.7239],[-1.8121,5.7352],[-1.8002,5.748],[-1.8112,5.759],[-1.8504,5.7672],[-1.8409,5.7801],[-1.8346,5.7845],[-1.8289,5.7841],[-1.8413,5.8043],[-1.8394,5.8112],[-1.8317,5.8221],[-1.8326,5.827],[-1.8222,5.8545],[-1.814,5.868],[-1.8166,5.8717],[-1.8144,5.8756],[-1.8148,5.8905],[-1.8265,5.8995],[-1.8352,5.8992],[-1.8363,5.9012],[-1.8422,5.901],[-1.8535,5.8952],[-1.856,5.8882],[-1.8677,5.8842],[-1.8793,5.8898],[-1.8871,5.8971],[-1.8881,5.9092],[-1.8923,5.9159],[-1.903,5.9175],[-1.9122,5.9322],[-1.9093,5.9368],[-1.9271,5.9418],[-1.959,5.9824],[-1.9951,6.0225],[-2.0168,6.0276],[-2.0288,6.0424],[-2.05,6.0497],[-2.0488,6.0598],[-2.0586,6.072],[-2.1293,6.0928],[-2.1424,6.0996],[-2.1626,6.1202],[-2.1808,6.1206],[-2.1888,6.1468],[-2.1986,6.144],[-2.2059,6.1447],[-2.2136,6.1427],[-2.2153,6.1399],[-2.2212,6.1448],[-2.2254,6.1452],[-2.2288,6.1504],[-2.2421,6.1407],[-2.2562,6.1356],[-2.2569,6.12],[-2.2715,6.1224],[-2.2835,6.1022],[-2.29,6.1039],[-2.3034,6.0965],[-2.3187,6.0962],[-2.3239,6.1011],[-2.3555,6.1052],[-2.3607,6.1002],[-2.3706,6.0975],[-2.3733,6.0865],[-2.3709,6.0843],[-2.3769,6.0826],[-2.3913,6.0843],[-2.3991,6.0899],[-2.4126,6.0882],[-2.4199,6.0969],[-2.4337,6.1068],[-2.4319,6.1141],[-2.4377,6.12],[-2.4452,6.115],[-2.4499,6.1074],[-2.4486,6.1022],[-2.4522,6.1001],[-2.4612,6.1101],[-2.4765,6.1082],[-2.4824,6.0959],[-2.497,6.0925],[-2.5086,6.0786],[-2.5048,6.072],[-2.4889,6.0649],[-2.5115,6.0434],[-2.5372,6.0033],[-2.5502,5.9926],[-2.5486,5.9904],[-2.5494,5.9801],[-2.5388,5.9796],[-2.535,5.9703],[-2.5359,5.9654],[-2.5311,5.9695],[-2.5149,5.9667],[-2.5161,5.9551],[-2.5075,5.9492],[-2.5103,5.9467],[-2.51,5.9437],[-2.5035,5.9378],[-2.5039,5.9311],[-2.5016,5.9269],[-2.5066,5.9216],[-2.5006,5.9206],[-2.4965,5.9166],[-2.5007,5.9136],[-2.5094,5.9147],[-2.5086,5.9018],[-2.5105,5.8993],[-2.4978,5.8962],[-2.4982,5.888],[-2.486,5.8686],[-2.4956,5.8665],[-2.4996,5.8735],[-2.5053,5.8697],[-2.5024,5.8634],[-2.5119,5.866],[-2.5164,5.8575],[-2.52,5.8355],[-2.5161,5.8337],[-2.5117,5.8354],[-2.5124,5.8304],[-2.5181,5.8281],[-2.5159,5.8242],[-2.5098,5.8234],[-2.5069,5.8262],[-2.5005,5.8265],[-2.4936,5.8221],[-2.4853,5.8262],[-2.4838,5.8194],[-2.4866,5.8114],[-2.4832,5.8059],[-2.4916,5.7996],[-2.4981,5.8092],[-2.5024,5.8088],[-2.5016,5.8005],[-2.4948,5.7962],[-2.5031,5.7935],[-2.4976,5.7904],[-2.4961,5.7867],[-2.4986,5.7833],[-2.5046,5.7835],[-2.5068,5.777],[-2.5137,5.778],[-2.5289,5.7854],[-2.5279,5.7897],[-2.5224,5.7917],[-2.5238,5.7952],[-2.5347,5.7952],[-2.5373,5.7972],[-2.5421,5.7934],[-2.5546,5.7935],[-2.5648,5.803],[-2.5677,5.8107],[-2.5724,5.8068],[-2.58,5.8085],[-2.5788,5.8016],[-2.5808,5.7954],[-2.5709,5.7922],[-2.5727,5.7891],[-2.5779,5.7873],[-2.578,5.7849],[-2.5709,5.7686],[-2.5771,5.761],[-2.5938,5.7543],[-2.5931,5.7511],[-2.5966,5.7518],[-2.5977,5.7462],[-2.6072,5.7373],[-2.6058,5.7339],[-2.5944,5.7334],[-2.5922,5.735],[-2.5923,5.7428],[-2.5799,5.7396],[-2.5659,5.7245],[-2.5695,5.718],[-2.568,5.7116],[-2.5546,5.7057],[-2.56,5.7024],[-2.5507,5.6884],[-2.553,5.6855],[-2.5595,5.6846],[-2.5672,5.6869],[-2.5714,5.6911],[-2.5746,5.6789],[-2.5654,5.6814],[-2.5641,5.6752],[-2.5731,5.6769],[-2.5755,5.672],[-2.5735,5.6662],[-2.5763,5.6635],[-2.5812,5.664],[-2.5769,5.6577],[-2.56,5.6613],[-2.5563,5.6581],[-2.5579,5.657],[-2.5561,5.6495],[-2.5531,5.6466],[-2.5571,5.6414],[-2.5684,5.6475],[-2.5752,5.6472],[-2.5734,5.6275],[-2.5807,5.6273],[-2.5824,5.6236],[-2.5781,5.6179],[-2.574,5.6165],[-2.5691,5.6082],[-2.5658,5.5971],[-2.5713,5.5907],[-2.5688,5.5873],[-2.5618,5.5876],[-2.5591,5.582],[-2.5664,5.5813],[-2.5679,5.5608],[-2.5699,5.5593],[-2.5736,5.5628],[-2.5771,5.5623],[-2.5688,5.5538],[-2.5726,5.5424],[-2.5791,5.5432],[-2.5808,5.5485],[-2.5915,5.5467],[-2.5926,5.5412],[-2.5991,5.5344],[-2.5955,5.5269],[-2.6024,5.5274],[-2.6045,5.5254],[-2.5988,5.5122],[-2.5913,5.5183],[-2.5825,5.5179],[-2.5794,5.5143],[-2.5786,5.5115],[-2.5844,5.4995],[-2.5806,5.4933],[-2.5799,5.4858],[-2.5974,5.4862],[-2.6013,5.4782],[-2.6,5.4709],[-2.5943,5.4679],[-2.5913,5.4694],[-2.591,5.4636],[-2.6077,5.465],[-2.607,5.462],[-2.6037,5.4618],[-2.6015,5.4535],[-2.6045,5.4498],[-2.6111,5.4477],[-2.6089,5.4352],[-2.6111,5.4295],[-2.6185,5.4247],[-2.6174,5.4139],[-2.6241,5.4073],[-2.6252,5.4028],[-2.6355,5.3977],[-2.6409,5.387],[-2.6481,5.3848],[-2.6473,5.3826],[-2.6513,5.3776],[-2.6714,5.3684],[-2.672,5.3639],[-2.6788,5.3543],[-2.6868,5.3482],[-2.6934,5.3484],[-2.6982,5.3425],[-2.704,5.3477],[-2.7138,5.3492],[-2.7264,5.3411],[-2.7345,5.3438],[-2.7383,5.3477],[-2.756,5.344],[-2.7642,5.3564],[-2.7687,5.357],[-2.7696,5.3524],[-2.7768,5.3468],[-2.7764,5.3426],[-2.7706,5.3363],[-2.7744,5.3364],[-2.7777,5.3306],[-2.7722,5.3299],[-2.7662,5.3171],[-2.7681,5.3075],[-2.7667,5.3052],[-2.7695,5.2947],[-2.7728,5.2931],[-2.7816,5.2948],[-2.7846,5.2926],[-2.7857,5.2854],[-2.7828,5.2787],[-2.7745,5.2744],[-2.7735,5.2693],[-2.7691,5.2682],[-2.7785,5.2668],[-2.7789,5.2639],[-2.7759,5.2659],[-2.7735,5.2594],[-2.769,5.2581],[-2.7654,5.2598],[-2.7644,5.2551],[-2.7568,5.2557],[-2.7532,5.2507],[-2.7551,5.2465],[-2.7562,5.2501],[-2.7604,5.2508],[-2.7544,5.2422],[-2.7586,5.242],[-2.7593,5.2457],[-2.7622,5.246],[-2.7656,5.2369],[-2.7554,5.2333],[-2.7564,5.2307],[-2.7586,5.233],[-2.7607,5.2312],[-2.7568,5.2182],[-2.7642,5.217],[-2.7602,5.2121],[-2.7567,5.2007],[-2.7477,5.2021],[-2.7493,5.1951],[-2.7408,5.1761],[-2.7455,5.1663],[-2.7403,5.1615],[-2.7356,5.1628],[-2.7418,5.1573],[-2.7389,5.1505],[-2.7337,5.149],[-2.7315,5.1524],[-2.7266,5.1448],[-2.7271,5.1405],[-2.7237,5.1415],[-2.7241,5.138],[-2.7278,5.1372],[-2.7274,5.1317],[-2.7324,5.1349],[-2.7318,5.1287],[-2.7381,5.1285],[-2.74,5.1214],[-2.7373,5.119],[-2.7425,5.1139],[-2.7461,5.117],[-2.7509,5.1155],[-2.754,5.1173],[-2.756,5.112],[-2.7544,5.1087],[-2.757,5.1016],[-2.7592,5.101],[-2.7599,5.104],[-2.7655,5.1056],[-2.7658,5.1099],[-2.7807,5.1127],[-2.7855,5.1097],[-2.7856,5.1176],[-2.7908,5.1067],[-2.8013,5.1077],[-2.8062,5.1119],[-2.8075,5.1067],[-2.8117,5.1066],[-2.8117,5.111],[-2.8145,5.1134],[-2.8167,5.1116],[-2.8143,5.1069],[-2.818,5.1059],[-2.828,5.1207],[-2.8333,5.122],[-2.8355,5.121],[-2.8366,5.1155],[-2.8408,5.1151],[-2.838,5.1099],[-2.8442,5.1079],[-2.8532,5.1117],[-2.8546,5.1161],[-2.8583,5.1162],[-2.8633,5.1233],[-2.8693,5.1231],[-2.8762,5.128],[-2.8846,5.1238],[-2.8906,5.1268],[-2.8919,5.1194],[-2.8962,5.1229],[-2.9016,5.1212],[-2.9066,5.1233],[-2.9099,5.1207],[-2.9213,5.1228],[-2.9283,5.1212],[-2.9306,5.1234],[-2.9336,5.1225],[-2.936,5.1264],[-2.9487,5.1269],[-2.957,5.1042],[-2.97,5.1033],[-3.0111,5.1228],[-3.0397,5.1258],[-3.0685,5.1345],[-3.1083,5.1248],[-3.1105,5.1185],[-3.1036,5.0905],[-2.4775,4.964],[-2.3824,4.9419],[-2.3285,4.924],[-2.2683,4.8983],[-2.2691,4.8911],[-2.2575,4.8883],[-2.2477,4.881],[-2.2484,4.8748],[-2.2461,4.8741],[-2.247,4.8722],[-2.2463,4.8704],[-2.2446,4.8717],[-2.2458,4.8649],[-2.2412,4.8608],[-2.2464,4.855],[-2.243,4.8554],[-2.2398,4.8511],[-2.2302,4.8497],[-2.2102,4.8394],[-2.2025,4.8314],[-2.2035,4.8274],[-2.2008,4.8272],[-2.2023,4.8221],[-2.1746,4.8132],[-2.1741,4.81],[-2.1693,4.8069],[-2.1722,4.8041],[-2.1682,4.7997],[-2.1695,4.7918],[-2.1665,4.7969],[-2.1499,4.7977],[-2.142,4.7957],[-2.1348,4.7899],[-2.1316,4.7919],[-2.1222,4.7902],[-2.109,4.7819],[-2.1048,4.7761],[-2.1134,4.7644],[-2.109,4.7638],[-2.1113,4.7614],[-2.1114,4.7552],[-2.1007,4.7535],[-2.0943,4.7498],[-2.0906,4.745],[-2.0918,4.7393],[-2.0857,4.7467],[-2.079,4.7489],[-2.071,4.7485],[-2.0679,4.7458],[-2.0682,4.7434],[-2.0641,4.7474],[-2.0588,4.7437],[-2.0568,4.7445],[-2.0544,4.7402],[-2.0541,4.7449],[-2.0478,4.749],[-2.0457,4.7533],[-2.0361,4.7562],[-2.0359,4.7518],[-2.0332,4.756],[-2.0269,4.7579],[-1.9917,4.7596],[-1.9806,4.7563],[-1.9796,4.7588],[-1.9739,4.7597],[-1.9719,4.7701],[-1.9633,4.7748],[-1.9551,4.7848],[-1.9475,4.7882],[-1.9488,4.7933],[-1.9445,4.7925],[-1.9443,4.7945],[-1.9399,4.7955],[-1.9375,4.8065],[-1.9296,4.8112],[-1.9156,4.815],[-1.914,4.8192],[-1.9164,4.8223],[-1.9131,4.8257],[-1.8902,4.8269],[-1.8846,4.8357],[-1.8705,4.8437],[-1.8591,4.8474],[-1.8382,4.8488],[-1.8347,4.8507],[-1.8362,4.8545],[-1.8304,4.8622],[-1.8122,4.8674],[-1.8122,4.8698],[-1.8054,4.8742],[-1.7942,4.872],[-1.7773,4.8761],[-1.7598,4.876],[-1.7467,4.8809],[-1.737,4.8811],[-1.7352,4.8817],[-1.7344,4.8826],[-1.7329,4.8873],[-1.7314,4.8974],[-1.7346,4.883],[-1.737,4.8814],[-1.7457,4.8819],[-1.7454,4.8875],[-1.7359,4.8858],[-1.7432,4.8904],[-1.7381,4.8919],[-1.7382,4.8939],[-1.7439,4.8924],[-1.7444,4.8945],[-1.737,4.8973],[-1.7454,4.8951],[-1.7478,4.8969],[-1.7464,4.9029],[-1.7432,4.9034],[-1.7422,4.9062],[-1.7433,4.9136],[-1.737,4.9225],[-1.7207,4.9301],[-1.7041,4.9339],[-1.7046,4.9404],[-1.6975,4.9394],[-1.7053,4.9409],[-1.7077,4.9381],[-1.7089,4.9398],[-1.7079,4.9425],[-1.7063,4.9418],[-1.707,4.9424],[-1.7086,4.9428],[-1.7075,4.9457],[-1.7027,4.9464],[-1.7056,4.9479],[-1.7054,4.9523],[-1.6986,4.9585],[-1.6876,4.9637],[-1.6571,4.9675],[-1.644,4.9715],[-1.6419,4.9782],[-1.6326,4.9844],[-1.6353,4.9831],[-1.636,4.9866],[-1.6322,4.9877],[-1.6316,4.9931],[-1.6342,4.9982],[-1.6279,5.0099],[-1.629,5.0142],[-1.6176,5.0255],[-1.5807,5.0334],[-1.5788,5.1571],[-1.5405,5.1622],[-1.5268,5.1708],[-1.5177,5.2041],[-1.4835,5.2086],[-1.4461,5.2102],[-1.4455,5.2187],[-1.4484,5.2299],[-1.4453,5.2369],[-1.4444,5.2674],[-1.4356,5.2675],[-1.4275,5.2893],[-1.4002,5.2983],[-1.408,5.312],[-1.4375,5.3383],[-1.4565,5.3472],[-1.4615,5.3816],[-1.4742,5.3773],[-1.4811,5.3927],[-1.4983,5.4007],[-1.5158,5.3932],[-1.5628,5.415],[-1.5778,5.411],[-1.5995,5.4118],[-1.608,5.4222],[-1.6207,5.4254],[-1.6231,5.4203],[-1.6291,5.4226],[-1.6277,5.4317],[-1.6232,5.4398],[-1.6021,5.4509],[-1.603,5.4559],[-1.6098,5.4603],[-1.613,5.4655],[-1.6127,5.4766],[-1.6177,5.4869],[-1.6154,5.4919],[-1.6203,5.498],[-1.6199,5.5065],[-1.6158,5.5124],[-1.6163,5.5206],[-1.6095,5.5305],[-1.5939,5.5293],[-1.5916,5.5635],[-1.6077,5.5642],[-1.6178,5.5886],[-1.628,5.6045],[-1.6401,5.6144],[-1.6559,5.6185],[-1.6761,5.6085],[-1.6851,5.642],[-1.7218,5.6295],[-1.7515,5.6263],[-1.8185,5.596],[-1.8318,5.5925],[-1.8184,5.6741]]}},{"type":"Feature","properties":{},"geometry":{"type":"LineString","coordinates":[[0.1726,7.3997],[0.1831,7.3917],[0.197,7.3729],[0.2051,7.3337],[0.2077,7.2978],[0.2051,7.2675],[0.1887,7.1961],[0.1823,7.1797],[0.2162,7.174],[0.2352,7.1671],[0.2425,7.1486],[0.2426,7.127],[0.2245,7.0994],[0.3158,7.096],[0.3285,7.0892],[0.3281,7.0974],[0.3327,7.1023],[0.3359,7.1128],[0.3398,7.1159],[0.3369,7.1255],[0.3386,7.1306],[0.3416,7.1274],[0.3502,7.1266],[0.3575,7.1317],[0.3637,7.1456],[0.3674,7.1475],[0.3712,7.1543],[0.3916,7.2266],[0.3966,7.1362],[0.406,7.1398],[0.4041,7.1642],[0.4166,7.1543],[0.4365,7.1702],[0.4465,7.171],[0.475,7.1807],[0.4753,7.1858],[0.4789,7.1875],[0.4812,7.1802],[0.4904,7.1726],[0.4869,7.1672],[0.5011,7.1741],[0.5194,7.1638],[0.5197,7.153],[0.5222,7.1563],[0.5333,7.1542],[0.531,7.1158],[0.5505,7.122],[0.5471,7.1267],[0.5481,7.1297],[0.5538,7.1302],[0.5559,7.1245],[0.5825,7.1223],[0.5864,7.1281],[0.5959,7.1278],[0.597,7.1338],[0.6031,7.1358],[0.6066,7.1494],[0.6048,7.1539],[0.6132,7.1552],[0.6176,7.1625],[0.6185,7.1706],[0.6142,7.174],[0.6167,7.182],[0.6218,7.1842],[0.6243,7.1829],[0.6338,7.2069],[0.6431,7.2536],[0.6446,7.2893],[0.6476,7.2941],[0.6497,7.2912],[0.652,7.2925],[0.65,7.305],[0.658,7.3153],[0.6534,7.3378],[0.6498,7.3449],[0.6487,7.357],[0.6411,7.3714],[0.6433,7.3768],[0.6492,7.3791],[0.6433,7.392],[0.6441,7.4012],[0.6337,7.4037],[0.6291,7.3997],[0.6253,7.4103],[0.6232,7.4092],[0.6181,7.4128],[0.6109,7.4099],[0.6067,7.4051],[0.6021,7.405],[0.5989,7.4003],[0.5687,7.3922],[0.5532,7.4054],[0.5503,7.4125],[0.5455,7.4153],[0.5436,7.4218],[0.5386,7.4222],[0.5357,7.4263],[0.5382,7.4313],[0.5349,7.4417],[0.5319,7.4437],[0.5344,7.4472],[0.5307,7.4486],[0.5342,7.4503],[0.5311,7.4549],[0.5323,7.4571],[0.5258,7.4583],[0.521,7.4547],[0.5224,7.4587],[0.5195,7.4601],[0.5198,7.4628],[0.5235,7.4637],[0.5215,7.4651],[0.5235,7.4688],[0.5196,7.4702],[0.5205,7.4729],[0.5301,7.4808],[0.5262,7.4829],[0.5293,7.4866],[0.5267,7.487],[0.5266,7.492],[0.5232,7.4937],[0.524,7.5029],[0.5203,7.5083],[0.5213,7.5109],[0.5187,7.5111],[0.5209,7.5169],[0.5252,7.5814],[0.5247,7.5889],[0.518,7.5922],[0.529,7.5965],[0.5439,7.6084],[0.5531,7.6067],[0.5608,7.6136],[0.586,7.6221],[0.5833,7.6706],[0.5904,7.7031],[0.5975,7.7084],[0.6092,7.7109],[0.6193,7.7033],[0.6271,7.7043],[0.6162,7.7386],[0.617,7.7454],[0.6114,7.7539],[0.6131,7.7573],[0.619,7.7569],[0.6191,7.7644],[0.6261,7.7647],[0.6311,7.7678],[0.6301,7.7844],[0.6268,7.7886],[0.6296,7.7932],[0.6172,7.7964],[0.622,7.7993],[0.617,7.8058],[0.6185,7.8301],[0.621,7.8359],[0.62,7.8415],[0.6242,7.8435],[0.6275,7.8675],[0.6217,7.8745],[0.6213,7.8833],[0.6239,7.8847],[0.6176,7.9262],[0.6149,7.927],[0.6111,7.9409],[0.6139,7.9445],[0.6107,7.9454],[0.612,7.9498],[0.6054,7.9567],[0.6066,7.9609],[0.6032,7.9625],[0.5966,7.987],[0.5974,7.9899],[0.6008,7.9887],[0.608,7.9914],[0.608,7.9967],[0.5985,8.0084],[0.5974,8.0142],[0.6024,8.022],[0.5997,8.0237],[0.5939,8.0404],[0.5974,8.0443],[0.5962,8.0487],[0.5991,8.0513],[0.5988,8.0567],[0.5974,8.0613],[0.5926,8.0613],[0.5901,8.0787],[0.5846,8.0935],[0.5861,8.1033],[0.5925,8.1033],[0.5916,8.1381],[0.5981,8.1401],[0.6062,8.1392],[0.6098,8.1451],[0.6084,8.1517],[0.6103,8.1637],[0.607,8.1726],[0.6122,8.1753],[0.6139,8.185],[0.5995,8.1861],[0.59,8.1948],[0.5886,8.2025],[0.5926,8.2083],[0.6016,8.2141],[0.609,8.214],[0.611,8.2169],[0.6126,8.2149],[0.6193,8.2158],[0.6196,8.2199],[0.6262,8.2248],[0.6253,8.2302],[0.6274,8.2314],[0.6238,8.2339],[0.6245,8.2373],[0.6383,8.2458],[0.6384,8.2603],[0.6744,8.2595],[0.6819,8.2653],[0.6837,8.2769],[0.688,8.2808],[0.7108,8.2891],[0.7219,8.286],[0.7311,8.2867],[0.7291,8.2909],[0.7312,8.2937],[0.7295,8.3101],[0.7315,8.3146],[0.7287,8.3163],[0.73,8.32],[0.728,8.3222],[0.7306,8.3243],[0.73,8.3333],[0.7274,8.335],[0.7301,8.3404],[0.729,8.343],[0.7179,8.3433],[0.7172,8.3455],[0.7205,8.3494],[0.7103,8.3521],[0.7125,8.3563],[0.7103,8.3567],[0.7095,8.3629],[0.7118,8.3666],[0.7088,8.3672],[0.7101,8.3717],[0.7079,8.3717],[0.7126,8.3768],[0.7082,8.3773],[0.7116,8.3793],[0.7077,8.3841],[0.7097,8.3851],[0.699,8.389],[0.7063,8.394],[0.6941,8.3945],[0.6957,8.3984],[0.6934,8.3997],[0.6965,8.4047],[0.6888,8.4057],[0.6861,8.4116],[0.6791,8.41],[0.6717,8.4178],[0.654,8.4201],[0.6517,8.4224],[0.6535,8.4261],[0.6517,8.4277],[0.6542,8.4288],[0.6516,8.4331],[0.6539,8.4359],[0.6523,8.4384],[0.6539,8.4454],[0.6517,8.4484],[0.656,8.4557],[0.6508,8.4612],[0.649,8.4726],[0.6448,8.4758],[0.6474,8.4897],[0.6457,8.4935],[0.6398,8.4979],[0.6293,8.4964],[0.6262,8.503],[0.6302,8.5079],[0.6247,8.5111],[0.6113,8.5132],[0.6019,8.5184],[0.5905,8.5164],[0.588,8.5227],[0.5832,8.5265],[0.5803,8.5237],[0.5739,8.5278],[0.5712,8.5242],[0.5693,8.5314],[0.5712,8.5333],[0.5647,8.5387],[0.5637,8.5456],[0.5514,8.549],[0.5504,8.551],[0.5537,8.5534],[0.5488,8.5524],[0.5385,8.5587],[0.5358,8.5578],[0.5318,8.5695],[0.528,8.5695],[0.5238,8.564],[0.5118,8.5636],[0.51,8.5719],[0.5065,8.5723],[0.5052,8.5697],[0.4997,8.5734],[0.5015,8.579],[0.4943,8.5856],[0.4938,8.592],[0.4958,8.5924],[0.4921,8.5971],[0.4873,8.5984],[0.4856,8.5968],[0.4839,8.5987],[0.4823,8.5962],[0.48,8.5979],[0.4801,8.5938],[0.4756,8.5961],[0.4719,8.5941],[0.4696,8.5956],[0.4715,8.5995],[0.3827,8.7395],[0.372,8.7357],[0.3475,8.7427],[0.346,8.7385],[0.3552,8.7306],[0.3552,8.7269],[0.3596,8.7253],[0.3588,8.7185],[0.3437,8.7187],[0.3421,8.729],[0.3326,8.7307],[0.3242,8.7283],[0.3207,8.733],[0.3143,8.7345],[0.3008,8.7261],[0.2975,8.7426],[0.2927,8.7412],[0.2921,8.7329],[0.2867,8.7332],[0.2824,8.724],[0.2704,8.7306],[0.2681,8.734],[0.2699,8.7398],[0.263,8.741],[0.2593,8.7466],[0.2513,8.7461],[0.2437,8.741],[0.2389,8.7511],[0.2318,8.7535],[0.2212,8.7496],[0.2155,8.7557],[0.2127,8.755],[0.2013,8.7489],[0.2002,8.744],[0.1854,8.7455],[0.1851,8.741],[0.1806,8.746],[0.1814,8.7618],[0.1782,8.7651],[0.1755,8.7637],[0.1701,8.7658],[0.1707,8.7711],[0.1756,8.7701],[0.1695,8.7753],[0.1658,8.7731],[0.1654,8.7687],[0.1683,8.75],[0.1816,8.7241],[0.1824,8.7148],[0.18,8.7076],[0.169,8.7012],[0.1397,8.6687],[0.1367,8.6525],[0.138,8.6431],[0.1421,8.6361],[0.1521,8.6257],[0.1713,8.6144],[0.1731,8.6107],[0.1721,8.5954],[0.1605,8.5901],[0.1464,8.5887],[0.1396,8.5971],[0.129,8.6043],[0.115,8.5972],[0.1066,8.5872],[0.0847,8.5288],[0.0864,8.5183],[0.0938,8.5012],[0.1209,8.4907],[0.1237,8.4869],[0.123,8.4744],[0.1209,8.4714],[0.0932,8.4687],[0.0793,8.4611],[0.0783,8.4583],[0.0945,8.445],[0.0969,8.4397],[0.085,8.4013],[0.0856,8.3933],[0.1047,8.3906],[0.1186,8.3804],[0.1293,8.3798],[0.1617,8.3984],[0.2315,8.4057],[0.2425,8.4018],[0.2456,8.3985],[0.2505,8.3872],[0.2498,8.3742],[0.2481,8.3638],[0.2396,8.3494],[0.2297,8.343],[0.1889,8.3376],[0.1833,8.33],[0.1841,8.3191],[0.194,8.307],[0.1984,8.2943],[0.1927,8.2593],[0.1866,8.2495],[0.1687,8.2407],[0.1318,8.2331],[0.1238,8.2288],[0.1206,8.2331],[0.113,8.2355],[0.1002,8.2576],[0.0938,8.2604],[0.0902,8.2674],[0.0819,8.2731],[0.0789,8.2818],[0.0601,8.2821],[0.0501,8.2917],[0.0428,8.2911],[0.0274,8.2974],[0.0106,8.2977],[-0.0026,8.3206],[-0.0163,8.3249],[-0.0224,8.3305],[-0.0242,8.3288],[-0.0306,8.3297],[-0.0367,8.3332],[-0.0409,8.3399],[-0.0387,8.3432],[-0.0403,8.3497],[-0.0585,8.3525],[-0.0674,8.3488],[-0.0677,8.3399],[-0.0843,8.3374],[-0.0874,8.3325],[-0.1,8.334],[-0.1025,8.3364],[-0.1103,8.336],[-0.1133,8.3244],[-0.1141,8.2973],[-0.1242,8.273],[-0.1457,8.2723],[-0.1507,8.2648],[-0.1599,8.2601],[-0.163,8.2555],[-0.1694,8.2535],[-0.1655,8.2382],[-0.1686,8.2314],[-0.1731,8.229],[-0.1778,8.2279],[-0.1811,8.232],[-0.1885,8.2318],[-0.1976,8.2245],[-0.1986,8.2193],[-0.219,8.218],[-0.2243,8.2129],[-0.2327,8.213],[-0.2379,8.2179],[-0.2501,8.2154],[-0.2595,8.2163],[-0.2696,8.2226],[-0.2748,8.2296],[-0.2807,8.2456],[-0.2919,8.2428],[-0.3193,8.2268],[-0.351,8.2285],[-0.3602,8.2309],[-0.3782,8.2285],[-0.3875,8.2241],[-0.3908,8.2109],[-0.3897,8.1987],[-0.3849,8.195],[-0.3686,8.2011],[-0.3486,8.2017],[-0.3519,8.1928],[-0.3586,8.1857],[-0.3563,8.1782],[-0.3516,8.1726],[-0.3542,8.1662],[-0.3653,8.1633],[-0.3847,8.1528],[-0.3193,8.1305],[-0.2949,8.1174],[-0.2488,8.0771],[-0.2406,8.0497],[-0.2147,8.031],[-0.1732,8.0247],[-0.1546,8.0322],[-0.1477,8.0305],[-0.1421,8.0251],[-0.1342,7.9973],[-0.1207,7.8936],[-0.1109,7.8596],[-0.0969,7.8311],[-0.0899,7.798],[-0.0779,7.7821],[-0.0622,7.7716],[-0.0545,7.7691],[-0.0371,7.7709],[-0.0201,7.7691],[0.0145,7.7626],[0.0261,7.7586],[0.0299,7.7537],[0.0334,7.672],[0.0397,7.6476],[0.0488,7.6337],[0.0666,7.6234],[0.0839,7.6179],[0.0905,7.6099],[0.0889,7.591],[0.0941,7.5214],[0.1093,7.4377],[0.1152,7.4234],[0.1233,7.4155],[0.1726,7.3997]]}},{"type":"Feature","properties":{},"geometry":{"type":"LineString","coordinates":[[-1.4431,10.1018],[-1.4376,10.1037],[-1.4119,10.0891],[-1.407,10.0912],[-1.4059,10.0941],[-1.3832,10.0901],[-1.3696,10.0946],[-1.3672,10.0919],[-1.3683,10.089],[-1.355,10.0797],[-1.3225,10.0659],[-1.3141,10.064],[-1.3102,10.066],[-1.3063,10.0544],[-1.3031,10.054],[-1.3021,10.0493],[-1.2877,10.0355],[-1.2795,10.038],[-1.2763,10.0316],[-1.2649,10.0315],[-1.2562,10.0355],[-1.2496,10.031],[-1.244,10.0305],[-1.2428,10.027],[-1.2376,10.0264],[-1.2361,10.0314],[-1.2414,10.0355],[-1.228,10.0632],[-1.2101,10.0884],[-1.1399,10.1193],[-1.1362,10.1147],[-1.1307,10.1127],[-1.1262,10.1154],[-1.1221,10.1302],[-1.1313,10.1412],[-1.1235,10.1508],[-1.1107,10.1871],[-1.0945,10.1846],[-1.0714,10.1729],[-1.0678,10.1655],[-1.0578,10.1573],[-1.0669,10.1544],[-1.0813,10.1557],[-1.0879,10.1502],[-1.0936,10.1348],[-1.093,10.1287],[-1.0879,10.1217],[-1.0637,10.1219],[-1.0614,10.1141],[-1.064,10.1106],[-1.07,10.1087],[-1.0712,10.106],[-1.0685,10.1045],[-1.0519,10.103],[-1.0434,10.0989],[-1.0311,10.0969],[-1.0199,10.1],[-1.0139,10.0933],[-1.011,10.086],[-1.0115,10.0776],[-1.024,10.0756],[-1.0273,10.0619],[-1.0146,10.0399],[-1.0133,10.0261],[-1.0018,10.0166],[-1.0034,10.01],[-0.9888,10.0022],[-0.9879,9.9974],[-0.9921,9.9904],[-0.9877,9.9844],[-0.9999,9.9751],[-1.0032,9.9663],[-1.0006,9.9602],[-0.9913,9.9531],[-0.9926,9.9432],[-0.9812,9.9441],[-0.9849,9.95],[-0.9842,9.9611],[-0.9808,9.9626],[-0.9749,9.9571],[-0.97,9.957],[-0.9727,9.9644],[-0.9629,9.9896],[-0.9535,9.9926],[-0.94,9.9898],[-0.9393,9.9931],[-0.9425,9.9985],[-0.9386,10.0022],[-0.9404,10.0082],[-0.938,10.0111],[-0.9323,10.0107],[-0.9255,10.0017],[-0.9214,10.0003],[-0.9191,10.013],[-0.9125,10.0089],[-0.9064,10.0121],[-0.912,10.012],[-0.9096,10.0236],[-0.9043,10.0243],[-0.9011,10.0205],[-0.895,10.0191],[-0.8967,10.0223],[-0.8953,10.033],[-0.8931,10.0358],[-0.8899,10.0339],[-0.8861,10.0356],[-0.8908,10.0439],[-0.8907,10.0481],[-0.8887,10.0519],[-0.8813,10.0487],[-0.8819,10.0598],[-0.8778,10.0597],[-0.8713,10.0545],[-0.8646,10.056],[-0.8635,10.061],[-0.8674,10.063],[-0.8696,10.0755],[-0.8583,10.0863],[-0.868,10.0957],[-0.858,10.1033],[-0.8576,10.1065],[-0.8596,10.1076],[-0.8561,10.112],[-0.8485,10.1156],[-0.8491,10.1193],[-0.8559,10.1247],[-0.8543,10.1283],[-0.8448,10.132],[-0.8372,10.1319],[-0.8385,10.1227],[-0.8214,10.1177],[-0.8194,10.1197],[-0.8218,10.125],[-0.8177,10.1256],[-0.8047,10.1548],[-0.7997,10.1559],[-0.7987,10.1488],[-0.795,10.1454],[-0.7866,10.1516],[-0.7844,10.1489],[-0.7869,10.1462],[-0.7833,10.1418],[-0.7803,10.1451],[-0.7806,10.1559],[-0.7781,10.1568],[-0.7746,10.1537],[-0.7673,10.1583],[-0.7642,10.165],[-0.7591,10.1603],[-0.7502,10.1592],[-0.745,10.167],[-0.7331,10.1599],[-0.7316,10.1625],[-0.737,10.1678],[-0.7316,10.1703],[-0.7208,10.1686],[-0.712,10.1629],[-0.7156,10.1718],[-0.7124,10.1749],[-0.7187,10.1782],[-0.7144,10.1829],[-0.7108,10.1843],[-0.7105,10.1779],[-0.7083,10.1774],[-0.6993,10.1805],[-0.6935,10.1887],[-0.6918,10.1885],[-0.6923,10.1839],[-0.6885,10.1823],[-0.6836,10.19],[-0.6818,10.1815],[-0.674,10.1826],[-0.6685,10.1798],[-0.6645,10.1821],[-0.6576,10.192],[-0.6524,10.1914],[-0.6544,10.1876],[-0.6529,10.1806],[-0.6437,10.1902],[-0.6414,10.1881],[-0.646,10.1827],[-0.6442,10.1774],[-0.6397,10.1772],[-0.6384,10.1834],[-0.634,10.1838],[-0.6324,10.1769],[-0.6242,10.1727],[-0.6253,10.1658],[-0.6033,10.1627],[-0.5991,10.1602],[-0.5958,10.1617],[-0.59,10.1734],[-0.5808,10.1767],[-0.5788,10.182],[-0.5582,10.1968],[-0.5476,10.2105],[-0.5411,10.2257],[-0.5416,10.2327],[-0.5469,10.2356],[-0.5467,10.248],[-0.5408,10.2566],[-0.5411,10.2615],[-0.5379,10.2619],[-0.5343,10.2671],[-0.5316,10.2615],[-0.5325,10.2539],[-0.5219,10.234],[-0.5194,10.246],[-0.514,10.2483],[-0.5152,10.2417],[-0.5123,10.243],[-0.5133,10.2401],[-0.5096,10.2367],[-0.5029,10.2407],[-0.499,10.2374],[-0.4989,10.2407],[-0.5068,10.2455],[-0.5107,10.2527],[-0.5099,10.2554],[-0.5008,10.2587],[-0.5027,10.2654],[-0.5051,10.2664],[-0.5049,10.2705],[-0.4979,10.2713],[-0.5004,10.2756],[-0.497,10.2818],[-0.5012,10.2846],[-0.501,10.2903],[-0.5053,10.2915],[-0.5029,10.2957],[-0.505,10.2994],[-0.5012,10.3014],[-0.5023,10.3056],[-0.5041,10.3046],[-0.5057,10.3129],[-0.4944,10.3256],[-0.491,10.3257],[-0.4897,10.323],[-0.4848,10.3273],[-0.4815,10.3263],[-0.4554,10.3017],[-0.4406,10.299],[-0.4275,10.3019],[-0.3859,10.2979],[-0.3781,10.2885],[-0.3717,10.2751],[-0.3595,10.2617],[-0.3538,10.268],[-0.3549,10.2735],[-0.3528,10.2751],[-0.3437,10.2764],[-0.3388,10.2804],[-0.3324,10.2811],[-0.3302,10.2848],[-0.3233,10.2842],[-0.3157,10.2908],[-0.3099,10.291],[-0.2956,10.2914],[-0.2843,10.2826],[-0.2717,10.2795],[-0.2694,10.2762],[-0.2611,10.2782],[-0.2557,10.2854],[-0.2383,10.2879],[-0.203,10.2658],[-0.1953,10.2767],[-0.1831,10.278],[-0.1815,10.28],[-0.1789,10.2777],[-0.1693,10.2822],[-0.1661,10.2811],[-0.1572,10.288],[-0.1549,10.2933],[-0.1493,10.2952],[-0.1183,10.288],[-0.0935,10.2695],[-0.0865,10.2897],[-0.0882,10.295],[-0.0726,10.2952],[-0.0436,10.283],[-0.0248,10.2712],[-0.0301,10.2892],[-0.0282,10.2914],[-0.0296,10.3008],[-0.0256,10.3144],[-0.0278,10.3162],[-0.025,10.3213],[-0.0213,10.3226],[-0.019,10.3286],[0.0032,10.3317],[0.0071,10.3301],[0.0182,10.3338],[0.0214,10.3318],[0.0249,10.3325],[0.0292,10.3387],[0.0325,10.3359],[0.0437,10.339],[0.0457,10.3405],[0.0447,10.3457],[0.0476,10.3461],[0.0473,10.3506],[0.0534,10.3572],[0.0603,10.359],[0.069,10.3558],[0.0728,10.3572],[0.0737,10.3551],[0.0772,10.3573],[0.0793,10.3555],[0.0775,10.3513],[0.081,10.3494],[0.0791,10.3487],[0.0806,10.3453],[0.0767,10.3346],[0.0747,10.3087],[0.064,10.3058],[0.0597,10.3088],[0.0567,10.308],[0.0577,10.2953],[0.0679,10.2931],[0.0737,10.2951],[0.0774,10.2884],[0.0821,10.256],[0.09,10.2498],[0.091,10.2432],[0.0864,10.2422],[0.0764,10.2283],[0.0803,10.2183],[0.0853,10.2142],[0.082,10.2127],[0.0771,10.2053],[0.0661,10.2009],[0.0653,10.1886],[0.0609,10.1801],[0.0643,10.1721],[0.0685,10.1744],[0.0732,10.1716],[0.0794,10.1584],[0.0875,10.151],[0.0913,10.1521],[0.0983,10.1376],[0.1113,10.131],[0.1059,10.1187],[0.1087,10.1162],[0.1072,10.1157],[0.1087,10.1095],[0.1124,10.1083],[0.1106,10.108],[0.1124,10.1066],[0.1106,10.1036],[0.1135,10.0994],[0.1124,10.095],[0.1149,10.0943],[0.1183,10.0826],[0.1172,10.0786],[0.1133,10.0766],[0.1133,10.0705],[0.1158,10.0626],[0.1182,10.0617],[0.1172,10.0536],[0.1188,10.0541],[0.121,10.0492],[0.1189,10.0455],[0.1226,10.0455],[0.1217,10.0425],[0.1244,10.0389],[0.1225,10.0324],[0.1246,10.0285],[0.1204,10.0249],[0.1196,10.017],[0.1095,10.0051],[0.0867,10.0017],[0.0827,9.9982],[0.069,10.0019],[0.0637,9.9997],[0.063,9.994],[0.0687,9.9797],[0.0718,9.9771],[0.0716,9.9665],[0.0786,9.9685],[0.0854,9.9651],[0.0993,9.9733],[0.1069,9.967],[0.1125,9.972],[0.1194,9.9692],[0.1271,9.9715],[0.1294,9.9685],[0.1304,9.9567],[0.1382,9.966],[0.1398,9.9715],[0.1485,9.977],[0.1517,9.9835],[0.1558,9.9861],[0.176,9.9787],[0.1838,9.9796],[0.1908,9.9743],[0.1874,9.968],[0.1898,9.9665],[0.2066,9.9605],[0.2267,9.9607],[0.2336,9.9563],[0.2389,9.9596],[0.2509,9.9592],[0.2592,9.9638],[0.2631,9.959],[0.2699,9.9711],[0.2766,9.9741],[0.2902,9.9738],[0.3039,9.9771],[0.307,9.9751],[0.3057,9.9719],[0.3097,9.9651],[0.3068,9.9647],[0.3113,9.9599],[0.3248,9.9631],[0.3254,9.944],[0.3473,9.9385],[0.3491,9.9403],[0.3476,9.9454],[0.35,9.9487],[0.3629,9.9406],[0.3665,9.9315],[0.3771,9.9335],[0.3873,9.9374],[0.3873,9.9494],[0.3694,9.9641],[0.3587,9.9889],[0.3576,9.9971],[0.3616,10.0011],[0.3647,10.0156],[0.361,10.0306],[0.3653,10.0342],[0.3738,10.0264],[0.3935,10.0254],[0.4014,10.0196],[0.4094,10.0207],[0.4147,10.0324],[0.4127,10.0407],[0.4177,10.0576],[0.4129,10.0667],[0.3959,10.081],[0.3802,10.0849],[0.3647,10.0856],[0.3563,10.091],[0.3531,10.0987],[0.3524,10.1112],[0.3597,10.1244],[0.3585,10.1287],[0.3636,10.138],[0.3623,10.1472],[0.3529,10.1608],[0.3507,10.1683],[0.3534,10.1725],[0.3548,10.1829],[0.3516,10.1867],[0.3512,10.1924],[0.3569,10.1976],[0.3554,10.2117],[0.3605,10.219],[0.3616,10.2581],[0.3645,10.2646],[0.3723,10.2657],[0.3818,10.2732],[0.382,10.2769],[0.373,10.28],[0.3695,10.2848],[0.3721,10.2856],[0.3733,10.2827],[0.3749,10.2859],[0.3732,10.2884],[0.3781,10.2863],[0.3769,10.2908],[0.3788,10.2946],[0.3847,10.2968],[0.3827,10.2991],[0.3884,10.304],[0.3911,10.3023],[0.3973,10.3045],[0.3958,10.3143],[0.3879,10.3156],[0.3658,10.3107],[0.3533,10.3142],[0.3478,10.3076],[0.3363,10.3083],[0.3321,10.3115],[0.3305,10.3082],[0.3289,10.3117],[0.3241,10.3068],[0.3218,10.3099],[0.3196,10.3082],[0.3162,10.3106],[0.322,10.3127],[0.323,10.3195],[0.3384,10.3252],[0.3326,10.3374],[0.3297,10.3368],[0.3254,10.3405],[0.3206,10.3341],[0.3156,10.338],[0.3167,10.3485],[0.3143,10.3523],[0.3145,10.3596],[0.3075,10.3715],[0.3024,10.3695],[0.3008,10.3732],[0.2903,10.3764],[0.2933,10.3804],[0.2904,10.3818],[0.2955,10.3842],[0.3008,10.3918],[0.3004,10.4025],[0.2982,10.4099],[0.295,10.409],[0.2944,10.4111],[0.2901,10.409],[0.2878,10.4188],[0.2845,10.4225],[0.2766,10.4193],[0.2727,10.421],[0.2703,10.4156],[0.2664,10.4161],[0.2669,10.4126],[0.2695,10.412],[0.2685,10.4102],[0.264,10.4089],[0.2637,10.411],[0.2593,10.4076],[0.2584,10.4099],[0.251,10.4092],[0.2494,10.4137],[0.2438,10.416],[0.2417,10.4146],[0.2377,10.4162],[0.2366,10.4125],[0.2264,10.4224],[0.2175,10.4227],[0.2212,10.4249],[0.2177,10.4269],[0.2161,10.4236],[0.2103,10.4216],[0.212,10.4169],[0.2051,10.4183],[0.2094,10.4055],[0.2066,10.4044],[0.2048,10.4076],[0.1966,10.4058],[0.1941,10.4029],[0.1904,10.4043],[0.1909,10.4094],[0.189,10.4098],[0.1909,10.4167],[0.1882,10.4188],[0.1853,10.4171],[0.182,10.4237],[0.1791,10.4255],[0.1748,10.4245],[0.1732,10.429],[0.1691,10.4303],[0.1711,10.4337],[0.1667,10.4415],[0.1706,10.4468],[0.1729,10.4463],[0.1726,10.4507],[0.164,10.4539],[0.1636,10.4569],[0.1616,10.4563],[0.1617,10.4606],[0.1543,10.4651],[0.1581,10.4697],[0.1589,10.4752],[0.1541,10.4777],[0.1548,10.4846],[0.1506,10.4872],[0.1512,10.4972],[0.147,10.5012],[0.1455,10.5103],[0.1473,10.5136],[0.1441,10.5151],[0.1434,10.5255],[0.1276,10.5297],[0.1172,10.5414],[0.061,10.5608],[0.0561,10.5835],[0.0429,10.5944],[0.0413,10.6014],[-0.0066,10.6161],[-0.0118,10.6157],[-0.0157,10.6236],[-0.0592,10.6323],[-0.0679,10.6533],[-0.0703,10.6696],[-0.0783,10.6903],[-0.0902,10.7083],[-0.0891,10.7135],[-0.0915,10.7099],[-0.109,10.7013],[-0.1104,10.6959],[-0.1215,10.6889],[-0.1224,10.6856],[-0.1317,10.6853],[-0.1415,10.6817],[-0.1541,10.6715],[-0.1604,10.6715],[-0.1614,10.6755],[-0.1637,10.6706],[-0.1702,10.6698],[-0.1748,10.672],[-0.1786,10.6674],[-0.1829,10.6703],[-0.1957,10.6618],[-0.1971,10.6637],[-0.2036,10.6577],[-0.2127,10.6579],[-0.2141,10.6548],[-0.2192,10.6577],[-0.2299,10.6558],[-0.2361,10.6481],[-0.2578,10.6384],[-0.2605,10.6315],[-0.2695,10.6343],[-0.2711,10.6382],[-0.2725,10.6368],[-0.2818,10.6395],[-0.2836,10.6345],[-0.2905,10.6367],[-0.2924,10.6345],[-0.2951,10.6354],[-0.2969,10.632],[-0.3,10.6334],[-0.3105,10.6229],[-0.321,10.6215],[-0.3238,10.622],[-0.3238,10.6255],[-0.3302,10.623],[-0.3309,10.6254],[-0.338,10.6195],[-0.3468,10.6182],[-0.3556,10.6247],[-0.3668,10.6241],[-0.3942,10.6082],[-0.4157,10.6026],[-0.4352,10.6025],[-0.4436,10.5991],[-0.452,10.601],[-0.4604,10.6066],[-0.4679,10.6175],[-0.4938,10.624],[-0.4988,10.6232],[-0.507,10.6068],[-0.5046,10.6007],[-0.5079,10.5897],[-0.5077,10.5673],[-0.5155,10.5602],[-0.5282,10.5585],[-0.5486,10.5707],[-0.5561,10.5718],[-0.5666,10.566],[-0.5766,10.5508],[-0.5816,10.5481],[-0.5953,10.5463],[-0.6082,10.5536],[-0.6125,10.5529],[-0.6185,10.5556],[-0.6294,10.5525],[-0.6395,10.5556],[-0.6518,10.5505],[-0.6625,10.5376],[-0.6649,10.5291],[-0.6733,10.5245],[-0.681,10.5261],[-0.6867,10.5304],[-0.687,10.5401],[-0.6894,10.5421],[-0.6933,10.5414],[-0.7013,10.534],[-0.704,10.5233],[-0.7107,10.5238],[-0.7161,10.5299],[-0.7153,10.5378],[-0.706,10.5432],[-0.6861,10.5671],[-0.6951,10.5897],[-0.7049,10.5971],[-0.7135,10.5992],[-0.7184,10.6054],[-0.7179,10.6158],[-0.7088,10.6169],[-0.7064,10.6207],[-0.7122,10.6412],[-0.7269,10.6517],[-0.7478,10.6455],[-0.7548,10.6398],[-0.7649,10.6425],[-0.7776,10.652],[-0.7914,10.6517],[-0.795,10.6497],[-0.7967,10.6452],[-0.7961,10.6208],[-0.8179,10.6031],[-0.8275,10.5993],[-0.8377,10.6012],[-0.8433,10.574],[-0.8487,10.5803],[-0.8548,10.5802],[-0.8596,10.5901],[-0.8655,10.5925],[-0.9089,10.5794],[-0.9077,10.5625],[-0.8905,10.5183],[-0.9096,10.5004],[-0.9224,10.482],[-0.9315,10.48],[-0.9351,10.4862],[-0.9209,10.5003],[-0.9091,10.5186],[-0.9095,10.5237],[-0.9135,10.5274],[-0.9296,10.524],[-0.9478,10.5324],[-0.959,10.5282],[-0.966,10.5364],[-0.9806,10.5318],[-1.01,10.5374],[-1.0326,10.5271],[-1.0356,10.522],[-1.0413,10.5201],[-1.0432,10.5134],[-1.0499,10.5096],[-1.0556,10.4975],[-1.065,10.497],[-1.0718,10.4885],[-1.1055,10.4779],[-1.1327,10.4579],[-1.1664,10.4121],[-1.2261,10.3912],[-1.2316,10.3861],[-1.234,10.3777],[-1.2314,10.3672],[-1.2131,10.3455],[-1.2089,10.3284],[-1.2162,10.304],[-1.224,10.3026],[-1.2219,10.2949],[-1.2322,10.292],[-1.2276,10.2867],[-1.2321,10.2836],[-1.2342,10.2861],[-1.2397,10.286],[-1.2398,10.2787],[-1.2415,10.2768],[-1.2417,10.2807],[-1.2472,10.2809],[-1.2473,10.2781],[-1.243,10.2764],[-1.2469,10.2746],[-1.2488,10.2748],[-1.2489,10.2783],[-1.2539,10.2772],[-1.2526,10.2804],[-1.2557,10.2818],[-1.2551,10.2884],[-1.2582,10.2927],[-1.2543,10.2947],[-1.2558,10.303],[-1.2594,10.3022],[-1.2645,10.3107],[-1.2673,10.3096],[-1.2715,10.313],[-1.2675,10.3238],[-1.2688,10.3255],[-1.2734,10.3268],[-1.2711,10.3236],[-1.2724,10.321],[-1.2855,10.3215],[-1.2898,10.3261],[-1.297,10.3238],[-1.3027,10.3268],[-1.3108,10.327],[-1.3148,10.3306],[-1.3267,10.3316],[-1.3231,10.3343],[-1.3266,10.3413],[-1.3299,10.341],[-1.3365,10.3479],[-1.3407,10.3429],[-1.344,10.3468],[-1.3489,10.3475],[-1.3433,10.3513],[-1.3458,10.3553],[-1.3437,10.361],[-1.3489,10.372],[-1.3535,10.3767],[-1.366,10.3772],[-1.3751,10.3821],[-1.3759,10.3859],[-1.3813,10.3895],[-1.3853,10.4052],[-1.3754,10.4052],[-1.3724,10.4099],[-1.3679,10.4115],[-1.3639,10.4229],[-1.3699,10.4223],[-1.3735,10.4265],[-1.366,10.4281],[-1.3631,10.4377],[-1.3804,10.456],[-1.3736,10.4587],[-1.3747,10.4646],[-1.392,10.4741],[-1.3984,10.4829],[-1.4037,10.4853],[-1.4131,10.4761],[-1.4173,10.4676],[-1.4273,10.4636],[-1.4382,10.4696],[-1.4388,10.4641],[-1.4461,10.4606],[-1.4491,10.4546],[-1.47,10.442],[-1.4718,10.4358],[-1.523,10.3971],[-1.5638,10.3614],[-1.6092,10.2848],[-1.6563,10.1945],[-1.6622,10.1875],[-1.66,10.1763],[-1.6631,10.1729],[-1.6594,10.1699],[-1.6596,10.1657],[-1.645,10.1565],[-1.6356,10.1549],[-1.6322,10.1458],[-1.6285,10.1444],[-1.6283,10.1402],[-1.6253,10.1394],[-1.6215,10.1333],[-1.6118,10.1355],[-1.6088,10.1332],[-1.6037,10.1346],[-1.6005,10.1329],[-1.5968,10.127],[-1.5988,10.1228],[-1.5922,10.1155],[-1.5952,10.107],[-1.5863,10.1008],[-1.5897,10.0919],[-1.5874,10.0888],[-1.5899,10.0884],[-1.5854,10.0794],[-1.5812,10.0824],[-1.579,10.0891],[-1.5656,10.0924],[-1.5605,10.0911],[-1.5573,10.0978],[-1.5512,10.093],[-1.5485,10.0719],[-1.5386,10.0717],[-1.5323,10.0744],[-1.5233,10.0842],[-1.5161,10.0869],[-1.5053,10.0835],[-1.4969,10.0905],[-1.4677,10.1037],[-1.4431,10.1018]]}},{"type":"Feature","properties":{},"geometry":{"type":"LineString","coordinates":[[-0.3847,8.1528],[-0.3653,8.1633],[-0.3542,8.1662],[-0.3516,8.1726],[-0.3563,8.1782],[-0.3586,8.1857],[-0.3519,8.1928],[-0.3486,8.2017],[-0.3686,8.2011],[-0.3849,8.195],[-0.3897,8.1987],[-0.3908,8.2109],[-0.3875,8.2241],[-0.3695,8.2309],[-0.3193,8.2268],[-0.2919,8.2428],[-0.2807,8.2456],[-0.2748,8.2296],[-0.2696,8.2226],[-0.2595,8.2163],[-0.2501,8.2154],[-0.2379,8.2179],[-0.2327,8.213],[-0.2243,8.2129],[-0.219,8.218],[-0.1986,8.2193],[-0.1976,8.2245],[-0.1885,8.2318],[-0.1821,8.2323],[-0.1772,8.2279],[-0.1686,8.2314],[-0.1655,8.2384],[-0.1696,8.2533],[-0.163,8.2555],[-0.1599,8.2601],[-0.1504,8.2651],[-0.1457,8.2723],[-0.1427,8.2721],[-0.1422,8.2796],[-0.145,8.2862],[-0.1588,8.2958],[-0.1643,8.3119],[-0.1843,8.337],[-0.187,8.3571],[-0.1897,8.3567],[-0.196,8.3476],[-0.2099,8.3505],[-0.2153,8.3399],[-0.2187,8.3382],[-0.2325,8.3396],[-0.2373,8.3429],[-0.2424,8.341],[-0.2476,8.3338],[-0.2623,8.3366],[-0.2667,8.3267],[-0.2767,8.3194],[-0.2841,8.3217],[-0.3013,8.3187],[-0.3082,8.3206],[-0.3265,8.338],[-0.3257,8.3425],[-0.319,8.3441],[-0.3062,8.3585],[-0.2986,8.3532],[-0.2747,8.3534],[-0.2585,8.3495],[-0.2529,8.3523],[-0.2491,8.3809],[-0.2382,8.3994],[-0.2337,8.4168],[-0.226,8.4279],[-0.2214,8.4395],[-0.2189,8.4555],[-0.2282,8.4588],[-0.2335,8.4575],[-0.241,8.4665],[-0.2429,8.4727],[-0.2305,8.4754],[-0.2239,8.4728],[-0.2194,8.475],[-0.2169,8.4731],[-0.2175,8.4701],[-0.213,8.4682],[-0.2107,8.4864],[-0.2075,8.4868],[-0.1999,8.4817],[-0.1951,8.4833],[-0.2082,8.4947],[-0.2045,8.4972],[-0.1996,8.5221],[-0.2063,8.5257],[-0.2062,8.5387],[-0.1973,8.5473],[-0.1967,8.5524],[-0.2002,8.554],[-0.2146,8.5526],[-0.2211,8.5616],[-0.2224,8.57],[-0.229,8.5671],[-0.2349,8.5716],[-0.2386,8.5588],[-0.2454,8.556],[-0.2491,8.5578],[-0.2574,8.5556],[-0.2605,8.5525],[-0.2603,8.5465],[-0.2656,8.5469],[-0.2696,8.5423],[-0.2691,8.551],[-0.2779,8.5577],[-0.283,8.5526],[-0.2831,8.5495],[-0.2869,8.5496],[-0.2894,8.5441],[-0.2972,8.5416],[-0.2985,8.5439],[-0.2934,8.5474],[-0.2987,8.547],[-0.3047,8.5351],[-0.3058,8.5389],[-0.3107,8.5391],[-0.3121,8.5276],[-0.3139,8.5285],[-0.3135,8.5327],[-0.3171,8.5333],[-0.3178,8.5359],[-0.3233,8.5318],[-0.3337,8.5338],[-0.3355,8.5312],[-0.3366,8.5393],[-0.3455,8.5498],[-0.3497,8.56],[-0.344,8.5686],[-0.3554,8.5711],[-0.3636,8.5816],[-0.3578,8.5909],[-0.3594,8.5953],[-0.3575,8.5991],[-0.3628,8.5988],[-0.3651,8.5927],[-0.3723,8.5872],[-0.3743,8.5994],[-0.3795,8.5965],[-0.3771,8.5955],[-0.3782,8.5936],[-0.3853,8.5925],[-0.39,8.5954],[-0.3957,8.5933],[-0.4006,8.6053],[-0.4043,8.6039],[-0.4073,8.5982],[-0.4107,8.5988],[-0.4094,8.6077],[-0.4125,8.6099],[-0.4152,8.6077],[-0.4171,8.6132],[-0.4136,8.6159],[-0.4153,8.6194],[-0.4125,8.6261],[-0.4201,8.6427],[-0.4177,8.6485],[-0.424,8.6502],[-0.4352,8.641],[-0.4363,8.6484],[-0.4325,8.6584],[-0.4395,8.6592],[-0.4406,8.6641],[-0.4471,8.6625],[-0.4529,8.675],[-0.459,8.6786],[-0.464,8.6725],[-0.4691,8.6716],[-0.4753,8.6825],[-0.484,8.6816],[-0.4868,8.6891],[-0.4846,8.7021],[-0.4933,8.7047],[-0.4886,8.7073],[-0.4911,8.7118],[-0.4862,8.726],[-0.4728,8.7341],[-0.4651,8.7254],[-0.4567,8.7207],[-0.4476,8.7294],[-0.4312,8.7164],[-0.432,8.728],[-0.4177,8.7332],[-0.4107,8.7334],[-0.4085,8.7308],[-0.4091,8.7282],[-0.4121,8.7283],[-0.4105,8.7224],[-0.4148,8.719],[-0.4125,8.7078],[-0.4081,8.7155],[-0.4065,8.7073],[-0.3971,8.7128],[-0.3869,8.7111],[-0.3861,8.7081],[-0.3842,8.7111],[-0.381,8.711],[-0.3839,8.7237],[-0.3689,8.722],[-0.3662,8.7347],[-0.37,8.7397],[-0.3741,8.7341],[-0.3754,8.7424],[-0.3737,8.7409],[-0.3664,8.7431],[-0.3461,8.7582],[-0.3375,8.7542],[-0.3352,8.7477],[-0.3298,8.7429],[-0.3143,8.7509],[-0.3141,8.7666],[-0.311,8.7673],[-0.3093,8.7651],[-0.3077,8.7698],[-0.3097,8.7726],[-0.3076,8.7767],[-0.3096,8.7854],[-0.3053,8.7846],[-0.3058,8.7951],[-0.3032,8.7949],[-0.303,8.7987],[-0.3002,8.7976],[-0.3005,8.8033],[-0.2973,8.806],[-0.2992,8.8095],[-0.2953,8.8106],[-0.2993,8.8191],[-0.3038,8.8181],[-0.3091,8.8205],[-0.3167,8.8165],[-0.3209,8.8196],[-0.3227,8.8341],[-0.326,8.8368],[-0.3348,8.8372],[-0.3382,8.845],[-0.343,8.8459],[-0.3424,8.8507],[-0.3448,8.8549],[-0.3394,8.8571],[-0.3393,8.8615],[-0.342,8.8631],[-0.343,8.8608],[-0.344,8.8627],[-0.3389,8.8671],[-0.3334,8.8663],[-0.3307,8.8587],[-0.3268,8.863],[-0.3114,8.858],[-0.2992,8.8592],[-0.3001,8.8648],[-0.2959,8.8645],[-0.2948,8.8671],[-0.3025,8.8782],[-0.302,8.8854],[-0.2959,8.8884],[-0.2913,8.8852],[-0.2875,8.8881],[-0.288,8.8918],[-0.2789,8.8964],[-0.2788,8.8993],[-0.2817,8.8984],[-0.2806,8.901],[-0.2745,8.8994],[-0.2727,8.9031],[-0.2656,8.9006],[-0.2638,8.9025],[-0.2622,8.8998],[-0.2551,8.9008],[-0.2529,8.9049],[-0.2438,8.9084],[-0.2485,8.9168],[-0.2433,8.92],[-0.2405,8.9178],[-0.2362,8.9195],[-0.2401,8.9215],[-0.242,8.9301],[-0.2356,8.9404],[-0.2333,8.9402],[-0.2334,8.9363],[-0.2269,8.9384],[-0.2236,8.9347],[-0.2115,8.9466],[-0.2002,8.9471],[-0.1977,8.9533],[-0.1993,8.9577],[-0.1954,8.9642],[-0.1969,8.9829],[-0.203,8.9985],[-0.2056,8.9977],[-0.204,9.0048],[-0.2124,9.0121],[-0.2097,9.0125],[-0.2112,9.0174],[-0.2088,9.0267],[-0.2173,9.0296],[-0.2184,9.0328],[-0.2113,9.0466],[-0.2127,9.0552],[-0.2081,9.056],[-0.2039,9.0627],[-0.2085,9.0715],[-0.2111,9.0725],[-0.213,9.0792],[-0.208,9.0829],[-0.2101,9.0866],[-0.2094,9.0941],[-0.2061,9.0959],[-0.208,9.1019],[-0.2027,9.1092],[-0.2102,9.111],[-0.2185,9.1083],[-0.2231,9.1145],[-0.2235,9.1212],[-0.2306,9.1238],[-0.2341,9.1207],[-0.2371,9.1232],[-0.244,9.1214],[-0.2508,9.1293],[-0.257,9.1249],[-0.2615,9.1303],[-0.265,9.1296],[-0.2665,9.1323],[-0.2696,9.129],[-0.2748,9.1352],[-0.2821,9.1375],[-0.2839,9.1421],[-0.2819,9.1456],[-0.2873,9.148],[-0.2848,9.1499],[-0.2868,9.1551],[-0.2902,9.1548],[-0.2895,9.16],[-0.294,9.1671],[-0.2942,9.1764],[-0.2966,9.1754],[-0.3026,9.1804],[-0.3081,9.1808],[-0.3085,9.1882],[-0.3106,9.1883],[-0.3086,9.1903],[-0.3109,9.1917],[-0.3095,9.1935],[-0.3173,9.1973],[-0.324,9.2093],[-0.3404,9.2112],[-0.3429,9.2143],[-0.3527,9.2175],[-0.3587,9.2235],[-0.3781,9.2281],[-0.3908,9.2354],[-0.4196,9.2225],[-0.4263,9.2228],[-0.4359,9.231],[-0.4524,9.2357],[-0.4631,9.243],[-0.4693,9.2425],[-0.4747,9.2476],[-0.4833,9.2505],[-0.4896,9.2495],[-0.5096,9.2607],[-0.5119,9.2652],[-0.511,9.2741],[-0.5195,9.2822],[-0.5255,9.2815],[-0.5351,9.2747],[-0.5412,9.2771],[-0.5437,9.2751],[-0.5531,9.2845],[-0.5604,9.2849],[-0.5663,9.2883],[-0.5801,9.3165],[-0.5944,9.3288],[-0.5987,9.3239],[-0.6043,9.3234],[-0.6066,9.3171],[-0.6102,9.3158],[-0.6102,9.3114],[-0.6173,9.3126],[-0.6271,9.3071],[-0.6363,9.3102],[-0.6346,9.3114],[-0.6363,9.3141],[-0.6326,9.3155],[-0.635,9.3185],[-0.6542,9.3153],[-0.6575,9.3183],[-0.666,9.3184],[-0.6675,9.3214],[-0.6711,9.3207],[-0.6842,9.3255],[-0.6869,9.3235],[-0.687,9.3138],[-0.6891,9.3102],[-0.7146,9.3263],[-0.7179,9.3137],[-0.7117,9.306],[-0.7113,9.3008],[-0.7144,9.2959],[-0.7106,9.2902],[-0.6974,9.2851],[-0.6985,9.2826],[-0.6941,9.2783],[-0.6972,9.2785],[-0.6997,9.2836],[-0.7085,9.2872],[-0.7241,9.2879],[-0.7274,9.2915],[-0.7318,9.2899],[-0.7645,9.296],[-0.7749,9.3029],[-0.7956,9.309],[-0.806,9.319],[-0.8146,9.3129],[-0.8229,9.3116],[-0.8329,9.2974],[-0.8425,9.2997],[-0.8485,9.2967],[-0.8492,9.3043],[-0.8598,9.3065],[-0.8699,9.3064],[-0.8798,9.3],[-0.8828,9.3093],[-0.8852,9.3104],[-0.9045,9.3056],[-0.9264,9.2964],[-0.9306,9.2988],[-0.9355,9.2962],[-0.9491,9.298],[-0.9605,9.3053],[-0.9626,9.3347],[-0.9765,9.3366],[-0.9887,9.3289],[-0.996,9.3289],[-1.009,9.3172],[-1.0196,9.3134],[-1.0204,9.3165],[-1.0136,9.3298],[-1.0212,9.3325],[-1.031,9.3416],[-1.0407,9.3448],[-1.054,9.3354],[-1.0535,9.3311],[-1.0574,9.3278],[-1.0622,9.328],[-1.0656,9.3253],[-1.0662,9.3279],[-1.0769,9.3264],[-1.0764,9.3234],[-1.0815,9.3224],[-1.0827,9.3197],[-1.0898,9.3191],[-1.0953,9.3155],[-1.0958,9.3117],[-1.0981,9.3123],[-1.0991,9.3093],[-1.1063,9.308],[-1.1058,9.311],[-1.1082,9.3107],[-1.107,9.3122],[-1.1091,9.3119],[-1.1092,9.3144],[-1.1168,9.3173],[-1.1181,9.3159],[-1.1203,9.3184],[-1.1282,9.3171],[-1.1301,9.32],[-1.1319,9.3177],[-1.1417,9.3191],[-1.1428,9.3174],[-1.1456,9.3203],[-1.1664,9.3178],[-1.1646,9.3208],[-1.1683,9.3199],[-1.1689,9.3216],[-1.1729,9.3204],[-1.1841,9.3098],[-1.1878,9.3119],[-1.1931,9.3073],[-1.1963,9.3083],[-1.1966,9.3038],[-1.2063,9.3052],[-1.2265,9.2909],[-1.2417,9.286],[-1.2421,9.2903],[-1.2569,9.3078],[-1.2575,9.3104],[-1.2548,9.3103],[-1.259,9.3198],[-1.2681,9.3272],[-1.2691,9.3307],[-1.2681,9.333],[-1.2608,9.3315],[-1.2649,9.342],[-1.2579,9.3522],[-1.2546,9.3529],[-1.2582,9.3607],[-1.2538,9.3643],[-1.2545,9.369],[-1.2511,9.372],[-1.2493,9.3818],[-1.2459,9.386],[-1.2431,9.4194],[-1.2501,9.4275],[-1.2813,9.5099],[-1.2879,9.5165],[-1.2954,9.5193],[-1.3117,9.538],[-1.3138,9.5488],[-1.3624,9.5982],[-1.3647,9.6035],[-1.3736,9.61],[-1.3692,9.6159],[-1.3578,9.6188],[-1.3458,9.6268],[-1.3284,9.6341],[-1.3298,9.6436],[-1.3191,9.6456],[-1.3144,9.6534],[-1.3251,9.6561],[-1.3223,9.6591],[-1.3242,9.6629],[-1.3214,9.663],[-1.3191,9.6671],[-1.3209,9.6691],[-1.3192,9.6711],[-1.3196,9.6843],[-1.3248,9.6888],[-1.3253,9.698],[-1.33,9.6985],[-1.3388,9.7061],[-1.34,9.7143],[-1.3444,9.7157],[-1.35,9.7295],[-1.3467,9.7338],[-1.3496,9.7461],[-1.3454,9.7489],[-1.3508,9.7662],[-1.3477,9.7773],[-1.3515,9.7944],[-1.3478,9.8055],[-1.3414,9.8081],[-1.3277,9.8079],[-1.3228,9.7998],[-1.3087,9.8011],[-1.3138,9.8065],[-1.3142,9.8163],[-1.3076,9.823],[-1.3093,9.8178],[-1.3051,9.8112],[-1.2967,9.809],[-1.2853,9.8017],[-1.2736,9.802],[-1.2697,9.8041],[-1.2639,9.8161],[-1.2632,9.8243],[-1.2535,9.8232],[-1.2383,9.8285],[-1.2323,9.8257],[-1.2282,9.8175],[-1.2181,9.8124],[-1.2148,9.7995],[-1.2073,9.7962],[-1.1981,9.7959],[-1.1867,9.8003],[-1.1743,9.7898],[-1.1721,9.7981],[-1.1743,9.8006],[-1.174,9.8079],[-1.169,9.8146],[-1.1733,9.8203],[-1.1726,9.8245],[-1.1639,9.8373],[-1.1654,9.8407],[-1.1619,9.8456],[-1.1628,9.8519],[-1.1601,9.8565],[-1.1639,9.8739],[-1.1721,9.8797],[-1.1767,9.892],[-1.1822,9.898],[-1.1763,9.9233],[-1.1785,9.9497],[-1.1626,9.9522],[-1.1267,9.9295],[-1.12,9.9272],[-1.1077,9.9273],[-1.1133,9.9339],[-1.1171,9.9469],[-1.1244,9.9595],[-1.1291,9.9632],[-1.1357,9.9636],[-1.1399,9.968],[-1.1384,9.9697],[-1.1421,9.98],[-1.1564,9.9773],[-1.1803,9.992],[-1.1969,9.994],[-1.2086,10.0054],[-1.227,10.008],[-1.2343,10.0144],[-1.244,10.0305],[-1.2496,10.031],[-1.2562,10.0355],[-1.2649,10.0315],[-1.2763,10.0316],[-1.2795,10.038],[-1.2877,10.0355],[-1.3021,10.0493],[-1.3031,10.054],[-1.3063,10.0544],[-1.3102,10.066],[-1.3141,10.064],[-1.3225,10.0659],[-1.355,10.0797],[-1.3683,10.089],[-1.3672,10.0919],[-1.3696,10.0946],[-1.3832,10.0901],[-1.4059,10.0941],[-1.407,10.0912],[-1.4119,10.0891],[-1.4376,10.1037],[-1.4438,10.1016],[-1.4677,10.1037],[-1.4969,10.0905],[-1.5053,10.0835],[-1.5165,10.0869],[-1.5272,10.0818],[-1.5331,10.0739],[-1.546,10.0706],[-1.5488,10.0731],[-1.5512,10.093],[-1.558,10.0978],[-1.5594,10.0916],[-1.5785,10.0894],[-1.5812,10.0824],[-1.5876,10.0777],[-1.5919,10.0779],[-1.6124,10.0695],[-1.623,10.071],[-1.6255,10.0793],[-1.6557,10.0748],[-1.6561,10.0724],[-1.6423,10.0577],[-1.629,10.0524],[-1.635,10.0429],[-1.6444,10.0382],[-1.6676,10.0455],[-1.6679,10.0349],[-1.6747,10.0257],[-1.6857,10.0392],[-1.6942,10.0331],[-1.6944,10.0263],[-1.7015,10.0231],[-1.7012,10.0147],[-1.7136,10.014],[-1.7158,10.0115],[-1.7188,9.999],[-1.7166,9.9961],[-1.7171,9.9909],[-1.7104,9.9815],[-1.7136,9.9694],[-1.7077,9.9654],[-1.7128,9.9618],[-1.7086,9.9583],[-1.7098,9.9542],[-1.7073,9.9478],[-1.7157,9.9429],[-1.7157,9.9336],[-1.7143,9.9294],[-1.7055,9.925],[-1.7061,9.9151],[-1.7037,9.909],[-1.7076,9.9036],[-1.7044,9.8971],[-1.6969,9.8914],[-1.6975,9.879],[-1.7073,9.8731],[-1.7108,9.8654],[-1.7124,9.8562],[-1.7097,9.8488],[-1.7136,9.8213],[-1.9873,9.826],[-2.0042,9.8218],[-2.0185,9.7931],[-2.029,9.7829],[-2.0431,9.7797],[-2.086,9.7852],[-2.0901,9.7887],[-2.0946,9.8114],[-2.097,9.8137],[-2.4221,9.7723],[-2.5085,9.7464],[-2.5075,9.7199],[-2.5145,9.6943],[-2.5215,9.6867],[-2.5514,9.6737],[-2.5757,9.6492],[-2.5931,9.6454],[-2.6047,9.6456],[-2.6184,9.6497],[-2.629,9.6447],[-2.6526,9.6428],[-2.6665,9.6387],[-2.6739,9.6336],[-2.6986,9.63],[-2.7086,9.6343],[-2.7193,9.6324],[-2.7238,9.6338],[-2.7319,9.6432],[-2.7383,9.6439],[-2.7456,9.6413],[-2.7474,9.634],[-2.7629,9.6169],[-2.7633,9.6086],[-2.7709,9.6019],[-2.7719,9.5955],[-2.7696,9.5797],[-2.7709,9.5752],[-2.7621,9.5572],[-2.7551,9.5495],[-2.7453,9.5448],[-2.7318,9.5298],[-2.7125,9.5228],[-2.7066,9.5143],[-2.6935,9.5036],[-2.6841,9.4864],[-2.6899,9.4497],[-2.6875,9.4277],[-2.6796,9.4138],[-2.6748,9.3965],[-2.6735,9.3879],[-2.676,9.3723],[-2.6834,9.3589],[-2.6919,9.3537],[-2.7027,9.3403],[-2.7189,9.3355],[-2.7212,9.3135],[-2.7168,9.2988],[-2.7096,9.2899],[-2.6932,9.2843],[-2.6858,9.2876],[-2.6685,9.2731],[-2.6571,9.2572],[-2.6594,9.2469],[-2.6642,9.2401],[-2.6935,9.2256],[-2.6964,9.2192],[-2.7141,9.2064],[-2.7177,9.2013],[-2.7174,9.1916],[-2.7257,9.1701],[-2.735,9.1583],[-2.7467,9.1524],[-2.7605,9.1516],[-2.7728,9.1434],[-2.7729,9.1349],[-2.7651,9.122],[-2.7608,9.0906],[-2.7687,9.0756],[-2.7795,9.0657],[-2.7796,9.0606],[-2.7726,9.0474],[-2.7665,9.0457],[-2.7619,9.0375],[-2.748,9.0321],[-2.7289,9.03],[-2.7221,9.0327],[-2.6908,9.0238],[-2.6701,9.023],[-2.6689,9.0202],[-2.6638,9.0192],[-2.6545,9.0079],[-2.6583,8.9837],[-2.6519,8.9447],[-2.6434,8.9347],[-2.6181,8.9217],[-2.6171,8.9072],[-2.6212,8.897],[-2.6232,8.8783],[-2.608,8.8481],[-2.5997,8.8383],[-2.5968,8.828],[-2.5992,8.8219],[-2.6229,8.8077],[-2.6303,8.7943],[-2.614,8.7824],[-2.6035,8.7877],[-2.5857,8.7873],[-2.5693,8.7727],[-2.5503,8.7633],[-2.5429,8.762],[-2.5395,8.7583],[-2.5353,8.7403],[-2.5241,8.7329],[-2.512,8.7305],[-2.4979,8.718],[-2.4888,8.6989],[-2.4869,8.6847],[-2.4783,8.6758],[-2.4643,8.6528],[-2.4463,8.6427],[-2.4422,8.6451],[-2.4315,8.6409],[-2.4306,8.6347],[-2.4168,8.6232],[-2.4143,8.6093],[-2.4187,8.5953],[-2.4142,8.5743],[-2.4093,8.5668],[-2.3803,8.5565],[-2.3703,8.547],[-2.3583,8.5196],[-2.3705,8.5064],[-2.3666,8.4758],[-2.3559,8.4689],[-2.3532,8.4608],[-2.3469,8.4563],[-2.342,8.4418],[-2.3349,8.4332],[-2.3237,8.4123],[-2.3195,8.4102],[-2.3207,8.4052],[-2.3166,8.3971],[-2.3088,8.3938],[-2.3087,8.3886],[-2.3052,8.3857],[-2.3083,8.3747],[-2.3073,8.3708],[-2.3032,8.3696],[-2.3006,8.3644],[-2.3044,8.3548],[-2.2969,8.3442],[-2.2933,8.3248],[-2.2883,8.3244],[-2.288,8.3203],[-2.2857,8.3192],[-2.2867,8.3148],[-2.2848,8.3117],[-2.287,8.3086],[-2.2839,8.2952],[-2.2396,8.282],[-2.2255,8.2638],[-2.2192,8.264],[-2.216,8.2605],[-2.2112,8.2605],[-2.2068,8.254],[-2.2081,8.2447],[-2.2121,8.2416],[-2.2101,8.2385],[-2.1918,8.2226],[-2.176,8.2189],[-2.1671,8.2115],[-2.1617,8.1743],[-2.1534,8.1719],[-2.1444,8.1623],[-2.1386,8.1611],[-2.1341,8.1516],[-2.1246,8.1484],[-2.1182,8.1576],[-2.106,8.158],[-2.081,8.1532],[-2.0648,8.1464],[-2.0425,8.1483],[-2.0307,8.1547],[-2.0068,8.1546],[-1.9776,8.1661],[-1.9612,8.1687],[-1.9434,8.184],[-1.9327,8.2011],[-1.9321,8.2098],[-1.914,8.2275],[-1.9069,8.2471],[-1.8959,8.261],[-1.8682,8.2586],[-1.8422,8.2515],[-1.8137,8.2364],[-1.8018,8.226],[-1.792,8.2247],[-1.7704,8.2327],[-1.7484,8.2585],[-1.7467,8.2769],[-1.7645,8.3066],[-1.7698,8.323],[-1.7817,8.3285],[-1.7898,8.3369],[-1.8073,8.3403],[-1.8178,8.3396],[-1.8288,8.3342],[-1.8485,8.3296],[-1.8692,8.3331],[-1.8829,8.3474],[-1.9077,8.3971],[-1.9093,8.4375],[-1.9031,8.4472],[-1.8921,8.4553],[-1.8827,8.4744],[-1.8831,8.4833],[-1.8967,8.5329],[-1.8889,8.5877],[-1.8733,8.6247],[-1.8709,8.6363],[-1.8549,8.6543],[-1.8422,8.6614],[-1.8131,8.6621],[-1.7886,8.6527],[-1.7553,8.6306],[-1.737,8.6266],[-1.6931,8.643],[-1.6859,8.6502],[-1.6825,8.6586],[-1.6831,8.6732],[-1.6793,8.6831],[-1.6567,8.6953],[-1.6466,8.6925],[-1.6286,8.6798],[-1.6119,8.6762],[-1.5752,8.6771],[-1.5546,8.6748],[-1.5278,8.6814],[-1.5096,8.692],[-1.4996,8.7392],[-1.4847,8.76],[-1.4746,8.7655],[-1.4388,8.7676],[-1.4105,8.7748],[-1.3756,8.7678],[-1.3541,8.7586],[-1.3403,8.7456],[-1.3094,8.7227],[-1.2873,8.7205],[-1.2622,8.6908],[-1.2116,8.6692],[-1.1976,8.6708],[-1.1871,8.6792],[-1.1754,8.683],[-1.1327,8.6809],[-1.139,8.666],[-1.149,8.6581],[-1.1529,8.6404],[-1.1376,8.5809],[-1.1467,8.5531],[-1.1516,8.5451],[-1.1645,8.5373],[-1.1722,8.5353],[-1.1704,8.5318],[-1.172,8.5278],[-1.1645,8.5234],[-1.1641,8.5124],[-1.1666,8.5126],[-1.1692,8.5082],[-1.1739,8.5081],[-1.1743,8.517],[-1.1797,8.5183],[-1.1823,8.5104],[-1.1958,8.5117],[-1.1917,8.5022],[-1.194,8.494],[-1.1996,8.4933],[-1.2036,8.4955],[-1.2181,8.4915],[-1.221,8.4887],[-1.2212,8.4774],[-1.2304,8.4764],[-1.2309,8.4711],[-1.2331,8.4701],[-1.245,8.4701],[-1.243,8.4672],[-1.2457,8.4635],[-1.2495,8.4605],[-1.2535,8.4607],[-1.2586,8.4549],[-1.2573,8.4496],[-1.2629,8.4347],[-1.2601,8.4286],[-1.2543,8.4273],[-1.2535,8.4241],[-1.2558,8.4217],[-1.2543,8.4172],[-1.2579,8.4142],[-1.2562,8.4098],[-1.259,8.409],[-1.2597,8.4053],[-1.2559,8.403],[-1.2579,8.3976],[-1.2553,8.386],[-1.2531,8.3846],[-1.2552,8.3818],[-1.2529,8.3774],[-1.2556,8.3766],[-1.2553,8.3726],[-1.2601,8.3722],[-1.2605,8.3628],[-1.2568,8.3594],[-1.2585,8.3526],[-1.2615,8.3514],[-1.2628,8.3438],[-1.2749,8.3301],[-1.2771,8.3208],[-1.2747,8.3114],[-1.2796,8.3089],[-1.2757,8.3046],[-1.275,8.2855],[-1.2702,8.277],[-1.2698,8.2708],[-1.2729,8.2699],[-1.2733,8.2636],[-1.2513,8.2432],[-1.2371,8.2237],[-1.2295,8.2049],[-1.1747,8.1167],[-1.1671,8.1086],[-1.1566,8.0887],[-1.1566,8.0838],[-1.1654,8.0698],[-1.166,8.0604],[-1.1651,8.0505],[-1.1593,8.0344],[-1.159,8.023],[-1.1625,8.0149],[-1.1576,7.9993],[-1.1546,7.9978],[-1.148,8.0001],[-1.1439,7.9967],[-1.1357,7.9983],[-1.1316,7.9951],[-1.1258,7.9976],[-1.1203,7.9932],[-1.1123,7.9956],[-1.1067,7.9926],[-1.1042,7.9961],[-1.095,7.9982],[-1.0812,8.0175],[-1.0475,8.0301],[-1.0348,8.0254],[-1.0299,8.017],[-1.0202,8.0155],[-1.0165,8.0176],[-1.0194,8.0321],[-1.0224,8.0333],[-1.0281,8.0431],[-1.0346,8.0463],[-1.0337,8.0548],[-1.0368,8.0585],[-1.0481,8.0625],[-1.0488,8.067],[-1.041,8.0795],[-1.0433,8.0939],[-1.0687,8.1292],[-1.0405,8.166],[-1.0432,8.1742],[-1.0432,8.2044],[-1.0397,8.2431],[-1.0338,8.2453],[-1.0219,8.2608],[-1.0192,8.2612],[-1.0102,8.2479],[-0.9899,8.2457],[-0.9875,8.2354],[-0.979,8.2273],[-0.9677,8.2331],[-0.9658,8.2467],[-0.9591,8.2511],[-0.9487,8.2465],[-0.9394,8.2514],[-0.9237,8.252],[-0.9067,8.2575],[-0.9048,8.2551],[-0.8783,8.2638],[-0.8699,8.2701],[-0.862,8.2724],[-0.8626,8.2773],[-0.8589,8.2924],[-0.8564,8.2927],[-0.8527,8.3142],[-0.854,8.3188],[-0.8596,8.3224],[-0.8578,8.3286],[-0.8271,8.3356],[-0.8014,8.3397],[-0.7799,8.3356],[-0.7408,8.3356],[-0.7105,8.345],[-0.6395,8.2695],[-0.5425,8.1877],[-0.503,8.1809],[-0.4875,8.1721],[-0.4444,8.1576],[-0.419,8.1529],[-0.3847,8.1528]]}},{"type":"Feature","properties":{},"geometry":{"type":"LineString","coordinates":[[-0.7689,7.5169],[-0.7691,7.5095],[-0.7637,7.507],[-0.751,7.5106],[-0.7476,7.5086],[-0.7393,7.5201],[-0.7221,7.5233],[-0.7144,7.5289],[-0.7067,7.5291],[-0.7041,7.5324],[-0.6995,7.5323],[-0.6945,7.5396],[-0.687,7.5429],[-0.6856,7.5399],[-0.6874,7.5338],[-0.6829,7.5327],[-0.6825,7.529],[-0.6767,7.5306],[-0.6757,7.5256],[-0.6626,7.5145],[-0.6564,7.5053],[-0.65,7.502],[-0.6515,7.4956],[-0.6481,7.49],[-0.6505,7.4809],[-0.6479,7.4771],[-0.6504,7.4755],[-0.652,7.4667],[-0.6478,7.4616],[-0.6514,7.4561],[-0.6504,7.4516],[-0.653,7.4465],[-0.6513,7.4434],[-0.6543,7.4383],[-0.6542,7.4308],[-0.6417,7.4205],[-0.6405,7.4109],[-0.638,7.4098],[-0.6391,7.4023],[-0.6248,7.3835],[-0.619,7.3824],[-0.6082,7.3618],[-0.6006,7.3561],[-0.6008,7.3508],[-0.5987,7.3486],[-0.593,7.3474],[-0.5898,7.3501],[-0.5743,7.3534],[-0.556,7.352],[-0.5519,7.3549],[-0.5409,7.3546],[-0.534,7.3478],[-0.5158,7.3455],[-0.5054,7.341],[-0.4992,7.3435],[-0.4971,7.3393],[-0.4927,7.3439],[-0.4842,7.3374],[-0.4794,7.3383],[-0.4777,7.3354],[-0.4735,7.3388],[-0.4607,7.3312],[-0.4567,7.3342],[-0.4539,7.3316],[-0.4476,7.3326],[-0.4311,7.3233],[-0.427,7.3269],[-0.4233,7.321],[-0.4086,7.3183],[-0.3963,7.3116],[-0.3819,7.3129],[-0.3773,7.3091],[-0.3732,7.3118],[-0.362,7.3118],[-0.3549,7.3086],[-0.3568,7.3016],[-0.3542,7.2976],[-0.3468,7.293],[-0.3414,7.294],[-0.3299,7.2909],[-0.3315,7.2874],[-0.3254,7.2852],[-0.3244,7.2811],[-0.3211,7.2842],[-0.311,7.2857],[-0.3081,7.2791],[-0.3022,7.2777],[-0.2977,7.283],[-0.2888,7.2844],[-0.2881,7.2805],[-0.275,7.2746],[-0.2724,7.2681],[-0.2617,7.2667],[-0.2603,7.249],[-0.2545,7.2329],[-0.2567,7.2283],[-0.2509,7.2232],[-0.2425,7.222],[-0.2437,7.2119],[-0.2365,7.2022],[-0.2208,7.2128],[-0.2172,7.2111],[-0.2158,7.2007],[-0.2139,7.1997],[-0.1999,7.2034],[-0.184,7.2009],[-0.1812,7.204],[-0.1795,7.1977],[-0.1736,7.2008],[-0.1684,7.1983],[-0.164,7.2008],[-0.1583,7.1935],[-0.153,7.1955],[-0.1471,7.202],[-0.143,7.1946],[-0.1068,7.1944],[-0.0972,7.1846],[-0.0849,7.1793],[-0.0616,7.1881],[-0.0527,7.1965],[-0.0275,7.1914],[-0.0141,7.1932],[-0.0042,7.1911],[0.0044,7.194],[0.0111,7.1863],[0.0213,7.183],[0.0291,7.1855],[0.0409,7.1809],[0.0505,7.1721],[0.0674,7.1737],[0.0811,7.1817],[0.0979,7.1777],[0.1101,7.1826],[0.1232,7.1839],[0.1823,7.1797],[0.1887,7.1961],[0.2051,7.2675],[0.2077,7.2978],[0.2051,7.3337],[0.197,7.3729],[0.1831,7.3917],[0.1726,7.3997],[0.1233,7.4155],[0.1152,7.4234],[0.1054,7.4537],[0.0941,7.5214],[0.0889,7.591],[0.0905,7.6099],[0.0839,7.6179],[0.0666,7.6234],[0.0488,7.6337],[0.0397,7.6476],[0.0334,7.672],[0.0299,7.7537],[0.0261,7.7586],[0.0145,7.7626],[-0.0201,7.7691],[-0.0371,7.7709],[-0.0545,7.7691],[-0.0622,7.7716],[-0.0779,7.7821],[-0.0899,7.798],[-0.0969,7.8311],[-0.1109,7.8596],[-0.1207,7.8936],[-0.1365,8.0095],[-0.1421,8.0251],[-0.1477,8.0305],[-0.1546,8.0322],[-0.1732,8.0247],[-0.2147,8.031],[-0.2406,8.0497],[-0.2488,8.0771],[-0.2949,8.1174],[-0.3193,8.1305],[-0.3847,8.1528],[-0.419,8.1529],[-0.4444,8.1576],[-0.4875,8.1721],[-0.503,8.1809],[-0.5425,8.1877],[-0.6395,8.2695],[-0.7105,8.345],[-0.7408,8.3356],[-0.7799,8.3356],[-0.8014,8.3397],[-0.8578,8.3286],[-0.8596,8.3224],[-0.854,8.3188],[-0.8527,8.3142],[-0.8564,8.2927],[-0.8589,8.2924],[-0.8626,8.2773],[-0.862,8.2724],[-0.8914,8.2584],[-0.9048,8.2551],[-0.9067,8.2575],[-0.9237,8.252],[-0.9394,8.2514],[-0.9487,8.2465],[-0.9591,8.2511],[-0.9658,8.2467],[-0.9677,8.2331],[-0.979,8.2273],[-0.9875,8.2354],[-0.9899,8.2457],[-1.0102,8.2479],[-1.0192,8.2612],[-1.0219,8.2608],[-1.0316,8.2474],[-1.0397,8.2431],[-1.0432,8.2044],[-1.0432,8.1742],[-1.0405,8.166],[-1.0687,8.1292],[-1.0433,8.0939],[-1.041,8.0795],[-1.0488,8.067],[-1.0481,8.0625],[-1.0368,8.0585],[-1.0337,8.0548],[-1.0346,8.0463],[-1.0281,8.0431],[-1.0224,8.0333],[-1.0194,8.0321],[-1.0165,8.0176],[-1.0202,8.0155],[-1.0299,8.017],[-1.0348,8.0254],[-1.0475,8.0301],[-1.0812,8.0175],[-1.095,7.9982],[-1.1042,7.9961],[-1.1067,7.9926],[-1.1123,7.9956],[-1.1203,7.9932],[-1.1258,7.9976],[-1.1313,7.9951],[-1.1357,7.9983],[-1.1439,7.9967],[-1.1482,8.0001],[-1.1549,7.9978],[-1.1577,7.9994],[-1.1581,8.0046],[-1.1619,8.0092],[-1.1625,8.017],[-1.159,8.023],[-1.1593,8.0344],[-1.1651,8.0505],[-1.166,8.0602],[-1.1654,8.0698],[-1.1566,8.0838],[-1.1566,8.0887],[-1.1671,8.1086],[-1.1747,8.1167],[-1.2295,8.2049],[-1.2371,8.2237],[-1.2513,8.2432],[-1.2733,8.2636],[-1.2729,8.2699],[-1.2698,8.2708],[-1.2702,8.277],[-1.275,8.2855],[-1.2757,8.3046],[-1.2796,8.3089],[-1.2747,8.3114],[-1.2771,8.3208],[-1.2749,8.3301],[-1.2628,8.3438],[-1.2615,8.3514],[-1.2585,8.3526],[-1.2568,8.3594],[-1.2605,8.3628],[-1.2601,8.3722],[-1.2553,8.3726],[-1.2556,8.3766],[-1.2529,8.3774],[-1.2552,8.3818],[-1.2531,8.3846],[-1.2553,8.386],[-1.2579,8.3976],[-1.2559,8.403],[-1.2597,8.4053],[-1.259,8.409],[-1.2562,8.4098],[-1.2579,8.4142],[-1.2543,8.4172],[-1.2558,8.4217],[-1.2535,8.4241],[-1.2543,8.4273],[-1.2601,8.4286],[-1.2629,8.4347],[-1.2573,8.4496],[-1.2586,8.4549],[-1.2535,8.4607],[-1.2495,8.4605],[-1.2457,8.4635],[-1.243,8.4672],[-1.245,8.4701],[-1.2331,8.4701],[-1.2309,8.4711],[-1.2304,8.4764],[-1.2212,8.4774],[-1.221,8.4887],[-1.2181,8.4915],[-1.2036,8.4955],[-1.1996,8.4933],[-1.194,8.494],[-1.1917,8.5022],[-1.1958,8.5117],[-1.1823,8.5104],[-1.1797,8.5183],[-1.1743,8.517],[-1.1739,8.5081],[-1.1692,8.5082],[-1.1666,8.5126],[-1.1641,8.5124],[-1.1645,8.5234],[-1.172,8.5278],[-1.1704,8.5318],[-1.1722,8.5353],[-1.1645,8.5373],[-1.1516,8.5451],[-1.1467,8.5531],[-1.1376,8.5809],[-1.1529,8.6404],[-1.149,8.6581],[-1.139,8.666],[-1.1327,8.6809],[-1.1754,8.683],[-1.1871,8.6792],[-1.1976,8.6708],[-1.2116,8.6692],[-1.2622,8.6908],[-1.2873,8.7205],[-1.3094,8.7227],[-1.3403,8.7456],[-1.3541,8.7586],[-1.3756,8.7678],[-1.4105,8.7748],[-1.4388,8.7676],[-1.4746,8.7655],[-1.4847,8.76],[-1.4996,8.7392],[-1.5096,8.692],[-1.5278,8.6814],[-1.5546,8.6748],[-1.5752,8.6771],[-1.6119,8.6762],[-1.6286,8.6798],[-1.6466,8.6925],[-1.6567,8.6953],[-1.6793,8.6831],[-1.6831,8.6732],[-1.6825,8.6586],[-1.6859,8.6502],[-1.6931,8.643],[-1.737,8.6266],[-1.7553,8.6306],[-1.7886,8.6527],[-1.8131,8.6621],[-1.8422,8.6614],[-1.8578,8.6517],[-1.8709,8.6363],[-1.8733,8.6247],[-1.8889,8.5877],[-1.8967,8.5329],[-1.8831,8.4833],[-1.8827,8.4744],[-1.8921,8.4553],[-1.9031,8.4472],[-1.9093,8.4375],[-1.9077,8.3971],[-1.8829,8.3474],[-1.8692,8.3331],[-1.8485,8.3296],[-1.8288,8.3342],[-1.8178,8.3396],[-1.8073,8.3403],[-1.7898,8.3369],[-1.7817,8.3285],[-1.7698,8.323],[-1.7645,8.3066],[-1.7467,8.2769],[-1.7466,8.2628],[-1.7546,8.2499],[-1.7649,8.2413],[-1.7704,8.2327],[-1.792,8.2247],[-1.8018,8.226],[-1.8137,8.2364],[-1.8422,8.2515],[-1.8682,8.2586],[-1.8959,8.261],[-1.9069,8.2471],[-1.914,8.2275],[-1.9321,8.2098],[-1.9327,8.2011],[-1.9434,8.184],[-1.9612,8.1687],[-1.9776,8.1661],[-2.0068,8.1546],[-2.0307,8.1547],[-2.0425,8.1483],[-2.0648,8.1464],[-2.081,8.1532],[-2.106,8.158],[-2.1182,8.1576],[-2.1211,8.1536],[-2.1198,8.1391],[-2.1175,8.1364],[-2.1021,8.1361],[-2.0975,8.1259],[-2.0889,8.1187],[-2.0886,8.1137],[-2.0797,8.0989],[-2.0701,8.0945],[-2.0649,8.089],[-2.055,8.0614],[-2.0575,8.052],[-2.0369,8.0304],[-2.0253,8.0239],[-2.027,8.0176],[-2.0248,8.0022],[-2.0268,8.0012],[-2.026,7.9961],[-2.044,7.9735],[-2.0412,7.9644],[-2.0319,7.9566],[-2.0211,7.9555],[-1.9882,7.969],[-1.9142,7.8774],[-1.9029,7.8312],[-1.9099,7.8185],[-1.9221,7.8063],[-1.9251,7.8093],[-1.9302,7.8086],[-1.9363,7.8027],[-1.9442,7.7994],[-1.9583,7.802],[-1.9622,7.8061],[-1.9773,7.8042],[-2.0227,7.7802],[-2.0446,7.7777],[-2.0691,7.7802],[-2.0764,7.7786],[-2.0821,7.7669],[-2.0815,7.7588],[-2.0728,7.7521],[-2.0704,7.7405],[-2.0721,7.7356],[-2.0699,7.7285],[-2.073,7.7129],[-2.0637,7.7035],[-2.0558,7.685],[-2.0484,7.6775],[-2.0478,7.6715],[-2.0509,7.6663],[-2.0669,7.6617],[-2.0729,7.6463],[-2.0878,7.6339],[-2.0918,7.6228],[-2.0882,7.6099],[-2.1032,7.5903],[-2.1118,7.5722],[-2.1089,7.5532],[-2.1377,7.5258],[-2.1358,7.519],[-2.1219,7.515],[-2.1189,7.5024],[-2.1132,7.5],[-2.1148,7.4846],[-2.1094,7.4644],[-2.0749,7.4556],[-2.072,7.4577],[-2.0573,7.4539],[-2.0423,7.4576],[-2.0357,7.4564],[-2.0341,7.4507],[-2.023,7.4378],[-2.0185,7.4215],[-2.0011,7.4213],[-1.9807,7.4148],[-1.9638,7.4169],[-1.9619,7.4128],[-1.9513,7.4186],[-1.9434,7.4308],[-1.9391,7.4347],[-1.9335,7.4338],[-1.9276,7.4421],[-1.9208,7.4421],[-1.9155,7.4361],[-1.8987,7.4306],[-1.8716,7.4594],[-1.8681,7.4735],[-1.8636,7.4768],[-1.8358,7.4707],[-1.84,7.4246],[-1.8279,7.3895],[-1.8072,7.3488],[-1.7799,7.3497],[-1.7737,7.3479],[-1.7608,7.3214],[-1.7386,7.3197],[-1.7297,7.3122],[-1.7269,7.3163],[-1.7197,7.3156],[-1.7103,7.3238],[-1.6967,7.3208],[-1.6916,7.3246],[-1.6788,7.325],[-1.6756,7.3208],[-1.6584,7.3199],[-1.654,7.3144],[-1.642,7.3244],[-1.6429,7.3361],[-1.626,7.3394],[-1.6236,7.3463],[-1.6182,7.3524],[-1.607,7.3597],[-1.5942,7.3808],[-1.5896,7.3843],[-1.584,7.3974],[-1.5789,7.4016],[-1.5649,7.4053],[-1.5384,7.3969],[-1.5353,7.4006],[-1.5312,7.4004],[-1.5158,7.3907],[-1.5153,7.41],[-1.5092,7.4223],[-1.5115,7.4404],[-1.5202,7.45],[-1.4879,7.4875],[-1.4737,7.494],[-1.4523,7.5382],[-1.4375,7.5556],[-1.4344,7.5727],[-1.406,7.5879],[-1.3946,7.5994],[-1.3573,7.6084],[-1.3415,7.6195],[-1.3109,7.6223],[-1.3107,7.6149],[-1.3172,7.6106],[-1.3128,7.6027],[-1.3136,7.5806],[-1.311,7.5765],[-1.2995,7.5712],[-1.2972,7.5629],[-1.2938,7.5598],[-1.2951,7.5463],[-1.2904,7.5351],[-1.2564,7.5067],[-1.2475,7.4941],[-1.2394,7.4893],[-1.2254,7.4949],[-1.2067,7.4925],[-1.2019,7.4951],[-1.1937,7.4904],[-1.1912,7.4859],[-1.1835,7.4852],[-1.1813,7.4814],[-1.1571,7.4797],[-1.1553,7.469],[-1.1336,7.4718],[-1.1294,7.4745],[-1.1119,7.4707],[-1.1081,7.4652],[-1.1034,7.4655],[-1.082,7.4885],[-1.0758,7.4863],[-1.0711,7.4878],[-1.0671,7.4963],[-1.0684,7.5016],[-1.0643,7.5051],[-1.0601,7.5048],[-1.0526,7.5086],[-1.0502,7.5136],[-1.0453,7.5156],[-1.0452,7.5211],[-1.0408,7.5276],[-1.0356,7.527],[-1.0248,7.534],[-1.018,7.5322],[-1.0144,7.5349],[-1.0023,7.5282],[-0.9921,7.5294],[-0.9898,7.5328],[-0.9835,7.5347],[-0.9761,7.5292],[-0.9771,7.5259],[-0.9721,7.5197],[-0.9669,7.5191],[-0.9576,7.5245],[-0.9532,7.5235],[-0.9506,7.5199],[-0.9482,7.5207],[-0.9481,7.5187],[-0.9359,7.5141],[-0.9331,7.5056],[-0.932,7.5079],[-0.9252,7.5038],[-0.9134,7.5063],[-0.9089,7.5049],[-0.9018,7.508],[-0.8932,7.5043],[-0.8899,7.5166],[-0.8846,7.5131],[-0.879,7.5157],[-0.8758,7.5145],[-0.8739,7.5176],[-0.8668,7.5207],[-0.8621,7.5183],[-0.864,7.5147],[-0.8558,7.5188],[-0.8539,7.517],[-0.8451,7.5184],[-0.8437,7.5098],[-0.8395,7.5106],[-0.838,7.5086],[-0.8284,7.5123],[-0.8215,7.5085],[-0.8204,7.4995],[-0.8154,7.502],[-0.8156,7.507],[-0.8084,7.511],[-0.8066,7.5078],[-0.8077,7.5026],[-0.8046,7.5043],[-0.7958,7.4989],[-0.7861,7.5001],[-0.781,7.5083],[-0.7775,7.5097],[-0.7757,7.5162],[-0.7713,7.5183],[-0.7689,7.5169]]}},{"type":"Feature","properties":{},"geometry":{"type":"LineString","coordinates":[[-2.7774,7.0206],[-2.7838,7.0134],[-2.7925,7.0098],[-2.7926,7.0065],[-2.7965,7.0027],[-2.7961,6.9988],[-2.8013,6.994],[-2.8004,6.9914],[-2.8049,6.9883],[-2.8119,6.9734],[-2.8188,6.9696],[-2.8208,6.964],[-2.8287,6.9639],[-2.8323,6.9586],[-2.8395,6.9596],[-2.844,6.9573],[-2.8489,6.9517],[-2.8496,6.9443],[-2.8521,6.9422],[-2.85,6.9229],[-2.8563,6.9117],[-2.8521,6.8968],[-2.853,6.8917],[-2.8493,6.8868],[-2.8517,6.8747],[-2.8548,6.8736],[-2.8548,6.8697],[-2.8607,6.8639],[-2.8583,6.8601],[-2.8595,6.8541],[-2.8647,6.8513],[-2.861,6.8422],[-2.8495,6.8342],[-2.856,6.8268],[-2.8564,6.8214],[-2.8526,6.8201],[-2.8458,6.8234],[-2.8411,6.8173],[-2.8406,6.8081],[-2.8359,6.8012],[-2.8379,6.7947],[-2.8336,6.7903],[-2.8403,6.781],[-2.8369,6.7791],[-2.8498,6.7728],[-2.8398,6.7547],[-2.8427,6.7435],[-2.8566,6.7346],[-2.8589,6.7305],[-2.8577,6.7269],[-2.8657,6.7179],[-2.8635,6.7122],[-2.8593,6.7109],[-2.8623,6.7041],[-2.8582,6.6978],[-2.8625,6.6969],[-2.8617,6.6929],[-2.8579,6.6893],[-2.8578,6.6849],[-2.8549,6.6839],[-2.8564,6.6829],[-2.8494,6.679],[-2.8482,6.6681],[-2.8578,6.659],[-2.8692,6.6588],[-2.8773,6.654],[-2.8725,6.6541],[-2.871,6.651],[-2.8664,6.6498],[-2.8714,6.6424],[-2.8708,6.64],[-2.8669,6.6382],[-2.8608,6.6419],[-2.8514,6.6429],[-2.8442,6.6365],[-2.8327,6.6347],[-2.8309,6.6268],[-2.8245,6.626],[-2.8246,6.6233],[-2.8212,6.6229],[-2.816,6.6167],[-2.808,6.6167],[-2.8081,6.6146],[-2.8056,6.617],[-2.8037,6.616],[-2.8005,6.6115],[-2.8008,6.607],[-2.7938,6.6013],[-2.789,6.6016],[-2.7877,6.5966],[-2.7846,6.5949],[-2.7796,6.5757],[-2.7656,6.5835],[-2.7587,6.5849],[-2.7481,6.5808],[-2.7273,6.5888],[-2.7011,6.5852],[-2.6947,6.5778],[-2.6811,6.572],[-2.6744,6.5156],[-2.6687,6.5059],[-2.6351,6.5293],[-2.5823,6.4905],[-2.562,6.4807],[-2.5364,6.4614],[-2.5267,6.4621],[-2.5263,6.4548],[-2.5591,6.4292],[-2.547,6.4009],[-2.5045,6.4154],[-2.4979,6.4101],[-2.486,6.4083],[-2.476,6.4019],[-2.4687,6.3909],[-2.4687,6.3806],[-2.4531,6.375],[-2.4475,6.371],[-2.4356,6.355],[-2.4308,6.3549],[-2.4262,6.3637],[-2.4285,6.3735],[-2.4254,6.375],[-2.4239,6.3801],[-2.4261,6.3828],[-2.4227,6.3951],[-2.4256,6.4045],[-2.4202,6.4048],[-2.4219,6.4084],[-2.4258,6.4076],[-2.424,6.4095],[-2.4237,6.4112],[-2.4268,6.4116],[-2.4287,6.4175],[-2.4348,6.4173],[-2.435,6.4209],[-2.4379,6.4214],[-2.4402,6.417],[-2.4391,6.4282],[-2.4441,6.4289],[-2.4442,6.4314],[-2.4469,6.4289],[-2.4516,6.4316],[-2.4486,6.4328],[-2.4465,6.4306],[-2.4476,6.4341],[-2.4386,6.4393],[-2.4382,6.4429],[-2.4461,6.4431],[-2.4436,6.4447],[-2.445,6.4462],[-2.4424,6.4497],[-2.4425,6.4576],[-2.4362,6.46],[-2.435,6.4652],[-2.4304,6.4692],[-2.4318,6.4714],[-2.4291,6.4712],[-2.4311,6.4734],[-2.4274,6.4717],[-2.4246,6.4751],[-2.4254,6.4729],[-2.4222,6.4723],[-2.4212,6.4742],[-2.4236,6.4755],[-2.4213,6.475],[-2.4191,6.478],[-2.4207,6.4795],[-2.423,6.4768],[-2.4232,6.4801],[-2.4237,6.4779],[-2.426,6.4797],[-2.4235,6.4813],[-2.4269,6.4843],[-2.4231,6.4868],[-2.4238,6.4923],[-2.4156,6.4883],[-2.4157,6.4909],[-2.4138,6.4902],[-2.416,6.4959],[-2.4127,6.4979],[-2.41,6.4954],[-2.4118,6.4981],[-2.4094,6.4992],[-2.4114,6.5006],[-2.4084,6.5009],[-2.4075,6.5051],[-2.403,6.5048],[-2.4054,6.5059],[-2.4041,6.5084],[-2.3968,6.5028],[-2.3976,6.5215],[-2.3921,6.5246],[-2.3891,6.5225],[-2.3859,6.5234],[-2.3851,6.526],[-2.3818,6.5268],[-2.3842,6.5326],[-2.3811,6.5379],[-2.3748,6.5387],[-2.3785,6.5436],[-2.376,6.5453],[-2.3768,6.5484],[-2.3823,6.5506],[-2.3838,6.5536],[-2.3857,6.5684],[-2.3797,6.5725],[-2.3802,6.5852],[-2.3728,6.5891],[-2.3711,6.5948],[-2.3785,6.5973],[-2.3777,6.5994],[-2.3839,6.5985],[-2.3832,6.6042],[-2.3857,6.6046],[-2.3839,6.611],[-2.3895,6.6093],[-2.3948,6.6122],[-2.3947,6.6142],[-2.392,6.6142],[-2.3958,6.6175],[-2.3923,6.6245],[-2.3989,6.6258],[-2.4029,6.6319],[-2.4011,6.6349],[-2.4034,6.6352],[-2.4029,6.6378],[-2.4004,6.6367],[-2.4014,6.6385],[-2.4002,6.6403],[-2.3999,6.6378],[-2.3962,6.6391],[-2.3983,6.6406],[-2.3955,6.641],[-2.395,6.6439],[-2.3978,6.6441],[-2.3954,6.6485],[-2.3999,6.6509],[-2.4066,6.6482],[-2.4077,6.6518],[-2.4106,6.6523],[-2.4114,6.6503],[-2.4124,6.6526],[-2.4129,6.6506],[-2.4173,6.6589],[-2.4135,6.6581],[-2.4092,6.6635],[-2.4047,6.6617],[-2.4035,6.6655],[-2.3997,6.6644],[-2.3914,6.6672],[-2.389,6.6657],[-2.3875,6.6707],[-2.3839,6.6722],[-2.3812,6.6706],[-2.3802,6.6742],[-2.3725,6.6716],[-2.3717,6.6756],[-2.3679,6.6752],[-2.3652,6.6792],[-2.3667,6.6839],[-2.3642,6.6884],[-2.3596,6.6877],[-2.356,6.6943],[-2.3525,6.6932],[-2.3517,6.6969],[-2.3459,6.6999],[-2.3427,6.6971],[-2.3385,6.6989],[-2.3381,6.696],[-2.3344,6.6955],[-2.3317,6.6985],[-2.3259,6.6921],[-2.3177,6.6932],[-2.3068,6.6874],[-2.302,6.6894],[-2.2997,6.6925],[-2.3025,6.6938],[-2.3001,6.6991],[-2.2976,6.6987],[-2.2939,6.7043],[-2.2856,6.7073],[-2.2869,6.7149],[-2.2785,6.7302],[-2.2771,6.7432],[-2.2737,6.7485],[-2.2744,6.7559],[-2.2691,6.7666],[-2.2687,6.7759],[-2.2563,6.7916],[-2.2663,6.7992],[-2.296,6.7974],[-2.3054,6.8115],[-2.3196,6.8012],[-2.3346,6.804],[-2.3442,6.8157],[-2.3365,6.8215],[-2.3337,6.8312],[-2.3459,6.8421],[-2.3554,6.8445],[-2.3767,6.8382],[-2.4015,6.8193],[-2.4181,6.824],[-2.4201,6.8268],[-2.4181,6.8293],[-2.4209,6.8308],[-2.4158,6.834],[-2.416,6.8367],[-2.4089,6.8395],[-2.4087,6.8418],[-2.4019,6.8417],[-2.3985,6.8392],[-2.3984,6.8451],[-2.4002,6.8456],[-2.3999,6.8498],[-2.3978,6.8506],[-2.3987,6.8544],[-2.3961,6.8548],[-2.3971,6.857],[-2.3948,6.8587],[-2.3907,6.8573],[-2.3914,6.8554],[-2.3889,6.8572],[-2.3869,6.8558],[-2.3853,6.8583],[-2.388,6.8616],[-2.3856,6.8634],[-2.389,6.868],[-2.3842,6.8719],[-2.3841,6.8758],[-2.3806,6.8789],[-2.3791,6.877],[-2.3765,6.8791],[-2.3689,6.8789],[-2.3686,6.8821],[-2.364,6.8829],[-2.3628,6.8848],[-2.3675,6.8875],[-2.3669,6.8899],[-2.3607,6.8958],[-2.3546,6.8959],[-2.3523,6.8995],[-2.3503,6.8984],[-2.3512,6.9009],[-2.3475,6.9017],[-2.3499,6.9059],[-2.3486,6.9089],[-2.3391,6.9087],[-2.3384,6.9125],[-2.335,6.9138],[-2.338,6.9151],[-2.3361,6.9167],[-2.3383,6.9166],[-2.3378,6.919],[-2.3323,6.921],[-2.3339,6.9244],[-2.3315,6.9289],[-2.3266,6.9288],[-2.3245,6.9333],[-2.3211,6.9328],[-2.311,6.9418],[-2.2968,6.9409],[-2.289,6.9457],[-2.2737,6.9605],[-2.2647,6.9651],[-2.2589,6.9736],[-2.252,6.9773],[-2.247,6.9832],[-2.2472,6.991],[-2.2414,6.9972],[-2.2294,7.0073],[-2.2231,7.0076],[-2.2161,7.0118],[-2.2143,7.0197],[-2.2056,7.026],[-2.1934,7.0282],[-2.1839,7.0362],[-2.1788,7.0327],[-2.1834,7.028],[-2.1866,7.0294],[-2.1829,7.0228],[-2.1726,7.0241],[-2.1653,7.0329],[-2.14,7.0416],[-2.1393,7.0342],[-2.131,7.0171],[-2.1247,7.0115],[-2.122,7.0022],[-2.106,7.0044],[-2.0973,7.0072],[-2.0921,7.021],[-2.0821,7.0276],[-2.0784,7.0274],[-2.0756,7.0314],[-2.0673,7.0337],[-2.0623,7.0389],[-2.0531,7.041],[-2.0488,7.0373],[-2.0383,7.0402],[-2.0349,7.0446],[-2.0233,7.0512],[-2.0196,7.0606],[-2.0039,7.0747],[-1.995,7.0792],[-1.9903,7.0784],[-1.9843,7.0836],[-1.9706,7.0867],[-1.967,7.0899],[-1.9536,7.0852],[-1.9324,7.1302],[-1.933,7.1765],[-1.8689,7.2032],[-1.8623,7.2174],[-1.8556,7.2222],[-1.8553,7.2273],[-1.8386,7.2387],[-1.8267,7.2534],[-1.8272,7.2585],[-1.8366,7.2611],[-1.8379,7.2675],[-1.8434,7.273],[-1.8584,7.2781],[-1.8657,7.2775],[-1.8812,7.2663],[-1.8953,7.2634],[-1.9085,7.255],[-1.9143,7.2537],[-1.9272,7.2648],[-1.9412,7.2637],[-1.9515,7.2667],[-1.9623,7.2936],[-1.9702,7.2972],[-1.9884,7.298],[-1.9958,7.3132],[-2.0028,7.3175],[-2.0091,7.3185],[-2.0412,7.3059],[-2.0514,7.3062],[-2.0563,7.3089],[-2.0606,7.3172],[-2.0771,7.324],[-2.136,7.3954],[-2.1365,7.3902],[-2.1403,7.3871],[-2.1355,7.3738],[-2.1389,7.3682],[-2.1475,7.3657],[-2.1473,7.3614],[-2.1514,7.3562],[-2.1511,7.3488],[-2.1535,7.3459],[-2.1524,7.3411],[-2.1563,7.3388],[-2.161,7.3286],[-2.1655,7.328],[-2.1713,7.3229],[-2.1799,7.3228],[-2.1825,7.3198],[-2.1902,7.3221],[-2.1944,7.3176],[-2.1984,7.3182],[-2.2023,7.3146],[-2.2117,7.3129],[-2.2151,7.3144],[-2.2196,7.3106],[-2.2174,7.3077],[-2.2184,7.301],[-2.222,7.3028],[-2.2305,7.295],[-2.2352,7.2958],[-2.2405,7.2922],[-2.2442,7.2876],[-2.2428,7.285],[-2.2457,7.2796],[-2.2519,7.2809],[-2.2576,7.2772],[-2.2652,7.2775],[-2.2687,7.2743],[-2.2682,7.2688],[-2.2659,7.2675],[-2.2689,7.2647],[-2.2634,7.2614],[-2.2676,7.2556],[-2.271,7.2551],[-2.2703,7.2493],[-2.2652,7.2455],[-2.2671,7.2438],[-2.2725,7.2457],[-2.27,7.2388],[-2.2734,7.2372],[-2.2815,7.247],[-2.2816,7.238],[-2.2785,7.2337],[-2.284,7.2326],[-2.2853,7.2266],[-2.291,7.2243],[-2.2968,7.2335],[-2.3194,7.2333],[-2.3249,7.2371],[-2.3341,7.2294],[-2.3407,7.2178],[-2.3501,7.187],[-2.3106,7.1605],[-2.3052,7.1479],[-2.2979,7.1487],[-2.2977,7.1455],[-2.2881,7.1408],[-2.2936,7.1357],[-2.2918,7.1316],[-2.2963,7.1263],[-2.3006,7.1268],[-2.299,7.1236],[-2.3048,7.12],[-2.295,7.1129],[-2.298,7.0986],[-2.3007,7.0987],[-2.3044,7.1033],[-2.3095,7.0993],[-2.3151,7.1042],[-2.3196,7.103],[-2.3301,7.1061],[-2.3305,7.1156],[-2.3236,7.119],[-2.324,7.1229],[-2.3262,7.1249],[-2.3367,7.1221],[-2.3503,7.129],[-2.3661,7.1153],[-2.3634,7.1091],[-2.3685,7.1037],[-2.3828,7.0986],[-2.4383,7.0889],[-2.4009,7.1118],[-2.4476,7.1408],[-2.4603,7.1342],[-2.4697,7.1363],[-2.4754,7.1354],[-2.4793,7.1314],[-2.4938,7.1332],[-2.4936,7.2264],[-2.517,7.2303],[-2.5554,7.2304],[-2.5699,7.216],[-2.5784,7.2124],[-2.581,7.2073],[-2.582,7.1964],[-2.5799,7.1819],[-2.5838,7.1793],[-2.6069,7.1804],[-2.6124,7.1769],[-2.6201,7.1635],[-2.6239,7.1627],[-2.6285,7.1557],[-2.6488,7.1452],[-2.6514,7.1415],[-2.659,7.1418],[-2.6677,7.1377],[-2.672,7.1401],[-2.6753,7.1372],[-2.6839,7.1403],[-2.6851,7.1368],[-2.6916,7.1328],[-2.6897,7.1293],[-2.6923,7.1244],[-2.6897,7.1165],[-2.6959,7.108],[-2.7134,7.098],[-2.7322,7.0973],[-2.7332,7.0928],[-2.7513,7.0799],[-2.7618,7.0605],[-2.7639,7.0395],[-2.7618,7.0352],[-2.7679,7.0299],[-2.7706,7.0215],[-2.7774,7.0206]]}},{"type":"Feature","properties":{},"geometry":{"type":"LineString","coordinates":[[-2.749,5.4377],[-2.7242,5.388],[-2.7241,5.3428],[-2.7138,5.3492],[-2.704,5.3477],[-2.6982,5.3425],[-2.6934,5.3484],[-2.6868,5.3482],[-2.6788,5.3543],[-2.672,5.3639],[-2.6714,5.3684],[-2.6513,5.3776],[-2.6473,5.3826],[-2.6481,5.3848],[-2.6409,5.387],[-2.6355,5.3977],[-2.6258,5.402],[-2.6241,5.4073],[-2.6174,5.4139],[-2.618,5.4256],[-2.6104,5.4306],[-2.609,5.4364],[-2.6111,5.4477],[-2.6045,5.4498],[-2.6015,5.4535],[-2.6037,5.4618],[-2.607,5.462],[-2.6077,5.465],[-2.591,5.4636],[-2.5913,5.4694],[-2.5943,5.4679],[-2.6,5.4709],[-2.6013,5.4782],[-2.5974,5.4862],[-2.5796,5.4864],[-2.5806,5.4933],[-2.5844,5.4995],[-2.5786,5.5115],[-2.5794,5.5143],[-2.5825,5.5179],[-2.5913,5.5183],[-2.5988,5.5122],[-2.6045,5.5254],[-2.6024,5.5274],[-2.5955,5.5269],[-2.5991,5.5344],[-2.5926,5.5412],[-2.5915,5.5467],[-2.5808,5.5485],[-2.5791,5.5432],[-2.5726,5.5424],[-2.5688,5.5538],[-2.5771,5.5623],[-2.5736,5.5628],[-2.5699,5.5593],[-2.5679,5.5608],[-2.5664,5.5813],[-2.5591,5.582],[-2.5618,5.5876],[-2.5688,5.5873],[-2.5713,5.5907],[-2.5658,5.5971],[-2.5691,5.6082],[-2.574,5.6165],[-2.5781,5.6179],[-2.5824,5.6236],[-2.5807,5.6273],[-2.5734,5.6275],[-2.5752,5.6472],[-2.5684,5.6475],[-2.5571,5.6414],[-2.5531,5.6466],[-2.5561,5.6495],[-2.5579,5.657],[-2.5563,5.6581],[-2.56,5.6613],[-2.5769,5.6577],[-2.5812,5.664],[-2.5763,5.6635],[-2.5735,5.6662],[-2.5755,5.672],[-2.5731,5.6769],[-2.5641,5.6752],[-2.5654,5.6814],[-2.5746,5.6789],[-2.5714,5.6911],[-2.5672,5.6869],[-2.5595,5.6846],[-2.553,5.6855],[-2.5507,5.6884],[-2.56,5.7024],[-2.5546,5.7057],[-2.568,5.7116],[-2.5695,5.718],[-2.5659,5.7245],[-2.5799,5.7396],[-2.5923,5.7428],[-2.5922,5.735],[-2.5944,5.7334],[-2.6058,5.7339],[-2.6072,5.7373],[-2.5977,5.7462],[-2.5966,5.7518],[-2.5931,5.7511],[-2.5938,5.7543],[-2.5771,5.761],[-2.5709,5.7686],[-2.578,5.7849],[-2.5779,5.7873],[-2.5727,5.7891],[-2.5709,5.7922],[-2.5808,5.7954],[-2.5788,5.8016],[-2.58,5.8085],[-2.5724,5.8068],[-2.5677,5.8107],[-2.5648,5.803],[-2.5546,5.7935],[-2.5421,5.7934],[-2.5373,5.7972],[-2.5347,5.7952],[-2.5238,5.7952],[-2.5224,5.7917],[-2.5279,5.7897],[-2.5289,5.7854],[-2.5137,5.778],[-2.5068,5.777],[-2.5046,5.7835],[-2.4986,5.7833],[-2.4961,5.7867],[-2.4976,5.7904],[-2.5031,5.7935],[-2.4948,5.7962],[-2.5016,5.8005],[-2.5024,5.8088],[-2.4981,5.8092],[-2.4916,5.7996],[-2.4832,5.8059],[-2.4866,5.8114],[-2.4838,5.8194],[-2.4853,5.8262],[-2.4936,5.8221],[-2.5005,5.8265],[-2.5069,5.8262],[-2.5098,5.8234],[-2.5159,5.8242],[-2.5181,5.8281],[-2.5124,5.8304],[-2.5117,5.8354],[-2.5161,5.8337],[-2.52,5.8355],[-2.5164,5.8575],[-2.5119,5.866],[-2.5024,5.8634],[-2.5053,5.8697],[-2.4996,5.8735],[-2.4956,5.8665],[-2.486,5.8686],[-2.4982,5.888],[-2.4978,5.8962],[-2.5105,5.8993],[-2.5086,5.9018],[-2.5094,5.9147],[-2.5007,5.9136],[-2.4965,5.9166],[-2.5006,5.9206],[-2.5066,5.9216],[-2.5016,5.9269],[-2.5039,5.9311],[-2.5035,5.9378],[-2.51,5.9437],[-2.508,5.9506],[-2.5161,5.9551],[-2.5149,5.9667],[-2.5311,5.9695],[-2.5353,5.965],[-2.535,5.9703],[-2.5388,5.9796],[-2.5494,5.9801],[-2.5504,5.9822],[-2.5486,5.9904],[-2.5502,5.9926],[-2.5372,6.0033],[-2.5115,6.0434],[-2.4889,6.0649],[-2.5048,6.072],[-2.5086,6.0786],[-2.497,6.0925],[-2.4824,6.0959],[-2.4765,6.1082],[-2.4612,6.1101],[-2.4522,6.1001],[-2.4486,6.1022],[-2.4499,6.1074],[-2.4452,6.115],[-2.4377,6.12],[-2.4319,6.1141],[-2.4337,6.1068],[-2.4199,6.0969],[-2.4126,6.0882],[-2.3991,6.0899],[-2.3913,6.0843],[-2.3769,6.0826],[-2.3709,6.0843],[-2.3733,6.0865],[-2.3706,6.0975],[-2.3607,6.1002],[-2.3555,6.1052],[-2.3239,6.1011],[-2.3187,6.0962],[-2.3034,6.0965],[-2.29,6.1039],[-2.2835,6.1022],[-2.2715,6.1224],[-2.2569,6.12],[-2.2562,6.1356],[-2.2421,6.1407],[-2.2302,6.1501],[-2.2153,6.1399],[-2.2136,6.1427],[-2.2059,6.1447],[-2.1986,6.144],[-2.1888,6.1468],[-2.2052,6.1977],[-2.196,6.2012],[-2.1758,6.2143],[-2.1486,6.2384],[-2.1324,6.2587],[-2.1269,6.2507],[-2.1067,6.2461],[-2.0996,6.2396],[-2.0865,6.2625],[-2.0773,6.2836],[-2.0791,6.2904],[-2.076,6.2904],[-2.0748,6.2947],[-2.0814,6.2972],[-2.0953,6.3085],[-2.1201,6.3076],[-2.1232,6.3008],[-2.1266,6.3159],[-2.126,6.3222],[-2.1227,6.3271],[-2.1283,6.3413],[-2.1369,6.3481],[-2.1513,6.3495],[-2.153,6.3545],[-2.1727,6.3649],[-2.1998,6.3545],[-2.2071,6.3417],[-2.2271,6.3199],[-2.224,6.3361],[-2.2166,6.3447],[-2.2186,6.3517],[-2.2158,6.3552],[-2.2156,6.3663],[-2.2177,6.3773],[-2.2219,6.3846],[-2.2241,6.4034],[-2.2264,6.4055],[-2.226,6.4182],[-2.2316,6.4204],[-2.2286,6.4339],[-2.2319,6.4386],[-2.23,6.4491],[-2.2402,6.4725],[-2.2494,6.4777],[-2.2576,6.489],[-2.2629,6.4912],[-2.279,6.487],[-2.2861,6.4936],[-2.2861,6.4966],[-2.2915,6.4958],[-2.3017,6.4843],[-2.3078,6.4839],[-2.3159,6.4895],[-2.3386,6.4915],[-2.3437,6.4824],[-2.3509,6.4844],[-2.3598,6.478],[-2.3577,6.4703],[-2.3515,6.4658],[-2.3503,6.4621],[-2.349,6.4554],[-2.3525,6.4535],[-2.3525,6.4478],[-2.351,6.441],[-2.3479,6.438],[-2.3499,6.4347],[-2.344,6.4337],[-2.3507,6.3949],[-2.3625,6.3835],[-2.368,6.368],[-2.3764,6.3583],[-2.376,6.3549],[-2.3783,6.3551],[-2.3779,6.3498],[-2.381,6.3469],[-2.3845,6.3507],[-2.3903,6.3456],[-2.3898,6.3342],[-2.3995,6.3417],[-2.3975,6.3516],[-2.4085,6.3513],[-2.4159,6.3475],[-2.4269,6.3482],[-2.4286,6.3532],[-2.4356,6.355],[-2.4475,6.371],[-2.4687,6.3806],[-2.4687,6.3909],[-2.476,6.4019],[-2.486,6.4083],[-2.4979,6.4101],[-2.5045,6.4154],[-2.547,6.4009],[-2.5591,6.4292],[-2.5263,6.4548],[-2.5267,6.4621],[-2.5364,6.4614],[-2.562,6.4807],[-2.5823,6.4905],[-2.6351,6.5293],[-2.6687,6.5059],[-2.6744,6.5156],[-2.6811,6.572],[-2.6947,6.5778],[-2.7011,6.5852],[-2.7273,6.5888],[-2.7481,6.5808],[-2.7587,6.5849],[-2.7656,6.5835],[-2.7796,6.5757],[-2.7846,6.5949],[-2.7877,6.5966],[-2.789,6.6016],[-2.7938,6.6013],[-2.8008,6.607],[-2.8005,6.6115],[-2.8037,6.616],[-2.8056,6.617],[-2.8081,6.6146],[-2.808,6.6167],[-2.816,6.6167],[-2.8212,6.6229],[-2.8246,6.6233],[-2.8245,6.626],[-2.8309,6.6268],[-2.8327,6.6347],[-2.8442,6.6365],[-2.8514,6.6429],[-2.8608,6.6419],[-2.8669,6.6382],[-2.8708,6.64],[-2.8714,6.6424],[-2.8664,6.6498],[-2.871,6.651],[-2.8725,6.6541],[-2.8773,6.654],[-2.8692,6.6588],[-2.8578,6.659],[-2.8482,6.6681],[-2.8494,6.679],[-2.8564,6.6829],[-2.8549,6.6839],[-2.8578,6.6849],[-2.8579,6.6893],[-2.8617,6.6929],[-2.8625,6.6969],[-2.8582,6.6978],[-2.8623,6.7041],[-2.8593,6.7109],[-2.8635,6.7122],[-2.8657,6.7179],[-2.8577,6.7269],[-2.8589,6.7305],[-2.8566,6.7346],[-2.8427,6.7435],[-2.8398,6.7547],[-2.8498,6.7728],[-2.8369,6.7791],[-2.8403,6.781],[-2.8336,6.7903],[-2.8379,6.7947],[-2.8359,6.8012],[-2.8406,6.8081],[-2.8411,6.8173],[-2.8458,6.8234],[-2.8526,6.8201],[-2.8564,6.8214],[-2.856,6.8268],[-2.8495,6.8342],[-2.861,6.8422],[-2.8647,6.8513],[-2.8716,6.8537],[-2.8801,6.87],[-2.8861,6.8749],[-2.8859,6.8796],[-2.8911,6.8812],[-2.8968,6.8875],[-2.8963,6.8929],[-2.9053,6.9062],[-2.909,6.9083],[-2.9118,6.9143],[-2.9185,6.918],[-2.9198,6.9249],[-2.9288,6.9294],[-2.9391,6.9418],[-2.9692,6.9369],[-2.9843,6.9466],[-2.9891,6.9464],[-2.9959,6.9405],[-3.007,6.9395],[-3.0123,6.9372],[-3.0172,6.9309],[-3.0315,6.9261],[-3.0451,6.9383],[-3.0661,6.9398],[-3.0728,6.9436],[-3.0716,6.9495],[-3.0737,6.9549],[-3.0719,6.9599],[-3.0756,6.972],[-3.0926,6.9799],[-3.0995,6.9951],[-3.1168,7.0042],[-3.232,6.8223],[-3.2295,6.8092],[-3.2327,6.7948],[-3.2319,6.7812],[-3.2361,6.7776],[-3.212,6.7548],[-3.2174,6.7466],[-3.209,6.7317],[-3.2105,6.7281],[-3.2162,6.7256],[-3.2165,6.7145],[-3.2217,6.7056],[-3.2311,6.7006],[-3.2284,6.6894],[-3.2325,6.6863],[-3.2309,6.6808],[-3.2353,6.6774],[-3.2347,6.6679],[-3.2437,6.6653],[-3.25,6.6549],[-3.2502,6.6508],[-3.2568,6.644],[-3.2562,6.6352],[-3.2597,6.6301],[-3.2608,6.623],[-3.2593,6.6169],[-3.2522,6.6107],[-3.2333,6.6013],[-3.2362,6.5414],[-3.182,6.3299],[-3.1761,6.3196],[-3.1736,6.3025],[-3.1706,6.297],[-3.1715,6.2646],[-3.1757,6.2528],[-3.1545,6.2515],[-3.1027,6.1531],[-3.0738,5.985],[-3.02,5.8569],[-3.0264,5.7092],[-2.954,5.716],[-2.9665,5.6409],[-2.9626,5.6415],[-2.9597,5.6363],[-2.9541,5.6374],[-2.9503,5.6355],[-2.9486,5.6373],[-2.9437,5.6339],[-2.942,5.6279],[-2.9391,5.6283],[-2.9337,5.6194],[-2.9272,5.6192],[-2.9201,5.6278],[-2.9086,5.6284],[-2.9072,5.6304],[-2.9054,5.6288],[-2.9029,5.632],[-2.8993,5.6282],[-2.8983,5.6309],[-2.8874,5.6356],[-2.8877,5.6327],[-2.8864,5.6324],[-2.8836,5.64],[-2.879,5.6394],[-2.8756,5.6438],[-2.8722,5.6407],[-2.8717,5.6439],[-2.8674,5.6465],[-2.8678,5.6493],[-2.8658,5.6491],[-2.8652,5.6523],[-2.8607,5.6515],[-2.8582,5.6573],[-2.8557,5.6541],[-2.8589,5.6501],[-2.8485,5.6484],[-2.8472,5.6433],[-2.8441,5.6436],[-2.8395,5.6394],[-2.8366,5.6402],[-2.8324,5.6335],[-2.8286,5.6348],[-2.8286,5.6322],[-2.8232,5.6298],[-2.8223,5.6264],[-2.8162,5.6259],[-2.8135,5.629],[-2.8088,5.6275],[-2.8109,5.6253],[-2.8052,5.622],[-2.807,5.6184],[-2.8048,5.6198],[-2.8037,5.617],[-2.8022,5.6212],[-2.7938,5.6227],[-2.7935,5.6266],[-2.7911,5.6275],[-2.789,5.6266],[-2.7901,5.6232],[-2.7861,5.6248],[-2.7897,5.6172],[-2.7846,5.6187],[-2.7866,5.6144],[-2.7796,5.6134],[-2.7791,5.6153],[-2.7752,5.6154],[-2.7788,5.6067],[-2.775,5.6031],[-2.7726,5.6045],[-2.7682,5.6017],[-2.7661,5.6034],[-2.7601,5.5984],[-2.7625,5.5943],[-2.7678,5.5553],[-2.749,5.4377]]}}]}