{"type":"FeatureCollection","features":[{"type":"Feature","properties":{"name":"R\u00e9gion des Savanes"},"geometry":{"type":"LineString","coordinates":[[0.00211,11.09297],[0.00286,11.08476],[0.00616,11.08129],[0.00885,11.07644],[0.02354,11.05904],[0.02546,11.03511]]}},{"type":"Feature","properties":{"name":"R\u00e9gion des Savanes"},"geometry":{"type":"LineString","coordinates":[[0.02546,11.03511],[0.02862,11.00384],[0.03442,10.99234],[0.03334,10.98571],[0.03133,10.98258],[0.03334,10.97845],[0.02698,10.97797],[0.02665,10.97647],[0.02344,10.97727],[0.01543,10.97055],[0.01311,10.97119],[0.01387,10.96978]]}},{"type":"Feature","properties":{"name":"R\u00e9gion des Savanes"},"geometry":{"type":"LineString","coordinates":[[0.01387,10.96978],[0.00872,10.96536],[0.00481,10.96647],[-0.00609,10.96326],[-0.00657,10.95993],[-0.00488,10.95874],[-0.00587,10.95392],[-0.00773,10.95242],[-0.00711,10.94987],[-0.00711,10.9455],[-0.01187,10.94376],[-0.00977,10.93255],[-0.00984,10.92427],[-0.00714,10.91838],[-0.00894,10.91563],[-0.00808,10.91403],[-0.01517,10.90593],[-0.01243,10.90517],[-0.01565,10.89891],[-0.01547,10.89506],[-0.01869,10.89038],[-0.01817,10.88911],[-0.02374,10.88292],[-0.02445,10.88136],[-0.0254,10.88098],[-0.02575,10.87554],[-0.02466,10.87012],[-0.026,10.86995],[-0.02529,10.86556],[-0.02791,10.86147],[-0.0295,10.85372],[-0.02718,10.8406],[-0.0223,10.83121],[-0.02367,10.82916],[-0.02318,10.82574]]}},{"type":"Feature","properties":{"name":"R\u00e9gion des Savanes"},"geometry":{"type":"LineString","coordinates":[[-0.02318,10.82574],[-0.02229,10.81842],[-0.02939,10.81415],[-0.03127,10.8072],[-0.04123,10.80093],[-0.04451,10.79714],[-0.04566,10.79177],[-0.05764,10.78461],[-0.06548,10.77204],[-0.06808,10.77317],[-0.06997,10.77098]]}},{"type":"Feature","properties":{"name":"R\u00e9gion des Savanes"},"geometry":{"type":"LineString","coordinates":[[-0.06997,10.77098],[-0.07281,10.76927],[-0.06966,10.76491],[-0.0701,10.76305],[-0.07418,10.75473],[-0.07232,10.74439],[-0.07131,10.74034],[-0.0743,10.72929],[-0.073,10.71912],[-0.08553,10.71636],[-0.08905,10.71354]]}},{"type":"Feature","properties":{"name":"R\u00e9gion des Savanes"},"geometry":{"type":"LineString","coordinates":[[-0.08905,10.71354],[-0.07826,10.69027]]}},{"type":"Feature","properties":{"name":"R\u00e9gion des Savanes"},"geometry":{"type":"LineString","coordinates":[[-0.07826,10.69027],[-0.07005,10.66856],[-0.07025,10.66173],[-0.0678,10.65306],[-0.06357,10.64536],[-0.0157,10.6236],[-0.01603,10.62202],[-0.0117,10.61571],[-0.00643,10.61602],[-0.00617,10.61472],[-0.00263,10.61475],[0.04177,10.60075],[0.04115,10.59793],[0.04303,10.59653],[0.04323,10.59405],[0.05612,10.58351],[0.05981,10.5723],[0.11722,10.54142],[0.14344,10.52555],[0.14509,10.51904]]}},{"type":"Feature","properties":{"name":"R\u00e9gion des Savanes"},"geometry":{"type":"LineString","coordinates":[[0.14509,10.51904],[0.14541,10.51622],[0.14422,10.51505],[0.14732,10.51333],[0.14586,10.51006],[0.14793,10.50328],[0.14704,10.50104],[0.1488,10.49781],[0.15103,10.49699],[0.15047,10.49397],[0.15158,10.49051],[0.15109,10.48679],[0.1548,10.48443],[0.15326,10.48132],[0.15431,10.47761],[0.1558,10.47789],[0.15885,10.47447],[0.15771,10.46963],[0.15421,10.46717],[0.15446,10.46488],[0.15893,10.4607],[0.16179,10.46038],[0.16165,10.45617],[0.16365,10.45678],[0.16415,10.45381],[0.16853,10.45105],[0.17025,10.45241],[0.17265,10.45042],[0.17278,10.44638],[0.17061,10.44672],[0.17034,10.44464],[0.16672,10.44137],[0.16988,10.43709],[0.17039,10.43364],[0.17077,10.43323],[0.1692,10.43018],[0.1718,10.42839],[0.17322,10.42895],[0.17298,10.42749],[0.17505,10.4246],[0.17937,10.42538],[0.18009,10.42343],[0.18228,10.42339],[0.18558,10.41717],[0.18882,10.41864],[0.19103,10.41654],[0.18908,10.40969],[0.19087,10.40923],[0.19036,10.40432]]}},{"type":"Feature","properties":{"name":"R\u00e9gion des Savanes"},"geometry":{"type":"LineString","coordinates":[[0.19036,10.40432],[0.19218,10.40475],[0.19408,10.40293]]}},{"type":"Feature","properties":{"name":"R\u00e9gion des Savanes"},"geometry":{"type":"LineString","coordinates":[[0.19408,10.40293],[0.19683,10.40585],[0.20041,10.40559],[0.20193,10.40732],[0.20664,10.40718],[0.20674,10.40442],[0.20958,10.40568],[0.20537,10.41852],[0.21212,10.41705],[0.21048,10.42183],[0.21634,10.42391],[0.21809,10.42658],[0.22111,10.42469],[0.21768,10.42259],[0.22687,10.42204],[0.23687,10.41248],[0.23793,10.41629],[0.24186,10.41461],[0.24411,10.41593],[0.24766,10.41319],[0.24994,10.41317],[0.25173,10.40921],[0.25866,10.40982],[0.2595,10.40763],[0.26397,10.41099],[0.26439,10.40884],[0.26867,10.41042],[0.26924,10.41244],[0.26677,10.41286],[0.26651,10.41625],[0.27058,10.41578],[0.27298,10.42113],[0.27775,10.41958],[0.27962,10.42153],[0.28133,10.42002],[0.28448,10.42246]]}},{"type":"Feature","properties":{"name":"R\u00e9gion des Savanes"},"geometry":{"type":"LineString","coordinates":[[0.28448,10.42246],[0.28793,10.41813],[0.28896,10.4142],[0.28796,10.41215],[0.29053,10.40881],[0.29468,10.41114],[0.29533,10.40904],[0.29842,10.40965],[0.2986,10.40387],[0.30036,10.40186],[0.30011,10.39133],[0.29552,10.3865],[0.2952,10.38416],[0.29022,10.38155],[0.2933,10.38018],[0.2903,10.37789],[0.29014,10.37672]]}},{"type":"Feature","properties":{"name":"R\u00e9gion des Savanes"},"geometry":{"type":"LineString","coordinates":[[0.29014,10.37672],[0.29824,10.37292],[0.30131,10.37279],[0.30266,10.36945],[0.30749,10.3715],[0.30861,10.3672],[0.3112,10.3664],[0.31449,10.35879],[0.3145,10.35202],[0.31666,10.34818],[0.31559,10.33797],[0.31821,10.33496],[0.32153,10.33443],[0.32692,10.34024],[0.33042,10.33689],[0.334,10.33633],[0.3373,10.32832],[0.33747,10.32385],[0.32925,10.32226],[0.32264,10.3191],[0.32169,10.31236],[0.31642,10.31179],[0.31616,10.31074]]}},{"type":"Feature","properties":{"name":"R\u00e9gion des Savanes"},"geometry":{"type":"LineString","coordinates":[[0.31616,10.31074],[0.31994,10.30833],[0.32201,10.30968],[0.32476,10.30676],[0.32928,10.31158],[0.33094,10.30831],[0.33236,10.31136],[0.33648,10.30842],[0.3484,10.30768],[0.3535,10.3142],[0.35898,10.31117],[0.36879,10.31151],[0.37753,10.31366],[0.38124,10.31271],[0.38903,10.31569],[0.39672,10.31292],[0.39681,10.30428],[0.39067,10.30236],[0.38821,10.30374],[0.38568,10.3002],[0.38256,10.29868],[0.38438,10.29655],[0.37869,10.29446],[0.37694,10.29025],[0.37778,10.28624],[0.373,10.28831],[0.37485,10.28555],[0.37312,10.28266],[0.37178,10.28575],[0.36945,10.28433],[0.37314,10.27992],[0.38211,10.27673],[0.38175,10.27321]]}},{"type":"Feature","properties":{"name":"R\u00e9gion des Savanes"},"geometry":{"type":"LineString","coordinates":[[0.38175,10.27321],[0.37629,10.26998],[0.3675,10.2646],[0.36229,10.26074],[0.36154,10.23994],[0.36166,10.22935],[0.35624,10.21486],[0.35615,10.20831],[0.35615,10.19692],[0.35095,10.1888],[0.35441,10.17878],[0.35276,10.17094],[0.35227,10.16389],[0.36048,10.14928],[0.3633,10.14279],[0.36168,10.13192],[0.3583,10.12773],[0.35569,10.116],[0.35512,10.09279],[0.36966,10.08592],[0.40206,10.07437],[0.41338,10.06452],[0.41759,10.05926],[0.41476,10.05162],[0.41457,10.03383],[0.4143,10.03108],[0.4118,10.02701],[0.41134,10.02172],[0.40963,10.02088]]}},{"type":"Feature","properties":{"name":"R\u00e9gion des Savanes"},"geometry":{"type":"LineString","coordinates":[[0.68193,9.89634],[0.67623,9.90066],[0.67252,9.89951],[0.66262,9.88924],[0.65283,9.88805],[0.64694,9.90039],[0.64297,9.90141],[0.62752,9.89314],[0.62644,9.88513],[0.62368,9.88403],[0.60806,9.89339],[0.60207,9.89394],[0.59363,9.89126],[0.58355,9.89108],[0.57764,9.88892],[0.57302,9.88855],[0.56309,9.88824],[0.54966,9.89674],[0.5476,9.89863],[0.54416,9.89993],[0.54385,9.90906],[0.54327,9.91211],[0.53746,9.91785],[0.52308,9.92013],[0.51811,9.91983],[0.51557,9.9238],[0.52024,9.9272],[0.51994,9.93112],[0.52336,9.93776],[0.52602,9.94197],[0.53345,9.94259],[0.53668,9.94793],[0.53404,9.95453],[0.52735,9.95438],[0.52153,9.95379],[0.51398,9.95354],[0.50823,9.95356],[0.49969,9.95327],[0.49281,9.95318],[0.48342,9.95705],[0.46553,9.95055],[0.45799,9.95495],[0.44817,9.9594],[0.44792,9.97013],[0.44119,9.96968],[0.43014,9.9722],[0.42883,9.98999],[0.43554,9.99745],[0.42748,10.01357],[0.43154,10.02094],[0.42508,10.01989],[0.42307,10.0216],[0.42597,10.0248],[0.42746,10.02597],[0.42225,10.02542],[0.41885,10.02207],[0.41358,10.02262],[0.41048,10.02029],[0.40963,10.02088]]}},{"type":"Feature","properties":{"name":"R\u00e9gion des Savanes"},"geometry":{"type":"LineString","coordinates":[[0.74238,10.14871],[0.71146,10.07886],[0.68242,10.00729],[0.68284,9.99218],[0.68118,9.96284],[0.66968,9.94727],[0.66593,9.91698],[0.67822,9.90516],[0.68193,9.89634]]}},{"type":"Feature","properties":{"name":"R\u00e9gion des Savanes"},"geometry":{"type":"LineString","coordinates":[[0.86891,10.1802],[0.8581,10.18597],[0.85254,10.1828],[0.84773,10.18444],[0.84619,10.17485],[0.84298,10.17118],[0.82373,10.16939],[0.82162,10.16283],[0.81421,10.15862],[0.80697,10.16213],[0.805,10.17293],[0.80202,10.1767],[0.79535,10.17668],[0.7924,10.18443],[0.78093,10.17947],[0.78207,10.1717],[0.76709,10.17745],[0.76455,10.17843],[0.76268,10.17865],[0.76143,10.18158],[0.75336,10.17121],[0.75344,10.16523],[0.75065,10.16351],[0.74141,10.16724],[0.7387,10.16284],[0.74738,10.15321],[0.74238,10.14871]]}},{"type":"Feature","properties":{"name":"R\u00e9gion des Savanes"},"geometry":{"type":"LineString","coordinates":[[1.00028,10.21944],[0.96098,10.16453],[0.9248,10.17312],[0.90291,10.16369],[0.89553,10.14989],[0.88403,10.15413],[0.86891,10.1802]]}},{"type":"Feature","properties":{"name":"R\u00e9gion des Savanes"},"geometry":{"type":"LineString","coordinates":[[0.89722,10.29194],[1.00028,10.21944]]}},{"type":"Feature","properties":{"name":"R\u00e9gion des Savanes"},"geometry":{"type":"LineString","coordinates":[[0.80139,10.66861],[0.80722,10.60056],[0.80611,10.57361],[0.7975,10.54694],[0.785,10.52167],[0.7922,10.36589],[0.89722,10.29194]]}},{"type":"Feature","properties":{"name":"R\u00e9gion des Savanes"},"geometry":{"type":"LineString","coordinates":[[0.80139,10.70806],[0.80028,10.68111],[0.80139,10.66861]]}},{"type":"Feature","properties":{"name":"R\u00e9gion des Savanes"},"geometry":{"type":"LineString","coordinates":[[0.91221,10.99617],[0.905,10.96167],[0.88917,10.91667],[0.90206,10.8875],[0.90167,10.87306],[0.89083,10.86278],[0.88611,10.84361],[0.86361,10.78306],[0.8075,10.72306],[0.80139,10.70806]]}},{"type":"Feature","properties":{"name":"R\u00e9gion des Savanes"},"geometry":{"type":"LineString","coordinates":[[0.76014,10.99734],[0.89004,10.99635],[0.90051,10.99664],[0.91221,10.99617]]}},{"type":"Feature","properties":{"name":"R\u00e9gion des Savanes"},"geometry":{"type":"LineString","coordinates":[[0.49989,10.93172],[0.6041,10.97468],[0.66469,10.99764],[0.73608,10.99638],[0.75827,10.99736],[0.76014,10.99734]]}},{"type":"Feature","properties":{"name":"R\u00e9gion des Savanes"},"geometry":{"type":"LineString","coordinates":[[0.42408,11.02438],[0.50392,11.00836],[0.5012,11.00325],[0.50435,11.00214],[0.50222,11.00101],[0.50364,10.99727],[0.49866,10.99349],[0.4982,10.98848],[0.50363,10.9892],[0.50797,10.99071],[0.51007,10.98868],[0.51165,10.97824],[0.5164,10.96984],[0.51486,10.96811],[0.51013,10.95832],[0.5102,10.94956],[0.50606,10.94039],[0.49989,10.93172]]}},{"type":"Feature","properties":{"name":"R\u00e9gion des Savanes"},"geometry":{"type":"LineString","coordinates":[[0.26358,11.05738],[0.42408,11.02438]]}},{"type":"Feature","properties":{"name":"R\u00e9gion des Savanes"},"geometry":{"type":"LineString","coordinates":[[0.14448,11.08056],[0.26358,11.05738]]}},{"type":"Feature","properties":{"name":"R\u00e9gion des Savanes"},"geometry":{"type":"LineString","coordinates":[[0.04538,11.10069],[0.14448,11.08056]]}},{"type":"Feature","properties":{"name":"R\u00e9gion des Savanes"},"geometry":{"type":"LineString","coordinates":[[0.04538,11.10069],[0.03887,11.10116]]}},{"type":"Feature","properties":{"name":"R\u00e9gion des Savanes"},"geometry":{"type":"LineString","coordinates":[[0.03887,11.10116],[0.02981,11.10937],[0.02063,11.11155],[0.01825,11.11354],[0.01364,11.11336]]}},{"type":"Feature","properties":{"name":"R\u00e9gion des Savanes"},"geometry":{"type":"LineString","coordinates":[[0.01364,11.11336],[0.01057,11.11465],[0.00632,11.11162],[-0.00315,11.11139]]}},{"type":"Feature","properties":{"name":"R\u00e9gion des Savanes"},"geometry":{"type":"LineString","coordinates":[[-0.01772,11.11524],[-0.00315,11.11139]]}},{"type":"Feature","properties":{"name":"R\u00e9gion des Savanes"},"geometry":{"type":"LineString","coordinates":[[-0.10827,11.1339],[-0.01772,11.11524]]}},{"type":"Feature","properties":{"name":"R\u00e9gion des Savanes"},"geometry":{"type":"LineString","coordinates":[[-0.13623,11.13951],[-0.10827,11.1339]]}},{"type":"Feature","properties":{"name":"R\u00e9gion des Savanes"},"geometry":{"type":"LineString","coordinates":[[-0.13623,11.13951],[-0.13375,11.13584],[-0.13421,11.12948],[-0.14096,11.12335],[-0.14397,11.11778],[-0.14248,11.10988],[-0.14252,11.10523],[-0.13583,11.10664],[-0.13043,11.10536],[-0.12572,11.10574],[-0.11984,11.10027],[-0.11574,11.09959],[-0.10939,11.0958],[-0.10216,11.09297],[-0.10195,11.08949],[-0.09229,11.08586],[-0.08571,11.08702],[-0.07876,11.08477],[-0.0742,11.08523],[-0.07138,11.08631],[-0.06714,11.08493],[-0.06291,11.08598],[-0.05441,11.08647],[-0.05186,11.09144],[-0.04622,11.09877],[-0.04528,11.1008],[-0.03494,11.10831],[-0.02598,11.11154],[-0.02075,11.11216],[-0.01877,11.11445],[-0.0179,11.1143]]}},{"type":"Feature","properties":{"name":"R\u00e9gion des Savanes"},"geometry":{"type":"LineString","coordinates":[[-0.0179,11.1143],[-0.01457,11.11254],[-0.01346,11.11095],[-0.00914,11.1103],[-0.00439,11.10726],[-0.00483,11.10049],[0.00211,11.09297]]}},{"type":"Feature","properties":{"name":"Est"},"geometry":{"type":"LineString","coordinates":[[0.98818,13.08441],[0.9902,13.08374]]}},{"type":"Feature","properties":{"name":"Est"},"geometry":{"type":"LineString","coordinates":[[0.88198,13.05494],[0.88456,13.05663],[0.88703,13.05478],[0.88992,13.0526],[0.8931,13.0551],[0.90024,13.05802],[0.90293,13.06207],[0.9119,13.07033],[0.92074,13.07684],[0.92677,13.07869],[0.93137,13.08189],[0.93599,13.07994],[0.94087,13.08307],[0.95731,13.08152],[0.96351,13.08435],[0.96634,13.08302],[0.97525,13.08478],[0.98073,13.08301],[0.98214,13.08441],[0.98818,13.08441]]}},{"type":"Feature","properties":{"name":"Est"},"geometry":{"type":"LineString","coordinates":[[0.59553,12.97019],[0.60191,12.97355],[0.60945,12.98257],[0.60756,12.98557],[0.60941,12.98703],[0.61126,12.98626],[0.61564,12.99473],[0.61953,12.99532],[0.62391,12.99724],[0.63028,12.99525],[0.63345,12.99649],[0.63677,13.0],[0.63734,13.00333],[0.64081,13.00484],[0.64679,13.00158],[0.65153,12.99696],[0.65044,12.99539],[0.65356,12.99155],[0.65341,12.98666],[0.65681,12.97994],[0.66336,12.98045],[0.67406,12.98428],[0.67377,12.98616],[0.67583,12.98662],[0.67703,12.99196],[0.67217,12.9956],[0.6752,12.99779],[0.67399,13.00086],[0.67704,13.00301],[0.67902,13.00076],[0.68093,13.00258],[0.68168,13.00119],[0.69049,13.00534],[0.69318,13.00163],[0.69046,12.99753],[0.68954,12.99183],[0.69352,12.98991],[0.69406,12.98573],[0.69881,12.98331],[0.7065,12.98478],[0.7129,12.98383],[0.71628,12.98595],[0.71754,12.9845],[0.72237,12.98715],[0.72508,12.98441],[0.73009,12.99071],[0.73378,12.99011],[0.73506,12.99273],[0.73763,12.99272],[0.74,12.99516],[0.75592,12.98726],[0.76243,12.98276],[0.76503,12.98306],[0.76802,12.98158],[0.76948,12.98028],[0.77558,12.98358],[0.78057,12.99241],[0.77877,12.99855],[0.78127,13.00009],[0.77756,13.00436],[0.77688,13.00688],[0.77441,13.00803],[0.77548,13.01553],[0.77471,13.02245],[0.77798,13.02365],[0.78415,13.02416],[0.78689,13.02688],[0.79259,13.02588],[0.79715,13.01979],[0.80627,13.00757],[0.80975,13.00467],[0.81589,13.00303],[0.82685,13.00522],[0.82862,13.00759],[0.83053,13.00698],[0.83472,13.00976],[0.83914,13.01041],[0.83768,13.01263],[0.84148,13.01344],[0.84099,13.01528],[0.84421,13.01502],[0.8461,13.01749],[0.84528,13.02509],[0.83963,13.02663],[0.83689,13.02981],[0.84783,13.04185],[0.87912,13.03551],[0.8861,13.04804],[0.88198,13.05494]]}},{"type":"Feature","properties":{"name":"Est"},"geometry":{"type":"LineString","coordinates":[[0.35345,13.21997],[0.41986,13.17808],[0.42574,13.17336],[0.43362,13.15226],[0.44484,13.12851],[0.47958,13.12018],[0.48552,13.11675],[0.49151,13.1022],[0.49039,13.09378],[0.49382,13.07867],[0.49591,13.07296],[0.50191,13.06626],[0.50938,13.0555],[0.52126,13.04858],[0.5325,13.04426],[0.53969,13.04092],[0.55766,13.03361],[0.56484,13.0312],[0.56979,13.02686],[0.57253,13.01959],[0.57284,13.01604],[0.57364,12.99748],[0.58113,12.9808],[0.58723,12.97583],[0.59553,12.97019]]}},{"type":"Feature","properties":{"name":"Est"},"geometry":{"type":"LineString","coordinates":[[0.23038,13.30109],[0.23223,13.28637],[0.24129,13.28379],[0.24547,13.27615],[0.24784,13.26827],[0.2497,13.25149],[0.27192,13.23308],[0.28428,13.23207],[0.29541,13.23745],[0.3107,13.23861],[0.33706,13.228],[0.35345,13.21997]]}},{"type":"Feature","properties":{"name":"Est"},"geometry":{"type":"LineString","coordinates":[[0.06835,13.54316],[0.06145,13.52023],[0.05768,13.51264],[0.05784,13.50702],[0.06986,13.48448],[0.0891,13.48846],[0.1081,13.48139],[0.11776,13.45026],[0.14077,13.39486],[0.17857,13.3361],[0.23038,13.30109]]}},{"type":"Feature","properties":{"name":"Est"},"geometry":{"type":"LineString","coordinates":[[-0.23422,13.50851],[-0.22168,13.51042],[-0.21474,13.51841],[-0.2049,13.52658],[-0.20077,13.53723],[-0.19254,13.55843],[-0.19001,13.56816],[-0.18335,13.57458],[-0.17659,13.57549],[-0.14748,13.57101],[-0.13199,13.57038],[-0.12739,13.56652],[-0.1194,13.56358],[-0.11377,13.56194],[-0.09884,13.55772],[-0.08203,13.54276],[-0.07189,13.5402],[-0.04195,13.54368],[-0.0304,13.54],[-0.02514,13.54111],[-0.00938,13.56046],[-0.00647,13.56643],[-0.00012,13.57095],[0.04922,13.57815],[0.05873,13.5776],[0.06338,13.57548],[0.06625,13.56994],[0.06835,13.54316]]}},{"type":"Feature","properties":{"name":"Est"},"geometry":{"type":"LineString","coordinates":[[-0.23422,13.50851],[-0.22712,13.49218],[-0.23209,13.48471],[-0.23292,13.48017],[-0.23946,13.46821],[-0.26013,13.46933],[-0.28096,13.46974],[-0.2862,13.46688],[-0.2996,13.45265],[-0.30446,13.44163],[-0.30978,13.42612],[-0.31998,13.40804],[-0.30317,13.39557],[-0.2797,13.38724],[-0.27612,13.37495],[-0.27338,13.36724],[-0.28623,13.35454],[-0.29017,13.34766],[-0.3019,13.33383],[-0.30287,13.32785],[-0.30527,13.30638],[-0.3079,13.30279],[-0.32521,13.28883],[-0.33721,13.28295],[-0.3432,13.27459],[-0.32768,13.25084],[-0.31828,13.23956],[-0.31709,13.20525],[-0.30762,13.19673],[-0.30527,13.19406],[-0.3134,13.18341],[-0.32883,13.16256],[-0.33689,13.1466],[-0.34631,13.13832],[-0.36139,13.12939],[-0.36876,13.1147],[-0.38316,13.05539],[-0.39,13.01537],[-0.38994,12.99951],[-0.38056,12.98483],[-0.37324,12.97997],[-0.35508,12.97296],[-0.35381,12.94867],[-0.35659,12.92048],[-0.35098,12.90837],[-0.32957,12.87746],[-0.31836,12.86884],[-0.29797,12.85856],[-0.26989,12.84977],[-0.24521,12.83825],[-0.23124,12.82686],[-0.22987,12.82231],[-0.22303,12.81773],[-0.21369,12.80945],[-0.21751,12.80145],[-0.22008,12.79791],[-0.2232,12.79225],[-0.22779,12.78658],[-0.23796,12.77083],[-0.24607,12.75646],[-0.25849,12.74464],[-0.25456,12.72886],[-0.2468,12.7182],[-0.21835,12.68616],[-0.22775,12.63452],[-0.22973,12.59851],[-0.23841,12.57352],[-0.23877,12.5674],[-0.23736,12.56589],[-0.23875,12.56115],[-0.24057,12.55972]]}},{"type":"Feature","properties":{"name":"Est"},"geometry":{"type":"LineString","coordinates":[[-0.24057,12.55972],[-0.25091,12.54183],[-0.25061,12.53474],[-0.25008,12.52826],[-0.24862,12.5228],[-0.2495,12.51948],[-0.25663,12.50899],[-0.25601,12.50071],[-0.25972,12.48738],[-0.2576,12.48007],[-0.26217,12.47339],[-0.26396,12.45569],[-0.25146,12.43901],[-0.24024,12.43325],[-0.19268,12.43564],[-0.18369,12.43173],[-0.17651,12.42625],[-0.16865,12.42187],[-0.1611,12.41191],[-0.15084,12.40453],[-0.14517,12.3954],[-0.15044,12.38781],[-0.15478,12.3844],[-0.15561,12.37953],[-0.16215,12.37111],[-0.16606,12.37148],[-0.1678,12.37142],[-0.1691,12.36977],[-0.171,12.36172],[-0.17449,12.35771],[-0.17926,12.35739],[-0.18258,12.35633],[-0.1839,12.34893],[-0.18639,12.34869],[-0.19031,12.34344],[-0.19168,12.33932],[-0.19079,12.33094],[-0.19273,12.32871],[-0.19367,12.32413],[-0.20399,12.32076],[-0.2051,12.31754],[-0.20542,12.31368],[-0.20686,12.31064],[-0.20564,12.30802],[-0.20679,12.30433],[-0.20698,12.30188],[-0.20542,12.29487],[-0.20741,12.28534],[-0.18933,12.27654],[-0.15999,12.27014],[-0.13852,12.2616],[-0.12368,12.25787],[-0.11212,12.25281]]}},{"type":"Feature","properties":{"name":"Est"},"geometry":{"type":"LineString","coordinates":[[-0.11212,12.25281],[-0.10082,12.24415],[-0.09515,12.23604],[-0.08727,12.21967],[-0.07821,12.20891],[-0.06076,12.20592],[-0.05483,12.20025],[-0.05186,12.18848],[-0.04387,12.1555],[-0.0266,12.15367],[-0.02165,12.14906],[-0.00446,12.11508],[-0.01481,12.10483],[-0.03445,12.09821],[-0.05129,12.09964],[-0.05538,12.0932],[-0.05811,12.07946],[-0.0643,12.07511],[-0.07378,12.07799],[-0.07725,12.07955],[-0.0843,12.08333],[-0.10374,12.08537],[-0.11068,12.08317],[-0.12612,12.06966],[-0.12229,12.05836],[-0.11912,12.05174],[-0.11973,12.04733],[-0.12919,12.02957],[-0.13005,12.02267],[-0.13068,11.99929],[-0.13118,11.98506],[-0.13961,11.96853],[-0.13793,11.95686],[-0.13986,11.94999],[-0.14442,11.9392],[-0.1415,11.93155]]}},{"type":"Feature","properties":{"name":"Est"},"geometry":{"type":"LineString","coordinates":[[-0.1415,11.93155],[-0.13174,11.92817],[-0.11686,11.92337],[-0.1107,11.91359],[-0.11091,11.899],[-0.10834,11.88337],[-0.09923,11.87944],[-0.07654,11.87228],[-0.04102,11.88335],[-0.02548,11.87946],[-0.00921,11.86353],[-0.00255,11.85532],[-7e-05,11.84777],[0.00436,11.8194],[0.00777,11.75297]]}},{"type":"Feature","properties":{"name":"Est"},"geometry":{"type":"LineString","coordinates":[[0.00777,11.75297],[0.01642,11.7522],[0.02847,11.75278],[0.04859,11.76777],[0.04788,11.79232],[0.05998,11.80532],[0.06382,11.80526],[0.0799,11.79419],[0.12072,11.78593],[0.13937,11.79319],[0.14548,11.7949],[0.15723,11.79949]]}},{"type":"Feature","properties":{"name":"Est"},"geometry":{"type":"LineString","coordinates":[[0.15723,11.79949],[0.15884,11.79781],[0.15751,11.79594],[0.16368,11.7912],[0.16817,11.79528],[0.17162,11.79609],[0.18197,11.79077],[0.1814,11.78863],[0.18338,11.78724],[0.18204,11.78414],[0.19155,11.77289],[0.19056,11.76853]]}},{"type":"Feature","properties":{"name":"Est"},"geometry":{"type":"LineString","coordinates":[[0.19056,11.76853],[0.19841,11.76688],[0.22456,11.76692],[0.26796,11.76813],[0.27818,11.76491],[0.32572,11.73131],[0.40413,11.68987],[0.43256,11.67709]]}},{"type":"Feature","properties":{"name":"Est"},"geometry":{"type":"LineString","coordinates":[[0.43256,11.67709],[0.4411,11.67695],[0.44381,11.67726],[0.47566,11.68026],[0.48779,11.68307],[0.49301,11.68706],[0.49952,11.68837],[0.5067,11.69248],[0.51063,11.69392]]}},{"type":"Feature","properties":{"name":"Est"},"geometry":{"type":"LineString","coordinates":[[0.51063,11.69392],[0.51666,11.66807],[0.51596,11.65072],[0.518,11.64142],[0.51778,11.61532],[0.5312,11.54795],[0.53245,11.50168],[0.54021,11.48739],[0.55276,11.46588],[0.58975,11.36206]]}},{"type":"Feature","properties":{"name":"Est"},"geometry":{"type":"LineString","coordinates":[[0.58975,11.36206],[0.58167,11.36422],[0.573,11.3615],[0.55662,11.35989],[0.55323,11.35705],[0.55089,11.35757],[0.54768,11.35376],[0.54686,11.34929],[0.54556,11.34781],[0.53834,11.34376],[0.53372,11.34366],[0.53449,11.33871]]}},{"type":"Feature","properties":{"name":"Est"},"geometry":{"type":"LineString","coordinates":[[0.53449,11.33871],[0.53832,11.33903],[0.54254,11.32989],[0.54097,11.32613],[0.54302,11.32109],[0.55017,11.31402],[0.54797,11.30878],[0.55036,11.29993],[0.54743,11.28863],[0.54929,11.28548],[0.55239,11.28459],[0.55404,11.2809],[0.55723,11.28138],[0.55689,11.28558],[0.55893,11.28497],[0.56059,11.27906],[0.56561,11.27788],[0.56916,11.27325],[0.56749,11.26491],[0.57284,11.25653],[0.571,11.25491],[0.57177,11.25232],[0.56944,11.24925],[0.56991,11.24683],[0.56295,11.23924],[0.56296,11.23408],[0.56002,11.22992],[0.56392,11.21569]]}},{"type":"Feature","properties":{"name":"Est"},"geometry":{"type":"LineString","coordinates":[[0.56392,11.21569],[0.54689,11.17993],[0.52231,11.13578],[0.52226,11.1062],[0.52435,11.09016],[0.52667,11.07938],[0.52502,11.07399],[0.51154,11.06987],[0.50565,11.0723],[0.49101,11.09506],[0.48339,11.10368],[0.4748,11.10433],[0.46744,11.11174],[0.45921,11.10952],[0.45099,11.10508],[0.4495,11.09176],[0.4337,11.04813],[0.42801,11.03787],[0.42408,11.02438]]}},{"type":"Feature","properties":{"name":"Est"},"geometry":{"type":"LineString","coordinates":[[0.94531,11.03514],[0.91221,10.99617]]}},{"type":"Feature","properties":{"name":"Est"},"geometry":{"type":"LineString","coordinates":[[0.94722,11.03678],[0.94531,11.03514]]}},{"type":"Feature","properties":{"name":"Est"},"geometry":{"type":"LineString","coordinates":[[1.11472,11.03248],[1.10858,11.03053],[1.10659,11.03157],[1.09753,11.04732],[1.09007,11.05013],[1.08173,11.05589],[1.07287,11.05641],[1.07246,11.05951],[1.06999,11.0619],[1.06421,11.06208],[1.06185,11.05832],[1.0548,11.05862],[1.05017,11.05556],[1.03689,11.05161],[1.02686,11.05275],[1.01552,11.0749],[1.01556,11.08019],[1.0128,11.08431],[1.01339,11.08737],[1.00182,11.08882],[0.98682,11.0866],[0.98618,11.0889],[0.9885,11.09337],[0.98677,11.09443],[0.98396,11.09015],[0.97631,11.0868],[0.9767,11.08285],[0.97434,11.07949],[0.97511,11.07594],[0.97702,11.07453],[0.97728,11.06606],[0.97252,11.05463],[0.96616,11.05258],[0.96367,11.04791],[0.95666,11.04358],[0.95101,11.03707],[0.94722,11.03678]]}},{"type":"Feature","properties":{"name":"Est"},"geometry":{"type":"LineString","coordinates":[[1.05394,11.13856],[1.0555,11.13386],[1.05329,11.13232],[1.05004,11.1329],[1.04967,11.13141],[1.05387,11.12923],[1.05749,11.12937],[1.05949,11.12417],[1.06881,11.12743],[1.0686,11.12962],[1.06257,11.13319],[1.06657,11.13584],[1.07119,11.13196],[1.07653,11.13038],[1.08101,11.12471],[1.0807,11.12151],[1.08697,11.1211],[1.08711,11.11621],[1.08984,11.11338],[1.0856,11.10975],[1.08623,11.10708],[1.09581,11.10276],[1.08948,11.09962],[1.08762,11.09365],[1.09199,11.09395],[1.09439,11.08738],[1.10096,11.08171],[1.09727,11.07662],[1.09797,11.07143],[1.10093,11.06758],[1.09762,11.06147],[1.10288,11.0556],[1.10707,11.05451],[1.11119,11.05085],[1.11272,11.05142],[1.11345,11.05657],[1.11668,11.05402],[1.11192,11.0481],[1.11464,11.04504],[1.11764,11.04777],[1.11863,11.04256],[1.11643,11.03712],[1.11213,11.0363],[1.11472,11.03248]]}},{"type":"Feature","properties":{"name":"Est"},"geometry":{"type":"LineString","coordinates":[[1.16522,11.17021],[1.15946,11.16939],[1.16045,11.16559],[1.15734,11.16529],[1.1565,11.16307],[1.15437,11.16327],[1.1505,11.16648],[1.14842,11.16646],[1.14797,11.17043],[1.14194,11.17332],[1.1433,11.17614],[1.14121,11.17745],[1.13876,11.17707],[1.13714,11.1748],[1.133,11.17839],[1.11667,11.17697],[1.11183,11.17318],[1.10845,11.16661],[1.10502,11.16405],[1.10281,11.15793],[1.09791,11.15664],[1.10055,11.15468],[1.10007,11.15302],[1.0939,11.15155],[1.09032,11.14886],[1.08432,11.15124],[1.07953,11.14818],[1.07199,11.15125],[1.06109,11.15044],[1.06014,11.14789],[1.05468,11.14643],[1.0572,11.14229],[1.05394,11.13856]]}},{"type":"Feature","properties":{"name":"Est"},"geometry":{"type":"LineString","coordinates":[[1.15158,11.27804],[1.1487,11.28094],[1.14316,11.27327],[1.13945,11.2711],[1.14009,11.26629],[1.13691,11.26409],[1.1393,11.26056],[1.1324,11.26078],[1.13111,11.25601],[1.13338,11.2531],[1.13764,11.25396],[1.13848,11.25239],[1.13185,11.25082],[1.12959,11.2478],[1.14009,11.24357],[1.14373,11.23951],[1.15061,11.23815],[1.15102,11.23632],[1.14951,11.23521],[1.1509,11.23449],[1.15658,11.23554],[1.15624,11.23327],[1.16004,11.22434],[1.15537,11.22008],[1.15289,11.22287],[1.1537,11.21885],[1.15656,11.21716],[1.15478,11.21324],[1.14999,11.21247],[1.15328,11.21138],[1.15495,11.20843],[1.15256,11.20493],[1.15477,11.20182],[1.15113,11.19233],[1.15487,11.19253],[1.15764,11.18628],[1.15315,11.18335],[1.15679,11.18047],[1.15447,11.17847],[1.15645,11.17393],[1.16133,11.17599],[1.16522,11.17021]]}},{"type":"Feature","properties":{"name":"Est"},"geometry":{"type":"LineString","coordinates":[[1.16826,11.28397],[1.16282,11.28197],[1.15767,11.28459],[1.15216,11.28074],[1.15158,11.27804]]}},{"type":"Feature","properties":{"name":"Est"},"geometry":{"type":"LineString","coordinates":[[1.32712,11.3606],[1.32589,11.35976],[1.32707,11.35586],[1.32817,11.35378],[1.32612,11.352],[1.33055,11.34304],[1.33466,11.33971],[1.33228,11.33637],[1.3329,11.33448],[1.33954,11.33456],[1.34,11.33215],[1.33803,11.32788],[1.33973,11.32349],[1.34656,11.323],[1.34843,11.32132],[1.34616,11.31839],[1.34341,11.31826],[1.34301,11.3161],[1.3481,11.31553],[1.34773,11.31234],[1.35084,11.31081],[1.35139,11.30638],[1.34641,11.30675],[1.34161,11.31044],[1.33812,11.30861],[1.33565,11.30447],[1.34111,11.30354],[1.34088,11.30111],[1.33245,11.29801],[1.33298,11.29259],[1.32918,11.29335],[1.3287,11.29667],[1.32645,11.29662],[1.32499,11.2944],[1.32025,11.2966],[1.31911,11.30135],[1.31689,11.30359],[1.32037,11.30528],[1.31931,11.30765],[1.30764,11.30147],[1.30755,11.29923],[1.30975,11.29737],[1.30303,11.29524],[1.30171,11.29941],[1.29385,11.29862],[1.29102,11.30633],[1.29048,11.31403],[1.28747,11.31688],[1.28481,11.32348],[1.27551,11.32633],[1.27161,11.32527],[1.26942,11.32744],[1.2673,11.32644],[1.26666,11.32364],[1.26207,11.31944],[1.26656,11.31891],[1.26067,11.31654],[1.26399,11.31098],[1.25996,11.31077],[1.2633,11.30417],[1.26014,11.30394],[1.25958,11.30247],[1.26407,11.2981],[1.2656,11.29438],[1.27589,11.29406],[1.27545,11.29044],[1.27381,11.28949],[1.27793,11.28824],[1.27901,11.28533],[1.27625,11.27997],[1.28024,11.27892],[1.28025,11.27499],[1.28266,11.2709],[1.27885,11.26768],[1.28385,11.26596],[1.27538,11.26068],[1.27224,11.26213],[1.26288,11.25344],[1.26239,11.25003],[1.25791,11.25364],[1.24961,11.25316],[1.24448,11.25801],[1.24172,11.25645],[1.24044,11.26352],[1.23093,11.26233],[1.22899,11.26386],[1.22631,11.2686],[1.22329,11.26661],[1.22087,11.2662],[1.21729,11.26586],[1.21279,11.26827],[1.19907,11.26589],[1.19291,11.26363],[1.18933,11.26707],[1.18806,11.2708],[1.18614,11.27088],[1.18294,11.26729],[1.17975,11.26851],[1.17892,11.26489],[1.17698,11.26442],[1.17355,11.26906],[1.17597,11.27172],[1.17517,11.27739],[1.17624,11.27887],[1.17299,11.28077],[1.16902,11.27812],[1.17041,11.28342],[1.16826,11.28397]]}},{"type":"Feature","properties":{"name":"Est"},"geometry":{"type":"LineString","coordinates":[[1.40822,11.45703],[1.40303,11.45387],[1.39557,11.45311],[1.3961,11.44709],[1.39234,11.44832],[1.39134,11.44706],[1.39477,11.44522],[1.3912,11.44412],[1.38961,11.44545],[1.38806,11.44346],[1.38794,11.4412],[1.39105,11.43769],[1.38758,11.43755],[1.38358,11.43461],[1.38849,11.43342],[1.38434,11.42892],[1.3886,11.42275],[1.39185,11.4118],[1.39575,11.41159],[1.39684,11.40787],[1.39179,11.40457],[1.38681,11.40494],[1.38227,11.40102],[1.38656,11.39847],[1.38372,11.39665],[1.38486,11.392],[1.37996,11.38817],[1.37728,11.39168],[1.37379,11.39239],[1.3716,11.38933],[1.35911,11.39563],[1.35728,11.3929],[1.35952,11.38474],[1.35476,11.37973],[1.35314,11.38199],[1.35142,11.38003],[1.35318,11.37626],[1.34969,11.37236],[1.35105,11.3683],[1.34533,11.36735],[1.34399,11.36847],[1.33907,11.3631],[1.33531,11.36502],[1.33647,11.36813],[1.32986,11.36634],[1.32695,11.367],[1.32686,11.3642],[1.32549,11.36374],[1.32712,11.3606]]}},{"type":"Feature","properties":{"name":"Est"},"geometry":{"type":"LineString","coordinates":[[1.49556,11.47431],[1.49236,11.45691],[1.4896,11.45481],[1.4867,11.45562],[1.48494,11.45332],[1.48124,11.45599],[1.48398,11.46062],[1.47852,11.46487],[1.47977,11.46749],[1.47674,11.47091],[1.46789,11.46793],[1.46459,11.46417],[1.45924,11.47134],[1.45936,11.46645],[1.45723,11.46606],[1.45371,11.47752],[1.45102,11.47983],[1.44888,11.4784],[1.44992,11.48062],[1.44799,11.48107],[1.44315,11.47754],[1.44306,11.47352],[1.43916,11.47325],[1.43845,11.46964],[1.4339,11.47097],[1.43347,11.46077],[1.42586,11.45942],[1.42369,11.45399],[1.42013,11.45547],[1.42119,11.45874],[1.41793,11.45712],[1.41447,11.45954],[1.41206,11.4585],[1.41024,11.45965],[1.41108,11.45407],[1.41549,11.45349],[1.4133,11.45041],[1.41039,11.45338],[1.40736,11.45407],[1.40976,11.45687],[1.40822,11.45703]]}},{"type":"Feature","properties":{"name":"Est"},"geometry":{"type":"LineString","coordinates":[[1.57005,11.46438],[1.56624,11.46545],[1.56716,11.46768],[1.56486,11.46915],[1.55935,11.4696],[1.55741,11.47429],[1.55363,11.47516],[1.55385,11.47806],[1.54829,11.47759],[1.55056,11.47347],[1.55326,11.47218],[1.5507,11.46983],[1.54726,11.47154],[1.54923,11.46632],[1.54523,11.46434],[1.54852,11.46003],[1.54593,11.46014],[1.54224,11.45768],[1.54184,11.45982],[1.53968,11.45932],[1.54152,11.45557],[1.53983,11.45375],[1.53691,11.45581],[1.53632,11.45318],[1.53419,11.45346],[1.53102,11.45597],[1.53044,11.45121],[1.52691,11.45713],[1.52447,11.45614],[1.5238,11.45859],[1.51875,11.45875],[1.51583,11.46167],[1.51304,11.45938],[1.51111,11.46157],[1.51065,11.45959],[1.50794,11.46057],[1.50788,11.46463],[1.50637,11.46542],[1.50576,11.45742],[1.50059,11.4598],[1.49981,11.46411],[1.50159,11.46689],[1.5038,11.46698],[1.50055,11.46748],[1.5007,11.47204],[1.50457,11.4707],[1.50362,11.47243],[1.50583,11.47418],[1.50625,11.47863],[1.50132,11.47635],[1.50193,11.47437],[1.49987,11.47673],[1.49935,11.47508],[1.49749,11.47552],[1.4974,11.47374],[1.49556,11.47431]]}},{"type":"Feature","properties":{"name":"Est"},"geometry":{"type":"LineString","coordinates":[[1.67357,11.40533],[1.67095,11.40531],[1.66403,11.39814],[1.65851,11.39811],[1.64521,11.40146],[1.64625,11.4047],[1.64273,11.40679],[1.63659,11.39958],[1.63191,11.3995],[1.62981,11.39491],[1.62674,11.39548],[1.62454,11.39343],[1.61757,11.39776],[1.60892,11.39515],[1.60245,11.39698],[1.59452,11.40522],[1.59281,11.409],[1.58909,11.40823],[1.59109,11.41516],[1.5901,11.42313],[1.59324,11.42276],[1.58757,11.42808],[1.58751,11.43201],[1.58582,11.43169],[1.58528,11.42983],[1.58414,11.43119],[1.58728,11.43548],[1.58264,11.43642],[1.58142,11.4281],[1.57818,11.42993],[1.58001,11.43286],[1.57804,11.43441],[1.58045,11.43735],[1.5772,11.43889],[1.57729,11.44098],[1.58109,11.44162],[1.58256,11.44441],[1.58112,11.44557],[1.58353,11.44794],[1.5789,11.45366],[1.57559,11.454],[1.57197,11.44739],[1.5656,11.4557],[1.56603,11.45777],[1.56825,11.45816],[1.56825,11.45567],[1.57003,11.45515],[1.56967,11.459],[1.57248,11.45963],[1.57005,11.46438]]}},{"type":"Feature","properties":{"name":"Est"},"geometry":{"type":"LineString","coordinates":[[1.69158,11.41346],[1.68881,11.41633],[1.6878,11.41392],[1.68637,11.41507],[1.68569,11.41873],[1.68362,11.41792],[1.68272,11.4137],[1.68616,11.41],[1.68177,11.4075],[1.67758,11.40951],[1.67357,11.40533]]}},{"type":"Feature","properties":{"name":"Est"},"geometry":{"type":"LineString","coordinates":[[1.84749,11.44989],[1.84629,11.44724],[1.8418,11.44585],[1.8427,11.44322],[1.84102,11.4433],[1.83996,11.43992],[1.83668,11.44227],[1.83169,11.43725],[1.82696,11.43911],[1.82451,11.4368],[1.82431,11.43835],[1.81792,11.44038],[1.81443,11.43824],[1.81551,11.44089],[1.81042,11.44188],[1.80777,11.44004],[1.80926,11.43793],[1.80689,11.43745],[1.80512,11.43453],[1.79921,11.43562],[1.80058,11.42955],[1.79758,11.42749],[1.78827,11.42746],[1.78522,11.42536],[1.78461,11.42888],[1.77735,11.42165],[1.77729,11.42608],[1.77483,11.42634],[1.77152,11.42249],[1.76791,11.42215],[1.76487,11.42636],[1.76108,11.42482],[1.75779,11.42748],[1.75552,11.4219],[1.75589,11.41935],[1.75392,11.41868],[1.74718,11.42175],[1.74514,11.4186],[1.74162,11.41862],[1.74186,11.42158],[1.73967,11.42574],[1.73595,11.42503],[1.73454,11.42858],[1.72973,11.42773],[1.7299,11.42498],[1.72763,11.42331],[1.72449,11.42358],[1.725,11.4269],[1.72114,11.42731],[1.72062,11.42435],[1.71762,11.42503],[1.71603,11.42675],[1.7161,11.42934],[1.71356,11.42764],[1.71395,11.43393],[1.70894,11.42948],[1.7054,11.41873],[1.70189,11.41722],[1.69911,11.4181],[1.69706,11.41023],[1.69397,11.41328],[1.69158,11.41346]]}},{"type":"Feature","properties":{"name":"Est"},"geometry":{"type":"LineString","coordinates":[[1.9222,11.4142],[1.91971,11.41524],[1.91755,11.41321],[1.91895,11.41004],[1.91653,11.40894],[1.9155,11.41784],[1.91244,11.42383],[1.91415,11.42602],[1.91279,11.42689],[1.91303,11.42978],[1.90923,11.42812],[1.9039,11.43343],[1.90078,11.43352],[1.90022,11.43905],[1.89664,11.43974],[1.89211,11.43807],[1.88976,11.4405],[1.88811,11.43877],[1.88566,11.44291],[1.88315,11.44249],[1.8798,11.45072],[1.87693,11.45014],[1.87674,11.44561],[1.86389,11.44809],[1.86255,11.44647],[1.86101,11.44838],[1.85919,11.44777],[1.85481,11.44162],[1.84812,11.44599],[1.85023,11.44881],[1.84749,11.44989]]}},{"type":"Feature","properties":{"name":"Est"},"geometry":{"type":"LineString","coordinates":[[1.97841,11.42043],[1.95957,11.4196],[1.95333,11.41474],[1.9502,11.4146],[1.9438,11.41672],[1.93646,11.41737],[1.93251,11.41856],[1.9222,11.4142]]}},{"type":"Feature","properties":{"name":"Est"},"geometry":{"type":"LineString","coordinates":[[2.02188,11.43065],[1.99543,11.4189],[1.98663,11.4209],[1.98269,11.41901],[1.97841,11.42043]]}},{"type":"Feature","properties":{"name":"Est"},"geometry":{"type":"LineString","coordinates":[[2.07927,11.48896],[2.06062,11.47273],[2.02188,11.43065]]}},{"type":"Feature","properties":{"name":"Est"},"geometry":{"type":"LineString","coordinates":[[2.31456,11.67954],[2.28527,11.66214],[2.26806,11.65509],[2.25593,11.64624],[2.21897,11.61034],[2.20676,11.60215],[2.192,11.60002],[2.17938,11.58903],[2.14676,11.55707],[2.12865,11.54035],[2.07927,11.48896]]}},{"type":"Feature","properties":{"name":"Est"},"geometry":{"type":"LineString","coordinates":[[2.31456,11.67954],[2.30594,11.68553],[2.30641,11.69191],[2.30914,11.69367],[2.30315,11.69864],[2.3045,11.70156],[2.30231,11.70955],[2.2982,11.71672],[2.30122,11.7226],[2.3041,11.72145],[2.30756,11.72309],[2.30413,11.72996],[2.30491,11.73467],[2.30751,11.73853],[2.31452,11.73718],[2.31781,11.73977],[2.32341,11.75083],[2.32031,11.75468],[2.32192,11.75803],[2.3299,11.76096],[2.33193,11.76379],[2.33462,11.76391],[2.3396,11.77168],[2.34348,11.77316],[2.33873,11.78174],[2.34099,11.78437],[2.3503,11.78455],[2.36053,11.78959],[2.36968,11.78775],[2.37351,11.78877],[2.37579,11.79144],[2.37511,11.79483],[2.37161,11.79879],[2.37209,11.80785],[2.36898,11.80954],[2.37035,11.81295],[2.36814,11.81638],[2.38524,11.82661],[2.38459,11.82872],[2.37771,11.83138],[2.37633,11.8343],[2.37997,11.84569],[2.37994,11.85537],[2.38177,11.85792],[2.39283,11.86105],[2.40417,11.8746],[2.40382,11.88112],[2.39743,11.89425],[2.40344,11.90024],[2.40844,11.89935],[2.40897,11.90254]]}},{"type":"Feature","properties":{"name":"Est"},"geometry":{"type":"LineString","coordinates":[[2.06559,12.34735],[2.26716,12.08503],[2.40178,11.90622],[2.40897,11.90254]]}},{"type":"Feature","properties":{"name":"Est"},"geometry":{"type":"LineString","coordinates":[[2.06559,12.34735],[2.06878,12.34895],[2.06501,12.35189],[2.06658,12.35377],[2.06577,12.35768],[2.07146,12.36408],[2.07479,12.36497],[2.07427,12.36817]]}},{"type":"Feature","properties":{"name":"Est"},"geometry":{"type":"LineString","coordinates":[[2.07427,12.36817],[2.07535,12.3704],[2.07281,12.37366],[2.06996,12.37559],[2.07148,12.37954],[2.07527,12.38085],[2.07512,12.38243],[2.07679,12.38315],[2.07882,12.38818],[2.08174,12.38977],[2.08392,12.39071],[2.08406,12.39236],[2.08895,12.39439],[2.09494,12.39233],[2.10728,12.39395],[2.10656,12.39086],[2.10474,12.38848],[2.1114,12.38305],[2.11794,12.39147],[2.11968,12.397],[2.12486,12.39809],[2.12625,12.3963],[2.12866,12.39674],[2.13033,12.4007],[2.13857,12.40237],[2.14097,12.40554],[2.14637,12.40742],[2.14951,12.40628],[2.15556,12.41018],[2.1551,12.41635],[2.15882,12.41823],[2.16292,12.41637],[2.16453,12.41365],[2.16869,12.41517],[2.1697,12.41769],[2.1783,12.42446],[2.1805,12.42023],[2.18219,12.41658],[2.18751,12.42104],[2.19159,12.42278],[2.19824,12.42143],[2.20459,12.42353],[2.21263,12.42104],[2.21543,12.4128],[2.21879,12.41266],[2.22265,12.41547],[2.2265,12.42173],[2.23095,12.42246],[2.23221,12.42271],[2.2435,12.42169],[2.243,12.41779],[2.24514,12.41798],[2.247,12.41646],[2.2485,12.4179],[2.24849,12.42063],[2.25127,12.42079],[2.25975,12.41357],[2.26202,12.41365],[2.26468,12.42257]]}},{"type":"Feature","properties":{"name":"Est"},"geometry":{"type":"LineString","coordinates":[[2.11744,12.70792],[2.13833,12.69722],[2.14861,12.68667],[2.15528,12.66583],[2.17222,12.64389],[2.21,12.61333],[2.22167,12.57639],[2.2386,12.51381],[2.25611,12.48111],[2.26306,12.46972],[2.26028,12.44722],[2.26468,12.42257]]}},{"type":"Feature","properties":{"name":"Est"},"geometry":{"type":"LineString","coordinates":[[1.86683,12.60548],[1.88194,12.62583],[1.93622,12.7051],[1.98306,12.72583],[1.99478,12.73291],[2.01533,12.72665],[2.03419,12.72225],[2.04579,12.72423],[2.06788,12.72317],[2.08833,12.71944],[2.1101,12.72263],[2.11213,12.71179],[2.11744,12.70792]]}},{"type":"Feature","properties":{"name":"Est"},"geometry":{"type":"LineString","coordinates":[[1.74566,12.6745],[1.86683,12.60548]]}},{"type":"Feature","properties":{"name":"Est"},"geometry":{"type":"LineString","coordinates":[[1.34508,12.90252],[1.74566,12.6745]]}},{"type":"Feature","properties":{"name":"Est"},"geometry":{"type":"LineString","coordinates":[[0.99075,13.10405],[1.34508,12.90252]]}},{"type":"Feature","properties":{"name":"Est"},"geometry":{"type":"LineString","coordinates":[[0.9902,13.08374],[0.9928,13.08445],[0.99307,13.08699],[0.99517,13.0881],[0.9929,13.09171],[0.99533,13.09365],[0.99351,13.096],[0.99471,13.09722],[0.99343,13.10153],[0.99075,13.10405]]}},{"type":"Feature","properties":{"name":"Zanzan"},"geometry":{"type":"LineString","coordinates":[[-2.52462,8.43977],[-2.5547,8.14748],[-2.55514,8.14696]]}},{"type":"Feature","properties":{"name":"Zanzan"},"geometry":{"type":"LineString","coordinates":[[-2.6085,8.1518],[-2.60036,8.15401],[-2.5957,8.15233],[-2.58926,8.15175],[-2.58734,8.14978],[-2.58487,8.15066],[-2.57532,8.145],[-2.57306,8.14632],[-2.56996,8.14577],[-2.56494,8.14927],[-2.56103,8.14662],[-2.55985,8.14342],[-2.55715,8.14658],[-2.55514,8.14696]]}},{"type":"Feature","properties":{"name":"Zanzan"},"geometry":{"type":"LineString","coordinates":[[-2.62887,8.11518],[-2.62675,8.12386],[-2.62274,8.1267],[-2.61925,8.13297],[-2.61478,8.13698],[-2.6085,8.1518]]}},{"type":"Feature","properties":{"name":"Zanzan"},"geometry":{"type":"LineString","coordinates":[[-2.62619,8.10191],[-2.62616,8.10958],[-2.62887,8.11518]]}},{"type":"Feature","properties":{"name":"Zanzan"},"geometry":{"type":"LineString","coordinates":[[-2.62286,8.09673],[-2.62619,8.10191]]}},{"type":"Feature","properties":{"name":"Zanzan"},"geometry":{"type":"LineString","coordinates":[[-2.62286,8.09673],[-2.59775,8.05728]]}},{"type":"Feature","properties":{"name":"Zanzan"},"geometry":{"type":"LineString","coordinates":[[-2.59775,8.05728],[-2.61987,8.02286],[-2.68018,8.0199],[-2.68823,8.01048],[-2.69016,8.00547],[-2.69381,8.00201],[-2.69505,7.99712],[-2.69811,7.99533],[-2.69759,7.99437],[-2.70417,7.9875],[-2.70677,7.98213]]}},{"type":"Feature","properties":{"name":"Zanzan"},"geometry":{"type":"LineString","coordinates":[[-2.70677,7.98213],[-2.71005,7.98171],[-2.71309,7.97709],[-2.71915,7.97236],[-2.72036,7.96947],[-2.72718,7.96309],[-2.72797,7.95928],[-2.73101,7.95803],[-2.73584,7.95079],[-2.7406,7.93496],[-2.74521,7.93014],[-2.7467,7.92265]]}},{"type":"Feature","properties":{"name":"Zanzan"},"geometry":{"type":"LineString","coordinates":[[-2.7467,7.92265],[-2.75802,7.92955],[-2.76066,7.93738],[-2.76382,7.94067],[-2.76642,7.94651],[-2.77309,7.95195],[-2.77692,7.95238]]}},{"type":"Feature","properties":{"name":"Zanzan"},"geometry":{"type":"LineString","coordinates":[[-2.77692,7.95238],[-2.78142,7.95218]]}},{"type":"Feature","properties":{"name":"Zanzan"},"geometry":{"type":"LineString","coordinates":[[-2.78142,7.95218],[-2.79465,7.85597],[-2.8262,7.82553]]}},{"type":"Feature","properties":{"name":"Zanzan"},"geometry":{"type":"LineString","coordinates":[[-2.8262,7.82553],[-2.84276,7.78895],[-2.84936,7.77513],[-2.86,7.74918],[-2.92138,7.61358],[-2.92252,7.60947],[-2.93421,7.48669],[-2.93682,7.48011]]}},{"type":"Feature","properties":{"name":"Zanzan"},"geometry":{"type":"LineString","coordinates":[[-2.93682,7.48011],[-2.94748,7.43123],[-2.96993,7.33174]]}},{"type":"Feature","properties":{"name":"Zanzan"},"geometry":{"type":"LineString","coordinates":[[-2.96993,7.33174],[-2.95711,7.2429],[-2.95704,7.24282]]}},{"type":"Feature","properties":{"name":"Zanzan"},"geometry":{"type":"LineString","coordinates":[[-2.95704,7.24282],[-2.95974,7.22828],[-2.97413,7.20757]]}},{"type":"Feature","properties":{"name":"Zanzan"},"geometry":{"type":"LineString","coordinates":[[-2.97413,7.20757],[-2.98263,7.19459],[-3.02896,7.09719]]}},{"type":"Feature","properties":{"name":"Zanzan"},"geometry":{"type":"LineString","coordinates":[[-3.02896,7.09719],[-3.04776,7.06946],[-3.07387,7.05917]]}},{"type":"Feature","properties":{"name":"Zanzan"},"geometry":{"type":"LineString","coordinates":[[-3.51782,7.35228],[-3.50162,7.35206],[-3.49566,7.35323],[-3.48699,7.34764],[-3.47834,7.34692],[-3.47784,7.35459],[-3.47435,7.35383],[-3.47198,7.3495],[-3.46835,7.34831],[-3.46416,7.35269],[-3.46115,7.34889],[-3.45931,7.34256],[-3.45791,7.34268],[-3.45548,7.34583],[-3.45653,7.35224],[-3.45173,7.35312],[-3.44703,7.33945],[-3.44159,7.342],[-3.43567,7.33952],[-3.43564,7.33474],[-3.42764,7.32542],[-3.42467,7.3177],[-3.41991,7.29561],[-3.4036,7.29391],[-3.2987,7.2794],[-3.29455,7.28387],[-3.29274,7.30057],[-3.29728,7.31261],[-3.30348,7.31906],[-3.30936,7.32516],[-3.30512,7.32814],[-3.27243,7.33155],[-3.25947,7.32704],[-3.24648,7.32214],[-3.24047,7.24566],[-3.23924,7.23893],[-3.22781,7.22693],[-3.2175,7.21269],[-3.21325,7.18719],[-3.18859,7.17356],[-3.13717,7.13891],[-3.11978,7.11632],[-3.10586,7.09808],[-3.07387,7.05917]]}},{"type":"Feature","properties":{"name":"Zanzan"},"geometry":{"type":"LineString","coordinates":[[-4.01353,8.05133],[-4.00741,8.04381],[-4.00148,8.04081],[-3.98965,8.0375],[-3.97713,8.03164],[-3.9654,8.02938],[-3.96463,8.01532],[-3.97214,8.01231],[-3.98253,8.01349],[-3.98979,8.01192],[-4.00284,8.00064],[-4.01431,7.99074],[-4.01548,7.97698],[-4.00522,7.95416],[-3.99078,7.95984],[-3.97762,7.9697],[-3.96966,7.96999],[-3.95546,7.97107],[-3.92425,7.97505],[-3.92034,7.96233],[-3.92682,7.95253],[-3.93319,7.94707],[-3.94208,7.93921],[-3.94983,7.92582],[-3.96249,7.92065],[-3.97856,7.91664],[-3.99187,7.91456],[-3.9919,7.90497],[-3.98679,7.90239],[-3.97912,7.89972],[-3.9422,7.89391],[-3.93282,7.89166],[-3.91552,7.88464],[-3.908,7.8832],[-3.90001,7.88486],[-3.88404,7.88141],[-3.87253,7.86945],[-3.86746,7.86195],[-3.86399,7.85691],[-3.86521,7.84478],[-3.87711,7.82831],[-3.87794,7.82218],[-3.87412,7.81521],[-3.86079,7.8069],[-3.86057,7.80096],[-3.86842,7.78476],[-3.8776,7.77487],[-3.87404,7.76947],[-3.85175,7.77072],[-3.83979,7.77084],[-3.82693,7.76272],[-3.83096,7.7571],[-3.83352,7.75267],[-3.83127,7.7435],[-3.81621,7.73848],[-3.79869,7.73994],[-3.78459,7.73567],[-3.76153,7.73744],[-3.74911,7.7324],[-3.74013,7.73639],[-3.73252,7.73599],[-3.72911,7.71915],[-3.73177,7.71194],[-3.73173,7.70098],[-3.73435,7.68447],[-3.73319,7.67083],[-3.72929,7.66448],[-3.70397,7.64709],[-3.69484,7.64676],[-3.68236,7.63651],[-3.6802,7.62238],[-3.66519,7.60284],[-3.65928,7.58497],[-3.65192,7.57705],[-3.6325,7.57955],[-3.61427,7.59293],[-3.60555,7.59377],[-3.58244,7.58239],[-3.57907,7.57696],[-3.57608,7.55188],[-3.58972,7.53857],[-3.60085,7.53228],[-3.60142,7.51992],[-3.59079,7.51456],[-3.58371,7.50953],[-3.57003,7.5003],[-3.5511,7.49502],[-3.53808,7.48975],[-3.53157,7.47092],[-3.52951,7.46503],[-3.5215,7.45411],[-3.50964,7.44456],[-3.50551,7.43568],[-3.50255,7.42],[-3.50486,7.39528],[-3.51687,7.3833],[-3.52225,7.36419],[-3.51782,7.35228]]}},{"type":"Feature","properties":{"name":"Zanzan"},"geometry":{"type":"LineString","coordinates":[[-3.9359,8.44698],[-3.94149,8.4417],[-3.96592,8.43111],[-3.97909,8.43089],[-3.99214,8.43247],[-3.99365,8.42915],[-3.99347,8.42283],[-3.98934,8.41234],[-3.98217,8.40139],[-3.97051,8.40423],[-3.94955,8.39851],[-3.94666,8.39583],[-3.95087,8.38386],[-3.95892,8.37458],[-3.98117,8.36743],[-3.98091,8.36382],[-3.97389,8.35862],[-3.96143,8.35138],[-3.94971,8.34722],[-3.95164,8.33575],[-3.95894,8.3211],[-3.95886,8.3078],[-3.9643,8.29792],[-3.97196,8.29548],[-3.98,8.29743],[-4.00833,8.30556],[-4.03381,8.30698],[-4.04838,8.30174],[-4.05288,8.29168],[-4.02743,8.26318],[-4.00805,8.2464],[-3.99967,8.2309],[-4.01331,8.21158],[-4.027,8.19365],[-4.0252,8.18367],[-4.0202,8.17742],[-4.015,8.17384],[-4.00608,8.17567],[-3.9957,8.17388],[-3.97498,8.16602],[-3.97233,8.15814],[-3.96299,8.15076],[-3.95757,8.14539],[-3.95203,8.13455],[-3.93753,8.12363],[-3.92788,8.10935],[-3.94331,8.10488],[-3.97161,8.10938],[-3.9976,8.10028],[-3.99773,8.08968],[-4.00054,8.07742],[-4.01353,8.05133]]}},{"type":"Feature","properties":{"name":"Zanzan"},"geometry":{"type":"LineString","coordinates":[[-3.93262,8.6437],[-3.93429,8.63561],[-3.92875,8.63508],[-3.92734,8.63298],[-3.92252,8.61664],[-3.91548,8.60987],[-3.90933,8.59985],[-3.90713,8.59344],[-3.90056,8.57966],[-3.90166,8.57756],[-3.91497,8.57279],[-3.92103,8.56816],[-3.93353,8.55715],[-3.93923,8.55121],[-3.94778,8.54829],[-3.97206,8.54306],[-3.97617,8.53584],[-3.97769,8.52311],[-3.96592,8.51225],[-3.94639,8.50766],[-3.92476,8.49024],[-3.92639,8.47644],[-3.93293,8.46991],[-3.93445,8.46382],[-3.9359,8.44698]]}},{"type":"Feature","properties":{"name":"Zanzan"},"geometry":{"type":"LineString","coordinates":[[-4.17518,9.23066],[-4.17187,9.22762],[-4.16656,9.2293],[-4.1657,9.23445],[-4.16182,9.23813],[-4.15117,9.24689],[-4.13917,9.2521],[-4.13113,9.26109],[-4.10626,9.25687],[-4.09748,9.26073],[-4.09228,9.26002],[-4.07978,9.25502],[-4.07668,9.24602],[-4.07065,9.24191],[-4.05973,9.24047],[-4.05497,9.23498],[-4.05296,9.22955],[-4.04483,9.22269],[-4.03928,9.21631],[-4.03491,9.21707],[-4.03015,9.2208],[-4.02682,9.2208],[-4.01379,9.2155],[-4.01185,9.21224],[-4.0125,9.20973],[-4.0083,9.20804],[-4.00259,9.21088],[-3.98277,9.21205],[-3.96559,9.21017],[-3.96112,9.20676],[-3.96138,9.19801],[-3.9539,9.18765],[-3.94087,9.17531],[-3.92746,9.17588],[-3.91727,9.17418],[-3.90305,9.17923],[-3.89311,9.17685],[-3.89292,9.17377],[-3.90707,9.15898],[-3.91493,9.1492],[-3.91558,9.14564],[-3.91392,9.13907],[-3.91373,9.12945],[-3.90883,9.11497],[-3.8965,9.11258],[-3.88386,9.11433],[-3.876,9.12005],[-3.87311,9.128],[-3.86954,9.12473],[-3.86393,9.12582],[-3.8598,9.12819],[-3.85609,9.12761],[-3.85213,9.12342],[-3.85114,9.11953],[-3.85417,9.11244],[-3.85006,9.09652],[-3.85068,9.09152],[-3.85494,9.08358],[-3.86106,9.08248],[-3.86893,9.09016],[-3.87408,9.10138],[-3.88206,9.10519],[-3.8887,9.10251],[-3.89297,9.09361],[-3.89287,9.07098],[-3.89676,9.06784],[-3.90696,9.06482],[-3.90604,9.06019],[-3.8912,9.05512],[-3.88386,9.058],[-3.87992,9.05686],[-3.87486,9.04756],[-3.86897,9.04468],[-3.86477,9.03892],[-3.85748,9.03223],[-3.83962,9.03317],[-3.82915,9.02861],[-3.8239,9.02778],[-3.81858,9.02254],[-3.80545,9.01416],[-3.80231,9.00688],[-3.80382,9.00138],[-3.8101,8.99641],[-3.82809,8.98922],[-3.83698,8.98091],[-3.85047,8.97926],[-3.85975,8.97004],[-3.86929,8.95811],[-3.87558,8.9588],[-3.89151,8.96458],[-3.89564,8.96245],[-3.8955,8.95628],[-3.89028,8.94701],[-3.88459,8.92946],[-3.88084,8.92872],[-3.87186,8.92236],[-3.85313,8.91665],[-3.84599,8.90418],[-3.84634,8.88962],[-3.84437,8.88574],[-3.82617,8.87915],[-3.82341,8.87275],[-3.81453,8.86275],[-3.80904,8.8587],[-3.81024,8.85359],[-3.81256,8.85266],[-3.83032,8.84941],[-3.83131,8.84316],[-3.82953,8.83781],[-3.82295,8.8304],[-3.81294,8.83616],[-3.79762,8.83019],[-3.79264,8.82314],[-3.78925,8.8092],[-3.77819,8.78638],[-3.77904,8.77756],[-3.78927,8.77097],[-3.79754,8.77235],[-3.80136,8.7764],[-3.7996,8.78161],[-3.8027,8.78405],[-3.81602,8.78798],[-3.81928,8.78629],[-3.82421,8.78553],[-3.82638,8.77373],[-3.82551,8.76661],[-3.81901,8.75986],[-3.81719,8.75456],[-3.82288,8.74486],[-3.84688,8.73192],[-3.85616,8.73385],[-3.86712,8.73254],[-3.87104,8.7276],[-3.86972,8.71261],[-3.86593,8.70683],[-3.86181,8.70452],[-3.85662,8.70474],[-3.85232,8.70233],[-3.85187,8.69735],[-3.88114,8.69703],[-3.88802,8.69412],[-3.89257,8.69004],[-3.90428,8.68571],[-3.91873,8.68844],[-3.92341,8.68623],[-3.92893,8.67856],[-3.93228,8.66752],[-3.93153,8.65082],[-3.93262,8.6437]]}},{"type":"Feature","properties":{"name":"Zanzan"},"geometry":{"type":"LineString","coordinates":[[-4.31293,9.59672],[-4.30789,9.58918],[-4.30006,9.58543],[-4.29098,9.57315],[-4.28708,9.56928],[-4.28445,9.56189],[-4.27626,9.5525],[-4.26317,9.54532],[-4.24894,9.53076],[-4.24811,9.51944],[-4.25216,9.50311],[-4.25148,9.49248],[-4.24401,9.48342],[-4.24148,9.47575],[-4.233,9.4724],[-4.22164,9.46136],[-4.20297,9.45217],[-4.19932,9.44687],[-4.20048,9.43024],[-4.20282,9.42518],[-4.20235,9.4187],[-4.20406,9.41096],[-4.19914,9.40294],[-4.19354,9.40361],[-4.18538,9.39934],[-4.18352,9.39571],[-4.18403,9.39012],[-4.19279,9.37639],[-4.19279,9.36771],[-4.19135,9.36421],[-4.19425,9.35793],[-4.19885,9.35455],[-4.20154,9.35022],[-4.21256,9.34589],[-4.21465,9.34153],[-4.20773,9.33046],[-4.20208,9.3244],[-4.19919,9.31796],[-4.19118,9.30702],[-4.18052,9.29778],[-4.17339,9.28399],[-4.17536,9.27981],[-4.18487,9.27286],[-4.19288,9.27021],[-4.19781,9.26604],[-4.20108,9.25278],[-4.19344,9.24506],[-4.18454,9.241],[-4.17518,9.23066]]}},{"type":"Feature","properties":{"name":"Zanzan"},"geometry":{"type":"LineString","coordinates":[[-4.31293,9.59672],[-4.30866,9.59857],[-4.3116,9.60145],[-4.30918,9.60473],[-4.30327,9.60575],[-4.30372,9.60778],[-4.30118,9.60878],[-4.30127,9.61266],[-4.29916,9.613],[-4.29959,9.61619],[-4.29349,9.61842],[-4.29064,9.62321],[-4.29136,9.63015],[-4.28925,9.63323],[-4.28968,9.63453],[-4.2857,9.63515],[-4.2837,9.6425],[-4.28377,9.64559],[-4.28732,9.65062],[-4.28618,9.65225],[-4.28767,9.65431],[-4.28384,9.65999],[-4.28168,9.66226],[-4.28488,9.66408],[-4.28688,9.67263],[-4.2824,9.67263],[-4.27799,9.67726],[-4.27433,9.67803],[-4.27375,9.68227],[-4.27626,9.68787],[-4.2812,9.68868],[-4.28079,9.69631],[-4.27743,9.69684],[-4.27379,9.69256],[-4.27081,9.6955],[-4.27026,9.69855],[-4.27414,9.70718],[-4.26885,9.71037],[-4.26731,9.70913],[-4.26552,9.71539],[-4.26717,9.71919],[-4.26611,9.72195],[-4.26985,9.72973],[-4.26511,9.73215],[-4.2616,9.73152],[-4.25859,9.73303],[-4.25769,9.73723],[-4.27083,9.73533],[-4.27679,9.74102],[-4.26742,9.75161],[-4.26631,9.76025],[-4.26265,9.76028],[-4.26227,9.75588],[-4.2579,9.75588],[-4.25622,9.75388],[-4.23056,9.76724],[-4.18749,9.77527],[-4.1768,9.7896],[-4.16366,9.80985]]}},{"type":"Feature","properties":{"name":"Zanzan"},"geometry":{"type":"LineString","coordinates":[[-4.16366,9.80985],[-4.15914,9.81421],[-4.14794,9.81933],[-4.13797,9.8341],[-4.13011,9.8448],[-4.12367,9.84669],[-4.1201,9.84484],[-4.11615,9.83881],[-4.11102,9.82983],[-4.10538,9.82417],[-4.09827,9.82114],[-4.09218,9.8197],[-4.07427,9.80921],[-4.06322,9.80757],[-4.05682,9.80796],[-4.05121,9.80325],[-4.04869,9.80832],[-4.04368,9.80932],[-4.04388,9.81249],[-4.04151,9.81394],[-4.03935,9.81913],[-4.03551,9.82192],[-4.0335,9.8326],[-4.02759,9.8355],[-4.02423,9.83553],[-4.01823,9.83907],[-4.01323,9.83827],[-4.00947,9.83596],[-4.00457,9.83668],[-4.00099,9.8344],[-3.99867,9.83521],[-3.99463,9.83087],[-3.98895,9.83007],[-3.9841,9.82943],[-3.97293,9.8333],[-3.96591,9.84167],[-3.97254,9.8434],[-3.9759,9.84928],[-3.97161,9.85252],[-3.97072,9.85529],[-3.97215,9.85987],[-3.96867,9.86367],[-3.96974,9.87035],[-3.9703,9.8714],[-3.96772,9.87269],[-3.96784,9.87508],[-3.96232,9.87473],[-3.95971,9.87743],[-3.95631,9.87921],[-3.95417,9.87741],[-3.95401,9.87522],[-3.95261,9.87436],[-3.94107,9.87682],[-3.93121,9.8739],[-3.92929,9.87875],[-3.92244,9.88263],[-3.91111,9.88387],[-3.90565,9.89483],[-3.89592,9.90573]]}},{"type":"Feature","properties":{"name":"Zanzan"},"geometry":{"type":"LineString","coordinates":[[-3.89592,9.90573],[-3.84644,9.90338],[-3.83467,9.89943],[-3.82822,9.90288],[-3.81106,9.90178],[-3.80315,9.89511],[-3.80213,9.89825],[-3.79081,9.90947],[-3.7835,9.92204],[-3.77578,9.92686],[-3.77288,9.92584],[-3.70825,9.93587],[-3.69418,9.9335],[-3.67394,9.92807],[-3.66512,9.92935],[-3.64552,9.94405],[-3.64361,9.94816]]}},{"type":"Feature","properties":{"name":"Zanzan"},"geometry":{"type":"LineString","coordinates":[[-3.64361,9.94816],[-3.61829,9.95848],[-3.61447,9.9537]]}},{"type":"Feature","properties":{"name":"Zanzan"},"geometry":{"type":"LineString","coordinates":[[-3.61447,9.9537],[-3.60481,9.93935],[-3.5994,9.93475],[-3.56249,9.9396],[-3.54635,9.93666],[-3.5389,9.93757],[-3.52259,9.93132],[-3.48154,9.9339],[-3.4705,9.93455],[-3.45777,9.93209],[-3.45359,9.92964],[-3.4453,9.93023],[-3.43859,9.92495]]}},{"type":"Feature","properties":{"name":"Zanzan"},"geometry":{"type":"LineString","coordinates":[[-3.43859,9.92495],[-3.42858,9.91911],[-3.42018,9.92741],[-3.40851,9.93009],[-3.37882,9.92351],[-3.37162,9.91691],[-3.36561,9.90959],[-3.35941,9.90471],[-3.34498,9.90137],[-3.33706,9.9055],[-3.32715,9.90641],[-3.31523,9.91172],[-3.3157,9.88411],[-3.31708,9.87037],[-3.28092,9.8559],[-3.27673,9.84866],[-3.27233,9.84729],[-3.27155,9.84587],[-3.26771,9.85581],[-3.26472,9.85745],[-3.26222,9.86521],[-3.25141,9.87011],[-3.24835,9.87497]]}},{"type":"Feature","properties":{"name":"Zanzan"},"geometry":{"type":"LineString","coordinates":[[-3.24835,9.87497],[-3.23991,9.88449],[-3.23836,9.8895],[-3.23576,9.89343],[-3.23563,9.8969],[-3.22902,9.89613],[-3.22674,9.89857],[-3.22388,9.89713],[-3.22149,9.89947],[-3.21878,9.89956],[-3.21666,9.90233],[-3.21491,9.9018],[-3.2133,9.90704],[-3.20932,9.90862],[-3.20785,9.91243],[-3.20827,9.91739],[-3.20704,9.91752],[-3.20678,9.91939],[-3.20304,9.9211],[-3.20055,9.92981],[-3.19426,9.93501],[-3.18923,9.93552]]}},{"type":"Feature","properties":{"name":"Zanzan"},"geometry":{"type":"LineString","coordinates":[[-3.18923,9.93552],[-3.1883,9.9328],[-3.19018,9.92988],[-3.18948,9.92712],[-3.19068,9.9236],[-3.19175,9.90813],[-3.19007,9.89948],[-3.19321,9.88476],[-3.18742,9.85518],[-3.18585,9.83989],[-3.17335,9.83645],[-3.16039,9.84383],[-3.15383,9.85139]]}},{"type":"Feature","properties":{"name":"Zanzan"},"geometry":{"type":"LineString","coordinates":[[-3.15383,9.85139],[-3.14298,9.8484],[-3.12578,9.83595],[-3.09502,9.81252],[-3.09503,9.79308],[-3.07967,9.75369],[-3.06515,9.7326],[-3.05532,9.72561],[-3.04881,9.72829],[-3.01023,9.74027],[-2.98705,9.69668],[-2.96865,9.65031]]}},{"type":"Feature","properties":{"name":"Zanzan"},"geometry":{"type":"LineString","coordinates":[[-2.96865,9.65031],[-2.94476,9.61771],[-2.94246,9.59667],[-2.93849,9.58774],[-2.93521,9.58481],[-2.9337,9.57879],[-2.93469,9.57532],[-2.93055,9.57257],[-2.92793,9.56834],[-2.92706,9.56921],[-2.82263,9.45169],[-2.81446,9.4488],[-2.79978,9.43553],[-2.80056,9.43435],[-2.79798,9.43356],[-2.78517,9.42064],[-2.77778,9.41804],[-2.77209,9.4153],[-2.76711,9.41058],[-2.75201,9.42472],[-2.74544,9.42861],[-2.74254,9.434],[-2.73293,9.4402],[-2.72821,9.44632],[-2.72927,9.44778],[-2.72798,9.44926],[-2.6872,9.49167]]}},{"type":"Feature","properties":{"name":"Zanzan"},"geometry":{"type":"LineString","coordinates":[[-2.6872,9.49167],[-2.68404,9.48584],[-2.6845,9.48219]]}},{"type":"Feature","properties":{"name":"Zanzan"},"geometry":{"type":"LineString","coordinates":[[-2.6845,9.48219],[-2.68694,9.46577],[-2.68994,9.44968],[-2.68754,9.42773],[-2.67481,9.39652],[-2.67374,9.38373],[-2.67747,9.36754],[-2.68701,9.35593],[-2.6967,9.34809],[-2.70379,9.33984],[-2.71625,9.33712],[-2.72057,9.33318],[-2.72046,9.3115],[-2.71572,9.29736],[-2.70597,9.28779],[-2.69176,9.28437],[-2.68377,9.28527],[-2.6646,9.26546],[-2.65801,9.2595],[-2.65769,9.25237],[-2.66139,9.24344],[-2.67195,9.23541],[-2.6946,9.2239],[-2.70471,9.21456],[-2.71045,9.20937]]}},{"type":"Feature","properties":{"name":"Zanzan"},"geometry":{"type":"LineString","coordinates":[[-2.71045,9.20937],[-2.71829,9.19827],[-2.71874,9.18735],[-2.7242,9.17549],[-2.72916,9.16597],[-2.73502,9.15829],[-2.75482,9.15223],[-2.76054,9.1516]]}},{"type":"Feature","properties":{"name":"Zanzan"},"geometry":{"type":"LineString","coordinates":[[-2.76054,9.1516],[-2.77278,9.14336],[-2.77374,9.13758],[-2.76472,9.11794],[-2.76358,9.10451],[-2.76083,9.0906],[-2.77266,9.0719],[-2.78018,9.06316],[-2.77131,9.0467],[-2.76372,9.0403],[-2.7588,9.03688],[-2.74058,9.03234],[-2.72623,9.03211],[-2.71436,9.02968],[-2.68438,9.02379],[-2.67014,9.02301],[-2.65868,9.01331],[-2.65447,9.00274],[-2.65649,8.97757],[-2.65017,8.94224],[-2.63946,8.9329],[-2.62739,8.92741],[-2.61774,8.91627],[-2.62116,8.89699],[-2.62198,8.87451],[-2.61059,8.85525],[-2.60695,8.84685],[-2.59753,8.83336],[-2.59767,8.82388],[-2.6195,8.81015],[-2.62613,8.80253],[-2.62807,8.79297],[-2.62179,8.78858]]}},{"type":"Feature","properties":{"name":"Zanzan"},"geometry":{"type":"LineString","coordinates":[[-2.62179,8.78858],[-2.61669,8.78374]]}},{"type":"Feature","properties":{"name":"Zanzan"},"geometry":{"type":"LineString","coordinates":[[-2.61669,8.78374],[-2.60917,8.78328],[-2.59827,8.78779],[-2.58831,8.78788]]}},{"type":"Feature","properties":{"name":"Zanzan"},"geometry":{"type":"LineString","coordinates":[[-2.58831,8.78788],[-2.58323,8.75749]]}},{"type":"Feature","properties":{"name":"Zanzan"},"geometry":{"type":"LineString","coordinates":[[-2.58323,8.75749],[-2.54574,8.5284],[-2.52462,8.43977]]}},{"type":"Feature","properties":{"name":"Greater Accra Region"},"geometry":{"type":"LineString","coordinates":[[-0.4035,5.50961],[-0.40489,5.50206],[-0.40288,5.49627],[-0.40376,5.49113],[-0.40038,5.48425],[-0.40432,5.48242],[-0.40711,5.47747],[-0.40648,5.47091]]}},{"type":"Feature","properties":{"name":"Greater Accra Region"},"geometry":{"type":"LineString","coordinates":[[-0.41441,5.53132],[-0.41316,5.52399],[-0.4068,5.51766],[-0.40535,5.51139],[-0.4035,5.50961]]}},{"type":"Feature","properties":{"name":"Greater Accra Region"},"geometry":{"type":"LineString","coordinates":[[-0.43559,5.62231],[-0.42958,5.61977],[-0.42757,5.61539],[-0.42709,5.60847],[-0.4234,5.60027],[-0.4192,5.59132],[-0.41922,5.58024],[-0.42008,5.57663],[-0.42021,5.56206],[-0.41873,5.53861],[-0.4157,5.53663],[-0.41441,5.53132]]}},{"type":"Feature","properties":{"name":"Greater Accra Region"},"geometry":{"type":"LineString","coordinates":[[-0.43559,5.62231],[-0.49499,5.65906],[-0.49865,5.66604],[-0.5114,5.68882],[-0.50979,5.70477],[-0.51052,5.72749],[-0.51327,5.73492]]}},{"type":"Feature","properties":{"name":"Greater Accra Region"},"geometry":{"type":"LineString","coordinates":[[-0.51327,5.73492],[-0.49767,5.74752],[-0.49255,5.74841]]}},{"type":"Feature","properties":{"name":"Greater Accra Region"},"geometry":{"type":"LineString","coordinates":[[-0.49255,5.74841],[-0.48005,5.7593],[-0.47713,5.77672],[-0.46812,5.77843],[-0.45774,5.78893],[-0.44793,5.79],[-0.43705,5.79944],[-0.4243,5.79342]]}},{"type":"Feature","properties":{"name":"Greater Accra Region"},"geometry":{"type":"LineString","coordinates":[[-0.4243,5.79342],[-0.42023,5.78842],[-0.41484,5.78234],[-0.4104,5.77038],[-0.40503,5.76683],[-0.39153,5.76027],[-0.38826,5.76773],[-0.38214,5.77623],[-0.37472,5.76925],[-0.36173,5.76325],[-0.35081,5.77089],[-0.34654,5.77407]]}},{"type":"Feature","properties":{"name":"Greater Accra Region"},"geometry":{"type":"LineString","coordinates":[[-0.34654,5.77407],[-0.33779,5.77811],[-0.33266,5.7773],[-0.32897,5.77621],[-0.3244,5.77492],[-0.32096,5.78073],[-0.29952,5.79551],[-0.27078,5.80824],[-0.26993,5.80729]]}},{"type":"Feature","properties":{"name":"Greater Accra Region"},"geometry":{"type":"LineString","coordinates":[[-0.26993,5.80729],[-0.26288,5.79939],[-0.23505,5.7758],[-0.24299,5.76449],[-0.24335,5.75097],[-0.23502,5.74386]]}},{"type":"Feature","properties":{"name":"Greater Accra Region"},"geometry":{"type":"LineString","coordinates":[[-0.23502,5.74386],[-0.22126,5.74258],[-0.21442,5.74939],[-0.20198,5.7631],[-0.2038,5.77061],[-0.19818,5.78452],[-0.18601,5.78947],[-0.18572,5.79133]]}},{"type":"Feature","properties":{"name":"Greater Accra Region"},"geometry":{"type":"LineString","coordinates":[[-0.18572,5.79133],[-0.17646,5.80141],[-0.17239,5.80782],[-0.16797,5.8123],[-0.15501,5.81449]]}},{"type":"Feature","properties":{"name":"Greater Accra Region"},"geometry":{"type":"LineString","coordinates":[[-0.15501,5.81449],[-0.1492,5.83058],[-0.15091,5.83577],[-0.16387,5.83816],[-0.16095,5.84315],[-0.14673,5.85195],[-0.1439,5.85477]]}},{"type":"Feature","properties":{"name":"Greater Accra Region"},"geometry":{"type":"LineString","coordinates":[[-0.1439,5.85477],[-0.12849,5.86113],[-0.12177,5.87548],[-0.11883,5.87876]]}},{"type":"Feature","properties":{"name":"Greater Accra Region"},"geometry":{"type":"LineString","coordinates":[[-0.11883,5.87876],[-0.10016,5.89763],[-0.07304,5.9188],[-0.04661,5.9433],[-0.00408,5.97634],[-0.01256,5.99593]]}},{"type":"Feature","properties":{"name":"Greater Accra Region"},"geometry":{"type":"LineString","coordinates":[[-0.01256,5.99593],[-0.01103,6.0066],[-0.00974,6.01036]]}},{"type":"Feature","properties":{"name":"Greater Accra Region"},"geometry":{"type":"LineString","coordinates":[[-0.00974,6.01036],[0.0079,6.0168],[0.01189,6.02888],[0.01614,6.03682],[0.03777,6.05145],[0.05058,6.04636],[0.06952,6.0518],[0.10171,6.05704],[0.14364,6.10088]]}},{"type":"Feature","properties":{"name":"Greater Accra Region"},"geometry":{"type":"LineString","coordinates":[[0.14364,6.10088],[0.14458,6.10761]]}},{"type":"Feature","properties":{"name":"Greater Accra Region"},"geometry":{"type":"LineString","coordinates":[[0.14458,6.10761],[0.16935,6.09838],[0.17884,6.09335],[0.18525,6.09269],[0.24855,6.10364],[0.26541,6.10382],[0.28416,6.08808],[0.29019,6.0722],[0.29427,6.0614]]}},{"type":"Feature","properties":{"name":"Greater Accra Region"},"geometry":{"type":"LineString","coordinates":[[0.344,5.95487],[0.31738,5.98667],[0.31972,5.99572],[0.34392,6.0216],[0.33145,6.03415],[0.29427,6.0614]]}},{"type":"Feature","properties":{"name":"Greater Accra Region"},"geometry":{"type":"LineString","coordinates":[[0.48737,6.00327],[0.45284,6.00255],[0.44437,5.99708],[0.44044,5.99111],[0.4389,5.9818],[0.42988,5.97408],[0.41639,5.97627],[0.40581,5.96635],[0.38622,5.96129],[0.344,5.95487]]}},{"type":"Feature","properties":{"name":"Greater Accra Region"},"geometry":{"type":"LineString","coordinates":[[0.4969,5.98175],[0.48737,6.00327]]}},{"type":"Feature","properties":{"name":"Greater Accra Region"},"geometry":{"type":"LineString","coordinates":[[0.55456,5.94525],[0.52451,5.95764],[0.51455,5.98253],[0.4969,5.98175]]}},{"type":"Feature","properties":{"name":"Greater Accra Region"},"geometry":{"type":"LineString","coordinates":[[0.55456,5.94525],[0.56074,5.94013],[0.56653,5.93601],[0.56975,5.93255],[0.57149,5.93209],[0.57195,5.92981],[0.57768,5.93068],[0.5892,5.91861],[0.58874,5.91278],[0.59215,5.90888],[0.5997,5.90449],[0.60431,5.90044],[0.60875,5.90032],[0.61231,5.89495],[0.60422,5.88861],[0.60437,5.8862],[0.61087,5.88217],[0.61263,5.87599],[0.61969,5.87538],[0.61823,5.87397],[0.61284,5.87256],[0.61582,5.865],[0.62736,5.869],[0.63213,5.864],[0.62885,5.86216],[0.62483,5.86028],[0.61973,5.84939],[0.62117,5.84012],[0.62241,5.83338],[0.63628,5.83455]]}},{"type":"Feature","properties":{"name":"Greater Accra Region"},"geometry":{"type":"LineString","coordinates":[[0.63628,5.83455],[0.65206,5.81643],[0.66377,5.79912],[0.67124,5.78417]]}},{"type":"Feature","properties":{"name":"Greater Accra Region"},"geometry":{"type":"LineString","coordinates":[[0.67124,5.78417],[0.67226,5.77428]]}},{"type":"Feature","properties":{"name":"Greater Accra Region"},"geometry":{"type":"LineString","coordinates":[[0.46446,5.78862],[0.62303,5.77616],[0.66537,5.76973],[0.67226,5.77428]]}},{"type":"Feature","properties":{"name":"Greater Accra Region"},"geometry":{"type":"LineString","coordinates":[[0.3201,5.78245],[0.39016,5.78819],[0.44241,5.78964],[0.46446,5.78862]]}},{"type":"Feature","properties":{"name":"Greater Accra Region"},"geometry":{"type":"LineString","coordinates":[[0.0685,5.69364],[0.08115,5.69776],[0.1079,5.70235],[0.12757,5.70859],[0.13161,5.71168],[0.13384,5.71755],[0.1384,5.72214],[0.14942,5.7277],[0.16466,5.73193],[0.16762,5.73509],[0.17426,5.73723],[0.17283,5.73774],[0.17356,5.73912],[0.17814,5.74071],[0.17912,5.74291],[0.18258,5.74214],[0.18806,5.7451],[0.22036,5.74703],[0.2214,5.74911],[0.24614,5.76053],[0.24975,5.7658],[0.2567,5.76862],[0.3201,5.78245]]}},{"type":"Feature","properties":{"name":"Greater Accra Region"},"geometry":{"type":"LineString","coordinates":[[0.0685,5.69364],[0.06294,5.68569],[0.04367,5.67061]]}},{"type":"Feature","properties":{"name":"Greater Accra Region"},"geometry":{"type":"LineString","coordinates":[[0.04367,5.67061],[0.0344,5.65757],[0.03201,5.65393]]}},{"type":"Feature","properties":{"name":"Greater Accra Region"},"geometry":{"type":"LineString","coordinates":[[0.03201,5.65393],[0.02819,5.64694],[0.02159,5.64308],[0.02084,5.63612],[0.01757,5.62126],[-0.01379,5.60449],[-0.03096,5.61274],[-0.0347,5.61257]]}},{"type":"Feature","properties":{"name":"Greater Accra Region"},"geometry":{"type":"LineString","coordinates":[[-0.0347,5.61257],[-0.05486,5.60769]]}},{"type":"Feature","properties":{"name":"Greater Accra Region"},"geometry":{"type":"LineString","coordinates":[[-0.05486,5.60769],[-0.09509,5.5807]]}},{"type":"Feature","properties":{"name":"Greater Accra Region"},"geometry":{"type":"LineString","coordinates":[[-0.09509,5.5807],[-0.11458,5.57016],[-0.13612,5.56237]]}},{"type":"Feature","properties":{"name":"Greater Accra Region"},"geometry":{"type":"LineString","coordinates":[[-0.13612,5.56237],[-0.17411,5.55006]]}},{"type":"Feature","properties":{"name":"Greater Accra Region"},"geometry":{"type":"LineString","coordinates":[[-0.17411,5.55006],[-0.18641,5.54509]]}},{"type":"Feature","properties":{"name":"Greater Accra Region"},"geometry":{"type":"LineString","coordinates":[[-0.18641,5.54509],[-0.20091,5.54193]]}},{"type":"Feature","properties":{"name":"Greater Accra Region"},"geometry":{"type":"LineString","coordinates":[[-0.20091,5.54193],[-0.20487,5.53955]]}},{"type":"Feature","properties":{"name":"Greater Accra Region"},"geometry":{"type":"LineString","coordinates":[[-0.20487,5.53955],[-0.20744,5.53288],[-0.21061,5.53201]]}},{"type":"Feature","properties":{"name":"Greater Accra Region"},"geometry":{"type":"LineString","coordinates":[[-0.21061,5.53201],[-0.21828,5.52956],[-0.22146,5.52994]]}},{"type":"Feature","properties":{"name":"Greater Accra Region"},"geometry":{"type":"LineString","coordinates":[[-0.22146,5.52994],[-0.2363,5.52589]]}},{"type":"Feature","properties":{"name":"Greater Accra Region"},"geometry":{"type":"LineString","coordinates":[[-0.2363,5.52589],[-0.25324,5.52278]]}},{"type":"Feature","properties":{"name":"Greater Accra Region"},"geometry":{"type":"LineString","coordinates":[[-0.25324,5.52278],[-0.26229,5.52118]]}},{"type":"Feature","properties":{"name":"Greater Accra Region"},"geometry":{"type":"LineString","coordinates":[[-0.26229,5.52118],[-0.28198,5.51719]]}},{"type":"Feature","properties":{"name":"Greater Accra Region"},"geometry":{"type":"LineString","coordinates":[[-0.28331,5.51693],[-0.28198,5.51719]]}},{"type":"Feature","properties":{"name":"Greater Accra Region"},"geometry":{"type":"LineString","coordinates":[[-0.33753,5.50393],[-0.28331,5.51693]]}},{"type":"Feature","properties":{"name":"Greater Accra Region"},"geometry":{"type":"LineString","coordinates":[[-0.40648,5.47091],[-0.40493,5.47404],[-0.39979,5.47761],[-0.37092,5.48978],[-0.36684,5.49453],[-0.33753,5.50393]]}},{"type":"Feature","properties":{"name":"Hauts-Bassins"},"geometry":{"type":"LineString","coordinates":[[-4.6489,12.06069],[-4.6502,12.06207],[-4.65456,12.062],[-4.65688,12.06418],[-4.67015,12.06472],[-4.67522,12.06735],[-4.68301,12.06563]]}},{"type":"Feature","properties":{"name":"Hauts-Bassins"},"geometry":{"type":"LineString","coordinates":[[-4.68301,12.06563],[-4.68582,12.065],[-4.70096,12.0656],[-4.70124,12.06472]]}},{"type":"Feature","properties":{"name":"Hauts-Bassins"},"geometry":{"type":"LineString","coordinates":[[-4.70124,12.06472],[-4.70877,12.05519],[-4.70994,12.05007],[-4.71632,12.04858],[-4.7147,12.04249],[-4.71645,12.04092],[-4.71775,12.03538],[-4.71677,12.0334],[-4.71909,12.03213],[-4.72101,12.03354],[-4.72364,12.03179],[-4.72224,12.02858],[-4.72509,12.02605],[-4.72304,12.02215],[-4.7236,12.01625],[-4.7287,12.0118],[-4.72823,12.00927],[-4.73352,12.00354]]}},{"type":"Feature","properties":{"name":"Hauts-Bassins"},"geometry":{"type":"LineString","coordinates":[[-4.73352,12.00354],[-4.74021,11.9994],[-4.74531,11.99961],[-4.74695,12.00626],[-4.75122,12.00923],[-4.7655,12.00501],[-4.76699,12.00991],[-4.78169,12.00983],[-4.78728,12.00586],[-4.79074,12.012],[-4.7991,12.00888],[-4.81109,12.013],[-4.81576,12.00907],[-4.82039,12.00824],[-4.82518,12.01259],[-4.82845,12.01396],[-4.82791,12.01633],[-4.83103,12.01846],[-4.83554,12.01719],[-4.83872,12.01275],[-4.84933,12.0177],[-4.85456,12.01116],[-4.86284,12.00872],[-4.86657,12.00272],[-4.87323,12.0025],[-4.87895,12.00147],[-4.88703,12.00627],[-4.89414,12.00267],[-4.90182,12.00512],[-4.90453,12.00352],[-4.90789,12.00356],[-4.90921,12.00107],[-4.91195,12.00325],[-4.91492,12.00344],[-4.91482,11.99975],[-4.9191,11.99937],[-4.92436,12.0005],[-4.92503,12.00346],[-4.92947,12.00498],[-4.93683,12.0046],[-4.94084,12.00307],[-4.94703,12.0035],[-4.95078,11.99783],[-4.95649,11.99943],[-4.96151,11.99604],[-4.96544,11.99783],[-4.9688,11.9949],[-4.96801,11.99371],[-4.96981,11.99299],[-4.97685,11.99478],[-4.97826,11.99667],[-4.98186,11.99535],[-4.98399,11.99047],[-4.98767,11.98703],[-4.98802,11.98531],[-4.9938,11.98619],[-4.99643,11.99006],[-5.00203,11.98749],[-5.00557,11.98944],[-5.01607,11.98155],[-5.02231,11.98566],[-5.02559,11.98253],[-5.03223,11.98487],[-5.03247,11.98345],[-5.03701,11.98299],[-5.03868,11.98176],[-5.04875,11.98091],[-5.0549,11.97765],[-5.05571,11.9759],[-5.05682,11.97791],[-5.06334,11.98069],[-5.06571,11.97794],[-5.06637,11.98241],[-5.07496,11.98229],[-5.0776,11.97667],[-5.07973,11.97741],[-5.08242,11.97139],[-5.08517,11.97082],[-5.08671,11.97189],[-5.09201,11.96782],[-5.09285,11.96987],[-5.09488,11.96931],[-5.09611,11.96419],[-5.09743,11.96401]]}},{"type":"Feature","properties":{"name":"Hauts-Bassins"},"geometry":{"type":"LineString","coordinates":[[-5.09743,11.96401],[-5.10155,11.96314],[-5.10935,11.96495],[-5.11077,11.96037],[-5.1135,11.96075],[-5.12698,11.95684],[-5.13204,11.95048],[-5.13401,11.95095],[-5.13927,11.9458],[-5.14645,11.94699],[-5.14894,11.94337],[-5.15096,11.93339],[-5.16001,11.93607],[-5.16568,11.93064],[-5.16562,11.92877],[-5.1727,11.92701],[-5.17288,11.91865],[-5.17436,11.91576],[-5.17955,11.91168],[-5.1806,11.90313],[-5.18319,11.90317],[-5.18372,11.90533],[-5.18645,11.9048],[-5.18719,11.90589],[-5.18854,11.90389],[-5.18397,11.89997],[-5.18459,11.89832],[-5.19851,11.89793],[-5.20032,11.89458],[-5.20456,11.89395],[-5.20499,11.89199],[-5.20897,11.8924]]}},{"type":"Feature","properties":{"name":"Hauts-Bassins"},"geometry":{"type":"LineString","coordinates":[[-5.20897,11.8924],[-5.20927,11.8846],[-5.21432,11.88145],[-5.21758,11.88267],[-5.21739,11.87773],[-5.22062,11.8756],[-5.22168,11.87292],[-5.23028,11.86769],[-5.23458,11.87076],[-5.23993,11.86598],[-5.24451,11.86496],[-5.24472,11.86008],[-5.24309,11.85912],[-5.24375,11.85679],[-5.24748,11.8531],[-5.24364,11.84865],[-5.24825,11.84569],[-5.24578,11.83918],[-5.25072,11.83819],[-5.25192,11.84082],[-5.25603,11.84113],[-5.2592,11.83703],[-5.2578,11.83311],[-5.26297,11.83467],[-5.26708,11.8403],[-5.26902,11.8385],[-5.27658,11.84102],[-5.27826,11.8472],[-5.27764,11.85339],[-5.2797,11.85339],[-5.28067,11.85097],[-5.28278,11.85124],[-5.28526,11.85457],[-5.28792,11.85256],[-5.29208,11.85286],[-5.29426,11.84961],[-5.29802,11.84915],[-5.29829,11.84392],[-5.30332,11.83525],[-5.30646,11.83777],[-5.31151,11.83917],[-5.31244,11.84102],[-5.31896,11.8413],[-5.31977,11.84757],[-5.32425,11.84811],[-5.32302,11.84624],[-5.32458,11.84401],[-5.32859,11.8413],[-5.33198,11.83595],[-5.33764,11.83193],[-5.33767,11.82749],[-5.34139,11.82956],[-5.34388,11.82689],[-5.3533,11.8228],[-5.35432,11.82123],[-5.35647,11.82179],[-5.35557,11.82483],[-5.35769,11.82994],[-5.36004,11.83085],[-5.36136,11.83305],[-5.36513,11.8322],[-5.36996,11.83719],[-5.37075,11.83626],[-5.36976,11.83468],[-5.37388,11.83558],[-5.37148,11.83976],[-5.37519,11.8394],[-5.37875,11.8359],[-5.38116,11.83769],[-5.3785,11.84281],[-5.38735,11.83874],[-5.39064,11.83943],[-5.39683,11.83398],[-5.40167,11.83352],[-5.40452,11.83072],[-5.40445,11.82808],[-5.40587,11.82649]]}},{"type":"Feature","properties":{"name":"Hauts-Bassins"},"geometry":{"type":"LineString","coordinates":[[-5.32227,11.80374],[-5.32652,11.80426],[-5.32803,11.80029],[-5.332,11.80104],[-5.33287,11.79788],[-5.33508,11.79807],[-5.33637,11.80431],[-5.34,11.80388],[-5.34109,11.80215],[-5.33962,11.79935],[-5.34252,11.80072],[-5.344,11.80234],[-5.34342,11.80768],[-5.34667,11.80753],[-5.351,11.7986],[-5.34828,11.79591],[-5.35123,11.79579],[-5.35416,11.79785],[-5.35827,11.80433],[-5.3606,11.80136],[-5.36835,11.80473],[-5.36368,11.80886],[-5.36721,11.80931],[-5.36834,11.81244],[-5.37562,11.80959],[-5.37655,11.81394],[-5.37895,11.81588],[-5.3811,11.82054],[-5.3902,11.81611],[-5.39305,11.8161],[-5.39141,11.81963],[-5.39395,11.82146],[-5.40061,11.82265],[-5.40387,11.82577],[-5.40587,11.82649]]}},{"type":"Feature","properties":{"name":"Hauts-Bassins"},"geometry":{"type":"LineString","coordinates":[[-5.32227,11.80374],[-5.32472,11.8017],[-5.3241,11.80002],[-5.32003,11.79859],[-5.31517,11.79389],[-5.30374,11.79278],[-5.30621,11.78957],[-5.30475,11.78656],[-5.30046,11.78902],[-5.30042,11.78426],[-5.29329,11.78355],[-5.29017,11.78408],[-5.2892,11.77927],[-5.28488,11.77512],[-5.28692,11.77123],[-5.29311,11.7726],[-5.294,11.77079],[-5.29212,11.76548],[-5.28773,11.76474],[-5.28644,11.76243],[-5.27841,11.75891],[-5.27501,11.75667],[-5.26523,11.7617],[-5.25936,11.76268],[-5.26179,11.75236],[-5.25881,11.74632],[-5.25974,11.73506],[-5.26465,11.7278],[-5.26683,11.71816],[-5.26879,11.71507],[-5.26752,11.71385]]}},{"type":"Feature","properties":{"name":"Hauts-Bassins"},"geometry":{"type":"LineString","coordinates":[[-5.26752,11.71385],[-5.26743,11.71028],[-5.26988,11.70937],[-5.27103,11.70669],[-5.26687,11.6969],[-5.26634,11.68807],[-5.2675,11.68482],[-5.26532,11.67926],[-5.26805,11.67617],[-5.27036,11.6677],[-5.27612,11.65865],[-5.27957,11.65395],[-5.28202,11.65324],[-5.28202,11.64536],[-5.28842,11.63534],[-5.28788,11.63267],[-5.29254,11.63082],[-5.29342,11.61829],[-5.29484,11.61537],[-5.29245,11.6154],[-5.29212,11.61358],[-5.29012,11.61342],[-5.286,11.60966],[-5.28375,11.60955],[-5.28047,11.60509],[-5.27484,11.60296],[-5.27416,11.60156],[-5.27091,11.60102],[-5.27017,11.60285],[-5.26509,11.60344],[-5.26274,11.60448],[-5.25839,11.60486],[-5.25756,11.60351],[-5.25432,11.60479],[-5.25275,11.60318],[-5.25195,11.60454],[-5.24854,11.60294],[-5.2454,11.60344],[-5.24425,11.60497],[-5.23986,11.60432],[-5.23619,11.60206],[-5.23465,11.60016],[-5.23311,11.59988],[-5.2325,11.59329],[-5.2259,11.58885],[-5.21644,11.57875],[-5.2144,11.55422],[-5.20785,11.54637],[-5.20937,11.54477],[-5.20643,11.54043],[-5.20326,11.5322],[-5.20144,11.53296],[-5.19993,11.5291],[-5.20355,11.52489],[-5.20243,11.52343],[-5.20447,11.51815],[-5.20376,11.5153],[-5.20733,11.50649],[-5.20689,11.50045],[-5.20974,11.49729],[-5.20233,11.48718],[-5.2031,11.48526],[-5.20062,11.48284],[-5.20504,11.47829],[-5.20389,11.47433],[-5.20539,11.47276],[-5.2053,11.47096],[-5.20704,11.47052],[-5.20976,11.45741],[-5.20535,11.45329],[-5.20013,11.44368],[-5.19913,11.42776],[-5.20447,11.42138],[-5.21542,11.41615],[-5.21595,11.41174],[-5.21867,11.41216],[-5.23121,11.4],[-5.23867,11.39593],[-5.24249,11.39667]]}},{"type":"Feature","properties":{"name":"Hauts-Bassins"},"geometry":{"type":"LineString","coordinates":[[-5.24249,11.39667],[-5.25525,11.35917],[-5.25658,11.33687],[-5.25162,11.26121],[-5.25601,11.24406],[-5.27868,11.23282],[-5.29908,11.22501],[-5.3208,11.21129],[-5.32671,11.20119],[-5.3269,11.18213],[-5.32576,11.15259],[-5.333,11.1383],[-5.34996,11.12553],[-5.36955,11.11267],[-5.39225,11.10254],[-5.46296,11.08628],[-5.48926,11.08151],[-5.48852,11.06484]]}},{"type":"Feature","properties":{"name":"Hauts-Bassins"},"geometry":{"type":"LineString","coordinates":[[-5.48852,11.06484],[-5.48754,11.04626],[-5.48202,11.0312],[-5.47477,11.02076]]}},{"type":"Feature","properties":{"name":"Hauts-Bassins"},"geometry":{"type":"LineString","coordinates":[[-5.47477,11.02076],[-5.42892,11.02179],[-5.40334,11.01221],[-5.38796,11.00039],[-5.39616,10.99914],[-5.38786,10.98841],[-5.36733,10.97255],[-5.34446,10.95944],[-5.30223,10.94027],[-5.27193,10.92026],[-5.26643,10.90876],[-5.26425,10.89944],[-5.25912,10.85359]]}},{"type":"Feature","properties":{"name":"Hauts-Bassins"},"geometry":{"type":"LineString","coordinates":[[-5.25912,10.85359],[-5.24879,10.85764],[-5.24004,10.86272],[-5.22724,10.86372],[-5.22367,10.86089],[-5.21734,10.84933],[-5.21597,10.82462],[-5.21136,10.81561],[-5.20904,10.80831],[-5.19899,10.79709],[-5.19324,10.78904]]}},{"type":"Feature","properties":{"name":"Hauts-Bassins"},"geometry":{"type":"LineString","coordinates":[[-5.19324,10.78904],[-5.16157,10.80161],[-5.13129,10.81591],[-5.10929,10.82316],[-5.0809,10.82688],[-5.06544,10.82373],[-5.05812,10.82441],[-5.05019,10.82812],[-5.03684,10.8308],[-5.02786,10.83572],[-5.01277,10.83648],[-4.99994,10.83533],[-4.99774,10.83724],[-4.9939,10.84198]]}},{"type":"Feature","properties":{"name":"Hauts-Bassins"},"geometry":{"type":"LineString","coordinates":[[-4.9939,10.84198],[-4.98911,10.85499],[-4.98031,10.86985],[-4.97627,10.87852],[-4.97153,10.88155],[-4.96451,10.8905],[-4.96039,10.89152],[-4.94358,10.88757],[-4.92581,10.87671],[-4.90286,10.87933],[-4.87238,10.88052],[-4.87102,10.8741],[-4.86801,10.87307],[-4.8528,10.87992],[-4.83577,10.88051],[-4.76965,10.8751]]}},{"type":"Feature","properties":{"name":"Hauts-Bassins"},"geometry":{"type":"LineString","coordinates":[[-4.76965,10.8751],[-4.76461,10.87128],[-4.76375,10.86438],[-4.75541,10.85828],[-4.75404,10.8496],[-4.75549,10.84493]]}},{"type":"Feature","properties":{"name":"Hauts-Bassins"},"geometry":{"type":"LineString","coordinates":[[-4.75549,10.84493],[-4.74911,10.83625],[-4.74212,10.8304],[-4.73907,10.825],[-4.73667,10.81515],[-4.73705,10.8089],[-4.72168,10.79849],[-4.70633,10.79534],[-4.69565,10.7886],[-4.69578,10.78436],[-4.68892,10.77715],[-4.68377,10.77597],[-4.65644,10.78383],[-4.65034,10.78734],[-4.63406,10.79973],[-4.62213,10.809],[-4.61141,10.81553],[-4.59041,10.82896],[-4.58477,10.82797]]}},{"type":"Feature","properties":{"name":"Hauts-Bassins"},"geometry":{"type":"LineString","coordinates":[[-4.58477,10.82797],[-4.5846,10.83299],[-4.58706,10.84099],[-4.58517,10.84389],[-4.57685,10.85085],[-4.55401,10.86085],[-4.53861,10.86995],[-4.52418,10.86862],[-4.51259,10.86488],[-4.49178,10.87142],[-4.48323,10.8679],[-4.48017,10.87119],[-4.47871,10.87434],[-4.47397,10.87598],[-4.46908,10.87849],[-4.45802,10.87403],[-4.44936,10.87256],[-4.42243,10.81267],[-4.4173,10.8038],[-4.40746,10.77985],[-4.39033,10.74331],[-4.38657,10.73649],[-4.38255,10.73479],[-4.38239,10.73391]]}},{"type":"Feature","properties":{"name":"Hauts-Bassins"},"geometry":{"type":"LineString","coordinates":[[-4.38239,10.73391],[-4.37842,10.73668],[-4.37065,10.73817],[-4.35748,10.74613],[-4.35282,10.74644],[-4.33125,10.73917],[-4.32102,10.73876],[-4.31528,10.74149],[-4.30753,10.73815],[-4.2926,10.73758],[-4.28832,10.73809],[-4.28035,10.71557],[-4.27412,10.70728],[-4.26032,10.69904],[-4.25363,10.69957],[-4.24697,10.69876],[-4.23709,10.71133],[-4.2301,10.71357],[-4.22364,10.7139],[-4.21637,10.72253],[-4.2093,10.74031],[-4.20468,10.74442],[-4.16902,10.74956],[-4.15949,10.75032],[-4.1519,10.75383],[-4.13716,10.75488],[-4.12684,10.76426],[-4.11867,10.76693],[-4.11135,10.77137],[-4.10948,10.7757],[-4.10446,10.7795],[-4.09225,10.78534],[-4.08714,10.79346]]}},{"type":"Feature","properties":{"name":"Hauts-Bassins"},"geometry":{"type":"LineString","coordinates":[[-4.08714,10.79346],[-4.08246,10.79581],[-4.08023,10.79453],[-4.06906,10.7706],[-4.0645,10.76601],[-4.06363,10.7626],[-4.0612,10.76274],[-4.05989,10.7569],[-4.05331,10.74852]]}},{"type":"Feature","properties":{"name":"Hauts-Bassins"},"geometry":{"type":"LineString","coordinates":[[-4.05331,10.74852],[-4.04465,10.74206],[-4.03608,10.73828],[-4.03282,10.73962],[-4.03152,10.73606],[-4.03046,10.73569],[-4.02254,10.73768],[-4.02247,10.74198],[-4.01944,10.74217],[-4.01714,10.73365],[-4.01039,10.72879],[-4.0076,10.72479],[-4.00331,10.72846],[-3.99732,10.7274],[-3.99452,10.72834],[-3.99097,10.7163],[-3.98539,10.71371],[-3.98032,10.71386],[-3.97174,10.71219],[-3.96434,10.71503],[-3.95572,10.71347],[-3.94942,10.71445],[-3.94654,10.70783],[-3.9406,10.70461],[-3.94093,10.70079],[-3.93859,10.69805],[-3.92999,10.69671],[-3.92282,10.68763],[-3.92361,10.67913],[-3.92772,10.67591],[-3.92396,10.67012],[-3.91912,10.67048],[-3.91579,10.6754],[-3.9154,10.68077],[-3.91332,10.68444],[-3.91503,10.68869],[-3.90889,10.68746],[-3.90613,10.68912],[-3.90154,10.68935],[-3.90189,10.69392],[-3.89992,10.69614],[-3.89052,10.69937],[-3.88287,10.69594],[-3.88039,10.69701],[-3.87669,10.70163],[-3.86992,10.69931]]}},{"type":"Feature","properties":{"name":"Hauts-Bassins"},"geometry":{"type":"LineString","coordinates":[[-3.86992,10.69931],[-3.86087,10.70199],[-3.85872,10.70662],[-3.85242,10.7066],[-3.84863,10.71361],[-3.853,10.72771],[-3.85052,10.73077],[-3.84637,10.73075]]}},{"type":"Feature","properties":{"name":"Hauts-Bassins"},"geometry":{"type":"LineString","coordinates":[[-3.84637,10.73075],[-3.84097,10.73085],[-3.83599,10.7269],[-3.83379,10.73102],[-3.83334,10.73664],[-3.83548,10.73935],[-3.839,10.73467],[-3.84209,10.73383],[-3.84544,10.7399],[-3.84429,10.74524],[-3.83779,10.74979],[-3.83972,10.75098],[-3.83923,10.75288],[-3.8458,10.75844],[-3.84495,10.76132],[-3.83488,10.75965],[-3.83333,10.76158],[-3.83387,10.7652],[-3.82823,10.76606],[-3.82221,10.77129],[-3.82175,10.77492],[-3.8253,10.77545],[-3.82804,10.78044],[-3.82312,10.78772],[-3.82168,10.79171],[-3.81761,10.79336],[-3.81345,10.79849],[-3.81012,10.80906],[-3.8075,10.81113],[-3.80833,10.81332],[-3.79593,10.82301],[-3.79771,10.82823],[-3.79764,10.82929],[-3.79911,10.83238],[-3.79789,10.8371],[-3.79205,10.84159],[-3.79088,10.84116],[-3.79201,10.83872],[-3.7902,10.83854],[-3.78983,10.84163],[-3.78782,10.84285]]}},{"type":"Feature","properties":{"name":"Hauts-Bassins"},"geometry":{"type":"LineString","coordinates":[[-3.78782,10.84285],[-3.77923,10.85244],[-3.77204,10.84399],[-3.77065,10.84639],[-3.75744,10.85108],[-3.75321,10.84955],[-3.75169,10.84466],[-3.75373,10.83938],[-3.75299,10.83454],[-3.74925,10.83145],[-3.74634,10.83283],[-3.73552,10.83119],[-3.73222,10.83306],[-3.733,10.83477],[-3.72947,10.83471],[-3.73009,10.83319],[-3.72736,10.83319],[-3.72763,10.83599],[-3.72189,10.83598],[-3.71936,10.83986],[-3.71602,10.83904]]}},{"type":"Feature","properties":{"name":"Hauts-Bassins"},"geometry":{"type":"LineString","coordinates":[[-3.71602,10.83904],[-3.71408,10.84169],[-3.71615,10.8461],[-3.71969,10.84896],[-3.7228,10.85729],[-3.73182,10.86059],[-3.73247,10.86418],[-3.73542,10.86608],[-3.73089,10.86986],[-3.72409,10.86718],[-3.71763,10.8734],[-3.71794,10.88016],[-3.72283,10.88451],[-3.72069,10.88752],[-3.71581,10.88829],[-3.70924,10.88337],[-3.70296,10.8728],[-3.70198,10.87274],[-3.69979,10.87444],[-3.69694,10.88647],[-3.68887,10.89529],[-3.68294,10.89143],[-3.68241,10.88403],[-3.67357,10.87946],[-3.67187,10.88952],[-3.6709,10.891],[-3.66303,10.89172],[-3.65423,10.8857],[-3.64739,10.88925],[-3.64806,10.89297],[-3.6528,10.90108],[-3.65176,10.90509],[-3.65233,10.91534],[-3.65119,10.91888],[-3.65475,10.91737],[-3.65771,10.91047],[-3.66095,10.91148],[-3.66307,10.91576],[-3.66723,10.91958],[-3.66771,10.92636],[-3.66311,10.92802],[-3.65901,10.92432],[-3.65679,10.9261],[-3.65826,10.93049],[-3.6589,10.93777],[-3.65986,10.9406],[-3.64977,10.94845],[-3.64998,10.95205]]}},{"type":"Feature","properties":{"name":"Hauts-Bassins"},"geometry":{"type":"LineString","coordinates":[[-3.64998,10.95205],[-3.6516,10.95919],[-3.64992,10.96457],[-3.6469,10.96418],[-3.64542,10.96192],[-3.64317,10.96346],[-3.63701,10.96254],[-3.6395,10.95681],[-3.63844,10.95505],[-3.63551,10.95664],[-3.63034,10.95615],[-3.62724,10.95902],[-3.62136,10.9565],[-3.61838,10.95774],[-3.62014,10.9611],[-3.61692,10.9634],[-3.6185,10.9714],[-3.61599,10.97786],[-3.6065,10.97367],[-3.60542,10.97638],[-3.60622,10.98245],[-3.60408,10.98778],[-3.60713,10.98691],[-3.60808,10.9909],[-3.61014,10.99145]]}},{"type":"Feature","properties":{"name":"Hauts-Bassins"},"geometry":{"type":"LineString","coordinates":[[-3.61014,10.99145],[-3.60946,11.0009],[-3.60579,10.99765],[-3.59839,11.00524],[-3.59206,11.00943],[-3.59186,11.01558],[-3.59026,11.01885],[-3.58253,11.02801],[-3.58825,11.04245],[-3.59326,11.03828],[-3.60093,11.03488],[-3.60559,11.0407],[-3.60353,11.04404],[-3.59819,11.046],[-3.59599,11.05111],[-3.59574,11.05588],[-3.58752,11.05815],[-3.58043,11.05708],[-3.5755,11.0566],[-3.57261,11.05767],[-3.57643,11.06476],[-3.57091,11.0806],[-3.56828,11.08499],[-3.56317,11.08652],[-3.55671,11.08718],[-3.55464,11.08415],[-3.55872,11.08135],[-3.56164,11.0819],[-3.56139,11.07955],[-3.55609,11.07169],[-3.55587,11.06467],[-3.5533,11.06216],[-3.55034,11.06954],[-3.54859,11.07642],[-3.54584,11.07897]]}},{"type":"Feature","properties":{"name":"Hauts-Bassins"},"geometry":{"type":"LineString","coordinates":[[-3.48205,11.16349],[-3.4873,11.16095],[-3.49274,11.15845],[-3.49636,11.15706],[-3.50071,11.14852],[-3.49914,11.14329],[-3.49765,11.14073],[-3.49905,11.1359],[-3.50212,11.13226],[-3.50351,11.12883],[-3.50926,11.12303],[-3.51519,11.1121],[-3.5285,11.1013],[-3.54584,11.07897]]}},{"type":"Feature","properties":{"name":"Hauts-Bassins"},"geometry":{"type":"LineString","coordinates":[[-3.47586,11.15461],[-3.4778,11.1571],[-3.47897,11.16151],[-3.48205,11.16349]]}},{"type":"Feature","properties":{"name":"Hauts-Bassins"},"geometry":{"type":"LineString","coordinates":[[-3.46125,11.15081],[-3.47586,11.15461]]}},{"type":"Feature","properties":{"name":"Hauts-Bassins"},"geometry":{"type":"LineString","coordinates":[[-3.28318,11.26499],[-3.2874,11.2594],[-3.29157,11.24745],[-3.28998,11.23473],[-3.2863,11.22411],[-3.28753,11.2187],[-3.29015,11.20581],[-3.29217,11.20224],[-3.29555,11.20427],[-3.30413,11.20328],[-3.30611,11.1986],[-3.3092,11.1957],[-3.31172,11.19267],[-3.31585,11.19427],[-3.31892,11.19667],[-3.32178,11.20073],[-3.32396,11.2031],[-3.32497,11.20917],[-3.32821,11.21056],[-3.32951,11.21331],[-3.33588,11.21588],[-3.34099,11.22102],[-3.34935,11.22123],[-3.35429,11.21729],[-3.36054,11.20684],[-3.36633,11.20095],[-3.38718,11.1862],[-3.4082,11.17857],[-3.42192,11.18121],[-3.43878,11.17949],[-3.44243,11.16843],[-3.45058,11.1556],[-3.45833,11.15079],[-3.46125,11.15081]]}},{"type":"Feature","properties":{"name":"Hauts-Bassins"},"geometry":{"type":"LineString","coordinates":[[-3.1674,11.36437],[-3.17527,11.35956],[-3.18786,11.35851],[-3.19818,11.35549],[-3.22238,11.34436],[-3.25308,11.29213],[-3.28318,11.26499]]}},{"type":"Feature","properties":{"name":"Hauts-Bassins"},"geometry":{"type":"LineString","coordinates":[[-2.93621,11.32522],[-2.95893,11.33685],[-2.98467,11.34634],[-3.00325,11.34175],[-3.01153,11.33755],[-3.01352,11.33345],[-3.01283,11.32764],[-3.01154,11.3265],[-3.01417,11.32368],[-3.02762,11.32578],[-3.03425,11.33682],[-3.03678,11.34539],[-3.0429,11.3478],[-3.04925,11.34722],[-3.05277,11.34907],[-3.06128,11.34482],[-3.09172,11.34226],[-3.11309,11.33418],[-3.11392,11.3384],[-3.1198,11.33948],[-3.12187,11.33447],[-3.12767,11.33804],[-3.13227,11.34306],[-3.14338,11.34269],[-3.1499,11.345],[-3.15507,11.34937],[-3.15951,11.35141],[-3.1674,11.36437]]}},{"type":"Feature","properties":{"name":"Hauts-Bassins"},"geometry":{"type":"LineString","coordinates":[[-2.84911,11.29685],[-2.85298,11.29896],[-2.86047,11.29769],[-2.86843,11.30047],[-2.88247,11.30082],[-2.91315,11.31516],[-2.92773,11.32237],[-2.93211,11.32545],[-2.93621,11.32522]]}},{"type":"Feature","properties":{"name":"Hauts-Bassins"},"geometry":{"type":"LineString","coordinates":[[-2.83258,11.52164],[-2.83071,11.51717],[-2.83743,11.49668],[-2.84366,11.4886],[-2.85585,11.48063],[-2.85712,11.47626],[-2.85635,11.47298],[-2.85276,11.46913],[-2.83761,11.46725],[-2.83219,11.46157],[-2.83256,11.44919],[-2.83499,11.43753],[-2.82944,11.42033],[-2.8288,11.40883],[-2.8371,11.38676],[-2.83732,11.37638],[-2.84452,11.34337],[-2.84056,11.32545],[-2.83971,11.31009],[-2.84549,11.29952],[-2.84911,11.29685]]}},{"type":"Feature","properties":{"name":"Hauts-Bassins"},"geometry":{"type":"LineString","coordinates":[[-2.94378,11.54461],[-2.94401,11.55255],[-2.94353,11.55852],[-2.93954,11.55956],[-2.93368,11.55748],[-2.92296,11.5462],[-2.92106,11.54089],[-2.91942,11.54073],[-2.91997,11.53643],[-2.91318,11.53393],[-2.91296,11.53168],[-2.90869,11.52924],[-2.90509,11.52954],[-2.90304,11.52543],[-2.9008,11.52705],[-2.89858,11.52675],[-2.89697,11.52868],[-2.89012,11.52476],[-2.88874,11.52944],[-2.88683,11.53023],[-2.88934,11.5368],[-2.89505,11.5445],[-2.88897,11.55007],[-2.88686,11.54828],[-2.88208,11.54759],[-2.87598,11.54229],[-2.87301,11.53789],[-2.86834,11.53592],[-2.86192,11.5381],[-2.8622,11.53923],[-2.85929,11.53876],[-2.85834,11.54106],[-2.85506,11.54236],[-2.85249,11.53954],[-2.85353,11.5383],[-2.84623,11.53842],[-2.84306,11.5359],[-2.84118,11.53148],[-2.83832,11.52985],[-2.83699,11.52467],[-2.83258,11.52164]]}},{"type":"Feature","properties":{"name":"Hauts-Bassins"},"geometry":{"type":"LineString","coordinates":[[-3.0853,11.5584],[-3.08403,11.56357],[-3.07877,11.56119],[-3.07674,11.56285],[-3.07169,11.56412],[-3.07094,11.57001],[-3.07528,11.57563],[-3.07386,11.57813],[-3.06523,11.57974],[-3.05817,11.57802],[-3.05412,11.58259],[-3.05002,11.58352],[-3.04605,11.57857],[-3.04406,11.57319],[-3.04105,11.57403],[-3.03605,11.5789],[-3.03406,11.57728],[-3.02929,11.57681],[-3.02932,11.5731],[-3.02622,11.56856],[-3.01186,11.56748],[-3.01394,11.56366],[-3.02093,11.55638],[-3.01757,11.54512],[-3.01535,11.54407],[-3.0039,11.54451],[-2.99639,11.54252],[-2.9935,11.53593],[-2.98987,11.53312],[-2.98868,11.53017],[-2.98747,11.53093],[-2.98788,11.53598],[-2.9823,11.53872],[-2.97878,11.54547],[-2.97334,11.54419],[-2.96421,11.55249],[-2.96051,11.55288],[-2.95495,11.55094],[-2.94378,11.54461]]}},{"type":"Feature","properties":{"name":"Hauts-Bassins"},"geometry":{"type":"LineString","coordinates":[[-3.09713,11.54523],[-3.09406,11.54396],[-3.093,11.54601],[-3.09027,11.54691],[-3.08957,11.55382],[-3.0853,11.5584]]}},{"type":"Feature","properties":{"name":"Hauts-Bassins"},"geometry":{"type":"LineString","coordinates":[[-3.28172,11.4845],[-3.2655,11.48465],[-3.26048,11.48188],[-3.25249,11.48554],[-3.24378,11.49056],[-3.23898,11.49514],[-3.2229,11.50411],[-3.21361,11.49829],[-3.21151,11.4985],[-3.19771,11.4967],[-3.19128,11.49821],[-3.18883,11.4999],[-3.17887,11.50898],[-3.17152,11.51151],[-3.16402,11.51645],[-3.15567,11.51734],[-3.15073,11.51851],[-3.13378,11.52551],[-3.12573,11.52427],[-3.12435,11.52655],[-3.11756,11.53231],[-3.10443,11.53363],[-3.10781,11.53466],[-3.10606,11.53845],[-3.09742,11.53978],[-3.09713,11.54523]]}},{"type":"Feature","properties":{"name":"Hauts-Bassins"},"geometry":{"type":"LineString","coordinates":[[-3.42109,11.6221],[-3.40842,11.60092],[-3.40262,11.59903],[-3.38828,11.58724],[-3.38277,11.58408],[-3.38249,11.57202],[-3.35927,11.56458],[-3.33667,11.56394],[-3.32628,11.56443],[-3.31978,11.56046],[-3.31155,11.5602],[-3.30858,11.56144],[-3.30401,11.56275],[-3.29658,11.56206],[-3.29506,11.56079],[-3.29764,11.54462],[-3.30019,11.53984],[-3.30111,11.53273],[-3.29905,11.52595],[-3.30621,11.51983],[-3.30891,11.51493],[-3.30667,11.5098],[-3.30687,11.50738],[-3.30087,11.49996],[-3.28172,11.4845]]}},{"type":"Feature","properties":{"name":"Hauts-Bassins"},"geometry":{"type":"LineString","coordinates":[[-3.39986,11.63355],[-3.40751,11.6241],[-3.41704,11.6237],[-3.42109,11.6221]]}},{"type":"Feature","properties":{"name":"Hauts-Bassins"},"geometry":{"type":"LineString","coordinates":[[-3.36458,11.69015],[-3.36759,11.689],[-3.37531,11.67864],[-3.38345,11.67282],[-3.38623,11.66757],[-3.39037,11.66318],[-3.39426,11.654],[-3.3932,11.64843],[-3.39494,11.63834],[-3.39986,11.63355]]}},{"type":"Feature","properties":{"name":"Hauts-Bassins"},"geometry":{"type":"LineString","coordinates":[[-3.36463,11.69513],[-3.3665,11.69201],[-3.36458,11.69015]]}},{"type":"Feature","properties":{"name":"Hauts-Bassins"},"geometry":{"type":"LineString","coordinates":[[-3.40846,11.71145],[-3.40046,11.70702],[-3.38766,11.6953],[-3.37574,11.69524],[-3.37037,11.69854],[-3.36463,11.69513]]}},{"type":"Feature","properties":{"name":"Hauts-Bassins"},"geometry":{"type":"LineString","coordinates":[[-3.52201,11.73415],[-3.51868,11.73432],[-3.51462,11.73803],[-3.51121,11.73589],[-3.51308,11.73408],[-3.51112,11.73232],[-3.50391,11.7345],[-3.50141,11.73154],[-3.49142,11.73095],[-3.49512,11.7267],[-3.48855,11.72508],[-3.48367,11.72535],[-3.47408,11.73089],[-3.46564,11.72721],[-3.46373,11.72458],[-3.45988,11.72518],[-3.44813,11.72184],[-3.45051,11.71826],[-3.44771,11.71803],[-3.4455,11.71625],[-3.44444,11.71885],[-3.44245,11.71898],[-3.43762,11.71519],[-3.42832,11.71392],[-3.41804,11.7077],[-3.41518,11.70714],[-3.41104,11.70826],[-3.40846,11.71145]]}},{"type":"Feature","properties":{"name":"Hauts-Bassins"},"geometry":{"type":"LineString","coordinates":[[-3.5682,11.77293],[-3.56519,11.76997],[-3.56386,11.76488],[-3.56121,11.76138],[-3.55504,11.75818],[-3.55286,11.75496],[-3.55019,11.75454],[-3.54679,11.74895],[-3.53918,11.74969],[-3.53681,11.74573],[-3.53846,11.74396],[-3.53737,11.74277],[-3.5363,11.74316],[-3.53621,11.74451],[-3.53305,11.74377],[-3.52967,11.73748],[-3.52201,11.73415]]}},{"type":"Feature","properties":{"name":"Hauts-Bassins"},"geometry":{"type":"LineString","coordinates":[[-3.67836,11.78097],[-3.65063,11.7707],[-3.62414,11.76641],[-3.58899,11.76755],[-3.57821,11.77337],[-3.57245,11.77155],[-3.5682,11.77293]]}},{"type":"Feature","properties":{"name":"Hauts-Bassins"},"geometry":{"type":"LineString","coordinates":[[-3.73003,11.72541],[-3.72678,11.7268],[-3.72226,11.73217],[-3.71667,11.73548],[-3.71052,11.74539],[-3.70459,11.74935],[-3.68962,11.76335],[-3.68687,11.77055],[-3.68209,11.77522],[-3.67836,11.78097]]}},{"type":"Feature","properties":{"name":"Hauts-Bassins"},"geometry":{"type":"LineString","coordinates":[[-3.78348,11.73374],[-3.76917,11.73119],[-3.75974,11.73497],[-3.7493,11.73443],[-3.7353,11.73021],[-3.73003,11.72541]]}},{"type":"Feature","properties":{"name":"Hauts-Bassins"},"geometry":{"type":"LineString","coordinates":[[-3.86508,11.81444],[-3.86484,11.80311],[-3.86664,11.79795],[-3.8608,11.79008],[-3.85769,11.78608],[-3.84439,11.77637],[-3.84194,11.76623],[-3.8192,11.76355],[-3.80433,11.7476],[-3.79814,11.74709],[-3.79239,11.74344],[-3.78773,11.74085],[-3.78635,11.73641],[-3.78348,11.73374]]}},{"type":"Feature","properties":{"name":"Hauts-Bassins"},"geometry":{"type":"LineString","coordinates":[[-3.86508,11.81444],[-3.86962,11.82651]]}},{"type":"Feature","properties":{"name":"Hauts-Bassins"},"geometry":{"type":"LineString","coordinates":[[-3.86962,11.82651],[-3.88852,11.83326],[-3.89546,11.83393],[-3.89616,11.83293],[-3.89815,11.83432],[-3.90031,11.83309],[-3.90565,11.83617]]}},{"type":"Feature","properties":{"name":"Hauts-Bassins"},"geometry":{"type":"LineString","coordinates":[[-3.90565,11.83617],[-3.90949,11.83781],[-3.9111,11.83715],[-3.91495,11.84026]]}},{"type":"Feature","properties":{"name":"Hauts-Bassins"},"geometry":{"type":"LineString","coordinates":[[-3.91495,11.84026],[-3.91433,11.84441],[-3.90787,11.85622],[-3.90902,11.86047],[-3.9071,11.86211],[-3.90862,11.86632],[-3.91224,11.86961],[-3.91156,11.87065],[-3.91399,11.87201],[-3.91732,11.87163],[-3.92051,11.87451],[-3.9377,11.87256]]}},{"type":"Feature","properties":{"name":"Hauts-Bassins"},"geometry":{"type":"LineString","coordinates":[[-3.9377,11.87256],[-3.95079,11.87691]]}},{"type":"Feature","properties":{"name":"Hauts-Bassins"},"geometry":{"type":"LineString","coordinates":[[-3.95079,11.87691],[-3.95658,11.88035]]}},{"type":"Feature","properties":{"name":"Hauts-Bassins"},"geometry":{"type":"LineString","coordinates":[[-3.95658,11.88035],[-3.96209,11.88473],[-3.96349,11.88405],[-3.97082,11.90799],[-3.97419,11.91225]]}},{"type":"Feature","properties":{"name":"Hauts-Bassins"},"geometry":{"type":"LineString","coordinates":[[-3.97419,11.91225],[-3.98304,11.91859],[-3.98236,11.92598]]}},{"type":"Feature","properties":{"name":"Hauts-Bassins"},"geometry":{"type":"LineString","coordinates":[[-3.98236,11.92598],[-3.97888,11.9284],[-3.97517,11.94116]]}},{"type":"Feature","properties":{"name":"Hauts-Bassins"},"geometry":{"type":"LineString","coordinates":[[-4.23788,11.92828],[-4.16844,11.93506],[-4.13844,11.93884],[-4.11511,11.94045],[-4.08979,11.96098],[-4.07107,11.96101],[-4.02781,11.95166],[-3.99684,11.9401],[-3.97938,11.93898],[-3.97517,11.94116]]}},{"type":"Feature","properties":{"name":"Hauts-Bassins"},"geometry":{"type":"LineString","coordinates":[[-4.45086,11.96865],[-4.44306,11.95876],[-4.44255,11.94919],[-4.45041,11.93027],[-4.4415,11.92598],[-4.44047,11.91998],[-4.44793,11.90888],[-4.44919,11.89399],[-4.44972,11.87155],[-4.45346,11.84115],[-4.45857,11.81896],[-4.46847,11.81371],[-4.47903,11.80413],[-4.4826,11.80197],[-4.4849,11.79977],[-4.49056,11.79383],[-4.48847,11.77125],[-4.48491,11.75297],[-4.47925,11.73778],[-4.44165,11.70927],[-4.43595,11.71543],[-4.43284,11.72292],[-4.42524,11.7308],[-4.41707,11.73866],[-4.41043,11.75116],[-4.403,11.75443],[-4.3943,11.75447],[-4.38539,11.75027],[-4.37388,11.75062],[-4.36645,11.74719],[-4.35835,11.7453],[-4.35398,11.73795],[-4.3499,11.72987],[-4.34819,11.72561],[-4.34214,11.72339],[-4.33701,11.72525],[-4.32964,11.73046],[-4.32355,11.73223],[-4.30859,11.74196],[-4.29496,11.74928],[-4.28817,11.76184],[-4.29026,11.76951],[-4.28648,11.77721],[-4.28221,11.77867],[-4.2796,11.78567],[-4.27376,11.79089],[-4.26857,11.79847],[-4.2671,11.80033],[-4.26851,11.80348],[-4.26605,11.80535],[-4.26263,11.80815],[-4.26552,11.82034],[-4.26204,11.84467],[-4.25189,11.85949],[-4.24768,11.87157],[-4.23788,11.92828]]}},{"type":"Feature","properties":{"name":"Hauts-Bassins"},"geometry":{"type":"LineString","coordinates":[[-4.45086,11.96865],[-4.44643,11.97106],[-4.43463,11.97777],[-4.4281,12.00043],[-4.43315,12.00043],[-4.44007,12.00149],[-4.45529,12.00377],[-4.47289,12.00345],[-4.47823,12.00608],[-4.47737,12.01933],[-4.47585,12.03314],[-4.47462,12.03877],[-4.4666,12.04879],[-4.46357,12.06087],[-4.46195,12.07358],[-4.47348,12.09082],[-4.48218,12.09256],[-4.48607,12.09791],[-4.49873,12.10719],[-4.51425,12.10073],[-4.52295,12.08583],[-4.5374,12.07379],[-4.56053,12.0748],[-4.57689,12.07258],[-4.59587,12.06362],[-4.61084,12.05589],[-4.63123,12.05332]]}},{"type":"Feature","properties":{"name":"Hauts-Bassins"},"geometry":{"type":"LineString","coordinates":[[-4.63123,12.05332],[-4.64594,12.05727],[-4.6489,12.06069]]}},{"type":"Feature","properties":{"name":"Boucle du Mouhoun"},"geometry":{"type":"LineString","coordinates":[[-3.843,13.364],[-3.85637,13.37344],[-3.91619,13.38288],[-3.92437,13.38057],[-3.95024,13.37433],[-3.95629,13.37817],[-3.96059,13.39492],[-3.9576,13.41062],[-3.93998,13.41563],[-3.93564,13.41977],[-3.92726,13.43258],[-3.90029,13.44616],[-3.93969,13.46678],[-3.94017,13.4741],[-3.94358,13.48625],[-3.94492,13.48946],[-3.95044,13.49453],[-3.96028,13.49976],[-3.96815,13.51822],[-3.97224,13.52498]]}},{"type":"Feature","properties":{"name":"Boucle du Mouhoun"},"geometry":{"type":"LineString","coordinates":[[-3.44287,13.15761],[-3.45655,13.15798],[-3.46212,13.15907],[-3.46566,13.15696],[-3.476,13.16084],[-3.47987,13.1588],[-3.4824,13.16131],[-3.48811,13.16453],[-3.49689,13.16635],[-3.50076,13.16975],[-3.50754,13.17013],[-3.50765,13.16693],[-3.51093,13.16623],[-3.51732,13.166],[-3.51921,13.16896],[-3.52392,13.16655],[-3.52953,13.17116],[-3.53196,13.1672],[-3.53375,13.16764],[-3.5375,13.17106],[-3.54316,13.16426],[-3.54543,13.1672],[-3.54911,13.16561],[-3.55286,13.16741],[-3.55219,13.17028],[-3.54918,13.17281],[-3.55008,13.17553],[-3.54745,13.18096],[-3.55183,13.1916],[-3.55318,13.19713],[-3.56198,13.19646],[-3.58726,13.20039],[-3.60286,13.21422],[-3.60777,13.21654],[-3.61384,13.21904],[-3.64039,13.24599],[-3.66165,13.26445],[-3.66947,13.27004],[-3.67437,13.27563],[-3.72681,13.29549],[-3.739,13.30572],[-3.74397,13.31565],[-3.7666,13.34435],[-3.79791,13.37219],[-3.81399,13.36439],[-3.82227,13.36034],[-3.83903,13.36073],[-3.843,13.364]]}},{"type":"Feature","properties":{"name":"Boucle du Mouhoun"},"geometry":{"type":"LineString","coordinates":[[-3.43748,13.27656],[-3.43959,13.26796],[-3.44748,13.25864],[-3.44721,13.25449],[-3.43633,13.23628],[-3.42996,13.21022],[-3.42735,13.19847],[-3.42621,13.18867],[-3.42342,13.17513],[-3.43518,13.16643],[-3.44178,13.15805],[-3.44287,13.15761]]}},{"type":"Feature","properties":{"name":"Boucle du Mouhoun"},"geometry":{"type":"LineString","coordinates":[[-3.33846,13.2882],[-3.3871,13.27731],[-3.43748,13.27656]]}},{"type":"Feature","properties":{"name":"Boucle du Mouhoun"},"geometry":{"type":"LineString","coordinates":[[-3.23354,13.30156],[-3.28641,13.28858],[-3.33846,13.2882]]}},{"type":"Feature","properties":{"name":"Boucle du Mouhoun"},"geometry":{"type":"LineString","coordinates":[[-3.26256,13.71398],[-3.27087,13.70402],[-3.27148,13.69825],[-3.26518,13.69792],[-3.25851,13.69364],[-3.25545,13.69126],[-3.24802,13.68585],[-3.24982,13.61595],[-3.25109,13.584],[-3.27864,13.55462],[-3.26448,13.48151],[-3.254,13.36132],[-3.23732,13.35408],[-3.23607,13.32518],[-3.23308,13.31112],[-3.23354,13.30156]]}},{"type":"Feature","properties":{"name":"Boucle du Mouhoun"},"geometry":{"type":"LineString","coordinates":[[-3.1916,13.68088],[-3.21449,13.70661],[-3.26256,13.71398]]}},{"type":"Feature","properties":{"name":"Boucle du Mouhoun"},"geometry":{"type":"LineString","coordinates":[[-2.95249,13.62466],[-2.95357,13.62851],[-2.95509,13.6298],[-2.95531,13.6348],[-2.95692,13.63578],[-2.95964,13.63941],[-2.96716,13.64632],[-2.96869,13.65033],[-2.96892,13.65167],[-2.97534,13.65198],[-2.97842,13.65247],[-2.98905,13.65274],[-2.99614,13.65706],[-2.99805,13.65737],[-3.00247,13.65657],[-3.01126,13.65055],[-3.01701,13.63954],[-3.01945,13.63636],[-3.01708,13.63141],[-3.02555,13.61927],[-3.03193,13.61454],[-3.04179,13.61413],[-3.05183,13.62029],[-3.05879,13.63006],[-3.05578,13.63903],[-3.05923,13.64897],[-3.05933,13.6531],[-3.06243,13.65613],[-3.06565,13.65844],[-3.06743,13.66014],[-3.07037,13.65956],[-3.07246,13.66107],[-3.07765,13.66672],[-3.08117,13.6656],[-3.08563,13.66841],[-3.10126,13.68619],[-3.10948,13.68852],[-3.13053,13.68097],[-3.13973,13.68271],[-3.14687,13.68306],[-3.14931,13.67941],[-3.17583,13.67936],[-3.18122,13.67749],[-3.1916,13.68088]]}},{"type":"Feature","properties":{"name":"Boucle du Mouhoun"},"geometry":{"type":"LineString","coordinates":[[-2.95249,13.62466],[-2.91781,13.58838],[-2.9112,13.58653],[-2.90801,13.5831],[-2.90532,13.57981],[-2.90408,13.5775]]}},{"type":"Feature","properties":{"name":"Boucle du Mouhoun"},"geometry":{"type":"LineString","coordinates":[[-2.90408,13.5775],[-2.88363,13.56118],[-2.8506,13.54415],[-2.83855,13.54435],[-2.82483,13.53964],[-2.81809,13.53883],[-2.70962,13.51703],[-2.70904,13.50157],[-2.70269,13.4913],[-2.68726,13.47962],[-2.67736,13.47869]]}},{"type":"Feature","properties":{"name":"Boucle du Mouhoun"},"geometry":{"type":"LineString","coordinates":[[-2.67736,13.47869],[-2.66082,13.47986],[-2.65351,13.48073],[-2.64701,13.4758]]}},{"type":"Feature","properties":{"name":"Boucle du Mouhoun"},"geometry":{"type":"LineString","coordinates":[[-2.64701,13.4758],[-2.65481,13.45194],[-2.66779,13.44612],[-2.6667,13.44132],[-2.64897,13.4341],[-2.6468,13.39732],[-2.64262,13.37185],[-2.63824,13.36431],[-2.62879,13.36173],[-2.62477,13.35331],[-2.60887,13.32308]]}},{"type":"Feature","properties":{"name":"Boucle du Mouhoun"},"geometry":{"type":"LineString","coordinates":[[-2.60887,13.32308],[-2.58863,13.3034],[-2.53616,13.28358],[-2.52919,13.29449],[-2.52305,13.31118],[-2.52267,13.31621],[-2.51979,13.31664],[-2.44428,13.28316],[-2.4426,13.27779],[-2.4448,13.26969],[-2.46099,13.26962],[-2.46488,13.26626],[-2.49092,13.22895],[-2.5087,13.2182],[-2.51242,13.21259],[-2.51652,13.2052],[-2.51962,13.19113],[-2.52717,13.18295],[-2.52727,13.17692]]}},{"type":"Feature","properties":{"name":"Boucle du Mouhoun"},"geometry":{"type":"LineString","coordinates":[[-2.52727,13.17692],[-2.53413,13.17939],[-2.53872,13.17513],[-2.54588,13.16152],[-2.55195,13.15115],[-2.55814,13.14568],[-2.56408,13.13572],[-2.57177,13.12822],[-2.5801,13.11316],[-2.59529,13.10562],[-2.61092,13.10706],[-2.64404,13.11224]]}},{"type":"Feature","properties":{"name":"Boucle du Mouhoun"},"geometry":{"type":"LineString","coordinates":[[-2.64404,13.11224],[-2.69782,13.12237],[-2.70283,13.12029]]}},{"type":"Feature","properties":{"name":"Boucle du Mouhoun"},"geometry":{"type":"LineString","coordinates":[[-2.70283,13.12029],[-2.71315,13.10331],[-2.71472,13.0914],[-2.71516,13.05643],[-2.70555,13.02996],[-2.7015,13.00691],[-2.69998,12.9792],[-2.7009,12.97376]]}},{"type":"Feature","properties":{"name":"Boucle du Mouhoun"},"geometry":{"type":"LineString","coordinates":[[-2.7009,12.97376],[-2.71335,12.96596],[-2.71949,12.95516],[-2.73182,12.93687],[-2.72612,12.91402]]}},{"type":"Feature","properties":{"name":"Boucle du Mouhoun"},"geometry":{"type":"LineString","coordinates":[[-2.72612,12.91402],[-2.73072,12.8785],[-2.73015,12.86619],[-2.73393,12.84501],[-2.72379,12.81879],[-2.72633,12.79534],[-2.71766,12.78933],[-2.70932,12.7893],[-2.69585,12.79142],[-2.68809,12.79441],[-2.67934,12.78923],[-2.64028,12.75199]]}},{"type":"Feature","properties":{"name":"Boucle du Mouhoun"},"geometry":{"type":"LineString","coordinates":[[-2.64028,12.75199],[-2.6492,12.74405],[-2.66707,12.72616],[-2.68083,12.71552],[-2.68563,12.70406],[-2.68649,12.69384],[-2.68787,12.69157]]}},{"type":"Feature","properties":{"name":"Boucle du Mouhoun"},"geometry":{"type":"LineString","coordinates":[[-2.68787,12.69157],[-2.69937,12.69124],[-2.70604,12.6857],[-2.71548,12.68362],[-2.72166,12.67791]]}},{"type":"Feature","properties":{"name":"Boucle du Mouhoun"},"geometry":{"type":"LineString","coordinates":[[-2.72166,12.67791],[-2.72904,12.66458],[-2.74555,12.64876],[-2.75993,12.63583],[-2.76922,12.61946],[-2.7699,12.61616]]}},{"type":"Feature","properties":{"name":"Boucle du Mouhoun"},"geometry":{"type":"LineString","coordinates":[[-2.7699,12.61616],[-2.75541,12.57152],[-2.75505,12.56685],[-2.75244,12.56314],[-2.73571,12.54318],[-2.72277,12.51579],[-2.72181,12.51011]]}},{"type":"Feature","properties":{"name":"Boucle du Mouhoun"},"geometry":{"type":"LineString","coordinates":[[-2.72181,12.51011],[-2.75413,12.4809],[-2.75312,12.46576],[-2.75571,12.46194],[-2.76772,12.45085],[-2.77691,12.44161],[-2.78383,12.43684],[-2.84882,12.38707]]}},{"type":"Feature","properties":{"name":"Boucle du Mouhoun"},"geometry":{"type":"LineString","coordinates":[[-2.84882,12.38707],[-2.83845,12.38477],[-2.83364,12.38102],[-2.83021,12.37616],[-2.82565,12.36363],[-2.82407,12.35082],[-2.82633,12.34069],[-2.83062,12.33702],[-2.8354,12.33559]]}},{"type":"Feature","properties":{"name":"Boucle du Mouhoun"},"geometry":{"type":"LineString","coordinates":[[-2.8354,12.33559],[-2.8436,12.34013],[-2.8524,12.34071]]}},{"type":"Feature","properties":{"name":"Boucle du Mouhoun"},"geometry":{"type":"LineString","coordinates":[[-2.8524,12.34071],[-2.85593,12.33297],[-2.87227,12.31779],[-2.88078,12.30058],[-2.88692,12.27022],[-2.87626,12.25436],[-2.86965,12.25083],[-2.86618,12.25049],[-2.86193,12.24571],[-2.85216,12.24175],[-2.84342,12.23221],[-2.84039,12.23022],[-2.83303,12.22189],[-2.83076,12.21564],[-2.82623,12.21088],[-2.82599,12.20866]]}},{"type":"Feature","properties":{"name":"Boucle du Mouhoun"},"geometry":{"type":"LineString","coordinates":[[-2.82599,12.20866],[-2.82694,12.207],[-2.82507,12.1926],[-2.81809,12.17404],[-2.82064,12.16113],[-2.81763,12.15257],[-2.80446,12.1458],[-2.79325,12.12724]]}},{"type":"Feature","properties":{"name":"Boucle du Mouhoun"},"geometry":{"type":"LineString","coordinates":[[-2.79325,12.12724],[-2.79355,12.1147],[-2.8037,12.09222],[-2.80571,12.06846],[-2.81159,12.06397],[-2.8191,12.06282],[-2.82203,12.0646],[-2.82912,12.07229],[-2.82994,12.07524],[-2.83698,12.08006],[-2.83835,12.08392],[-2.84843,12.0933],[-2.87182,12.10095],[-2.90463,12.0898],[-2.92795,12.07309],[-2.93147,12.06265],[-2.93087,12.05734],[-2.92039,12.04762],[-2.91549,12.04454],[-2.91095,12.03568],[-2.91014,12.02843]]}},{"type":"Feature","properties":{"name":"Boucle du Mouhoun"},"geometry":{"type":"LineString","coordinates":[[-2.91014,12.02843],[-2.89053,12.01389],[-2.88115,12.01285],[-2.86155,12.00544],[-2.85388,11.99896],[-2.84583,11.98453],[-2.84783,11.97381],[-2.85142,11.96858],[-2.85597,11.96622],[-2.86623,11.95718],[-2.87876,11.94213],[-2.88009,11.93755]]}},{"type":"Feature","properties":{"name":"Boucle du Mouhoun"},"geometry":{"type":"LineString","coordinates":[[-2.88009,11.93755],[-2.87868,11.9306],[-2.87456,11.92517],[-2.86851,11.91964],[-2.86216,11.91894]]}},{"type":"Feature","properties":{"name":"Boucle du Mouhoun"},"geometry":{"type":"LineString","coordinates":[[-2.86216,11.91894],[-2.85629,11.91787],[-2.84984,11.9112],[-2.84017,11.90705],[-2.82626,11.89451],[-2.82217,11.88596],[-2.82082,11.87612],[-2.82264,11.8709],[-2.82793,11.86376]]}},{"type":"Feature","properties":{"name":"Boucle du Mouhoun"},"geometry":{"type":"LineString","coordinates":[[-2.92106,11.81161],[-2.92218,11.79964],[-2.91934,11.78718],[-2.91252,11.77997],[-2.90346,11.77432],[-2.88549,11.75963],[-2.86818,11.75236],[-2.86005,11.75462],[-2.85328,11.75376],[-2.84068,11.75609],[-2.83327,11.75951],[-2.81505,11.75943],[-2.80287,11.7622],[-2.79654,11.7612],[-2.78904,11.75708],[-2.77711,11.74769],[-2.77497,11.74417],[-2.76198,11.73509],[-2.75755,11.72932],[-2.75535,11.71928]]}},{"type":"Feature","properties":{"name":"Boucle du Mouhoun"},"geometry":{"type":"LineString","coordinates":[[-2.82793,11.86376],[-2.8378,11.8489],[-2.84285,11.83259],[-2.85535,11.82434],[-2.87666,11.81482],[-2.88523,11.81349],[-2.89665,11.8142],[-2.90636,11.81563],[-2.91882,11.81446],[-2.92106,11.81161]]}},{"type":"Feature","properties":{"name":"Boucle du Mouhoun"},"geometry":{"type":"LineString","coordinates":[[-2.75535,11.71928],[-2.74655,11.71581],[-2.72738,11.69369],[-2.71759,11.67256],[-2.70633,11.60479],[-2.70411,11.59955]]}},{"type":"Feature","properties":{"name":"Boucle du Mouhoun"},"geometry":{"type":"LineString","coordinates":[[-2.70411,11.59955],[-2.68936,11.59368],[-2.66978,11.57845]]}},{"type":"Feature","properties":{"name":"Boucle du Mouhoun"},"geometry":{"type":"LineString","coordinates":[[-2.66978,11.57845],[-2.66681,11.55456],[-2.6678,11.53816],[-2.67317,11.50798],[-2.66285,11.49249],[-2.63156,11.47135],[-2.59892,11.45943],[-2.57551,11.44145],[-2.55256,11.43517],[-2.53823,11.43149],[-2.53092,11.42621],[-2.52624,11.42262],[-2.51505,11.4093]]}},{"type":"Feature","properties":{"name":"Boucle du Mouhoun"},"geometry":{"type":"LineString","coordinates":[[-2.51505,11.4093],[-2.51834,11.40794],[-2.5205,11.40288],[-2.52286,11.4023],[-2.52522,11.39826],[-2.53788,11.39235],[-2.54533,11.38529],[-2.54796,11.38591],[-2.55458,11.38273],[-2.55519,11.37878],[-2.55739,11.37683],[-2.55625,11.37524],[-2.55808,11.37165],[-2.5628,11.37242],[-2.56567,11.37518],[-2.56906,11.376],[-2.57581,11.37122],[-2.58886,11.37325],[-2.60818,11.37386],[-2.6124,11.37282],[-2.6213,11.37341],[-2.62507,11.35516],[-2.62827,11.32789],[-2.64107,11.32818],[-2.6604,11.32813],[-2.7005,11.32878],[-2.70384,11.32872],[-2.7276,11.34018],[-2.74335,11.34693],[-2.75739,11.33834],[-2.77654,11.31598],[-2.79174,11.29024],[-2.8023,11.2812],[-2.80726,11.26817],[-2.80724,11.26446],[-2.80356,11.25511],[-2.80712,11.25104],[-2.80817,11.24085]]}},{"type":"Feature","properties":{"name":"Boucle du Mouhoun"},"geometry":{"type":"LineString","coordinates":[[-2.85867,11.24472],[-2.83888,11.24314],[-2.83559,11.24526],[-2.81463,11.24337],[-2.80817,11.24085]]}},{"type":"Feature","properties":{"name":"Boucle du Mouhoun"},"geometry":{"type":"LineString","coordinates":[[-2.84911,11.29685],[-2.85683,11.28821],[-2.86446,11.27522],[-2.8794,11.26365],[-2.88225,11.25543],[-2.87994,11.24976],[-2.87436,11.24645],[-2.85867,11.24472]]}},{"type":"Feature","properties":{"name":"Boucle du Mouhoun"},"geometry":{"type":"LineString","coordinates":[[-4.47907,12.72205],[-4.47326,12.71906],[-4.4692,12.71443],[-4.47286,12.70585],[-4.47063,12.70184],[-4.4708,12.69985],[-4.46896,12.69761],[-4.46815,12.69058],[-4.4719,12.68127],[-4.47658,12.67658],[-4.47595,12.67464],[-4.47996,12.67056],[-4.47898,12.66658],[-4.48029,12.65782],[-4.47132,12.64882],[-4.46643,12.64547],[-4.45952,12.63829],[-4.4585,12.63289],[-4.45601,12.63164],[-4.44976,12.62773],[-4.42722,12.6226],[-4.41476,12.61067],[-4.41093,12.60798],[-4.40883,12.60388],[-4.40784,12.59523],[-4.40178,12.57145],[-4.40149,12.55986],[-4.39245,12.55582],[-4.38673,12.55364],[-4.37181,12.54449],[-4.3662,12.53109],[-4.39794,12.5028],[-4.40436,12.50043],[-4.42042,12.48483],[-4.42426,12.47205],[-4.42416,12.46182],[-4.42923,12.44958],[-4.43443,12.4317],[-4.44006,12.41327],[-4.43218,12.3892],[-4.40446,12.33502],[-4.40221,12.30856],[-4.41888,12.30313],[-4.42497,12.3065],[-4.4274,12.31095],[-4.43049,12.32418],[-4.43612,12.32784],[-4.44091,12.33403],[-4.47426,12.3308],[-4.47736,12.30406],[-4.47299,12.2883],[-4.47651,12.27999],[-4.51996,12.25146],[-4.53013,12.24072],[-4.53065,12.23428],[-4.53596,12.23393],[-4.53827,12.23474],[-4.54279,12.2329],[-4.54568,12.22898],[-4.55074,12.22653],[-4.5507,12.22363],[-4.56889,12.20871],[-4.57111,12.20909],[-4.57306,12.2073],[-4.57305,12.20487],[-4.57619,12.20495],[-4.57807,12.20284],[-4.57995,12.20189],[-4.56264,12.16797],[-4.55366,12.15779],[-4.54916,12.15292],[-4.55138,12.13997],[-4.57995,12.1387],[-4.6094,12.13357],[-4.62018,12.11956],[-4.62878,12.1007],[-4.64145,12.05961],[-4.6489,12.06069]]}},{"type":"Feature","properties":{"name":"Boucle du Mouhoun"},"geometry":{"type":"LineString","coordinates":[[-4.23353,12.72661],[-4.24026,12.72526],[-4.24071,12.72087],[-4.24446,12.72031],[-4.24762,12.71753],[-4.25264,12.7187],[-4.25486,12.71386],[-4.26764,12.70449],[-4.27101,12.70859],[-4.27637,12.70661],[-4.28324,12.7098],[-4.2904,12.70793],[-4.3044,12.70388],[-4.3127,12.70923],[-4.32523,12.71204],[-4.32635,12.7233],[-4.35056,12.743],[-4.37183,12.73359],[-4.38091,12.72682],[-4.40192,12.71733],[-4.40864,12.71669],[-4.41889,12.71621],[-4.42057,12.71465],[-4.42932,12.71267],[-4.43187,12.71102],[-4.4329,12.71307],[-4.43727,12.71448],[-4.44176,12.71914],[-4.44544,12.71466],[-4.45076,12.71599],[-4.45179,12.7141],[-4.45925,12.72165],[-4.46486,12.71783],[-4.46855,12.72304],[-4.47115,12.72182],[-4.47282,12.72335],[-4.47652,12.72712],[-4.47907,12.72205]]}},{"type":"Feature","properties":{"name":"Boucle du Mouhoun"},"geometry":{"type":"LineString","coordinates":[[-4.01597,13.43769],[-4.02965,13.42343],[-4.0389,13.41881],[-4.05546,13.40629],[-4.06317,13.40802],[-4.07222,13.40532],[-4.09264,13.39608],[-4.10054,13.38702],[-4.10247,13.36872],[-4.10131,13.34965],[-4.10728,13.33462],[-4.11904,13.31902],[-4.12953,13.31106],[-4.13292,13.29973],[-4.13811,13.2947],[-4.16015,13.28412],[-4.16312,13.28248],[-4.16777,13.27625],[-4.21189,13.26662],[-4.22769,13.24832],[-4.25966,13.23503],[-4.23635,13.21076],[-4.22383,13.19226],[-4.23385,13.17974],[-4.2481,13.17897],[-4.2598,13.1822],[-4.28933,13.1886],[-4.29338,13.18398],[-4.30436,13.1755],[-4.31129,13.16722],[-4.32516,13.15412],[-4.33075,13.15123],[-4.34173,13.13948],[-4.34693,13.11964],[-4.34743,13.11573],[-4.32953,13.10588],[-4.32748,13.10216],[-4.32712,13.10024],[-4.32049,13.09909],[-4.3186,13.09456],[-4.31591,13.09036],[-4.3154,13.08054],[-4.30952,13.06667],[-4.30685,13.06439],[-4.30745,13.05718],[-4.3045,13.05517],[-4.28846,13.05167],[-4.27535,13.05119],[-4.27334,13.0316],[-4.27507,13.01946],[-4.26833,13.00521],[-4.26429,12.99013],[-4.22545,12.97394],[-4.21756,12.94453],[-4.21602,12.91329],[-4.22573,12.86291],[-4.20983,12.81548],[-4.21447,12.80929],[-4.217,12.80253],[-4.22474,12.76102],[-4.23435,12.73199],[-4.23353,12.72661]]}},{"type":"Feature","properties":{"name":"Boucle du Mouhoun"},"geometry":{"type":"LineString","coordinates":[[-3.97224,13.52498],[-3.98144,13.51253],[-3.97733,13.49664],[-3.98333,13.48639],[-3.98285,13.48187],[-3.97679,13.48206],[-3.96579,13.46967],[-3.97716,13.46177],[-3.98266,13.45324],[-3.98486,13.44065],[-3.99049,13.43691],[-4.00775,13.44022],[-4.01597,13.43769]]}},{"type":"Feature","properties":{"name":"Sud-Ouest"},"geometry":{"type":"LineString","coordinates":[[-2.7456,9.64129],[-2.75127,9.63083],[-2.75632,9.62253],[-2.76342,9.61485],[-2.7648,9.60752],[-2.77191,9.59741],[-2.76971,9.57907],[-2.77091,9.57517],[-2.76848,9.56906],[-2.75788,9.55284],[-2.75352,9.54936],[-2.74277,9.54157],[-2.72916,9.52882],[-2.71842,9.52635],[-2.71094,9.52065],[-2.70466,9.51332],[-2.69227,9.50169],[-2.6872,9.49167]]}},{"type":"Feature","properties":{"name":"Sud-Ouest"},"geometry":{"type":"LineString","coordinates":[[-2.78357,9.728],[-2.78407,9.7195],[-2.78686,9.70089],[-2.7846,9.69163],[-2.78204,9.68932],[-2.77573,9.68627],[-2.75659,9.67925],[-2.75591,9.66982],[-2.75305,9.65122],[-2.7456,9.64129]]}},{"type":"Feature","properties":{"name":"Sud-Ouest"},"geometry":{"type":"LineString","coordinates":[[-2.79017,10.15914],[-2.78981,10.13278],[-2.79302,10.1229],[-2.79069,10.10272],[-2.78794,10.09171],[-2.79007,10.07536],[-2.79014,10.06797],[-2.78704,10.0573],[-2.78187,10.04373],[-2.78291,10.03516],[-2.78121,10.02567],[-2.77621,10.01841],[-2.77482,10.01],[-2.76723,9.99979],[-2.76058,9.99096],[-2.74923,9.98018],[-2.74286,9.95818],[-2.74556,9.94621],[-2.75137,9.94211],[-2.75629,9.93274],[-2.76005,9.92595],[-2.76371,9.9129],[-2.76175,9.90146],[-2.76118,9.89913],[-2.75827,9.87583],[-2.74431,9.85206],[-2.72771,9.83406],[-2.72652,9.83004],[-2.72949,9.81896],[-2.73595,9.81383],[-2.75042,9.80739],[-2.75851,9.79856],[-2.76254,9.78911],[-2.76726,9.7804],[-2.77098,9.77151],[-2.7757,9.76538],[-2.78081,9.75389],[-2.79005,9.74651],[-2.78651,9.73242],[-2.78357,9.728]]}},{"type":"Feature","properties":{"name":"Sud-Ouest"},"geometry":{"type":"LineString","coordinates":[[-2.79447,10.1745],[-2.7941,10.17013],[-2.79041,10.16321],[-2.79017,10.15914]]}},{"type":"Feature","properties":{"name":"Sud-Ouest"},"geometry":{"type":"LineString","coordinates":[[-2.84907,10.31485],[-2.84264,10.30529],[-2.84142,10.3033],[-2.83216,10.29507],[-2.79363,10.27447],[-2.7744,10.26952],[-2.76283,10.26316],[-2.75861,10.25558],[-2.75676,10.24065],[-2.75913,10.2303],[-2.76405,10.22404],[-2.77872,10.21177],[-2.79032,10.20466],[-2.79752,10.19421],[-2.7971,10.1844],[-2.79447,10.1745]]}},{"type":"Feature","properties":{"name":"Sud-Ouest"},"geometry":{"type":"LineString","coordinates":[[-2.77492,10.42459],[-2.77383,10.42089],[-2.77623,10.4123],[-2.78008,10.40851],[-2.80016,10.39762],[-2.809,10.39966],[-2.81921,10.3975],[-2.83239,10.386],[-2.83898,10.37149],[-2.84254,10.36106],[-2.84234,10.3436],[-2.85029,10.32104],[-2.84907,10.31485]]}},{"type":"Feature","properties":{"name":"Sud-Ouest"},"geometry":{"type":"LineString","coordinates":[[-2.84313,10.44309],[-2.83378,10.43721],[-2.82181,10.43383],[-2.79084,10.42643],[-2.77492,10.42459]]}},{"type":"Feature","properties":{"name":"Sud-Ouest"},"geometry":{"type":"LineString","coordinates":[[-2.87288,10.46988],[-2.87216,10.46577],[-2.86541,10.45364],[-2.84313,10.44309]]}},{"type":"Feature","properties":{"name":"Sud-Ouest"},"geometry":{"type":"LineString","coordinates":[[-2.93835,10.7077],[-2.93045,10.70426],[-2.9205,10.70307],[-2.91042,10.69909],[-2.90628,10.69081],[-2.90574,10.68565],[-2.91141,10.67736],[-2.91115,10.67107],[-2.91609,10.66372],[-2.93209,10.65134],[-2.94125,10.63379],[-2.94048,10.62142],[-2.93998,10.61143],[-2.93495,10.60864],[-2.93055,10.60075],[-2.9231,10.59091],[-2.92221,10.5862],[-2.91866,10.58223],[-2.91327,10.57074],[-2.91089,10.56282],[-2.9002,10.54648],[-2.89843,10.53744],[-2.90055,10.52975],[-2.89929,10.52241],[-2.89509,10.51365],[-2.88999,10.50914],[-2.88892,10.50563],[-2.88083,10.5005],[-2.87474,10.49026],[-2.87117,10.47994],[-2.87288,10.46988]]}},{"type":"Feature","properties":{"name":"Sud-Ouest"},"geometry":{"type":"LineString","coordinates":[[-2.89859,10.76108],[-2.89957,10.75781],[-2.92111,10.73419],[-2.93753,10.7228],[-2.94033,10.71021],[-2.93835,10.7077]]}},{"type":"Feature","properties":{"name":"Sud-Ouest"},"geometry":{"type":"LineString","coordinates":[[-2.86664,10.87222],[-2.86354,10.86459],[-2.86438,10.85591],[-2.87171,10.84423],[-2.87971,10.83017],[-2.88155,10.80246],[-2.89231,10.7802],[-2.89211,10.77571],[-2.8951,10.77146],[-2.89558,10.76395],[-2.89859,10.76108]]}},{"type":"Feature","properties":{"name":"Sud-Ouest"},"geometry":{"type":"LineString","coordinates":[[-2.84088,10.96794],[-2.83705,10.95944],[-2.82684,10.95173],[-2.81909,10.94085],[-2.81781,10.92393],[-2.8386,10.89266],[-2.8521,10.8907],[-2.85843,10.89147],[-2.86404,10.8877],[-2.8663,10.8826],[-2.86664,10.87222]]}},{"type":"Feature","properties":{"name":"Sud-Ouest"},"geometry":{"type":"LineString","coordinates":[[-2.83411,11.00434],[-2.84088,10.96794]]}},{"type":"Feature","properties":{"name":"Sud-Ouest"},"geometry":{"type":"LineString","coordinates":[[-2.8337,11.00669],[-2.83411,11.00434]]}},{"type":"Feature","properties":{"name":"Sud-Ouest"},"geometry":{"type":"LineString","coordinates":[[-2.8171,11.00685],[-2.8337,11.00669]]}},{"type":"Feature","properties":{"name":"Sud-Ouest"},"geometry":{"type":"LineString","coordinates":[[-2.75876,11.0031],[-2.79552,11.00707],[-2.8171,11.00685]]}},{"type":"Feature","properties":{"name":"Sud-Ouest"},"geometry":{"type":"LineString","coordinates":[[-2.71517,11.00227],[-2.75876,11.0031]]}},{"type":"Feature","properties":{"name":"Sud-Ouest"},"geometry":{"type":"LineString","coordinates":[[-2.67951,11.05228],[-2.68086,11.04039],[-2.68888,11.02779],[-2.7104,11.01233],[-2.71517,11.00227]]}},{"type":"Feature","properties":{"name":"Sud-Ouest"},"geometry":{"type":"LineString","coordinates":[[-2.72956,11.16062],[-2.7298,11.16791],[-2.73543,11.19292],[-2.73082,11.19959],[-2.72067,11.20299],[-2.71021,11.20344],[-2.69588,11.1994],[-2.65949,11.16827],[-2.64749,11.15085],[-2.63171,11.13889],[-2.61501,11.12907],[-2.60642,11.11707],[-2.61256,11.07887],[-2.62404,11.05502],[-2.63775,11.05325],[-2.67156,11.05512],[-2.67951,11.05228]]}},{"type":"Feature","properties":{"name":"Sud-Ouest"},"geometry":{"type":"LineString","coordinates":[[-2.78608,11.13852],[-2.72956,11.16062]]}},{"type":"Feature","properties":{"name":"Sud-Ouest"},"geometry":{"type":"LineString","coordinates":[[-2.80817,11.24085],[-2.80279,11.23675],[-2.79795,11.22299]]}},{"type":"Feature","properties":{"name":"Sud-Ouest"},"geometry":{"type":"LineString","coordinates":[[-2.79795,11.22299],[-2.79854,11.2005],[-2.7942,11.18074],[-2.79393,11.17159],[-2.78745,11.15083],[-2.78608,11.13852]]}},{"type":"Feature","properties":{"name":"Sud-Ouest"},"geometry":{"type":"LineString","coordinates":[[-3.71602,10.83904],[-3.70937,10.83468],[-3.7096,10.82224],[-3.705,10.81708],[-3.70523,10.81584],[-3.70199,10.81241],[-3.69558,10.80633],[-3.68798,10.80181],[-3.68558,10.79761],[-3.68586,10.78944],[-3.6731,10.76734]]}},{"type":"Feature","properties":{"name":"Sud-Ouest"},"geometry":{"type":"LineString","coordinates":[[-3.6731,10.76734],[-3.68384,10.75963],[-3.70298,10.75721],[-3.71389,10.75102],[-3.72521,10.74903],[-3.73555,10.75212],[-3.76168,10.74869],[-3.77483,10.75269],[-3.77779,10.75155],[-3.7914,10.72817],[-3.78973,10.71973],[-3.78273,10.70684],[-3.75818,10.69451],[-3.7462,10.69481],[-3.72505,10.69806],[-3.7155,10.69181],[-3.71103,10.68046],[-3.71339,10.66779]]}},{"type":"Feature","properties":{"name":"Sud-Ouest"},"geometry":{"type":"LineString","coordinates":[[-3.71339,10.66779],[-3.70867,10.65751],[-3.70172,10.63985],[-3.71028,10.62221],[-3.71138,10.61144],[-3.70893,10.60742],[-3.7032,10.60087],[-3.70249,10.59453],[-3.70982,10.57553],[-3.70133,10.56064],[-3.70071,10.5544],[-3.70323,10.54656],[-3.70359,10.53627],[-3.70675,10.52713],[-3.6932,10.51771],[-3.68794,10.51124],[-3.68864,10.50682],[-3.6941,10.495],[-3.6922,10.48133],[-3.69592,10.4721],[-3.71113,10.45128],[-3.71408,10.43995],[-3.71317,10.41284],[-3.72075,10.40054],[-3.75562,10.36831],[-3.77883,10.35052],[-3.78155,10.34508],[-3.77607,10.34071],[-3.75968,10.32826],[-3.75586,10.32489],[-3.7599,10.30775],[-3.75531,10.29851],[-3.75302,10.29218],[-3.74918,10.2819],[-3.7392,10.26206],[-3.74094,10.25251],[-3.73793,10.24302],[-3.74112,10.23333],[-3.7579,10.22015],[-3.77371,10.18902]]}},{"type":"Feature","properties":{"name":"Sud-Ouest"},"geometry":{"type":"LineString","coordinates":[[-3.77371,10.18902],[-3.79475,10.1595],[-3.79828,10.1317],[-3.80104,10.13002],[-3.82571,10.12977],[-3.85484,10.11201],[-3.86234,10.1106],[-3.87585,10.10314],[-3.88886,10.10275],[-3.90437,10.09845],[-3.91894,10.10565],[-3.92407,10.10844],[-3.94296,10.10603],[-3.94965,10.11271],[-3.95498,10.11216],[-3.9735,10.10874],[-3.99589,10.05989],[-3.99858,10.04129],[-3.99561,10.03508],[-3.98559,10.02875],[-3.97962,10.0237],[-3.96187,10.01074],[-3.96071,10.00503],[-3.96122,10.00076],[-3.95665,9.99354],[-3.95387,9.99182],[-3.95295,9.98851],[-3.94519,9.98853],[-3.9403,9.9836],[-3.93106,9.98302],[-3.92843,9.9798],[-3.92062,9.97882],[-3.91868,9.97136],[-3.91165,9.97091],[-3.91029,9.96325],[-3.90208,9.95715],[-3.90154,9.95366],[-3.89327,9.94612],[-3.88959,9.94188],[-3.89125,9.93475],[-3.89497,9.92589],[-3.89625,9.91839],[-3.8947,9.90794],[-3.89592,9.90573]]}},{"type":"Feature","properties":{"name":"Centre-Est"},"geometry":{"type":"LineString","coordinates":[[-0.13623,11.13951],[-0.16117,11.14698],[-0.21893,11.16133]]}},{"type":"Feature","properties":{"name":"Centre-Est"},"geometry":{"type":"LineString","coordinates":[[-0.21893,11.16133],[-0.27528,11.17486]]}},{"type":"Feature","properties":{"name":"Centre-Est"},"geometry":{"type":"LineString","coordinates":[[-0.27528,11.17486],[-0.28019,11.17213],[-0.28287,11.16735],[-0.28427,11.16392],[-0.2845,11.15395],[-0.28926,11.1477],[-0.28115,11.14046],[-0.27567,11.14014],[-0.27171,11.13778],[-0.27132,11.12633]]}},{"type":"Feature","properties":{"name":"Centre-Est"},"geometry":{"type":"LineString","coordinates":[[-0.27132,11.12633],[-0.27463,11.12319],[-0.28586,11.12149],[-0.29428,11.11882],[-0.30251,11.11951],[-0.31126,11.11517],[-0.32462,11.1132],[-0.33611,11.10698],[-0.33615,11.09715],[-0.33856,11.09055]]}},{"type":"Feature","properties":{"name":"Centre-Est"},"geometry":{"type":"LineString","coordinates":[[-0.33856,11.09055],[-0.34633,11.08479],[-0.35307,11.08527],[-0.35522,11.08027],[-0.35649,11.07126],[-0.36157,11.06917]]}},{"type":"Feature","properties":{"name":"Centre-Est"},"geometry":{"type":"LineString","coordinates":[[-0.37245,11.12326],[-0.37446,11.11445],[-0.37505,11.10506],[-0.36962,11.09767],[-0.37205,11.09169],[-0.36853,11.08463],[-0.35954,11.07737],[-0.36157,11.06917]]}},{"type":"Feature","properties":{"name":"Centre-Est"},"geometry":{"type":"LineString","coordinates":[[-0.37509,11.12329],[-0.37245,11.12326]]}},{"type":"Feature","properties":{"name":"Centre-Est"},"geometry":{"type":"LineString","coordinates":[[-0.40711,11.12187],[-0.40428,11.12662],[-0.40149,11.12705],[-0.39756,11.12565],[-0.3934,11.12612],[-0.39269,11.1249],[-0.38695,11.12557],[-0.3847,11.12698],[-0.38118,11.12584],[-0.37788,11.12228],[-0.37644,11.12265],[-0.37588,11.12435],[-0.37509,11.12329]]}},{"type":"Feature","properties":{"name":"Centre-Est"},"geometry":{"type":"LineString","coordinates":[[-0.40711,11.12187],[-0.41786,11.11811],[-0.42333,11.11438],[-0.43125,11.10452],[-0.43057,11.09421],[-0.433,11.0818],[-0.43493,11.04785]]}},{"type":"Feature","properties":{"name":"Centre-Est"},"geometry":{"type":"LineString","coordinates":[[-0.43852,11.04418],[-0.43493,11.04785]]}},{"type":"Feature","properties":{"name":"Centre-Est"},"geometry":{"type":"LineString","coordinates":[[-0.43852,11.04418],[-0.4385,11.03021],[-0.45001,11.03034],[-0.45479,11.02917],[-0.45784,11.02972],[-0.46183,11.02839],[-0.46442,11.0312],[-0.47499,11.03605],[-0.47957,11.03146],[-0.48139,11.02526],[-0.48075,11.02339],[-0.48605,11.02083],[-0.48663,11.02271],[-0.49056,11.022],[-0.50148,11.01772],[-0.50197,11.01478],[-0.50067,11.01263],[-0.5022,11.00627],[-0.50119,11.00303],[-0.50387,11.00073],[-0.50388,10.99828],[-0.51034,10.99218],[-0.51088,10.98839]]}},{"type":"Feature","properties":{"name":"Centre-Est"},"geometry":{"type":"LineString","coordinates":[[-0.51088,10.98839],[-0.51703,10.99187],[-0.51815,10.99069],[-0.52343,10.99202],[-0.52746,11.00009]]}},{"type":"Feature","properties":{"name":"Centre-Est"},"geometry":{"type":"LineString","coordinates":[[-0.52746,11.00009],[-0.53263,10.99552],[-0.53399,10.99254]]}},{"type":"Feature","properties":{"name":"Centre-Est"},"geometry":{"type":"LineString","coordinates":[[-0.53399,10.99254],[-0.54161,10.98801],[-0.54371,10.98471],[-0.54479,10.97471]]}},{"type":"Feature","properties":{"name":"Centre-Est"},"geometry":{"type":"LineString","coordinates":[[-0.54479,10.97471],[-0.54657,10.97719],[-0.54849,10.97731],[-0.54886,10.97886],[-0.55121,10.97892],[-0.55227,10.98191],[-0.54995,10.98381],[-0.5539,10.99063],[-0.5599,10.98947],[-0.56487,10.99284],[-0.56923,10.99145],[-0.57111,10.98532],[-0.57129,10.98487],[-0.57283,10.98408],[-0.57318,10.98064],[-0.58022,10.97065],[-0.58173,10.9627],[-0.58462,10.96299],[-0.58634,10.96015],[-0.58771,10.94849],[-0.58688,10.94263],[-0.58817,10.93958],[-0.58651,10.93811],[-0.59129,10.93541],[-0.5936,10.93016],[-0.59344,10.9233],[-0.60446,10.91945],[-0.60689,10.91565],[-0.61175,10.91409]]}},{"type":"Feature","properties":{"name":"Centre-Est"},"geometry":{"type":"LineString","coordinates":[[-0.61175,10.91409],[-0.61399,10.91184],[-0.61648,10.91265],[-0.61849,10.91072]]}},{"type":"Feature","properties":{"name":"Centre-Est"},"geometry":{"type":"LineString","coordinates":[[-0.64853,10.9496],[-0.64127,10.94619],[-0.63509,10.94177],[-0.62912,10.94134],[-0.62569,10.9384],[-0.6237,10.93343],[-0.6223,10.92156],[-0.61869,10.91544],[-0.61941,10.91261],[-0.61849,10.91072]]}},{"type":"Feature","properties":{"name":"Centre-Est"},"geometry":{"type":"LineString","coordinates":[[-0.6842,10.99736],[-0.68677,10.9922],[-0.68529,10.98815],[-0.686,10.98605],[-0.68051,10.98249],[-0.67741,10.98225],[-0.67216,10.99031],[-0.66724,10.98815],[-0.65357,10.98705],[-0.65247,10.98135],[-0.65548,10.97575],[-0.65778,10.97428],[-0.66427,10.97398],[-0.67141,10.95968],[-0.67011,10.95759],[-0.66195,10.95599],[-0.65993,10.95696],[-0.65569,10.96362],[-0.65275,10.96322],[-0.6505,10.95968],[-0.64552,10.95493],[-0.64544,10.95271],[-0.64853,10.9496]]}},{"type":"Feature","properties":{"name":"Centre-Est"},"geometry":{"type":"LineString","coordinates":[[-0.68358,11.00891],[-0.68185,11.0067],[-0.6842,10.99736]]}},{"type":"Feature","properties":{"name":"Centre-Est"},"geometry":{"type":"LineString","coordinates":[[-0.69734,11.09296],[-0.6969,11.08999],[-0.69575,11.08771],[-0.6989,11.07483],[-0.69804,11.0722],[-0.6963,11.07106],[-0.69655,11.06773],[-0.6885,11.06629],[-0.68345,11.0616],[-0.68269,11.05945],[-0.68349,11.0541],[-0.68272,11.05067],[-0.6849,11.04748],[-0.68928,11.0455],[-0.6922,11.04807],[-0.69644,11.04677],[-0.69962,11.03828],[-0.70231,11.0256],[-0.70793,11.01605],[-0.70515,11.00682],[-0.70109,11.00394],[-0.69509,11.00691],[-0.69354,11.0123],[-0.68998,11.01483],[-0.68358,11.00891]]}},{"type":"Feature","properties":{"name":"Centre-Est"},"geometry":{"type":"LineString","coordinates":[[-0.72363,11.14681],[-0.72817,11.14451],[-0.72718,11.14163],[-0.73112,11.13912],[-0.73074,11.13545],[-0.73523,11.12957],[-0.7367,11.12394],[-0.74113,11.12019],[-0.74348,11.11969],[-0.74253,11.11689],[-0.73918,11.11456],[-0.73617,11.10837],[-0.73231,11.10609],[-0.72622,11.10762],[-0.72158,11.10731],[-0.72013,11.10534],[-0.71851,11.1055],[-0.7177,11.10473],[-0.7148,11.10826],[-0.7138,11.10556],[-0.7141,11.10476],[-0.71013,11.10179],[-0.7073,11.09742],[-0.70412,11.09604],[-0.70311,11.09414],[-0.70102,11.09339],[-0.69734,11.09296]]}},{"type":"Feature","properties":{"name":"Centre-Est"},"geometry":{"type":"LineString","coordinates":[[-0.7634,11.2075],[-0.76257,11.20532],[-0.76555,11.19722],[-0.76279,11.19108],[-0.76072,11.18935],[-0.7614,11.18697],[-0.75927,11.18627],[-0.75882,11.18756],[-0.75839,11.1857],[-0.75927,11.18393],[-0.75837,11.18032],[-0.76191,11.16883],[-0.75869,11.16563],[-0.75708,11.16201],[-0.75302,11.15908],[-0.74584,11.16015],[-0.74334,11.16055],[-0.73661,11.16177],[-0.72904,11.15875],[-0.72827,11.15527],[-0.72984,11.15278],[-0.7275,11.15089],[-0.72368,11.14983],[-0.72363,11.14681]]}},{"type":"Feature","properties":{"name":"Centre-Est"},"geometry":{"type":"LineString","coordinates":[[-0.68704,11.33387],[-0.69551,11.31667],[-0.70215,11.31165],[-0.72217,11.31177],[-0.73006,11.30921],[-0.7382,11.29977],[-0.74348,11.29472],[-0.74622,11.28895],[-0.73846,11.27679],[-0.72702,11.26102],[-0.72596,11.24807],[-0.73609,11.23637],[-0.74173,11.22492],[-0.75787,11.21666],[-0.7634,11.2075]]}},{"type":"Feature","properties":{"name":"Centre-Est"},"geometry":{"type":"LineString","coordinates":[[-0.56086,11.47347],[-0.56665,11.46328],[-0.57391,11.462],[-0.58114,11.45763],[-0.59562,11.43908],[-0.58041,11.41512],[-0.5765,11.39921],[-0.56057,11.40149],[-0.56144,11.39635],[-0.56482,11.39169],[-0.57099,11.38816],[-0.5803,11.38766],[-0.5909,11.39094],[-0.60432,11.40002],[-0.60691,11.40486],[-0.61011,11.40807],[-0.61824,11.41386],[-0.62789,11.41615],[-0.63555,11.41215],[-0.63796,11.39932],[-0.63692,11.38636],[-0.63946,11.38133],[-0.6474,11.37697],[-0.65684,11.37061],[-0.67222,11.36794],[-0.68213,11.35928],[-0.68806,11.35032],[-0.68704,11.33387]]}},{"type":"Feature","properties":{"name":"Centre-Est"},"geometry":{"type":"LineString","coordinates":[[-0.6749,11.54614],[-0.66479,11.54215],[-0.6509,11.53094],[-0.64546,11.52539],[-0.63382,11.5197],[-0.62383,11.51525],[-0.61628,11.50822],[-0.60116,11.50285],[-0.59421,11.50085],[-0.58984,11.49366],[-0.58154,11.49094],[-0.56637,11.48266],[-0.55878,11.4839],[-0.55926,11.47735],[-0.56086,11.47347]]}},{"type":"Feature","properties":{"name":"Centre-Est"},"geometry":{"type":"LineString","coordinates":[[-0.69783,11.53872],[-0.6793,11.54242],[-0.6749,11.54614]]}},{"type":"Feature","properties":{"name":"Centre-Est"},"geometry":{"type":"LineString","coordinates":[[-0.77136,11.585],[-0.76798,11.57179],[-0.74644,11.55814],[-0.73409,11.54517],[-0.72125,11.5427],[-0.69783,11.53872]]}},{"type":"Feature","properties":{"name":"Centre-Est"},"geometry":{"type":"LineString","coordinates":[[-0.81546,11.60606],[-0.81289,11.60446],[-0.80769,11.60297],[-0.80475,11.60024],[-0.80542,11.59681],[-0.8018,11.59724],[-0.80017,11.59511],[-0.79599,11.59512],[-0.7878,11.59515],[-0.78631,11.59353],[-0.78454,11.59352],[-0.77425,11.58874],[-0.77136,11.585]]}},{"type":"Feature","properties":{"name":"Centre-Est"},"geometry":{"type":"LineString","coordinates":[[-0.90826,11.69242],[-0.90405,11.69276],[-0.90317,11.69478],[-0.90157,11.69429],[-0.90138,11.69179],[-0.89926,11.69084],[-0.9027,11.68468],[-0.90126,11.67897],[-0.89662,11.67992],[-0.89042,11.67699],[-0.86409,11.65103],[-0.81546,11.60606]]}},{"type":"Feature","properties":{"name":"Centre-Est"},"geometry":{"type":"LineString","coordinates":[[-0.82034,11.84644],[-0.8295,11.81952],[-0.85065,11.79007],[-0.86102,11.78646],[-0.86849,11.78495],[-0.87877,11.78068],[-0.89163,11.78139],[-0.89752,11.7784],[-0.90194,11.73378],[-0.90491,11.72397],[-0.91037,11.71675],[-0.91039,11.7093],[-0.90922,11.7074],[-0.91188,11.70296],[-0.90826,11.69242]]}},{"type":"Feature","properties":{"name":"Centre-Est"},"geometry":{"type":"LineString","coordinates":[[-0.82701,11.87382],[-0.83053,11.86322],[-0.83389,11.86101],[-0.83433,11.85595],[-0.82631,11.85041],[-0.82105,11.84892],[-0.82034,11.84644]]}},{"type":"Feature","properties":{"name":"Centre-Est"},"geometry":{"type":"LineString","coordinates":[[-0.65801,11.92732],[-0.65943,11.9206],[-0.66075,11.91941],[-0.66115,11.91699],[-0.66368,11.91746],[-0.66539,11.9143],[-0.66922,11.91577],[-0.67647,11.90997],[-0.67936,11.90394],[-0.68807,11.89886],[-0.69047,11.89587],[-0.69256,11.89242],[-0.6958,11.89131],[-0.70128,11.88702],[-0.7103,11.89034],[-0.71783,11.88821],[-0.72041,11.88309],[-0.72578,11.87831],[-0.73357,11.87625],[-0.79832,11.87434],[-0.81416,11.87508],[-0.82701,11.87382]]}},{"type":"Feature","properties":{"name":"Centre-Est"},"geometry":{"type":"LineString","coordinates":[[-0.51566,12.00548],[-0.54539,12.01599],[-0.56588,12.01814],[-0.58556,12.01126],[-0.59602,12.00582],[-0.62215,11.98479],[-0.63673,11.96718],[-0.65498,11.93939],[-0.65801,11.92732]]}},{"type":"Feature","properties":{"name":"Centre-Est"},"geometry":{"type":"LineString","coordinates":[[-0.6313,12.54146],[-0.6328,12.51528],[-0.63143,12.48742],[-0.62416,12.47857],[-0.60752,12.46885],[-0.56677,12.47325],[-0.55188,12.46747],[-0.54954,12.43936],[-0.54353,12.40764],[-0.51602,12.40741],[-0.51544,12.38098],[-0.5194,12.37268],[-0.53226,12.36105],[-0.53466,12.34851],[-0.53753,12.32947],[-0.51803,12.31064],[-0.5207,12.29877],[-0.51805,12.29114],[-0.51246,12.28709],[-0.49913,12.28114],[-0.49455,12.27221],[-0.49119,12.24506],[-0.49441,12.22686],[-0.4877,12.21811],[-0.45853,12.20704],[-0.45617,12.19804],[-0.44583,12.18911],[-0.43782,12.18536],[-0.42464,12.16437],[-0.44076,12.16242],[-0.43924,12.15495],[-0.42844,12.13823],[-0.42627,12.12857],[-0.42885,12.10771],[-0.42437,12.10739],[-0.41282,12.09339],[-0.41637,12.08],[-0.42113,12.07236],[-0.4225,12.06975],[-0.43001,12.05348],[-0.43233,12.05058],[-0.43381,12.0446],[-0.44217,12.0346],[-0.45296,12.02225],[-0.45589,12.01727],[-0.4634,12.01476],[-0.46871,12.01071],[-0.48107,12.00677],[-0.48737,12.00593],[-0.49214,12.00165],[-0.4986,12.00101],[-0.51566,12.00548]]}},{"type":"Feature","properties":{"name":"Centre-Est"},"geometry":{"type":"LineString","coordinates":[[-0.24057,12.55972],[-0.2518,12.55769],[-0.25723,12.55878],[-0.26358,12.55358],[-0.27297,12.54883],[-0.27344,12.54371],[-0.27488,12.54479],[-0.2812,12.54832],[-0.2835,12.54955],[-0.29145,12.54936],[-0.2938,12.55244],[-0.29542,12.55364],[-0.29815,12.55636],[-0.30077,12.55659],[-0.3054,12.55219],[-0.30867,12.54603],[-0.31208,12.54814],[-0.3147,12.54648],[-0.31914,12.54408],[-0.32244,12.54313],[-0.32477,12.54167],[-0.33359,12.54218],[-0.33867,12.53541],[-0.354,12.52849],[-0.35857,12.52754],[-0.3653,12.52919],[-0.36452,12.52649],[-0.37083,12.52358],[-0.38218,12.51924],[-0.39535,12.51375],[-0.40151,12.50624],[-0.40313,12.49985],[-0.40578,12.49488],[-0.40885,12.4894],[-0.41554,12.48874],[-0.42082,12.48823],[-0.426,12.4844],[-0.4301,12.48011],[-0.43227,12.48396],[-0.43531,12.48296],[-0.44532,12.48464],[-0.45213,12.48959],[-0.46036,12.48971],[-0.46527,12.48934],[-0.47458,12.49429],[-0.479,12.4946],[-0.48852,12.50125],[-0.49127,12.49857],[-0.49426,12.4976],[-0.50083,12.49941],[-0.51564,12.50905],[-0.52537,12.50885],[-0.53216,12.51141],[-0.53302,12.51393],[-0.53465,12.51528],[-0.54045,12.51194],[-0.54639,12.51059],[-0.54963,12.51482],[-0.56163,12.51951],[-0.56444,12.51943],[-0.5679,12.52038],[-0.57314,12.52087],[-0.58703,12.5293],[-0.59443,12.53127],[-0.59997,12.53489],[-0.60591,12.53529],[-0.60948,12.53758],[-0.62015,12.53718],[-0.6313,12.54146]]}},{"type":"Feature","properties":{"name":"Centre-Sud"},"geometry":{"type":"LineString","coordinates":[[-1.1471,10.98744],[-1.18128,10.98902]]}},{"type":"Feature","properties":{"name":"Centre-Sud"},"geometry":{"type":"LineString","coordinates":[[-1.18128,10.98902],[-1.3952,11.01201],[-1.42631,11.02103]]}},{"type":"Feature","properties":{"name":"Centre-Sud"},"geometry":{"type":"LineString","coordinates":[[-1.41704,11.05332],[-1.41733,11.05055],[-1.42099,11.05122],[-1.42206,11.04758],[-1.41917,11.04336],[-1.41875,11.03774],[-1.42688,11.03644],[-1.43277,11.03104],[-1.43186,11.02773],[-1.42765,11.02673],[-1.42627,11.02441],[-1.42631,11.02103]]}},{"type":"Feature","properties":{"name":"Centre-Sud"},"geometry":{"type":"LineString","coordinates":[[-1.54311,11.09311],[-1.53657,11.09051],[-1.53599,11.08877],[-1.53184,11.09027],[-1.52949,11.08835],[-1.52778,11.08993],[-1.52204,11.09036],[-1.52091,11.09417],[-1.50823,11.09758],[-1.50467,11.09454],[-1.50463,11.09089],[-1.50094,11.08863],[-1.49772,11.08882],[-1.49665,11.09174],[-1.48765,11.095],[-1.47793,11.09436],[-1.47446,11.08984],[-1.47588,11.08519],[-1.47961,11.08206],[-1.48543,11.08215],[-1.48477,11.07542],[-1.47558,11.06861],[-1.47071,11.06281],[-1.4664,11.06171],[-1.46491,11.05585],[-1.45989,11.05314],[-1.45531,11.0476],[-1.44665,11.04706],[-1.44241,11.0403],[-1.43802,11.04013],[-1.43116,11.04424],[-1.43006,11.05171],[-1.42542,11.05623],[-1.42175,11.05504],[-1.41904,11.05657],[-1.4178,11.05525],[-1.41863,11.05384],[-1.41704,11.05332]]}},{"type":"Feature","properties":{"name":"Centre-Sud"},"geometry":{"type":"LineString","coordinates":[[-1.663,11.16747],[-1.66185,11.16446],[-1.64902,11.16144],[-1.64487,11.16258],[-1.64397,11.1647],[-1.64164,11.1643],[-1.64052,11.16595],[-1.63631,11.16414],[-1.63493,11.15922],[-1.63848,11.15554],[-1.63806,11.15233],[-1.63125,11.15206],[-1.6292,11.15015],[-1.62447,11.14929],[-1.62045,11.14507],[-1.61544,11.14514],[-1.61316,11.14283],[-1.60881,11.14144],[-1.60742,11.13862],[-1.60898,11.13328],[-1.6064,11.1258],[-1.60403,11.12585],[-1.5975,11.12166],[-1.59408,11.12233],[-1.59188,11.12109],[-1.5896,11.12666],[-1.5855,11.12802],[-1.57868,11.12751],[-1.57304,11.13145],[-1.57278,11.1297],[-1.56905,11.12796],[-1.5673,11.12975],[-1.56385,11.1265],[-1.56269,11.12143],[-1.56623,11.12135],[-1.56807,11.11956],[-1.56932,11.10835],[-1.56585,11.10628],[-1.56351,11.10598],[-1.55959,11.10409],[-1.55417,11.10733],[-1.55205,11.11069],[-1.54572,11.10961],[-1.53953,11.10459],[-1.54066,11.10185],[-1.54519,11.09857],[-1.54462,11.0945],[-1.54311,11.09311]]}},{"type":"Feature","properties":{"name":"Centre-Sud"},"geometry":{"type":"LineString","coordinates":[[-1.59722,11.34254],[-1.6008,11.33165],[-1.59959,11.3222],[-1.59549,11.30414],[-1.59769,11.29107],[-1.6075,11.28392],[-1.61676,11.27843],[-1.62149,11.26738],[-1.62334,11.23897],[-1.62042,11.22678],[-1.62342,11.22042],[-1.65848,11.17807],[-1.663,11.16747]]}},{"type":"Feature","properties":{"name":"Centre-Sud"},"geometry":{"type":"LineString","coordinates":[[-1.3096,11.54652],[-1.33439,11.5248],[-1.34421,11.52713],[-1.35149,11.52827],[-1.35463,11.52632],[-1.36132,11.51269],[-1.36824,11.50428],[-1.37568,11.49284],[-1.38529,11.48386],[-1.39581,11.48168],[-1.41292,11.46741],[-1.44163,11.45729],[-1.46814,11.44076],[-1.47628,11.43472],[-1.49612,11.42392],[-1.51734,11.39199],[-1.54535,11.39358],[-1.55296,11.40439],[-1.5648,11.40015],[-1.57312,11.39335],[-1.58296,11.37432],[-1.59296,11.34943],[-1.59722,11.34254]]}},{"type":"Feature","properties":{"name":"Centre-Sud"},"geometry":{"type":"LineString","coordinates":[[-1.33679,11.57969],[-1.33603,11.57468],[-1.33793,11.57029],[-1.33606,11.57035],[-1.3356,11.56783],[-1.32838,11.56348],[-1.32419,11.55676],[-1.31994,11.55379],[-1.32024,11.55229],[-1.31506,11.54877],[-1.31126,11.54892],[-1.3096,11.54652]]}},{"type":"Feature","properties":{"name":"Centre-Sud"},"geometry":{"type":"LineString","coordinates":[[-1.41662,11.61816],[-1.41375,11.61839],[-1.41055,11.61592],[-1.39866,11.61747],[-1.39446,11.61579],[-1.39694,11.61139],[-1.39344,11.60075],[-1.39445,11.59797],[-1.39142,11.59583],[-1.38674,11.59924],[-1.38397,11.59904],[-1.3829,11.60192],[-1.38038,11.60034],[-1.37321,11.60176],[-1.36993,11.6003],[-1.36952,11.60155],[-1.36534,11.60083],[-1.35747,11.60274],[-1.35444,11.60119],[-1.3531,11.59513],[-1.34615,11.59065],[-1.34459,11.5876],[-1.33957,11.58529],[-1.33679,11.57969]]}},{"type":"Feature","properties":{"name":"Centre-Sud"},"geometry":{"type":"LineString","coordinates":[[-1.45335,11.65661],[-1.45585,11.65189],[-1.45557,11.64354],[-1.45061,11.64079],[-1.44693,11.64171],[-1.4452,11.64049],[-1.44285,11.64212],[-1.43904,11.64077],[-1.43606,11.63467],[-1.43067,11.63355],[-1.42726,11.63554],[-1.42341,11.63388],[-1.42132,11.63109],[-1.42435,11.62885],[-1.42381,11.62271],[-1.41951,11.62251],[-1.41662,11.61816]]}},{"type":"Feature","properties":{"name":"Centre-Sud"},"geometry":{"type":"LineString","coordinates":[[-1.46348,11.69304],[-1.45847,11.68509],[-1.45811,11.67621],[-1.45436,11.67393],[-1.45309,11.66917],[-1.45282,11.65752],[-1.45335,11.65661]]}},{"type":"Feature","properties":{"name":"Centre-Sud"},"geometry":{"type":"LineString","coordinates":[[-1.60013,11.77708],[-1.59813,11.77633],[-1.59952,11.7746],[-1.5966,11.76889],[-1.59413,11.76616],[-1.59422,11.76441],[-1.57177,11.75786],[-1.55705,11.75013],[-1.55794,11.74687],[-1.56072,11.74101],[-1.55828,11.73486],[-1.55487,11.72926],[-1.55351,11.72783],[-1.5472,11.72725],[-1.54173,11.73003],[-1.53904,11.72763],[-1.5367,11.72826],[-1.53663,11.72208],[-1.53464,11.71493],[-1.53037,11.70997],[-1.52359,11.71446],[-1.51357,11.7115],[-1.50346,11.71414],[-1.50142,11.71246],[-1.49848,11.71214],[-1.49476,11.70755],[-1.49593,11.70227],[-1.49459,11.698],[-1.48906,11.68245],[-1.48104,11.68693],[-1.47266,11.68902],[-1.46765,11.68818],[-1.46348,11.69304]]}},{"type":"Feature","properties":{"name":"Centre-Sud"},"geometry":{"type":"LineString","coordinates":[[-1.68102,11.82463],[-1.67592,11.82353],[-1.67307,11.81935],[-1.66406,11.81864],[-1.66249,11.81473],[-1.65846,11.81092],[-1.65049,11.79941],[-1.64798,11.79493],[-1.65226,11.78868],[-1.64888,11.78587],[-1.64245,11.78163],[-1.62536,11.78771],[-1.61891,11.78934],[-1.61393,11.78122],[-1.60649,11.77896],[-1.60013,11.77708]]}},{"type":"Feature","properties":{"name":"Centre-Sud"},"geometry":{"type":"LineString","coordinates":[[-1.68709,11.82823],[-1.68461,11.82803],[-1.68582,11.82671],[-1.68337,11.82679],[-1.68102,11.82463]]}},{"type":"Feature","properties":{"name":"Centre-Sud"},"geometry":{"type":"LineString","coordinates":[[-1.77289,11.91468],[-1.77179,11.90861],[-1.75522,11.89623],[-1.74919,11.88988],[-1.7389,11.88592],[-1.7318,11.88827],[-1.7286,11.88674],[-1.71973,11.8686],[-1.70812,11.86289],[-1.70243,11.85671],[-1.69757,11.85746],[-1.69619,11.85626],[-1.69805,11.85317],[-1.69174,11.84361],[-1.69361,11.8341],[-1.69084,11.83386],[-1.69151,11.83237],[-1.68988,11.83132],[-1.68911,11.82822],[-1.68709,11.82823]]}},{"type":"Feature","properties":{"name":"Centre-Sud"},"geometry":{"type":"LineString","coordinates":[[-1.93492,11.9297],[-1.93016,11.93809],[-1.92716,11.93674],[-1.90437,11.91957],[-1.89723,11.91559],[-1.88687,11.91632],[-1.87223,11.92673],[-1.85869,11.94467],[-1.84492,11.9491],[-1.8411,11.95896],[-1.82511,11.95735],[-1.81741,11.96237],[-1.80606,11.96152],[-1.79988,11.96154],[-1.79307,11.95351],[-1.7865,11.95],[-1.7815,11.94574],[-1.78534,11.94344],[-1.78521,11.93404],[-1.78358,11.92754],[-1.78355,11.92231],[-1.77289,11.91468]]}},{"type":"Feature","properties":{"name":"Centre-Sud"},"geometry":{"type":"LineString","coordinates":[[-2.05144,12.00728],[-2.04052,11.99827],[-2.03434,11.99344],[-2.02032,11.98218],[-2.01672,11.97575],[-2.01071,11.97126],[-2.00001,11.96535],[-1.98516,11.95359],[-1.98303,11.94718],[-1.98118,11.93994],[-1.97637,11.92776],[-1.965,11.91557],[-1.95555,11.91442],[-1.95108,11.91619],[-1.94531,11.92135],[-1.94041,11.93109],[-1.93615,11.93095],[-1.93492,11.9297]]}},{"type":"Feature","properties":{"name":"Centre-Sud"},"geometry":{"type":"LineString","coordinates":[[-1.98752,12.05033],[-2.00266,12.04005],[-2.0508,12.01032],[-2.05144,12.00728]]}},{"type":"Feature","properties":{"name":"Centre-Sud"},"geometry":{"type":"LineString","coordinates":[[-1.95679,12.07506],[-1.98162,12.0539],[-1.98752,12.05033]]}},{"type":"Feature","properties":{"name":"Centre-Sud"},"geometry":{"type":"LineString","coordinates":[[-1.96452,12.08745],[-1.95871,12.08303],[-1.95862,12.07581],[-1.95679,12.07506]]}},{"type":"Feature","properties":{"name":"Centre-Sud"},"geometry":{"type":"LineString","coordinates":[[-1.98592,12.12496],[-1.98568,12.12048],[-1.98367,12.11936],[-1.97888,12.10948],[-1.97431,12.10565],[-1.97274,12.0991],[-1.96896,12.09743],[-1.9652,12.09114],[-1.96361,12.09085],[-1.96452,12.08745]]}},{"type":"Feature","properties":{"name":"Centre-Sud"},"geometry":{"type":"LineString","coordinates":[[-1.82685,12.15954],[-1.84152,12.15822],[-1.92328,12.15748],[-1.92755,12.1507],[-1.93128,12.14117],[-1.94179,12.13121],[-1.95857,12.13158],[-1.97862,12.12167],[-1.98293,12.12284],[-1.98592,12.12496]]}},{"type":"Feature","properties":{"name":"Centre-Sud"},"geometry":{"type":"LineString","coordinates":[[-1.72342,12.09224],[-1.76499,12.09195],[-1.79318,12.09546],[-1.82685,12.15954]]}},{"type":"Feature","properties":{"name":"Centre-Sud"},"geometry":{"type":"LineString","coordinates":[[-1.68793,12.05013],[-1.70465,12.07021],[-1.72342,12.09224]]}},{"type":"Feature","properties":{"name":"Centre-Sud"},"geometry":{"type":"LineString","coordinates":[[-1.48789,12.20435],[-1.53297,12.19234],[-1.54225,12.18466],[-1.55969,12.15276],[-1.57172,12.13802],[-1.59251,12.12507],[-1.60329,12.11739],[-1.63766,12.09576],[-1.65086,12.093],[-1.66341,12.09223],[-1.66415,12.08772],[-1.67148,12.07701],[-1.67622,12.0667],[-1.6812,12.06238],[-1.68361,12.05644],[-1.68374,12.054],[-1.68793,12.05013]]}},{"type":"Feature","properties":{"name":"Centre-Sud"},"geometry":{"type":"LineString","coordinates":[[-1.40546,12.10612],[-1.40985,12.11923],[-1.41967,12.13224],[-1.42647,12.15405],[-1.43867,12.1803],[-1.44147,12.19251],[-1.44827,12.19424],[-1.45454,12.19204],[-1.46348,12.19331],[-1.4708,12.19342],[-1.48048,12.19605],[-1.48789,12.20435]]}},{"type":"Feature","properties":{"name":"Centre-Sud"},"geometry":{"type":"LineString","coordinates":[[-1.28077,12.13808],[-1.2878,12.14525],[-1.29523,12.1552],[-1.31475,12.15347],[-1.33735,12.13981],[-1.34762,12.13885],[-1.37306,12.13264],[-1.3912,12.11353],[-1.40243,12.10707],[-1.40546,12.10612]]}},{"type":"Feature","properties":{"name":"Centre-Sud"},"geometry":{"type":"LineString","coordinates":[[-1.12495,12.14283],[-1.13095,12.14844],[-1.13897,12.15534],[-1.14889,12.15886],[-1.15871,12.16003],[-1.16424,12.16221],[-1.16811,12.16223],[-1.17668,12.16164],[-1.18531,12.15902],[-1.19645,12.15903],[-1.20569,12.15758],[-1.22818,12.15546],[-1.24539,12.15875],[-1.25819,12.15811],[-1.27413,12.14174],[-1.28077,12.13808]]}},{"type":"Feature","properties":{"name":"Centre-Sud"},"geometry":{"type":"LineString","coordinates":[[-1.07081,12.17859],[-1.07863,12.17412],[-1.09086,12.16873],[-1.09898,12.16502],[-1.10183,12.16246],[-1.10609,12.15872],[-1.11526,12.14755],[-1.12495,12.14283]]}},{"type":"Feature","properties":{"name":"Centre-Sud"},"geometry":{"type":"LineString","coordinates":[[-1.07081,12.17859],[-1.05662,12.16833],[-1.03646,12.15304],[-1.03109,12.14442],[-1.03094,12.13704],[-1.02837,12.13066],[-1.02443,12.12492],[-1.02229,12.11438],[-1.02184,12.11203],[-1.02541,12.10372],[-1.0254,12.08737],[-1.01483,12.07633],[-1.00768,12.06566],[-0.99479,12.05662],[-0.98946,12.04744],[-0.98948,12.04363],[-0.98718,12.0417],[-0.98637,12.03899],[-0.98026,12.03221],[-0.97826,12.02633],[-0.97658,12.02565],[-0.97642,12.02316],[-0.97791,12.02168]]}},{"type":"Feature","properties":{"name":"Centre-Sud"},"geometry":{"type":"LineString","coordinates":[[-0.97791,12.02168],[-0.9738,12.01948],[-0.97276,12.01514],[-0.9657,12.01342],[-0.9673,12.01158],[-0.96369,12.00903],[-0.96269,12.01038],[-0.95852,12.00579],[-0.94502,11.99897],[-0.94367,11.99455],[-0.93929,11.99118],[-0.92626,11.98572],[-0.92358,11.98747],[-0.92101,11.98679],[-0.92193,11.98341],[-0.91985,11.9798],[-0.9176,11.97907],[-0.91648,11.97535],[-0.91187,11.97277],[-0.91371,11.97025],[-0.91077,11.9674],[-0.9111,11.96569],[-0.90631,11.96699],[-0.90219,11.96282],[-0.89897,11.96139],[-0.89744,11.9568]]}},{"type":"Feature","properties":{"name":"Centre-Sud"},"geometry":{"type":"LineString","coordinates":[[-0.89744,11.9568],[-0.89614,11.95176],[-0.89691,11.94793],[-0.89429,11.94132],[-0.89457,11.93526],[-0.89712,11.93405],[-0.89476,11.93147],[-0.89664,11.92953],[-0.89556,11.92732],[-0.89352,11.92676],[-0.8944,11.92559],[-0.89283,11.92319],[-0.89407,11.92142],[-0.89018,11.91614],[-0.89145,11.90353],[-0.89481,11.89988]]}},{"type":"Feature","properties":{"name":"Centre-Sud"},"geometry":{"type":"LineString","coordinates":[[-0.89481,11.89988],[-0.89446,11.8973],[-0.89092,11.89309],[-0.88534,11.89077],[-0.87966,11.88329],[-0.87208,11.8814],[-0.87062,11.8835],[-0.8688,11.88094],[-0.86771,11.88255],[-0.86607,11.88106],[-0.86663,11.87907],[-0.8621,11.87791],[-0.85826,11.87995],[-0.85581,11.87957],[-0.85515,11.88155],[-0.8533,11.88134],[-0.85095,11.88627],[-0.84879,11.88487],[-0.84492,11.88749],[-0.84168,11.88698],[-0.83741,11.88299],[-0.82798,11.8785],[-0.82701,11.87382]]}},{"type":"Feature","properties":{"name":"Centre-Sud"},"geometry":{"type":"LineString","coordinates":[[-0.6842,10.99736],[-0.80765,11.00377],[-0.81515,11.0058],[-0.82844,10.99805],[-0.85864,10.99176],[-0.86038,10.98869]]}},{"type":"Feature","properties":{"name":"Centre-Sud"},"geometry":{"type":"LineString","coordinates":[[-0.86038,10.98869],[-0.89319,10.96244],[-0.89346,10.96239]]}},{"type":"Feature","properties":{"name":"Centre-Sud"},"geometry":{"type":"LineString","coordinates":[[-0.88884,10.98014],[-0.88873,10.96488],[-0.89219,10.96446],[-0.89346,10.96239]]}},{"type":"Feature","properties":{"name":"Centre-Sud"},"geometry":{"type":"LineString","coordinates":[[-0.88884,10.98014],[-0.89454,10.98181],[-0.91123,10.98062]]}},{"type":"Feature","properties":{"name":"Centre-Sud"},"geometry":{"type":"LineString","coordinates":[[-0.91123,10.98062],[-0.91677,10.98988],[-0.91652,11.00198]]}},{"type":"Feature","properties":{"name":"Centre-Sud"},"geometry":{"type":"LineString","coordinates":[[-0.91652,11.00198],[-0.94776,11.00251]]}},{"type":"Feature","properties":{"name":"Centre-Sud"},"geometry":{"type":"LineString","coordinates":[[-0.94776,11.00251],[-1.00022,10.9977]]}},{"type":"Feature","properties":{"name":"Centre-Sud"},"geometry":{"type":"LineString","coordinates":[[-1.00022,10.9977],[-1.00233,11.00789],[-1.09616,11.00418]]}},{"type":"Feature","properties":{"name":"Centre-Sud"},"geometry":{"type":"LineString","coordinates":[[-1.09616,11.00418],[-1.11488,11.00118],[-1.12061,10.98577],[-1.1471,10.98744]]}},{"type":"Feature","properties":{"name":"Centre-Ouest"},"geometry":{"type":"LineString","coordinates":[[-2.63548,10.99656],[-2.71367,11.00229],[-2.71517,11.00227]]}},{"type":"Feature","properties":{"name":"Centre-Ouest"},"geometry":{"type":"LineString","coordinates":[[-2.35772,10.98965],[-2.50131,10.99011],[-2.63548,10.99656]]}},{"type":"Feature","properties":{"name":"Centre-Ouest"},"geometry":{"type":"LineString","coordinates":[[-1.99612,10.98522],[-2.17662,10.98982],[-2.24199,10.99394],[-2.30535,10.99103],[-2.35772,10.98965]]}},{"type":"Feature","properties":{"name":"Centre-Ouest"},"geometry":{"type":"LineString","coordinates":[[-1.90878,10.98492],[-1.99612,10.98522]]}},{"type":"Feature","properties":{"name":"Centre-Ouest"},"geometry":{"type":"LineString","coordinates":[[-1.42631,11.02103],[-1.61631,10.98509],[-1.74993,10.972],[-1.79711,10.98441],[-1.90878,10.98492]]}},{"type":"Feature","properties":{"name":"Centre-Ouest"},"geometry":{"type":"LineString","coordinates":[[-1.78909,12.23624],[-1.81783,12.2244],[-1.82535,12.21165],[-1.82616,12.19621],[-1.82685,12.15954]]}},{"type":"Feature","properties":{"name":"Centre-Ouest"},"geometry":{"type":"LineString","coordinates":[[-1.78674,12.26352],[-1.78605,12.24744],[-1.78758,12.23854],[-1.78909,12.23624]]}},{"type":"Feature","properties":{"name":"Centre-Ouest"},"geometry":{"type":"LineString","coordinates":[[-1.81325,12.37125],[-1.7976,12.35363],[-1.78562,12.3365],[-1.79143,12.33211],[-1.8035,12.3282],[-1.81549,12.32393],[-1.81747,12.31778],[-1.8074,12.3102],[-1.78934,12.30449],[-1.78651,12.29771],[-1.78584,12.27731],[-1.78674,12.26352]]}},{"type":"Feature","properties":{"name":"Centre-Ouest"},"geometry":{"type":"LineString","coordinates":[[-1.98019,12.31582],[-1.9778,12.31906],[-1.96467,12.33234],[-1.95593,12.34481],[-1.94235,12.35074],[-1.85918,12.36415],[-1.81325,12.37125]]}},{"type":"Feature","properties":{"name":"Centre-Ouest"},"geometry":{"type":"LineString","coordinates":[[-1.98019,12.31582],[-1.98296,12.31246],[-1.98956,12.30906],[-2.00131,12.30939],[-2.00983,12.30717]]}},{"type":"Feature","properties":{"name":"Centre-Ouest"},"geometry":{"type":"LineString","coordinates":[[-2.00983,12.30717],[-2.01257,12.30201],[-2.01034,12.29648],[-2.01138,12.29476]]}},{"type":"Feature","properties":{"name":"Centre-Ouest"},"geometry":{"type":"LineString","coordinates":[[-2.03704,12.2985],[-2.02249,12.2955],[-2.01258,12.29558],[-2.01138,12.29476]]}},{"type":"Feature","properties":{"name":"Centre-Ouest"},"geometry":{"type":"LineString","coordinates":[[-2.08238,12.32869],[-2.07641,12.315],[-2.06046,12.30275],[-2.05553,12.29961],[-2.04201,12.29944],[-2.03704,12.2985]]}},{"type":"Feature","properties":{"name":"Centre-Ouest"},"geometry":{"type":"LineString","coordinates":[[-1.95453,12.47998],[-1.98974,12.4723],[-2.00469,12.46537],[-2.00698,12.45608],[-2.00628,12.44615],[-2.0114,12.4396],[-2.03473,12.41266],[-2.04218,12.36831],[-2.08238,12.32869]]}},{"type":"Feature","properties":{"name":"Centre-Ouest"},"geometry":{"type":"LineString","coordinates":[[-1.78501,12.48887],[-1.81643,12.46767],[-1.83892,12.45581],[-1.85944,12.44806],[-1.87001,12.44783],[-1.89816,12.47256],[-1.91413,12.48034],[-1.92957,12.48057],[-1.93855,12.47958],[-1.95453,12.47998]]}},{"type":"Feature","properties":{"name":"Centre-Ouest"},"geometry":{"type":"LineString","coordinates":[[-1.84413,12.61316],[-1.83399,12.59686],[-1.82471,12.57651],[-1.81829,12.56694],[-1.80691,12.53307],[-1.78501,12.48887]]}},{"type":"Feature","properties":{"name":"Centre-Ouest"},"geometry":{"type":"LineString","coordinates":[[-1.93834,12.65155],[-1.88096,12.62663],[-1.8676,12.61712],[-1.8548,12.61284],[-1.84413,12.61316]]}},{"type":"Feature","properties":{"name":"Centre-Ouest"},"geometry":{"type":"LineString","coordinates":[[-1.92243,12.67823],[-1.9291,12.66916],[-1.93841,12.65568],[-1.93834,12.65155]]}},{"type":"Feature","properties":{"name":"Centre-Ouest"},"geometry":{"type":"LineString","coordinates":[[-1.94363,12.69255],[-1.93166,12.68549],[-1.92316,12.68008],[-1.92243,12.67823]]}},{"type":"Feature","properties":{"name":"Centre-Ouest"},"geometry":{"type":"LineString","coordinates":[[-2.07651,12.69982],[-2.07441,12.70303],[-2.05626,12.70734],[-2.02403,12.70309],[-1.98652,12.7052],[-1.97994,12.69123],[-1.98431,12.67823],[-1.98263,12.67448],[-1.97683,12.67318],[-1.9562,12.68358],[-1.94363,12.69255]]}},{"type":"Feature","properties":{"name":"Centre-Ouest"},"geometry":{"type":"LineString","coordinates":[[-2.28494,12.6719],[-2.22111,12.69757],[-2.21343,12.70096],[-2.19092,12.70123],[-2.16673,12.69946],[-2.15716,12.70171],[-2.14479,12.7075],[-2.10299,12.68853],[-2.09125,12.68993],[-2.08583,12.69049],[-2.07551,12.69491],[-2.07651,12.69982]]}},{"type":"Feature","properties":{"name":"Centre-Ouest"},"geometry":{"type":"LineString","coordinates":[[-2.3256,12.65788],[-2.28494,12.6719]]}},{"type":"Feature","properties":{"name":"Centre-Ouest"},"geometry":{"type":"LineString","coordinates":[[-2.4811,12.63636],[-2.47308,12.63811],[-2.46668,12.63446],[-2.4315,12.62877],[-2.3256,12.65788]]}},{"type":"Feature","properties":{"name":"Centre-Ouest"},"geometry":{"type":"LineString","coordinates":[[-2.52668,12.69212],[-2.52372,12.69154],[-2.5137,12.69661],[-2.50345,12.69868],[-2.4336,12.69899],[-2.43752,12.68188],[-2.44735,12.6739],[-2.48131,12.65696],[-2.4811,12.63636]]}},{"type":"Feature","properties":{"name":"Centre-Ouest"},"geometry":{"type":"LineString","coordinates":[[-2.48989,12.7755],[-2.5079,12.76564],[-2.52737,12.75807],[-2.53048,12.75162],[-2.53485,12.71084],[-2.5295,12.69577],[-2.52668,12.69212]]}},{"type":"Feature","properties":{"name":"Centre-Ouest"},"geometry":{"type":"LineString","coordinates":[[-2.55091,12.84125],[-2.54731,12.84096],[-2.51534,12.82901],[-2.50712,12.81538],[-2.50419,12.80843],[-2.48989,12.7755]]}},{"type":"Feature","properties":{"name":"Centre-Ouest"},"geometry":{"type":"LineString","coordinates":[[-2.64028,12.75199],[-2.56583,12.81653],[-2.55728,12.83282],[-2.55091,12.84125]]}},{"type":"Feature","properties":{"name":"Atakora"},"geometry":{"type":"LineString","coordinates":[[1.39047,10.0002],[1.45909,10.00554],[1.47152,9.99077],[1.54824,9.96502],[1.67425,9.96248],[1.75348,10.03966]]}},{"type":"Feature","properties":{"name":"Atakora"},"geometry":{"type":"LineString","coordinates":[[1.75348,10.03966],[1.8042,10.05891]]}},{"type":"Feature","properties":{"name":"Atakora"},"geometry":{"type":"LineString","coordinates":[[1.8042,10.05891],[1.85529,10.05074],[1.93699,10.04817],[2.00268,10.0517],[2.09417,10.02778]]}},{"type":"Feature","properties":{"name":"Atakora"},"geometry":{"type":"LineString","coordinates":[[2.26561,10.52339],[2.22333,10.495],[2.2,10.46556],[2.18222,10.42417],[2.18195,10.39972],[2.19028,10.38139],[2.19639,10.37417],[2.21944,10.35417],[2.23028,10.33833],[2.24361,10.30472],[2.24972,10.27889],[2.26389,10.23333],[2.27417,10.18556],[2.27611,10.16222],[2.27167,10.14333],[2.26444,10.13028],[2.24528,10.11389],[2.21139,10.10056],[2.17944,10.09389],[2.14889,10.09222],[2.12472,10.09139],[2.09444,10.07417],[2.08769,10.05989],[2.08805,10.04722],[2.09417,10.02778]]}},{"type":"Feature","properties":{"name":"Atakora"},"geometry":{"type":"LineString","coordinates":[[2.28837,10.96165],[2.27234,10.94135],[2.26056,10.9125],[2.26561,10.52339]]}},{"type":"Feature","properties":{"name":"Atakora"},"geometry":{"type":"LineString","coordinates":[[2.02188,11.43065],[2.03861,11.39222],[2.25898,10.99862],[2.28837,10.96165]]}},{"type":"Feature","properties":{"name":"Atakora"},"geometry":{"type":"LineString","coordinates":[[0.94531,11.03514],[0.94884,11.03117],[0.94479,11.02625],[0.94673,11.02276],[0.95825,11.01522],[0.95763,11.01184],[0.96764,11.00197],[0.97588,10.99877],[0.97765,10.99218]]}},{"type":"Feature","properties":{"name":"Atakora"},"geometry":{"type":"LineString","coordinates":[[0.91221,10.99617],[0.92026,10.99443],[0.96237,10.99294],[0.9655,10.99232],[0.97017,10.99369],[0.97765,10.99218]]}},{"type":"Feature","properties":{"name":"Atakora"},"geometry":{"type":"LineString","coordinates":[[1.00028,10.21944],[1.08536,10.15965],[1.11663,10.13965],[1.17,10.11],[1.17581,10.10662]]}},{"type":"Feature","properties":{"name":"Atakora"},"geometry":{"type":"LineString","coordinates":[[1.17581,10.10662],[1.325,10.01444]]}},{"type":"Feature","properties":{"name":"Atakora"},"geometry":{"type":"LineString","coordinates":[[1.325,10.01444],[1.355,9.99528]]}},{"type":"Feature","properties":{"name":"Atakora"},"geometry":{"type":"LineString","coordinates":[[1.355,9.99528],[1.39047,10.0002]]}},{"type":"Feature","properties":{"name":"Donga"},"geometry":{"type":"LineString","coordinates":[[2.1625,9.6675],[2.12055,9.39083],[2.10806,9.375],[2.09472,9.36806],[2.07056,9.36694],[2.04472,9.36778],[2.00611,9.36222],[1.98766,9.34811],[1.98333,9.34333]]}},{"type":"Feature","properties":{"name":"Donga"},"geometry":{"type":"LineString","coordinates":[[2.09167,9.95444],[2.09778,9.93556],[2.09805,9.92222],[2.08972,9.89472],[2.075,9.84805],[2.07472,9.82917],[2.07778,9.81306],[2.10472,9.74083],[2.11778,9.72083],[2.12833,9.70972],[2.13917,9.7],[2.15056,9.69028],[2.15889,9.67833],[2.16333,9.66861],[2.1625,9.6675]]}},{"type":"Feature","properties":{"name":"Donga"},"geometry":{"type":"LineString","coordinates":[[2.09417,10.02778],[2.10111,10.00389],[2.09083,9.99333],[2.08722,9.98194],[2.08917,9.96444],[2.09167,9.95444]]}},{"type":"Feature","properties":{"name":"Donga"},"geometry":{"type":"LineString","coordinates":[[1.355,9.99528],[1.35885,9.91414]]}},{"type":"Feature","properties":{"name":"Donga"},"geometry":{"type":"LineString","coordinates":[[1.35885,9.91414],[1.36175,9.8459]]}},{"type":"Feature","properties":{"name":"Donga"},"geometry":{"type":"LineString","coordinates":[[1.36175,9.8459],[1.36667,9.82222],[1.37222,9.80083],[1.36833,9.78361],[1.36306,9.76667],[1.36379,9.67191],[1.36583,9.66333],[1.37,9.65639],[1.37222,9.64139],[1.3675,9.61583],[1.35889,9.57972],[1.34028,9.53972],[1.3575,9.50194],[1.36111,9.48556]]}},{"type":"Feature","properties":{"name":"Donga"},"geometry":{"type":"LineString","coordinates":[[1.36111,9.48556],[1.37444,9.48444],[1.38167,9.49111],[1.39056,9.4875],[1.39361,9.47278],[1.39806,9.43028]]}},{"type":"Feature","properties":{"name":"Donga"},"geometry":{"type":"LineString","coordinates":[[1.39806,9.43028],[1.39889,9.41083]]}},{"type":"Feature","properties":{"name":"Donga"},"geometry":{"type":"LineString","coordinates":[[1.39889,9.41083],[1.40139,9.37306],[1.40889,9.33972],[1.41944,9.31694],[1.435,9.29806]]}},{"type":"Feature","properties":{"name":"Donga"},"geometry":{"type":"LineString","coordinates":[[1.435,9.29806],[1.44917,9.28444]]}},{"type":"Feature","properties":{"name":"Donga"},"geometry":{"type":"LineString","coordinates":[[1.44917,9.28444],[1.47361,9.25639],[1.49722,9.22472],[1.51472,9.20778],[1.57,9.16583],[1.57722,9.14583],[1.58111,9.13611],[1.58972,9.12417],[1.59917,9.11278],[1.60778,9.09417],[1.61111,9.06389],[1.61889,9.04417],[1.61952,9.04077]]}},{"type":"Feature","properties":{"name":"Donga"},"geometry":{"type":"LineString","coordinates":[[1.61952,9.04077],[1.61929,9.03397]]}},{"type":"Feature","properties":{"name":"Donga"},"geometry":{"type":"LineString","coordinates":[[1.61929,9.03397],[1.62232,9.02824],[1.62156,9.02269],[1.62529,9.01449],[1.62645,9.00723],[1.62508,9.00418]]}},{"type":"Feature","properties":{"name":"Donga"},"geometry":{"type":"LineString","coordinates":[[1.62508,9.00418],[1.62076,8.98315],[1.61917,8.955],[1.62028,8.94389],[1.62056,8.90556],[1.62722,8.86417],[1.62491,8.58749]]}},{"type":"Feature","properties":{"name":"Donga"},"geometry":{"type":"LineString","coordinates":[[2.13,8.47556],[2.09111,8.48833],[2.07167,8.49],[2.04944,8.49194],[2.02889,8.50611],[2.0,8.51528],[1.9825,8.52694],[1.96111,8.55306],[1.94583,8.55889],[1.90861,8.55861],[1.89333,8.56528],[1.88583,8.57167],[1.86972,8.59028],[1.85861,8.60056],[1.84167,8.61139],[1.82945,8.615],[1.79889,8.61583],[1.78222,8.61222],[1.74611,8.59583],[1.70861,8.58722],[1.66639,8.58528],[1.62491,8.58749]]}},{"type":"Feature","properties":{"name":"Donga"},"geometry":{"type":"LineString","coordinates":[[2.21833,8.5125],[2.21618,8.50657],[2.20167,8.49528],[2.17028,8.47889],[2.15444,8.47583],[2.13,8.47556]]}},{"type":"Feature","properties":{"name":"Donga"},"geometry":{"type":"LineString","coordinates":[[2.20674,8.74743],[2.205,8.71528],[2.20611,8.67806],[2.21833,8.6425],[2.21667,8.62278],[2.21824,8.61124],[2.22164,8.59314],[2.21768,8.58626],[2.20535,8.54627],[2.20472,8.52667],[2.21528,8.51639],[2.21833,8.5125]]}},{"type":"Feature","properties":{"name":"Donga"},"geometry":{"type":"LineString","coordinates":[[1.98333,9.34333],[1.97333,9.30778],[1.97,9.26306],[1.97028,9.21306],[1.97472,9.17389],[1.98194,9.15417],[1.99722,9.135],[2.01417,9.12333],[2.03944,9.11195],[2.04694,9.10556],[2.05222,9.09028],[2.04667,9.07361],[2.03556,9.04111],[2.03167,9.02139],[2.02361,8.95444],[2.02556,8.91972],[2.03417,8.8925],[2.20404,8.82092],[2.19175,8.77679],[2.20674,8.74743]]}},{"type":"Feature","properties":{"name":"Upper East Region"},"geometry":{"type":"LineString","coordinates":[[-0.08905,10.71354],[-0.09225,10.70984],[-0.10483,10.70464],[-0.10524,10.70248],[-0.11035,10.69913],[-0.11209,10.69419],[-0.12246,10.68601],[-0.12291,10.68558],[-0.132,10.68524],[-0.14183,10.68155],[-0.1537,10.67161],[-0.15679,10.67243],[-0.16059,10.6717],[-0.16146,10.67532],[-0.16397,10.6706],[-0.17061,10.66992],[-0.17489,10.67187],[-0.17528,10.66924],[-0.17879,10.6674],[-0.18317,10.67004],[-0.18696,10.66849],[-0.18854,10.66594],[-0.1909,10.66624],[-0.19065,10.66467],[-0.19298,10.66475],[-0.19593,10.66178],[-0.19728,10.66359],[-0.19738,10.66171],[-0.20051,10.66154],[-0.20029,10.65925],[-0.2038,10.6577],[-0.21302,10.65778],[-0.21428,10.65486],[-0.22009,10.6577],[-0.23099,10.65526],[-0.23634,10.64801],[-0.23894,10.64791],[-0.23959,10.64626],[-0.242,10.64613],[-0.24431,10.64388]]}},{"type":"Feature","properties":{"name":"Upper East Region"},"geometry":{"type":"LineString","coordinates":[[-0.24431,10.64388],[-0.25103,10.64259],[-0.25809,10.63802],[-0.26059,10.63164],[-0.2643,10.63249],[-0.26476,10.63432],[-0.26691,10.63311],[-0.26972,10.63445],[-0.27159,10.63839],[-0.2729,10.63702],[-0.28176,10.6395],[-0.28394,10.63456],[-0.29067,10.63665],[-0.293,10.63446],[-0.29529,10.63513],[-0.29711,10.63201],[-0.30008,10.63339],[-0.3024,10.63025],[-0.30861,10.62668],[-0.31104,10.62283],[-0.32377,10.62197],[-0.3243,10.62553],[-0.32708,10.62331],[-0.3278,10.62496],[-0.33029,10.62311],[-0.33162,10.6253],[-0.33832,10.61944],[-0.34323,10.62016]]}},{"type":"Feature","properties":{"name":"Upper East Region"},"geometry":{"type":"LineString","coordinates":[[-0.34323,10.62016],[-0.34775,10.61846],[-0.35672,10.62494],[-0.36907,10.62347],[-0.39421,10.60821],[-0.41772,10.60239],[-0.43775,10.60149],[-0.44432,10.59913],[-0.45298,10.60145],[-0.4613,10.60746],[-0.46882,10.61787],[-0.47776,10.61894],[-0.49499,10.62402],[-0.49995,10.62273],[-0.50696,10.60622],[-0.50464,10.6003],[-0.5079,10.58854],[-0.50821,10.56632],[-0.51615,10.55992],[-0.52084,10.55839]]}},{"type":"Feature","properties":{"name":"Upper East Region"},"geometry":{"type":"LineString","coordinates":[[-0.52084,10.55839],[-0.53151,10.56042],[-0.54299,10.56626],[-0.55034,10.57124],[-0.55648,10.57179],[-0.56912,10.56323],[-0.5772,10.55021],[-0.58232,10.54805],[-0.58825,10.54824],[-0.59637,10.54659],[-0.60862,10.55361],[-0.61345,10.55329],[-0.61883,10.55561],[-0.63076,10.5526],[-0.64016,10.5554],[-0.65059,10.55141],[-0.65516,10.54687],[-0.65855,10.54072],[-0.66317,10.53614],[-0.66435,10.52998],[-0.66743,10.52665]]}},{"type":"Feature","properties":{"name":"Upper East Region"},"geometry":{"type":"LineString","coordinates":[[-0.66743,10.52665],[-0.67643,10.52493],[-0.68432,10.52847],[-0.68727,10.53188],[-0.68729,10.54097],[-0.69004,10.54215],[-0.69371,10.541],[-0.70177,10.53316],[-0.70242,10.52457],[-0.70446,10.5231],[-0.7114,10.52421],[-0.71647,10.53086],[-0.71406,10.53906],[-0.70574,10.5435],[-0.70021,10.55163],[-0.68832,10.5628],[-0.68625,10.56749],[-0.68857,10.57074],[-0.689,10.57495],[-0.69596,10.59055],[-0.70581,10.59755],[-0.71439,10.60019],[-0.71879,10.60657],[-0.71918,10.61275],[-0.71729,10.61635],[-0.70818,10.61722],[-0.7065,10.62277],[-0.70939,10.62804],[-0.71222,10.64115],[-0.72335,10.65078],[-0.72686,10.65172],[-0.7486,10.64503],[-0.75622,10.63994],[-0.76683,10.64361],[-0.77316,10.64993],[-0.77837,10.6521],[-0.78604,10.65133],[-0.79143,10.6517],[-0.79504,10.64966],[-0.79665,10.64151],[-0.79658,10.62008],[-0.81461,10.60696],[-0.8191,10.60272],[-0.82829,10.5993],[-0.83788,10.6008],[-0.84156,10.58442],[-0.84204,10.5762],[-0.84327,10.57403]]}},{"type":"Feature","properties":{"name":"Upper East Region"},"geometry":{"type":"LineString","coordinates":[[-0.86092,10.59164],[-0.85582,10.58348],[-0.85395,10.57996],[-0.84801,10.57971],[-0.84327,10.57403]]}},{"type":"Feature","properties":{"name":"Upper East Region"},"geometry":{"type":"LineString","coordinates":[[-0.86204,10.59179],[-0.86092,10.59164]]}},{"type":"Feature","properties":{"name":"Upper East Region"},"geometry":{"type":"LineString","coordinates":[[-0.86216,10.5918],[-0.86204,10.59179]]}},{"type":"Feature","properties":{"name":"Upper East Region"},"geometry":{"type":"LineString","coordinates":[[-0.86981,10.59257],[-0.86216,10.5918]]}},{"type":"Feature","properties":{"name":"Upper East Region"},"geometry":{"type":"LineString","coordinates":[[-0.89047,10.51833],[-0.86981,10.59257]]}},{"type":"Feature","properties":{"name":"Upper East Region"},"geometry":{"type":"LineString","coordinates":[[-0.89047,10.51833],[-0.89933,10.51193],[-0.90326,10.50562],[-0.91133,10.49831],[-0.91962,10.48443],[-0.92642,10.48022],[-0.93227,10.48037],[-0.93509,10.48464],[-0.93423,10.48755],[-0.92458,10.49792],[-0.92018,10.50136],[-0.90905,10.52068],[-0.91099,10.52559],[-0.91539,10.52781],[-0.92965,10.52397],[-0.93633,10.52594]]}},{"type":"Feature","properties":{"name":"Upper East Region"},"geometry":{"type":"LineString","coordinates":[[-0.93633,10.52594],[-0.94886,10.53236],[-0.95243,10.53112],[-0.95634,10.52788],[-0.96058,10.52905],[-0.96661,10.53622],[-0.98177,10.53199],[-0.99293,10.5351],[-1.00097,10.53464],[-1.00648,10.53743],[-1.01072,10.53713],[-1.03391,10.52587],[-1.03654,10.52141],[-1.04183,10.51919],[-1.04393,10.51274],[-1.0504,10.50871],[-1.05557,10.49749],[-1.06589,10.49609],[-1.07183,10.48845]]}},{"type":"Feature","properties":{"name":"Upper East Region"},"geometry":{"type":"LineString","coordinates":[[-1.21616,10.30399],[-1.21311,10.34554],[-1.23401,10.37775],[-1.22614,10.39118],[-1.1327,10.45785],[-1.09025,10.48373],[-1.07183,10.48845]]}},{"type":"Feature","properties":{"name":"Upper East Region"},"geometry":{"type":"LineString","coordinates":[[-1.24148,10.27681],[-1.23958,10.2799],[-1.23971,10.28601],[-1.23361,10.28584],[-1.23174,10.28371],[-1.22987,10.28616],[-1.22742,10.28715],[-1.23195,10.29227],[-1.22171,10.29526],[-1.22314,10.30348],[-1.21616,10.30399]]}},{"type":"Feature","properties":{"name":"Upper East Region"},"geometry":{"type":"LineString","coordinates":[[-1.3771,10.38698],[-1.3743,10.38179],[-1.3676,10.3793],[-1.36534,10.37707],[-1.35677,10.37598],[-1.3535,10.37665],[-1.3485,10.37154],[-1.34357,10.36033],[-1.34581,10.35478],[-1.34354,10.35089],[-1.34912,10.3486],[-1.34851,10.34707],[-1.34356,10.34648],[-1.34212,10.34304],[-1.34029,10.34309],[-1.33769,10.34795],[-1.33616,10.3476],[-1.32944,10.34086],[-1.32533,10.34024],[-1.32338,10.33358],[-1.32623,10.33135],[-1.31424,10.33023],[-1.31013,10.32689],[-1.30206,10.32662],[-1.29648,10.32373],[-1.28892,10.32585],[-1.28469,10.32146],[-1.27185,10.32128],[-1.2714,10.32414],[-1.27374,10.32578],[-1.27301,10.32706],[-1.26845,10.32515],[-1.26781,10.32331],[-1.26932,10.31715],[-1.27195,10.3152],[-1.27147,10.31299],[-1.26687,10.30964],[-1.26424,10.31015],[-1.263,10.30621],[-1.25906,10.30203],[-1.25579,10.30275],[-1.25462,10.29439],[-1.25811,10.29242],[-1.2551,10.28803],[-1.25645,10.28501],[-1.25515,10.2813],[-1.25256,10.28002],[-1.25391,10.27718],[-1.24893,10.27828],[-1.24823,10.27442],[-1.24355,10.27552],[-1.2445,10.27826],[-1.24752,10.27899],[-1.24718,10.28086],[-1.24398,10.28132],[-1.24127,10.27986],[-1.24148,10.27681]]}},{"type":"Feature","properties":{"name":"Upper East Region"},"geometry":{"type":"LineString","coordinates":[[-1.41339,10.47565],[-1.40607,10.48171],[-1.40368,10.48528],[-1.39845,10.48287],[-1.39112,10.47372],[-1.38566,10.47174],[-1.38158,10.46787],[-1.37444,10.4641],[-1.37393,10.45827],[-1.38063,10.45707],[-1.37992,10.45521],[-1.36307,10.43768],[-1.36329,10.43348],[-1.36696,10.42772],[-1.37356,10.42607],[-1.36942,10.42217],[-1.36377,10.42252],[-1.36835,10.41093],[-1.37283,10.40949],[-1.37666,10.40497],[-1.38528,10.40456],[-1.38134,10.38954],[-1.3771,10.38698]]}},{"type":"Feature","properties":{"name":"Upper East Region"},"geometry":{"type":"LineString","coordinates":[[-1.43822,10.46962],[-1.42401,10.46626],[-1.41543,10.47048],[-1.41339,10.47565]]}},{"type":"Feature","properties":{"name":"Upper East Region"},"geometry":{"type":"LineString","coordinates":[[-1.5113,10.55944],[-1.50454,10.55942],[-1.49809,10.55396],[-1.48781,10.54777],[-1.48772,10.53973],[-1.48297,10.53752],[-1.4694,10.53671],[-1.46396,10.53722],[-1.45649,10.53253],[-1.44935,10.52284],[-1.44897,10.51511],[-1.46319,10.50698],[-1.45989,10.49595],[-1.46635,10.48643],[-1.46078,10.48304],[-1.45652,10.47869],[-1.45024,10.47972],[-1.44824,10.47742],[-1.44502,10.46874],[-1.43822,10.46962]]}},{"type":"Feature","properties":{"name":"Upper East Region"},"geometry":{"type":"LineString","coordinates":[[-1.52633,10.76137],[-1.53446,10.74791],[-1.55186,10.75045],[-1.55842,10.74392],[-1.56149,10.73176],[-1.5625,10.72788],[-1.56725,10.72292],[-1.5675,10.70853],[-1.5726,10.67541],[-1.57276,10.66542],[-1.57081,10.66088],[-1.56948,10.65046],[-1.56747,10.64467],[-1.56697,10.63239],[-1.56524,10.61796],[-1.56579,10.59822],[-1.5574,10.59322],[-1.55525,10.58718],[-1.55274,10.58635],[-1.52502,10.58638],[-1.51668,10.57567],[-1.52009,10.5664],[-1.51895,10.56218],[-1.5113,10.55944]]}},{"type":"Feature","properties":{"name":"Upper East Region"},"geometry":{"type":"LineString","coordinates":[[-1.42946,10.99582],[-1.43869,10.98994],[-1.44143,10.97864],[-1.44211,10.97651],[-1.44527,10.97117],[-1.44776,10.964],[-1.44763,10.9557],[-1.44438,10.94976],[-1.44653,10.94233],[-1.4458,10.93772],[-1.44794,10.9314],[-1.4523,10.91755],[-1.45529,10.91522],[-1.4559,10.91115],[-1.45184,10.90722],[-1.45311,10.90167],[-1.452,10.88851],[-1.45595,10.88137],[-1.45836,10.87882],[-1.45575,10.87472],[-1.45425,10.87211],[-1.45336,10.86518],[-1.45714,10.85797],[-1.45942,10.84912],[-1.46313,10.8489],[-1.46377,10.84598],[-1.47295,10.84361],[-1.4748,10.8411],[-1.47766,10.83888],[-1.47736,10.83381],[-1.47952,10.83072],[-1.49117,10.83293],[-1.49438,10.82934],[-1.49446,10.82582],[-1.50042,10.81365],[-1.49101,10.80673],[-1.49629,10.78623],[-1.49913,10.78529],[-1.50177,10.78177],[-1.50658,10.77924],[-1.51268,10.77891],[-1.5253,10.77489],[-1.52889,10.76375],[-1.52633,10.76137]]}},{"type":"Feature","properties":{"name":"Upper East Region"},"geometry":{"type":"LineString","coordinates":[[-1.42631,11.02103],[-1.42437,11.01899],[-1.42454,11.01373],[-1.42954,11.0123],[-1.43166,11.00946],[-1.42801,10.99935],[-1.42946,10.99582]]}},{"type":"Feature","properties":{"name":"Upper West Region"},"geometry":{"type":"LineString","coordinates":[[-1.47183,10.43578],[-1.46637,10.44375],[-1.45526,10.45079],[-1.44661,10.45717],[-1.44258,10.46245],[-1.43821,10.46613],[-1.43822,10.46962]]}},{"type":"Feature","properties":{"name":"Upper West Region"},"geometry":{"type":"LineString","coordinates":[[-1.65507,10.19754],[-1.52298,10.39706],[-1.47183,10.43578]]}},{"type":"Feature","properties":{"name":"Upper West Region"},"geometry":{"type":"LineString","coordinates":[[-1.65507,10.19754],[-1.66211,10.18584],[-1.66181,10.1813],[-1.66052,10.17604],[-1.66311,10.17285]]}},{"type":"Feature","properties":{"name":"Upper West Region"},"geometry":{"type":"LineString","coordinates":[[-1.66311,10.17285],[-1.65935,10.16995],[-1.65961,10.16566],[-1.65148,10.1607],[-1.64562,10.1583],[-1.64373,10.15646],[-1.63501,10.15417],[-1.63161,10.14533],[-1.62843,10.14398],[-1.62774,10.1395],[-1.62473,10.13878],[-1.62055,10.13314],[-1.61117,10.13498],[-1.60757,10.13312],[-1.60246,10.13437],[-1.60036,10.13192],[-1.59662,10.12596],[-1.59808,10.12178],[-1.59233,10.11484],[-1.59457,10.11178],[-1.59478,10.10638],[-1.58937,10.10384],[-1.58864,10.10129],[-1.58628,10.1002],[-1.58958,10.09136],[-1.58759,10.08851],[-1.58944,10.0893],[-1.58939,10.08728],[-1.58639,10.08363],[-1.58545,10.07942]]}},{"type":"Feature","properties":{"name":"Upper West Region"},"geometry":{"type":"LineString","coordinates":[[-1.70763,9.9036],[-1.70395,9.91036],[-1.70576,9.91729],[-1.70554,9.92496],[-1.71487,9.93034],[-1.71539,9.93846],[-1.71651,9.9413],[-1.71373,9.94442],[-1.70807,9.94616],[-1.7077,9.94858],[-1.7098,9.95457],[-1.7088,9.95873],[-1.71264,9.9625],[-1.70799,9.96579],[-1.71358,9.97005],[-1.71062,9.9822],[-1.7175,9.99191],[-1.71716,9.99662],[-1.71882,10.00023],[-1.71487,10.01277],[-1.71195,10.01389],[-1.70419,10.01328],[-1.70102,10.01519],[-1.70272,10.02043],[-1.70045,10.02405],[-1.69427,10.02694],[-1.6948,10.032],[-1.69362,10.0336],[-1.68527,10.03928],[-1.67364,10.02585],[-1.66744,10.0366],[-1.66678,10.04576],[-1.65089,10.04145],[-1.64308,10.03829],[-1.63398,10.0443],[-1.62974,10.05307],[-1.64396,10.05959],[-1.65631,10.07281],[-1.65457,10.07508],[-1.64074,10.07588],[-1.63108,10.07987],[-1.62479,10.07885],[-1.62305,10.07104],[-1.61524,10.0691],[-1.58545,10.07942]]}},{"type":"Feature","properties":{"name":"Upper West Region"},"geometry":{"type":"LineString","coordinates":[[-1.69687,9.89137],[-1.70623,9.89925],[-1.70763,9.9036]]}},{"type":"Feature","properties":{"name":"Upper West Region"},"geometry":{"type":"LineString","coordinates":[[-1.98728,9.82602],[-1.70975,9.84883],[-1.7073,9.87306],[-1.69687,9.89137]]}},{"type":"Feature","properties":{"name":"Upper West Region"},"geometry":{"type":"LineString","coordinates":[[-2.48595,9.75335],[-2.34795,9.78199],[-2.09461,9.81137],[-2.05101,9.78096],[-2.02899,9.78286],[-2.00934,9.81348],[-1.99685,9.8249],[-1.98728,9.82602]]}},{"type":"Feature","properties":{"name":"Upper West Region"},"geometry":{"type":"LineString","coordinates":[[-2.57354,9.65059],[-2.52804,9.68344],[-2.5075,9.71991],[-2.49853,9.74871],[-2.48595,9.75335]]}},{"type":"Feature","properties":{"name":"Upper West Region"},"geometry":{"type":"LineString","coordinates":[[-2.57354,9.65059],[-2.58386,9.64767],[-2.59307,9.64543]]}},{"type":"Feature","properties":{"name":"Upper West Region"},"geometry":{"type":"LineString","coordinates":[[-2.59307,9.64543],[-2.60569,9.64581],[-2.61445,9.64945],[-2.61921,9.64945],[-2.6299,9.64467],[-2.65607,9.6412],[-2.66727,9.63824],[-2.67478,9.63346],[-2.68307,9.63189],[-2.69015,9.63227],[-2.69959,9.63007],[-2.70959,9.63443],[-2.72023,9.6327],[-2.72465,9.63409],[-2.73343,9.64357],[-2.73854,9.64351],[-2.7456,9.64129]]}},{"type":"Feature","properties":{"name":"Volta Region"},"geometry":{"type":"LineString","coordinates":[[0.18233,7.1797],[0.15772,7.06885],[0.15811,7.00895],[0.1686,6.97278],[0.17381,6.91002],[0.17977,6.85862],[0.20837,6.76509],[0.20613,6.70901],[0.17111,6.67214]]}},{"type":"Feature","properties":{"name":"Volta Region"},"geometry":{"type":"LineString","coordinates":[[0.17111,6.67214],[0.09327,6.60533],[0.08148,6.5771]]}},{"type":"Feature","properties":{"name":"Volta Region"},"geometry":{"type":"LineString","coordinates":[[0.18744,6.5686],[0.16323,6.57003],[0.15011,6.57544],[0.08148,6.5771]]}},{"type":"Feature","properties":{"name":"Volta Region"},"geometry":{"type":"LineString","coordinates":[[0.1811,6.49885],[0.18072,6.50319],[0.17834,6.50762],[0.17909,6.51453],[0.19248,6.53318],[0.19912,6.54956],[0.1982,6.55395],[0.1961,6.55771],[0.19399,6.56397],[0.18919,6.56584],[0.18744,6.5686]]}},{"type":"Feature","properties":{"name":"Volta Region"},"geometry":{"type":"LineString","coordinates":[[0.20948,6.40113],[0.20519,6.40594],[0.18834,6.41592],[0.17859,6.42556],[0.18282,6.43158],[0.18623,6.44146],[0.18492,6.46851],[0.18797,6.47929],[0.18542,6.48343],[0.17893,6.4876],[0.18199,6.49655],[0.1811,6.49885]]}},{"type":"Feature","properties":{"name":"Volta Region"},"geometry":{"type":"LineString","coordinates":[[0.20948,6.40113],[0.21016,6.39471],[0.21658,6.38796],[0.21633,6.38422],[0.21386,6.38242],[0.2123,6.378],[0.20708,6.37702],[0.20412,6.37134],[0.19969,6.37006],[0.20221,6.36324],[0.20232,6.35965],[0.20372,6.35683],[0.20085,6.35641],[0.19976,6.3534],[0.19572,6.3534],[0.19437,6.35214],[0.19233,6.34701],[0.18626,6.34145],[0.18612,6.33875],[0.17832,6.34031],[0.17744,6.33368],[0.1725,6.33137],[0.17416,6.33014]]}},{"type":"Feature","properties":{"name":"Volta Region"},"geometry":{"type":"LineString","coordinates":[[0.17416,6.33014],[0.17353,6.32797],[0.16916,6.32724],[0.16862,6.32493],[0.1706,6.32213],[0.17053,6.31708],[0.1683,6.31345],[0.17033,6.31062],[0.17352,6.30958],[0.1764,6.30652],[0.17421,6.30175]]}},{"type":"Feature","properties":{"name":"Volta Region"},"geometry":{"type":"LineString","coordinates":[[0.13725,6.26567],[0.15566,6.28898],[0.15586,6.29457],[0.16012,6.30081],[0.17082,6.30266],[0.17421,6.30175]]}},{"type":"Feature","properties":{"name":"Volta Region"},"geometry":{"type":"LineString","coordinates":[[0.13725,6.26567],[0.13536,6.25977]]}},{"type":"Feature","properties":{"name":"Volta Region"},"geometry":{"type":"LineString","coordinates":[[0.13536,6.25977],[0.1353,6.25977]]}},{"type":"Feature","properties":{"name":"Volta Region"},"geometry":{"type":"LineString","coordinates":[[0.1353,6.25977],[0.12776,6.25517]]}},{"type":"Feature","properties":{"name":"Volta Region"},"geometry":{"type":"LineString","coordinates":[[0.09729,6.14796],[0.09428,6.16364],[0.10443,6.18322],[0.11958,6.22574],[0.12306,6.23785],[0.12366,6.24346],[0.12776,6.25517]]}},{"type":"Feature","properties":{"name":"Volta Region"},"geometry":{"type":"LineString","coordinates":[[0.14458,6.10761],[0.12256,6.12342],[0.09729,6.14796]]}},{"type":"Feature","properties":{"name":"Volta Region"},"geometry":{"type":"LineString","coordinates":[[0.67226,5.77428],[0.67706,5.77729],[0.6837,5.77394],[0.71945,5.77126]]}},{"type":"Feature","properties":{"name":"Volta Region"},"geometry":{"type":"LineString","coordinates":[[0.71945,5.77126],[0.78911,5.77164]]}},{"type":"Feature","properties":{"name":"Volta Region"},"geometry":{"type":"LineString","coordinates":[[0.78911,5.77164],[0.81373,5.77266],[0.86331,5.77921]]}},{"type":"Feature","properties":{"name":"Volta Region"},"geometry":{"type":"LineString","coordinates":[[0.86331,5.77921],[0.89957,5.78244],[0.92525,5.7871]]}},{"type":"Feature","properties":{"name":"Volta Region"},"geometry":{"type":"LineString","coordinates":[[0.92525,5.7871],[0.94231,5.7971],[0.96043,5.81454]]}},{"type":"Feature","properties":{"name":"Volta Region"},"geometry":{"type":"LineString","coordinates":[[0.96043,5.81454],[0.97424,5.83059],[0.98366,5.84676],[0.99434,5.87607],[0.99597,5.8918]]}},{"type":"Feature","properties":{"name":"Volta Region"},"geometry":{"type":"LineString","coordinates":[[0.99597,5.8918],[0.99305,5.91854],[0.99398,5.92404],[1.00606,5.94434]]}},{"type":"Feature","properties":{"name":"Volta Region"},"geometry":{"type":"LineString","coordinates":[[1.00606,5.94434],[1.01352,5.95615],[1.01554,5.96214],[1.02401,5.973]]}},{"type":"Feature","properties":{"name":"Volta Region"},"geometry":{"type":"LineString","coordinates":[[1.02401,5.973],[1.03977,5.99543]]}},{"type":"Feature","properties":{"name":"Volta Region"},"geometry":{"type":"LineString","coordinates":[[1.03977,5.99543],[1.06096,6.02321]]}},{"type":"Feature","properties":{"name":"Volta Region"},"geometry":{"type":"LineString","coordinates":[[1.06096,6.02321],[1.08294,6.04789]]}},{"type":"Feature","properties":{"name":"Volta Region"},"geometry":{"type":"LineString","coordinates":[[1.08294,6.04789],[1.11072,6.068]]}},{"type":"Feature","properties":{"name":"Volta Region"},"geometry":{"type":"LineString","coordinates":[[1.11072,6.068],[1.14223,6.0868]]}},{"type":"Feature","properties":{"name":"Volta Region"},"geometry":{"type":"LineString","coordinates":[[1.14223,6.0868],[1.15117,6.0916]]}},{"type":"Feature","properties":{"name":"Volta Region"},"geometry":{"type":"LineString","coordinates":[[1.15117,6.0916],[1.18113,6.10486]]}},{"type":"Feature","properties":{"name":"Volta Region"},"geometry":{"type":"LineString","coordinates":[[1.18113,6.10486],[1.19963,6.11236]]}},{"type":"Feature","properties":{"name":"Volta Region"},"geometry":{"type":"LineString","coordinates":[[1.19942,6.12347],[1.19963,6.11236]]}},{"type":"Feature","properties":{"name":"Volta Region"},"geometry":{"type":"LineString","coordinates":[[1.19952,6.13419],[1.19942,6.12347]]}},{"type":"Feature","properties":{"name":"Volta Region"},"geometry":{"type":"LineString","coordinates":[[1.19943,6.13662],[1.19952,6.13419]]}},{"type":"Feature","properties":{"name":"Volta Region"},"geometry":{"type":"LineString","coordinates":[[1.19957,6.1512],[1.19943,6.13662]]}},{"type":"Feature","properties":{"name":"Volta Region"},"geometry":{"type":"LineString","coordinates":[[1.19941,6.15957],[1.19957,6.1512]]}},{"type":"Feature","properties":{"name":"Volta Region"},"geometry":{"type":"LineString","coordinates":[[1.19944,6.16912],[1.19941,6.15957]]}},{"type":"Feature","properties":{"name":"Volta Region"},"geometry":{"type":"LineString","coordinates":[[1.1773,6.16925],[1.19944,6.16912]]}},{"type":"Feature","properties":{"name":"Volta Region"},"geometry":{"type":"LineString","coordinates":[[1.1773,6.16925],[1.08288,6.1695]]}},{"type":"Feature","properties":{"name":"Volta Region"},"geometry":{"type":"LineString","coordinates":[[1.08288,6.1695],[1.08224,6.18853],[1.07269,6.20329],[1.06766,6.21147],[1.06157,6.22481],[1.05291,6.2349],[1.04804,6.23346],[1.03785,6.23836],[1.03339,6.24315],[1.02995,6.25021],[1.02398,6.25675],[1.0237,6.26087],[1.01744,6.27491],[1.01563,6.28752],[1.00811,6.29408],[1.00655,6.29915],[1.00555,6.31175],[1.00807,6.32178],[1.00377,6.335],[0.964,6.33495]]}},{"type":"Feature","properties":{"name":"Volta Region"},"geometry":{"type":"LineString","coordinates":[[0.964,6.33495],[0.8918,6.33711],[0.88772,6.3443],[0.88416,6.35378],[0.87559,6.36322],[0.87123,6.36983],[0.8441,6.39305],[0.78256,6.43309],[0.74922,6.44819]]}},{"type":"Feature","properties":{"name":"Volta Region"},"geometry":{"type":"LineString","coordinates":[[0.74922,6.44819],[0.73792,6.48567],[0.72608,6.49116],[0.71896,6.50253],[0.71696,6.51765]]}},{"type":"Feature","properties":{"name":"Volta Region"},"geometry":{"type":"LineString","coordinates":[[0.71696,6.51765],[0.71259,6.52943],[0.71409,6.53112]]}},{"type":"Feature","properties":{"name":"Volta Region"},"geometry":{"type":"LineString","coordinates":[[0.71409,6.53112],[0.71755,6.53777],[0.72838,6.54675]]}},{"type":"Feature","properties":{"name":"Volta Region"},"geometry":{"type":"LineString","coordinates":[[0.72838,6.54675],[0.72928,6.54962],[0.74756,6.56295]]}},{"type":"Feature","properties":{"name":"Volta Region"},"geometry":{"type":"LineString","coordinates":[[0.74756,6.56295],[0.72096,6.59181],[0.70426,6.58798],[0.68718,6.59286],[0.68415,6.59762]]}},{"type":"Feature","properties":{"name":"Volta Region"},"geometry":{"type":"LineString","coordinates":[[0.63672,6.63377],[0.64343,6.6319],[0.65004,6.62179],[0.65189,6.61931],[0.65184,6.61569],[0.65783,6.60736],[0.66645,6.60455],[0.6651,6.60883],[0.67017,6.6084],[0.67073,6.61211],[0.67349,6.61372],[0.68659,6.60129],[0.69133,6.59846],[0.68955,6.59659],[0.68415,6.59762]]}},{"type":"Feature","properties":{"name":"Volta Region"},"geometry":{"type":"LineString","coordinates":[[0.63875,6.65434],[0.63737,6.64464],[0.63546,6.64126],[0.63973,6.63807],[0.6371,6.63749],[0.63672,6.63377]]}},{"type":"Feature","properties":{"name":"Volta Region"},"geometry":{"type":"LineString","coordinates":[[0.63875,6.65434],[0.63871,6.65456]]}},{"type":"Feature","properties":{"name":"Volta Region"},"geometry":{"type":"LineString","coordinates":[[0.64965,6.67432],[0.64268,6.66432],[0.64137,6.65631],[0.63871,6.65456]]}},{"type":"Feature","properties":{"name":"Volta Region"},"geometry":{"type":"LineString","coordinates":[[0.64965,6.67432],[0.64692,6.6805],[0.64498,6.6871],[0.64298,6.6887],[0.64441,6.69568],[0.64389,6.69751],[0.64742,6.70291],[0.6458,6.7058],[0.64758,6.71321],[0.64638,6.71344],[0.64652,6.71543],[0.64164,6.72267],[0.64399,6.72329],[0.64394,6.72741],[0.6501,6.73724]]}},{"type":"Feature","properties":{"name":"Volta Region"},"geometry":{"type":"LineString","coordinates":[[0.6501,6.73724],[0.64716,6.74064],[0.64092,6.74363],[0.63433,6.7464],[0.63106,6.74945],[0.62478,6.74778],[0.61853,6.75473],[0.61565,6.75183],[0.61356,6.7527],[0.61224,6.75061],[0.60915,6.74983],[0.60799,6.7474],[0.60057,6.7568],[0.59671,6.75672],[0.59101,6.76045],[0.58241,6.76158]]}},{"type":"Feature","properties":{"name":"Volta Region"},"geometry":{"type":"LineString","coordinates":[[0.58241,6.76158],[0.57746,6.76592],[0.57759,6.76779],[0.57594,6.7687],[0.57233,6.77385],[0.57319,6.77488],[0.57672,6.77361],[0.57724,6.77468],[0.56918,6.78159],[0.56657,6.78305],[0.5699,6.78505],[0.56678,6.78645],[0.56632,6.78885],[0.56991,6.79324],[0.56899,6.79714],[0.57016,6.79727],[0.5707,6.80126],[0.57646,6.79914],[0.57753,6.80262],[0.57647,6.8041],[0.57984,6.80729]]}},{"type":"Feature","properties":{"name":"Volta Region"},"geometry":{"type":"LineString","coordinates":[[0.57984,6.80729],[0.57226,6.80965],[0.56941,6.80958],[0.56964,6.8133],[0.56696,6.8137],[0.56595,6.81573],[0.56734,6.82183],[0.56585,6.8227],[0.56468,6.82471],[0.56082,6.82457],[0.54762,6.83377],[0.54443,6.83036],[0.54635,6.82802],[0.54528,6.82735],[0.53783,6.82507],[0.53433,6.8275]]}},{"type":"Feature","properties":{"name":"Volta Region"},"geometry":{"type":"LineString","coordinates":[[0.53147,6.83317],[0.53425,6.83315],[0.53226,6.82847],[0.53433,6.8275]]}},{"type":"Feature","properties":{"name":"Volta Region"},"geometry":{"type":"LineString","coordinates":[[0.52627,6.94122],[0.54633,6.93378],[0.54845,6.93572],[0.55405,6.92959],[0.55991,6.92887],[0.5659,6.92076],[0.56324,6.91422],[0.56176,6.901],[0.55799,6.8937],[0.55807,6.88731],[0.55013,6.88062],[0.53736,6.87714],[0.53518,6.87584],[0.54279,6.8611],[0.53147,6.83317]]}},{"type":"Feature","properties":{"name":"Volta Region"},"geometry":{"type":"LineString","coordinates":[[0.59482,7.00287],[0.57792,6.99336],[0.56788,6.9954],[0.55288,6.99163],[0.54935,6.99148],[0.54146,6.98688],[0.52716,6.97334],[0.52238,6.97248],[0.52133,6.96829],[0.5251,6.96353],[0.52255,6.96047],[0.52563,6.95389],[0.52186,6.94741],[0.52352,6.94492],[0.52408,6.94222],[0.52627,6.94122]]}},{"type":"Feature","properties":{"name":"Volta Region"},"geometry":{"type":"LineString","coordinates":[[0.60576,7.07539],[0.5977,7.06198],[0.6041,7.03581],[0.60132,7.03393],[0.60125,7.03113],[0.60428,7.02425],[0.59562,7.01299],[0.59353,7.00931],[0.59692,7.00632],[0.59482,7.00287]]}},{"type":"Feature","properties":{"name":"Volta Region"},"geometry":{"type":"LineString","coordinates":[[0.60576,7.07539],[0.61132,7.08537],[0.6122,7.09],[0.61363,7.09101],[0.61358,7.09567],[0.61113,7.09764],[0.61377,7.09974],[0.61154,7.10555],[0.60995,7.10589]]}},{"type":"Feature","properties":{"name":"Volta Region"},"geometry":{"type":"LineString","coordinates":[[0.59586,7.12776],[0.59468,7.11993],[0.59201,7.11169],[0.59709,7.11401],[0.60035,7.11148],[0.60292,7.10727],[0.60995,7.10589]]}},{"type":"Feature","properties":{"name":"Volta Region"},"geometry":{"type":"LineString","coordinates":[[0.39159,7.22663],[0.406,7.13979],[0.41655,7.15431],[0.4277,7.16293],[0.44645,7.17102],[0.47502,7.18212],[0.48115,7.18017],[0.50109,7.17406],[0.52225,7.15627],[0.53332,7.1358],[0.55049,7.12199],[0.55377,7.13023],[0.58321,7.1254],[0.59208,7.1285],[0.59586,7.12776]]}},{"type":"Feature","properties":{"name":"Volta Region"},"geometry":{"type":"LineString","coordinates":[[0.39159,7.22663],[0.36954,7.15384],[0.36742,7.1475],[0.3502,7.12659],[0.34084,7.12822],[0.33844,7.12747],[0.33708,7.12514],[0.33939,7.11552],[0.33576,7.11229],[0.33242,7.10195],[0.32814,7.09714],[0.32918,7.09577],[0.3285,7.0892]]}},{"type":"Feature","properties":{"name":"Volta Region"},"geometry":{"type":"LineString","coordinates":[[0.3285,7.0892],[0.31033,7.09619],[0.22447,7.0994]]}},{"type":"Feature","properties":{"name":"Volta Region"},"geometry":{"type":"LineString","coordinates":[[0.22447,7.0994],[0.23684,7.11802],[0.2437,7.13707],[0.2162,7.17403],[0.18233,7.1797]]}},{"type":"Feature","properties":{"name":"Bono Region"},"geometry":{"type":"LineString","coordinates":[[-2.11386,7.495],[-2.11312,7.49061],[-2.11411,7.48798],[-2.11402,7.48093],[-2.11176,7.4695],[-2.10938,7.46444]]}},{"type":"Feature","properties":{"name":"Bono Region"},"geometry":{"type":"LineString","coordinates":[[-2.10938,7.46444],[-2.11415,7.45821],[-2.11214,7.45341],[-2.11409,7.45168],[-2.11597,7.44144],[-2.11965,7.44022],[-2.12238,7.43316],[-2.12792,7.43131],[-2.12574,7.42494],[-2.12724,7.41869],[-2.13113,7.41678],[-2.13437,7.41237],[-2.13884,7.41106],[-2.1407,7.40886],[-2.13602,7.39544]]}},{"type":"Feature","properties":{"name":"Bono Region"},"geometry":{"type":"LineString","coordinates":[[-2.13602,7.39544],[-2.13724,7.3933],[-2.13734,7.38937],[-2.14023,7.38679],[-2.13572,7.37348],[-2.1392,7.36821],[-2.14401,7.36802],[-2.14776,7.36518],[-2.14753,7.36109],[-2.15143,7.35562],[-2.15129,7.34854],[-2.15349,7.34556],[-2.15238,7.3435],[-2.15285,7.34062],[-2.15638,7.33857],[-2.16034,7.32963],[-2.16612,7.32736],[-2.16723,7.32479],[-2.17172,7.32288],[-2.17744,7.32368],[-2.18317,7.32037],[-2.19044,7.32194],[-2.1946,7.31756],[-2.19716,7.31702],[-2.19839,7.31793],[-2.2025,7.3146],[-2.20396,7.31556],[-2.2059,7.31406],[-2.20994,7.31433]]}},{"type":"Feature","properties":{"name":"Bono Region"},"geometry":{"type":"LineString","coordinates":[[-2.20994,7.31433],[-2.21199,7.31289],[-2.21522,7.31429],[-2.21679,7.3121],[-2.2189,7.31152],[-2.21936,7.30951],[-2.21815,7.3083],[-2.21915,7.30815],[-2.2174,7.30728],[-2.21725,7.30435],[-2.21863,7.30094],[-2.22212,7.30269],[-2.22642,7.29848],[-2.22968,7.29734],[-2.2313,7.29495],[-2.23542,7.29566],[-2.24044,7.29163],[-2.24421,7.2874],[-2.24287,7.28486],[-2.24583,7.2796],[-2.25232,7.28027],[-2.25606,7.2798],[-2.25883,7.27744],[-2.2623,7.27873],[-2.26618,7.27652],[-2.26557,7.27524],[-2.26757,7.27416],[-2.26861,7.27408],[-2.26736,7.27213],[-2.26853,7.27085],[-2.26804,7.26851],[-2.26598,7.26727],[-2.26881,7.26453],[-2.26381,7.26091],[-2.26587,7.25982],[-2.26797,7.25553],[-2.27065,7.25472],[-2.27016,7.24922],[-2.26547,7.24513],[-2.26715,7.24405],[-2.27265,7.24548],[-2.27004,7.23869],[-2.27384,7.23742],[-2.27759,7.24077],[-2.27949,7.24648],[-2.2817,7.24663],[-2.28223,7.24408],[-2.28046,7.24167],[-2.28129,7.23757],[-2.27881,7.23342],[-2.2804,7.23226],[-2.28437,7.23208],[-2.2844,7.22975],[-2.28582,7.2291],[-2.28526,7.22662],[-2.2912,7.22451]]}},{"type":"Feature","properties":{"name":"Bono Region"},"geometry":{"type":"LineString","coordinates":[[-2.31064,7.16052],[-2.3458,7.19609],[-2.34118,7.21662],[-2.33333,7.23006],[-2.32469,7.237],[-2.31762,7.23316],[-2.2988,7.23268],[-2.29638,7.23273],[-2.29282,7.22952],[-2.2912,7.22451]]}},{"type":"Feature","properties":{"name":"Bono Region"},"geometry":{"type":"LineString","coordinates":[[-2.31064,7.16052],[-2.30852,7.15507],[-2.3045,7.14926],[-2.30447,7.14801],[-2.2999,7.14788],[-2.29751,7.14793],[-2.29487,7.14345],[-2.29154,7.14314],[-2.28805,7.14049],[-2.29314,7.13445],[-2.29187,7.13398],[-2.29228,7.13125],[-2.29499,7.12987],[-2.29697,7.12645],[-2.29946,7.12771],[-2.3006,7.12638],[-2.30105,7.12522],[-2.29964,7.12287],[-2.30482,7.11981],[-2.29933,7.11703],[-2.29988,7.11652],[-2.29503,7.11289],[-2.2961,7.11235]]}},{"type":"Feature","properties":{"name":"Bono Region"},"geometry":{"type":"LineString","coordinates":[[-2.2961,7.11235],[-2.29616,7.10944],[-2.29458,7.10891],[-2.29786,7.10085],[-2.29803,7.09857]]}},{"type":"Feature","properties":{"name":"Bono Region"},"geometry":{"type":"LineString","coordinates":[[-2.32397,7.12294],[-2.32381,7.11904],[-2.33053,7.11548],[-2.33114,7.10713],[-2.32979,7.10625],[-2.32292,7.10495],[-2.31922,7.10304],[-2.31468,7.1033],[-2.30864,7.09919],[-2.30525,7.10329],[-2.30407,7.10305],[-2.3001,7.09848],[-2.29803,7.09857]]}},{"type":"Feature","properties":{"name":"Bono Region"},"geometry":{"type":"LineString","coordinates":[[-2.49239,7.21941],[-2.48961,7.13168],[-2.4754,7.13543],[-2.41935,7.12316],[-2.41779,7.09158],[-2.36399,7.10673],[-2.36421,7.11116],[-2.34086,7.12534],[-2.33305,7.12368],[-2.32397,7.12294]]}},{"type":"Feature","properties":{"name":"Bono Region"},"geometry":{"type":"LineString","coordinates":[[-2.62006,7.16346],[-2.59938,7.17984],[-2.58119,7.18682],[-2.56994,7.21599],[-2.55544,7.23038],[-2.49239,7.21941]]}},{"type":"Feature","properties":{"name":"Bono Region"},"geometry":{"type":"LineString","coordinates":[[-2.62006,7.16346],[-2.62412,7.16237],[-2.63135,7.15366],[-2.65056,7.14308],[-2.65196,7.14149],[-2.65966,7.1416],[-2.66308,7.13947],[-2.6663,7.13941],[-2.66852,7.13777],[-2.67326,7.13811],[-2.67634,7.13754],[-2.67757,7.13943],[-2.68235,7.13998],[-2.68391,7.14027],[-2.68565,7.13661],[-2.68932,7.13552],[-2.6916,7.13283]]}},{"type":"Feature","properties":{"name":"Bono Region"},"geometry":{"type":"LineString","coordinates":[[-2.6916,7.13283],[-2.69014,7.12867],[-2.69196,7.12338],[-2.69005,7.12105],[-2.68982,7.11616],[-2.69681,7.10715],[-2.70264,7.10506],[-2.70547,7.10128],[-2.70924,7.10177],[-2.71376,7.09798],[-2.71689,7.09811],[-2.71938,7.0965],[-2.72671,7.09703],[-2.72885,7.09858],[-2.73083,7.09651],[-2.73212,7.09697],[-2.73316,7.0928],[-2.7374,7.08922],[-2.74229,7.08582],[-2.75219,7.07607],[-2.75739,7.07144],[-2.76178,7.06054]]}},{"type":"Feature","properties":{"name":"Bono Region"},"geometry":{"type":"LineString","coordinates":[[-2.76178,7.06054],[-2.76255,7.04795],[-2.76791,7.0299],[-2.77026,7.02194]]}},{"type":"Feature","properties":{"name":"Bono Region"},"geometry":{"type":"LineString","coordinates":[[-2.77026,7.02194],[-2.77379,7.02014],[-2.77743,7.0206]]}},{"type":"Feature","properties":{"name":"Bono Region"},"geometry":{"type":"LineString","coordinates":[[-2.77743,7.0206],[-2.78125,7.01773],[-2.78395,7.01334],[-2.78859,7.013],[-2.79263,7.00934],[-2.79331,7.00565],[-2.79651,7.00241],[-2.79675,6.99811],[-2.8013,6.9934],[-2.80076,6.99099],[-2.80496,6.98803],[-2.80545,6.98516],[-2.80704,6.98405],[-2.80705,6.98188],[-2.8116,6.97614],[-2.81296,6.97257],[-2.81886,6.96947],[-2.82104,6.96384],[-2.8255,6.96454],[-2.83179,6.96191],[-2.83117,6.95988],[-2.83336,6.95883],[-2.83692,6.95819],[-2.83968,6.95917],[-2.84405,6.95711],[-2.84889,6.95149],[-2.84764,6.95067],[-2.84919,6.94991],[-2.84995,6.94377],[-2.85117,6.94469],[-2.8509,6.94232],[-2.85191,6.94151],[-2.85002,6.93551],[-2.84964,6.92841],[-2.85119,6.92549],[-2.85016,6.92269],[-2.85605,6.91135],[-2.85517,6.90275],[-2.85207,6.89648],[-2.85287,6.89161],[-2.84941,6.88662],[-2.85156,6.88153],[-2.85179,6.87461],[-2.85448,6.87285],[-2.8552,6.86921],[-2.85683,6.8696],[-2.86073,6.8632],[-2.85842,6.85972],[-2.85992,6.85906],[-2.85964,6.85394],[-2.86465,6.85132]]}},{"type":"Feature","properties":{"name":"Bono Region"},"geometry":{"type":"LineString","coordinates":[[-2.9198,6.92492],[-2.91829,6.91783],[-2.91175,6.91404],[-2.90868,6.90803],[-2.90521,6.90589],[-2.90362,6.90157],[-2.89609,6.89114],[-2.89623,6.88704],[-2.89283,6.88499],[-2.89332,6.88331],[-2.8904,6.88076],[-2.88575,6.87912],[-2.88465,6.876],[-2.88581,6.87468],[-2.88415,6.87367],[-2.88277,6.8707],[-2.87968,6.86922],[-2.87152,6.85361],[-2.86465,6.85132]]}},{"type":"Feature","properties":{"name":"Bono Region"},"geometry":{"type":"LineString","coordinates":[[-3.11677,7.00415],[-3.10743,6.99805],[-3.10314,6.99771],[-3.09915,6.99459],[-3.09381,6.98262],[-3.09013,6.97943],[-3.07476,6.97005],[-3.07373,6.95493],[-3.05656,6.93818],[-3.01716,6.9309],[-3.00699,6.93951],[-2.98914,6.94645],[-2.97442,6.94057],[-2.96712,6.93767],[-2.9576,6.93895],[-2.94567,6.94078],[-2.93425,6.93703],[-2.9198,6.92492]]}},{"type":"Feature","properties":{"name":"Bono Region"},"geometry":{"type":"LineString","coordinates":[[-3.07387,7.05917],[-3.11677,7.00415]]}},{"type":"Feature","properties":{"name":"Bono Region"},"geometry":{"type":"LineString","coordinates":[[-2.58831,8.78788],[-2.57599,8.77774],[-2.56375,8.77012],[-2.54696,8.76212],[-2.54266,8.76063],[-2.53854,8.74929],[-2.53508,8.7443],[-2.52959,8.73552],[-2.51979,8.73201],[-2.50528,8.72517],[-2.49454,8.7101],[-2.48771,8.69395],[-2.48386,8.6805],[-2.4776,8.67213],[-2.46238,8.65126],[-2.45362,8.64813],[-2.44556,8.64272],[-2.44134,8.64491],[-2.43114,8.64055],[-2.42723,8.63148],[-2.42196,8.62636],[-2.41656,8.61846],[-2.41629,8.60559],[-2.41802,8.59798],[-2.41825,8.5922],[-2.41765,8.58611],[-2.41735,8.58436],[-2.41529,8.57949],[-2.41204,8.57202],[-2.40859,8.56649],[-2.39508,8.56249],[-2.37327,8.55105],[-2.36985,8.54395],[-2.3594,8.52248],[-2.35832,8.51964],[-2.36808,8.50861],[-2.37069,8.50476],[-2.36588,8.47401],[-2.35615,8.46701],[-2.35081,8.45947],[-2.34396,8.44979],[-2.33829,8.43734],[-2.31853,8.40808],[-2.31895,8.40244],[-2.3153,8.39596],[-2.30819,8.39122],[-2.30715,8.38242],[-2.30622,8.36969],[-2.30049,8.36252],[-2.30044,8.34881],[-2.29546,8.33527],[-2.29147,8.32393],[-2.28777,8.32347],[-2.28638,8.3204],[-2.28672,8.31479],[-2.28603,8.31103],[-2.23963,8.28199],[-2.23675,8.27913]]}},{"type":"Feature","properties":{"name":"Bono Region"},"geometry":{"type":"LineString","coordinates":[[-2.23675,8.27913],[-2.23612,8.27863]]}},{"type":"Feature","properties":{"name":"Bono Region"},"geometry":{"type":"LineString","coordinates":[[-2.23612,8.27863],[-2.229,8.26735],[-2.22438,8.26312],[-2.21851,8.26352],[-2.21491,8.2604],[-2.21006,8.25894],[-2.20698,8.25254],[-2.20851,8.2479],[-2.20875,8.24401],[-2.21204,8.24142],[-2.20182,8.22999],[-2.18748,8.22077],[-2.17447,8.2177],[-2.16686,8.20898],[-2.16028,8.17314],[-2.15068,8.16988],[-2.14078,8.16227],[-2.13807,8.16002],[-2.13414,8.1516],[-2.12699,8.14803],[-2.12174,8.15105]]}},{"type":"Feature","properties":{"name":"Bono Region"},"geometry":{"type":"LineString","coordinates":[[-2.11684,8.13581],[-2.11985,8.13968],[-2.12044,8.14718],[-2.12174,8.15105]]}},{"type":"Feature","properties":{"name":"Bono Region"},"geometry":{"type":"LineString","coordinates":[[-2.11684,8.13581],[-2.10174,8.13576],[-2.09531,8.1249]]}},{"type":"Feature","properties":{"name":"Bono Region"},"geometry":{"type":"LineString","coordinates":[[-2.05749,8.05203],[-2.05556,8.06265],[-2.06055,8.075],[-2.06102,8.07983],[-2.06515,8.08918],[-2.0705,8.09473],[-2.08013,8.09956],[-2.0846,8.10918],[-2.08639,8.10945],[-2.08872,8.11407],[-2.08909,8.1188],[-2.09531,8.1249]]}},{"type":"Feature","properties":{"name":"Bono Region"},"geometry":{"type":"LineString","coordinates":[[-2.02534,8.02393],[-2.0415,8.0357],[-2.05749,8.05203]]}},{"type":"Feature","properties":{"name":"Bono Region"},"geometry":{"type":"LineString","coordinates":[[-2.0319,7.95661],[-2.04134,7.96511],[-2.04396,7.97351],[-2.03562,7.98274],[-2.02843,7.99391],[-2.02582,7.99711],[-2.02626,8.00156],[-2.02491,8.00274],[-2.02615,8.0193],[-2.02534,8.02393]]}},{"type":"Feature","properties":{"name":"Bono Region"},"geometry":{"type":"LineString","coordinates":[[-2.0319,7.95661],[-2.01361,7.95843],[-2.00322,7.96306],[-1.90291,7.83116],[-1.92209,7.80628]]}},{"type":"Feature","properties":{"name":"Bono Region"},"geometry":{"type":"LineString","coordinates":[[-1.92209,7.80628],[-1.93634,7.80271],[-1.95831,7.80203],[-2.03444,7.77899],[-2.04878,7.77937],[-2.07639,7.77858]]}},{"type":"Feature","properties":{"name":"Bono Region"},"geometry":{"type":"LineString","coordinates":[[-2.05033,7.68134],[-2.05607,7.68909],[-2.05946,7.69598],[-2.07298,7.71784],[-2.06987,7.73193],[-2.07214,7.73672],[-2.0704,7.74054],[-2.07281,7.75207],[-2.07639,7.77858]]}},{"type":"Feature","properties":{"name":"Bono Region"},"geometry":{"type":"LineString","coordinates":[[-2.07294,7.64626],[-2.06049,7.66451],[-2.04779,7.67148],[-2.05033,7.68134]]}},{"type":"Feature","properties":{"name":"Bono Region"},"geometry":{"type":"LineString","coordinates":[[-2.07301,7.64618],[-2.07294,7.64626]]}},{"type":"Feature","properties":{"name":"Bono Region"},"geometry":{"type":"LineString","coordinates":[[-2.0774,7.64401],[-2.07301,7.64618]]}},{"type":"Feature","properties":{"name":"Bono Region"},"geometry":{"type":"LineString","coordinates":[[-2.09182,7.62278],[-2.0774,7.64401]]}},{"type":"Feature","properties":{"name":"Bono Region"},"geometry":{"type":"LineString","coordinates":[[-2.09182,7.62278],[-2.09263,7.60585],[-2.09486,7.59878],[-2.10373,7.58838],[-2.12384,7.53747],[-2.13777,7.524],[-2.11924,7.5063],[-2.11599,7.50066],[-2.11334,7.49501],[-2.11386,7.495]]}},{"type":"Feature","properties":{"name":"Ashanti Region"},"geometry":{"type":"LineString","coordinates":[[-1.37675,5.93466],[-1.37811,5.9303],[-1.37443,5.9278],[-1.37429,5.92216],[-1.38122,5.91626],[-1.39062,5.91926],[-1.3948,5.91945],[-1.39801,5.91657],[-1.40077,5.91758],[-1.40381,5.92159],[-1.40582,5.92185],[-1.41845,5.92151],[-1.4161,5.91404],[-1.41973,5.90806],[-1.42124,5.90318],[-1.42577,5.90588],[-1.42918,5.90954],[-1.43869,5.90128],[-1.45204,5.90559],[-1.45618,5.89351],[-1.46337,5.89951],[-1.4632,5.90508],[-1.46702,5.90371],[-1.46322,5.89154],[-1.45898,5.88448],[-1.46106,5.87646],[-1.46183,5.86168],[-1.4703,5.86105],[-1.47587,5.85504],[-1.47829,5.8576],[-1.47926,5.86353],[-1.48516,5.86781],[-1.48884,5.86794],[-1.48676,5.86371],[-1.4916,5.863],[-1.49628,5.86836],[-1.50162,5.86849],[-1.49918,5.87446],[-1.50135,5.87683],[-1.50631,5.87532],[-1.51213,5.87548],[-1.51664,5.87238],[-1.5224,5.8753]]}},{"type":"Feature","properties":{"name":"Ashanti Region"},"geometry":{"type":"LineString","coordinates":[[-1.263,5.89032],[-1.27064,5.89496],[-1.27299,5.90198],[-1.27621,5.90187],[-1.28506,5.89641],[-1.29482,5.88652],[-1.2994,5.88593],[-1.3065,5.88791],[-1.30844,5.8912],[-1.30446,5.90135],[-1.31126,5.90529],[-1.31229,5.90854],[-1.31134,5.91768],[-1.30695,5.92443],[-1.30861,5.92627],[-1.31674,5.9245],[-1.31783,5.92356],[-1.31797,5.91741],[-1.32261,5.91427],[-1.32772,5.91387],[-1.33585,5.91675],[-1.34043,5.91188],[-1.34406,5.91184],[-1.34288,5.91476],[-1.3355,5.92542],[-1.33841,5.92681],[-1.34216,5.924],[-1.34236,5.921],[-1.34527,5.92017],[-1.34831,5.92008],[-1.34853,5.92826],[-1.34867,5.93184],[-1.3527,5.93165],[-1.35673,5.93342],[-1.37375,5.93288],[-1.37675,5.93466]]}},{"type":"Feature","properties":{"name":"Ashanti Region"},"geometry":{"type":"LineString","coordinates":[[-1.2254,5.93483],[-1.23188,5.93399],[-1.23629,5.9334],[-1.23978,5.9309],[-1.24339,5.93039],[-1.24422,5.92496],[-1.24577,5.91932],[-1.24462,5.91344],[-1.25418,5.91215],[-1.25588,5.91038],[-1.25746,5.91689],[-1.26259,5.91158],[-1.26109,5.90415],[-1.25806,5.9034],[-1.26102,5.89699],[-1.26161,5.8908],[-1.263,5.89032]]}},{"type":"Feature","properties":{"name":"Ashanti Region"},"geometry":{"type":"LineString","coordinates":[[-1.22165,5.97353],[-1.21888,5.96342],[-1.22457,5.95676],[-1.22181,5.95161],[-1.22456,5.9452],[-1.21915,5.94173],[-1.2254,5.93483]]}},{"type":"Feature","properties":{"name":"Ashanti Region"},"geometry":{"type":"LineString","coordinates":[[-1.22679,6.01882],[-1.23136,6.01524],[-1.23077,6.0131],[-1.23364,6.01377],[-1.23482,6.01137],[-1.23724,6.01198],[-1.24125,6.01098],[-1.24087,6.00599],[-1.2434,6.00174],[-1.24175,5.99519],[-1.2427,5.99385],[-1.24541,5.99421],[-1.24558,5.99159],[-1.24621,5.98991],[-1.24505,5.98606],[-1.24136,5.98685],[-1.23838,5.98408],[-1.23894,5.98027],[-1.23268,5.98013],[-1.22849,5.98268],[-1.22197,5.97397],[-1.22165,5.97353]]}},{"type":"Feature","properties":{"name":"Ashanti Region"},"geometry":{"type":"LineString","coordinates":[[-1.21441,6.06827],[-1.21237,6.06562],[-1.21065,6.06429],[-1.20983,6.06069],[-1.21188,6.05787],[-1.20845,6.05223],[-1.21606,6.04855],[-1.22422,6.04191],[-1.22611,6.0415],[-1.22878,6.03855],[-1.23175,6.03771],[-1.22984,6.03604],[-1.23038,6.0342],[-1.22895,6.03325],[-1.23165,6.03266],[-1.23224,6.02901],[-1.23267,6.02767],[-1.22987,6.02709],[-1.23036,6.02417],[-1.22872,6.02387],[-1.23001,6.0216],[-1.22851,6.02008],[-1.22938,6.01891],[-1.22679,6.01882]]}},{"type":"Feature","properties":{"name":"Ashanti Region"},"geometry":{"type":"LineString","coordinates":[[-1.18999,6.10983],[-1.19009,6.10541],[-1.19146,6.10158],[-1.18716,6.09974],[-1.18743,6.09606],[-1.19026,6.09189],[-1.19817,6.09329],[-1.20053,6.09155],[-1.20248,6.09384],[-1.20364,6.09229],[-1.20464,6.0903],[-1.2016,6.08971],[-1.20091,6.08702],[-1.20227,6.08632],[-1.19945,6.08494],[-1.19889,6.08041],[-1.2047,6.07909],[-1.20688,6.07677],[-1.20821,6.07327],[-1.20662,6.07112],[-1.21441,6.06827]]}},{"type":"Feature","properties":{"name":"Ashanti Region"},"geometry":{"type":"LineString","coordinates":[[-1.20561,6.11621],[-1.20638,6.1122],[-1.20164,6.11025],[-1.20046,6.11262],[-1.19583,6.11254],[-1.19341,6.11318],[-1.18999,6.10983]]}},{"type":"Feature","properties":{"name":"Ashanti Region"},"geometry":{"type":"LineString","coordinates":[[-1.19072,6.14185],[-1.19259,6.13747],[-1.19353,6.13542],[-1.19593,6.13521],[-1.19947,6.13247],[-1.20227,6.13239],[-1.19898,6.12928],[-1.19701,6.12498],[-1.19245,6.12243],[-1.19385,6.12123],[-1.19735,6.12148],[-1.20517,6.11567],[-1.20561,6.11621]]}},{"type":"Feature","properties":{"name":"Ashanti Region"},"geometry":{"type":"LineString","coordinates":[[-1.18517,6.17047],[-1.18398,6.16259],[-1.18242,6.1633],[-1.17953,6.15867],[-1.17783,6.15694],[-1.18072,6.15582],[-1.17964,6.15487],[-1.1811,6.15194],[-1.18104,6.14861],[-1.17907,6.14768],[-1.18229,6.1483],[-1.18374,6.14914],[-1.18322,6.14324],[-1.18515,6.14341],[-1.1879,6.14437],[-1.19072,6.14185]]}},{"type":"Feature","properties":{"name":"Ashanti Region"},"geometry":{"type":"LineString","coordinates":[[-1.19188,6.19931],[-1.19156,6.19658],[-1.19334,6.19688],[-1.1919,6.19562],[-1.18655,6.1934],[-1.18995,6.19261],[-1.18772,6.18975],[-1.18958,6.18799],[-1.18835,6.18394],[-1.18131,6.18132],[-1.17872,6.17944],[-1.17927,6.17706],[-1.18099,6.17232],[-1.18257,6.17186],[-1.18111,6.17017],[-1.18187,6.16833],[-1.18162,6.16639],[-1.18517,6.17047]]}},{"type":"Feature","properties":{"name":"Ashanti Region"},"geometry":{"type":"LineString","coordinates":[[-1.16442,6.2067],[-1.16881,6.20237],[-1.17342,6.20293],[-1.17556,6.20203],[-1.176,6.20366],[-1.17893,6.20166],[-1.17953,6.2024],[-1.17987,6.20081],[-1.18003,6.2034],[-1.18202,6.20434],[-1.18114,6.20523],[-1.18306,6.20516],[-1.18406,6.2037],[-1.18553,6.20444],[-1.18489,6.20238],[-1.19103,6.20059],[-1.19188,6.19931]]}},{"type":"Feature","properties":{"name":"Ashanti Region"},"geometry":{"type":"LineString","coordinates":[[-1.13095,6.19966],[-1.13294,6.19958],[-1.13314,6.20095],[-1.13644,6.19796],[-1.13727,6.20043],[-1.13856,6.19905],[-1.13906,6.20042],[-1.14004,6.19953],[-1.14059,6.1988],[-1.14098,6.1981],[-1.14411,6.19958],[-1.14698,6.19842],[-1.15077,6.20125],[-1.15089,6.19963],[-1.15396,6.19871],[-1.15502,6.19985],[-1.15584,6.20011],[-1.15519,6.20466],[-1.15767,6.20323],[-1.15819,6.20248],[-1.16012,6.20168],[-1.16128,6.20103],[-1.16442,6.2067]]}},{"type":"Feature","properties":{"name":"Ashanti Region"},"geometry":{"type":"LineString","coordinates":[[-1.12364,6.20666],[-1.12505,6.2081],[-1.1262,6.2072],[-1.1269,6.20497],[-1.12896,6.20399],[-1.12972,6.20088],[-1.13096,6.20163],[-1.13095,6.19966]]}},{"type":"Feature","properties":{"name":"Ashanti Region"},"geometry":{"type":"LineString","coordinates":[[-1.12016,6.22797],[-1.12203,6.22591],[-1.12172,6.22249],[-1.12284,6.22131],[-1.12088,6.22019],[-1.12262,6.21753],[-1.12058,6.21425],[-1.1224,6.21051],[-1.12024,6.20888],[-1.12361,6.20848],[-1.12364,6.20666]]}},{"type":"Feature","properties":{"name":"Ashanti Region"},"geometry":{"type":"LineString","coordinates":[[-1.12972,6.30445],[-1.12964,6.30276],[-1.12823,6.30157],[-1.12976,6.29933],[-1.13231,6.29928],[-1.13217,6.29838],[-1.13462,6.29932],[-1.13509,6.29842],[-1.13672,6.29986],[-1.13617,6.29849],[-1.138,6.29834],[-1.13833,6.29426],[-1.13634,6.29249],[-1.13479,6.2927],[-1.1349,6.29123],[-1.1332,6.29004],[-1.13145,6.29047],[-1.1309,6.28802],[-1.13087,6.2875],[-1.12839,6.28678],[-1.12868,6.28305],[-1.13067,6.27992],[-1.13104,6.27954],[-1.12927,6.27656],[-1.12797,6.27088],[-1.11658,6.26873],[-1.11821,6.26716],[-1.11686,6.26536],[-1.11789,6.26372],[-1.12167,6.26115],[-1.12045,6.25678],[-1.12357,6.25352],[-1.123,6.24918],[-1.12482,6.2426],[-1.12136,6.23763],[-1.12542,6.23259],[-1.12312,6.23183],[-1.12302,6.22913],[-1.12269,6.22837],[-1.12016,6.22797]]}},{"type":"Feature","properties":{"name":"Ashanti Region"},"geometry":{"type":"LineString","coordinates":[[-1.01055,6.41697],[-1.01082,6.41448],[-1.0125,6.41364],[-1.01367,6.41523],[-1.01991,6.41247],[-1.02044,6.40881],[-1.02176,6.40858],[-1.03137,6.40848],[-1.03506,6.41211],[-1.03559,6.41031],[-1.03724,6.4106],[-1.04108,6.40733],[-1.03828,6.4033],[-1.04141,6.40092],[-1.04241,6.40037],[-1.04584,6.39986],[-1.04771,6.39869],[-1.04934,6.39995],[-1.05627,6.3968],[-1.05662,6.39441],[-1.06732,6.38968],[-1.06893,6.38613],[-1.06844,6.38316],[-1.07061,6.38287],[-1.0738,6.38004],[-1.07647,6.38011],[-1.08022,6.37692],[-1.08223,6.37693],[-1.08319,6.37469],[-1.08677,6.37378],[-1.10531,6.36167],[-1.10572,6.35699],[-1.11124,6.35597],[-1.11399,6.35281],[-1.11071,6.34267],[-1.11357,6.34126],[-1.11234,6.33863],[-1.11459,6.33289],[-1.11853,6.33213],[-1.12006,6.32664],[-1.11598,6.32589],[-1.11578,6.32144],[-1.12593,6.31963],[-1.13248,6.31452],[-1.13007,6.30938],[-1.13146,6.3084],[-1.12925,6.30523],[-1.12972,6.30445]]}},{"type":"Feature","properties":{"name":"Ashanti Region"},"geometry":{"type":"LineString","coordinates":[[-0.96621,6.53997],[-0.96858,6.53591],[-0.97263,6.53468],[-0.97257,6.53286],[-0.97311,6.5306],[-0.97219,6.52627],[-0.97688,6.52321],[-0.97817,6.51768],[-0.98268,6.52041],[-0.98738,6.51603],[-0.98896,6.51529],[-0.99037,6.51142],[-0.99333,6.5112],[-0.99392,6.50635],[-0.99328,6.50394],[-0.99657,6.50175],[-0.99754,6.50033],[-1.00074,6.49973],[-1.00104,6.49555],[-1.00559,6.4862],[-1.00436,6.48322],[-1.0046,6.48067],[-1.0061,6.47827],[-1.00727,6.47284],[-1.00612,6.4714],[-1.01183,6.46792],[-1.01149,6.4658],[-1.00982,6.46506],[-1.01098,6.46208],[-1.00818,6.45744],[-1.00836,6.45423],[-1.00503,6.45256],[-1.00503,6.44987],[-1.00849,6.44974],[-1.00823,6.44745],[-1.00609,6.4422],[-1.01136,6.43861],[-1.01762,6.43547],[-1.01626,6.42963],[-1.01351,6.42561],[-1.01568,6.4237],[-1.01585,6.41997],[-1.01055,6.41697]]}},{"type":"Feature","properties":{"name":"Ashanti Region"},"geometry":{"type":"LineString","coordinates":[[-0.91145,6.59891],[-0.91492,6.59341],[-0.91951,6.58776],[-0.92701,6.58743],[-0.93343,6.58175],[-0.93276,6.57741],[-0.93516,6.5733],[-0.93943,6.57056],[-0.94188,6.57047],[-0.94488,6.56376],[-0.95057,6.56544],[-0.95149,6.5627],[-0.95712,6.55654],[-0.96135,6.55089],[-0.96621,6.53997]]}},{"type":"Feature","properties":{"name":"Ashanti Region"},"geometry":{"type":"LineString","coordinates":[[-0.91145,6.59891],[-0.91371,6.61706],[-0.91865,6.62324],[-0.92832,6.63933],[-0.93478,6.63657],[-0.93753,6.63627],[-0.94251,6.63637],[-0.94562,6.636],[-0.95453,6.62059]]}},{"type":"Feature","properties":{"name":"Ashanti Region"},"geometry":{"type":"LineString","coordinates":[[-0.95453,6.62059],[-0.97038,6.61236],[-0.9761,6.61407]]}},{"type":"Feature","properties":{"name":"Ashanti Region"},"geometry":{"type":"LineString","coordinates":[[-0.97253,6.64565],[-0.97754,6.63837],[-0.97633,6.62781],[-0.97723,6.6165],[-0.9761,6.61407]]}},{"type":"Feature","properties":{"name":"Ashanti Region"},"geometry":{"type":"LineString","coordinates":[[-0.95021,6.7352],[-0.95026,6.72841],[-0.94695,6.72459],[-0.9506,6.70725],[-0.95473,6.70367],[-0.96134,6.69088],[-0.97385,6.68083],[-0.97614,6.67083],[-0.97528,6.6617],[-0.97687,6.65407],[-0.97339,6.65038],[-0.97253,6.64565]]}},{"type":"Feature","properties":{"name":"Ashanti Region"},"geometry":{"type":"LineString","coordinates":[[-0.97296,6.75054],[-0.97946,6.74395],[-0.9822,6.7408],[-0.9705,6.73851],[-0.95655,6.73962],[-0.95021,6.7352]]}},{"type":"Feature","properties":{"name":"Ashanti Region"},"geometry":{"type":"LineString","coordinates":[[-0.97296,6.75054],[-0.96046,6.74638],[-0.95603,6.75401],[-0.94814,6.75496],[-0.94305,6.75768],[-0.9317,6.75716],[-0.92796,6.76174],[-0.91942,6.76642],[-0.91469,6.76885],[-0.91451,6.77717],[-0.91144,6.77823],[-0.90698,6.77838],[-0.89964,6.78868],[-0.89331,6.78226],[-0.88062,6.77846],[-0.8775,6.78081],[-0.8667,6.78095],[-0.86482,6.78234],[-0.8626,6.78096],[-0.85988,6.78098],[-0.85812,6.77989],[-0.85632,6.78094],[-0.8523,6.77805],[-0.84326,6.78005],[-0.833,6.79316],[-0.82078,6.78979],[-0.8111,6.79127],[-0.80769,6.78977],[-0.79906,6.78902],[-0.79645,6.79003],[-0.79212,6.79034],[-0.78711,6.795],[-0.78686,6.79941],[-0.78316,6.80348],[-0.77612,6.81783],[-0.76964,6.82767],[-0.76662,6.83642],[-0.76406,6.83684],[-0.76256,6.83989],[-0.75569,6.87651]]}},{"type":"Feature","properties":{"name":"Ashanti Region"},"geometry":{"type":"LineString","coordinates":[[-0.23761,7.20261],[-0.24909,7.19572],[-0.252,7.19205],[-0.25491,7.19366],[-0.25598,7.19568],[-0.25801,7.19463],[-0.26266,7.18996],[-0.26777,7.1937],[-0.27155,7.19279],[-0.27511,7.1932],[-0.27927,7.19041],[-0.28337,7.19409],[-0.28782,7.19425],[-0.28857,7.19268],[-0.28589,7.18751],[-0.28896,7.18388],[-0.30005,7.18068],[-0.30189,7.17831],[-0.30628,7.17701],[-0.30422,7.17402],[-0.30073,7.17115],[-0.30636,7.16474],[-0.3097,7.16389],[-0.31246,7.15914],[-0.31766,7.14852],[-0.32228,7.14392],[-0.33157,7.14256],[-0.33618,7.13745],[-0.34049,7.13654],[-0.34125,7.13513],[-0.34404,7.13725],[-0.34757,7.13408],[-0.35246,7.13412],[-0.3641,7.1271],[-0.36985,7.12504],[-0.37196,7.12291],[-0.38973,7.11791],[-0.40845,7.1205],[-0.41173,7.1188],[-0.4206,7.11977],[-0.42297,7.12326],[-0.4286,7.1253],[-0.43214,7.12282],[-0.44434,7.12302],[-0.45049,7.12613],[-0.46173,7.12841],[-0.46642,7.12593],[-0.4745,7.12614],[-0.47952,7.12712],[-0.48109,7.12636],[-0.48819,7.12632],[-0.49602,7.12542],[-0.50133,7.12757],[-0.50533,7.12638],[-0.50755,7.12705],[-0.51149,7.13061],[-0.54232,7.13903],[-0.56467,7.13884],[-0.58467,7.15115],[-0.58891,7.14932],[-0.59568,7.14999],[-0.61142,7.15468],[-0.6223,7.16764],[-0.62833,7.17256],[-0.63619,7.17194],[-0.62714,7.15148],[-0.62086,7.13575],[-0.61915,7.12517],[-0.61511,7.10985],[-0.61187,7.10639],[-0.60607,7.08212],[-0.60518,7.07711],[-0.59812,7.06024],[-0.58978,7.04372],[-0.57934,7.03604],[-0.5718,7.02654],[-0.56548,7.01518],[-0.5658,7.00948],[-0.56736,6.99567],[-0.57432,6.97377],[-0.57893,6.95857],[-0.61698,6.95184],[-0.65843,6.94503],[-0.65403,6.93164],[-0.69342,6.93948],[-0.70695,6.94634],[-0.71719,6.94867],[-0.7341,6.94852],[-0.74577,6.94428],[-0.75503,6.90986],[-0.75569,6.87651]]}},{"type":"Feature","properties":{"name":"Ashanti Region"},"geometry":{"type":"LineString","coordinates":[[-0.38189,7.31286],[-0.37728,7.30912],[-0.37259,7.31179],[-0.36442,7.31194],[-0.35495,7.30874],[-0.35642,7.30103],[-0.35422,7.29992],[-0.35296,7.29741],[-0.34616,7.29292],[-0.34103,7.29393],[-0.33619,7.29306],[-0.33332,7.29064],[-0.3297,7.29004],[-0.33102,7.28696],[-0.32527,7.28494],[-0.32467,7.2812],[-0.32418,7.28109],[-0.3209,7.28423],[-0.30993,7.28539],[-0.30705,7.27878],[-0.30201,7.27779],[-0.29748,7.28312],[-0.28877,7.28425],[-0.28678,7.28113],[-0.28376,7.27766],[-0.27816,7.27695],[-0.27497,7.27428],[-0.27216,7.26803],[-0.26167,7.2667],[-0.26212,7.26105],[-0.25951,7.25488],[-0.25936,7.24761],[-0.2574,7.23669],[-0.25452,7.23256],[-0.25619,7.2278],[-0.24846,7.22287],[-0.24252,7.22166],[-0.24355,7.21161],[-0.23761,7.20261]]}},{"type":"Feature","properties":{"name":"Ashanti Region"},"geometry":{"type":"LineString","coordinates":[[-0.57947,7.35112],[-0.5738,7.35337],[-0.56536,7.35171],[-0.55186,7.35489],[-0.54323,7.35362],[-0.53959,7.35364],[-0.53263,7.34818],[-0.52662,7.34735],[-0.52466,7.34576],[-0.51402,7.34393],[-0.50448,7.34101],[-0.49898,7.34327],[-0.49692,7.33939],[-0.49221,7.34332],[-0.48379,7.33721],[-0.47926,7.3382],[-0.47582,7.33589],[-0.47288,7.33854],[-0.46036,7.33117],[-0.45645,7.33427],[-0.45365,7.33158],[-0.44755,7.33265],[-0.4443,7.3297],[-0.44086,7.32935],[-0.43943,7.32678],[-0.4355,7.32513],[-0.43293,7.32562],[-0.43043,7.32336],[-0.42679,7.3268],[-0.42438,7.32157],[-0.42157,7.32036],[-0.41779,7.32122],[-0.41271,7.31936],[-0.40842,7.3182],[-0.39529,7.31152],[-0.38735,7.31237],[-0.3845,7.31168],[-0.38189,7.31286]]}},{"type":"Feature","properties":{"name":"Ashanti Region"},"geometry":{"type":"LineString","coordinates":[[-0.60084,7.35077],[-0.5935,7.34743],[-0.58845,7.35013],[-0.57947,7.35112]]}},{"type":"Feature","properties":{"name":"Ashanti Region"},"geometry":{"type":"LineString","coordinates":[[-0.60084,7.35077],[-0.60099,7.3563],[-0.60831,7.36322],[-0.6123,7.37245],[-0.61894,7.38109],[-0.61952,7.38276],[-0.62485,7.38374],[-0.63381,7.3939],[-0.63498,7.39799],[-0.63904,7.40273],[-0.63844,7.41018],[-0.64033,7.41154],[-0.64251,7.42147],[-0.64857,7.42431],[-0.65401,7.43169],[-0.6541,7.43843],[-0.65153,7.44361],[-0.65207,7.44759],[-0.65037,7.45177],[-0.65075,7.45755],[-0.64783,7.4621],[-0.65197,7.46701],[-0.65186,7.47063],[-0.65016,7.47325],[-0.65018,7.47587],[-0.648,7.47764],[-0.65025,7.48158],[-0.64827,7.48573],[-0.64914,7.48794],[-0.64817,7.49199],[-0.65152,7.49592],[-0.65059,7.50253],[-0.65677,7.50578],[-0.66321,7.51508],[-0.67531,7.52656],[-0.67715,7.53039],[-0.67855,7.53026]]}},{"type":"Feature","properties":{"name":"Ashanti Region"},"geometry":{"type":"LineString","coordinates":[[-0.72634,7.52284],[-0.7164,7.52598],[-0.71281,7.52837],[-0.70843,7.52848],[-0.70176,7.53209],[-0.69867,7.53321],[-0.69481,7.5387],[-0.68702,7.5429],[-0.68701,7.538],[-0.68418,7.53383],[-0.68079,7.52905],[-0.67855,7.53026]]}},{"type":"Feature","properties":{"name":"Ashanti Region"},"geometry":{"type":"LineString","coordinates":[[-0.76895,7.51692],[-0.76717,7.50855],[-0.75811,7.50716],[-0.75547,7.51],[-0.7546,7.50895],[-0.75076,7.51063],[-0.74997,7.50863],[-0.74792,7.50899],[-0.74723,7.50889],[-0.74384,7.51611],[-0.73952,7.51897],[-0.73803,7.52003],[-0.72634,7.52284]]}},{"type":"Feature","properties":{"name":"Ashanti Region"},"geometry":{"type":"LineString","coordinates":[[-0.79207,7.50004],[-0.78562,7.50124],[-0.78006,7.50852],[-0.77861,7.5103],[-0.77127,7.5183],[-0.76895,7.51692]]}},{"type":"Feature","properties":{"name":"Ashanti Region"},"geometry":{"type":"LineString","coordinates":[[-0.79911,7.5007],[-0.79673,7.50047],[-0.79547,7.49899],[-0.79334,7.50066],[-0.79207,7.50004]]}},{"type":"Feature","properties":{"name":"Ashanti Region"},"geometry":{"type":"LineString","coordinates":[[-1.07044,7.48921],[-1.06771,7.49798],[-1.06787,7.50187],[-1.06356,7.50485],[-1.05878,7.50527],[-1.05063,7.5112],[-1.04935,7.51417],[-1.04542,7.51587],[-1.04442,7.52171],[-1.03921,7.52753],[-1.03401,7.52842],[-1.02446,7.53319],[-1.01929,7.53374],[-1.01716,7.53247],[-1.01438,7.53486],[-1.00553,7.52897],[-1.00195,7.52826],[-0.99955,7.52979],[-0.99705,7.52873],[-0.99167,7.52963],[-0.98964,7.53287],[-0.98324,7.53459],[-0.97903,7.52963],[-0.976,7.52894],[-0.9764,7.52563],[-0.97394,7.52249],[-0.97271,7.5226],[-0.97184,7.51974],[-0.9689,7.52029],[-0.96675,7.51926],[-0.96456,7.52123],[-0.96288,7.5206],[-0.96171,7.52153],[-0.95751,7.52419],[-0.95678,7.52297],[-0.95256,7.5233],[-0.95041,7.51991],[-0.94779,7.51998],[-0.94784,7.51866],[-0.9455,7.51891],[-0.93575,7.51397],[-0.93253,7.50528],[-0.93115,7.50769],[-0.92919,7.50465],[-0.92824,7.50606],[-0.92395,7.50424],[-0.91876,7.50425],[-0.91854,7.5054],[-0.91792,7.50455],[-0.91316,7.50592],[-0.90884,7.50501],[-0.90171,7.508],[-0.89739,7.50668],[-0.89654,7.50482],[-0.89305,7.50441],[-0.89179,7.5133],[-0.88979,7.51666],[-0.88406,7.51323],[-0.88362,7.51473],[-0.87962,7.51475],[-0.87824,7.51473],[-0.87543,7.51456],[-0.87392,7.51763],[-0.86647,7.52056],[-0.86336,7.51753],[-0.8619,7.51766],[-0.86365,7.5147],[-0.85549,7.51876],[-0.85344,7.51707],[-0.84475,7.51803],[-0.84533,7.51217],[-0.84337,7.50976],[-0.83925,7.51034],[-0.83701,7.50905],[-0.83231,7.51061],[-0.8314,7.51235],[-0.8282,7.51209],[-0.82757,7.51044],[-0.82139,7.50812],[-0.82017,7.49954],[-0.81542,7.5021],[-0.81533,7.50707],[-0.81054,7.50817],[-0.80831,7.5107],[-0.80666,7.50767],[-0.8073,7.50256],[-0.80432,7.50403],[-0.79911,7.5007]]}},{"type":"Feature","properties":{"name":"Ashanti Region"},"geometry":{"type":"LineString","coordinates":[[-1.10679,7.46467],[-1.09932,7.4686],[-1.09275,7.4772],[-1.08061,7.48881],[-1.07359,7.48705],[-1.07044,7.48921]]}},{"type":"Feature","properties":{"name":"Ashanti Region"},"geometry":{"type":"LineString","coordinates":[[-1.14497,7.46945],[-1.13356,7.47182],[-1.12537,7.47371],[-1.11009,7.46911],[-1.10679,7.46467]]}},{"type":"Feature","properties":{"name":"Ashanti Region"},"geometry":{"type":"LineString","coordinates":[[-1.15528,7.46903],[-1.14497,7.46945]]}},{"type":"Feature","properties":{"name":"Ashanti Region"},"geometry":{"type":"LineString","coordinates":[[-1.15528,7.46903],[-1.15823,7.47988],[-1.16151,7.48057],[-1.17371,7.48048],[-1.17951,7.48254],[-1.1825,7.48243],[-1.18439,7.48524],[-1.19318,7.48725],[-1.19541,7.49085],[-1.20385,7.4952],[-1.20737,7.49264],[-1.213,7.4939],[-1.22967,7.49329],[-1.23789,7.49005],[-1.24186,7.49028],[-1.25022,7.49745],[-1.25639,7.50666]]}},{"type":"Feature","properties":{"name":"Ashanti Region"},"geometry":{"type":"LineString","coordinates":[[-1.25639,7.50666],[-1.29042,7.53515]]}},{"type":"Feature","properties":{"name":"Ashanti Region"},"geometry":{"type":"LineString","coordinates":[[-1.29042,7.53515],[-1.29524,7.55004],[-1.29431,7.5541],[-1.29401,7.56029],[-1.29723,7.5643],[-1.30142,7.5721],[-1.3119,7.5777],[-1.31309,7.58231],[-1.31288,7.60316],[-1.31623,7.61274],[-1.31052,7.61556],[-1.31091,7.62232]]}},{"type":"Feature","properties":{"name":"Ashanti Region"},"geometry":{"type":"LineString","coordinates":[[-1.40597,7.58792],[-1.38271,7.60194],[-1.36452,7.60602],[-1.3537,7.61113],[-1.33396,7.62082],[-1.31091,7.62232]]}},{"type":"Feature","properties":{"name":"Ashanti Region"},"geometry":{"type":"LineString","coordinates":[[-1.43442,7.57271],[-1.41207,7.58611],[-1.40597,7.58792]]}},{"type":"Feature","properties":{"name":"Ashanti Region"},"geometry":{"type":"LineString","coordinates":[[-1.46328,7.51426],[-1.45011,7.54144],[-1.43541,7.56144],[-1.43442,7.57271]]}},{"type":"Feature","properties":{"name":"Ashanti Region"},"geometry":{"type":"LineString","coordinates":[[-1.51581,7.39072],[-1.51148,7.44043],[-1.51304,7.45596],[-1.46328,7.51426]]}},{"type":"Feature","properties":{"name":"Ashanti Region"},"geometry":{"type":"LineString","coordinates":[[-1.64195,7.32442],[-1.64329,7.32999],[-1.64162,7.33291],[-1.64133,7.33697],[-1.63575,7.33734],[-1.63067,7.33915],[-1.62732,7.33862],[-1.62401,7.34246],[-1.62308,7.34701],[-1.61895,7.3495],[-1.61712,7.35283],[-1.60671,7.36057],[-1.60448,7.36502],[-1.59917,7.37024],[-1.59358,7.38117],[-1.58789,7.38747],[-1.58339,7.39789],[-1.5754,7.40302],[-1.57051,7.40522],[-1.56371,7.40507],[-1.55196,7.40138],[-1.55055,7.39977],[-1.54503,7.40003],[-1.53822,7.39688],[-1.53515,7.40063],[-1.5309,7.40017],[-1.52169,7.39593],[-1.51581,7.39072]]}},{"type":"Feature","properties":{"name":"Ashanti Region"},"geometry":{"type":"LineString","coordinates":[[-1.86364,7.47679],[-1.83995,7.4246],[-1.77987,7.3497],[-1.73859,7.31973],[-1.72691,7.31633],[-1.6967,7.32075],[-1.67559,7.32075],[-1.64195,7.32442]]}},{"type":"Feature","properties":{"name":"Ashanti Region"},"geometry":{"type":"LineString","coordinates":[[-1.86364,7.47679],[-1.86845,7.46967],[-1.87597,7.45581],[-1.88167,7.44725]]}},{"type":"Feature","properties":{"name":"Ashanti Region"},"geometry":{"type":"LineString","coordinates":[[-1.88167,7.44725],[-1.89385,7.43671],[-1.89866,7.4306]]}},{"type":"Feature","properties":{"name":"Ashanti Region"},"geometry":{"type":"LineString","coordinates":[[-1.89866,7.4306],[-1.90724,7.43388],[-1.91982,7.44001],[-1.92085,7.44211]]}},{"type":"Feature","properties":{"name":"Ashanti Region"},"geometry":{"type":"LineString","coordinates":[[-1.92085,7.44211],[-1.93044,7.44065],[-1.93474,7.43383],[-1.94339,7.43079],[-1.95762,7.41474],[-1.96381,7.41692],[-1.98568,7.41664],[-1.99702,7.41943]]}},{"type":"Feature","properties":{"name":"Ashanti Region"},"geometry":{"type":"LineString","coordinates":[[-1.99702,7.41943],[-2.00218,7.42093],[-2.01463,7.42261],[-2.01852,7.4242],[-2.01949,7.42962],[-2.02309,7.43328],[-2.0236,7.43845],[-2.03492,7.45251],[-2.03571,7.45639]]}},{"type":"Feature","properties":{"name":"Ashanti Region"},"geometry":{"type":"LineString","coordinates":[[-2.03571,7.45639],[-2.04329,7.45745],[-2.05294,7.45548],[-2.05562,7.45558],[-2.05805,7.45418],[-2.06513,7.45516],[-2.07285,7.45739],[-2.07676,7.45603],[-2.09219,7.45945],[-2.09489,7.46043],[-2.09843,7.46137],[-2.10938,7.46444]]}},{"type":"Feature","properties":{"name":"Ashanti Region"},"geometry":{"type":"LineString","coordinates":[[-2.06494,7.31951],[-2.13602,7.39544]]}},{"type":"Feature","properties":{"name":"Ashanti Region"},"geometry":{"type":"LineString","coordinates":[[-1.99577,7.31322],[-2.00379,7.31758],[-2.00969,7.31711],[-2.01913,7.31504],[-2.0218,7.31303],[-2.03707,7.30765],[-2.04224,7.30671],[-2.04975,7.30629],[-2.05729,7.3126],[-2.06494,7.31951]]}},{"type":"Feature","properties":{"name":"Ashanti Region"},"geometry":{"type":"LineString","coordinates":[[-1.94123,7.26366],[-1.9527,7.27097],[-1.97016,7.29717],[-1.99577,7.31322]]}},{"type":"Feature","properties":{"name":"Ashanti Region"},"geometry":{"type":"LineString","coordinates":[[-1.94123,7.26366],[-1.93586,7.26513],[-1.93277,7.26395],[-1.92634,7.26389],[-1.90984,7.25495],[-1.89377,7.26368],[-1.88064,7.26736],[-1.87232,7.27275],[-1.86428,7.2773],[-1.85726,7.27792],[-1.84251,7.27228],[-1.83762,7.26635],[-1.83542,7.26059],[-1.8272,7.25847]]}},{"type":"Feature","properties":{"name":"Ashanti Region"},"geometry":{"type":"LineString","coordinates":[[-1.86505,7.2129],[-1.86158,7.21742],[-1.85586,7.22439],[-1.85453,7.22806],[-1.85211,7.22954],[-1.84951,7.23292],[-1.83855,7.23868],[-1.83613,7.24223],[-1.83194,7.24699],[-1.827,7.25521],[-1.8272,7.25847]]}},{"type":"Feature","properties":{"name":"Ashanti Region"},"geometry":{"type":"LineString","coordinates":[[-1.9536,7.08521],[-1.86892,7.20322],[-1.86505,7.2129]]}},{"type":"Feature","properties":{"name":"Ashanti Region"},"geometry":{"type":"LineString","coordinates":[[-1.96345,7.08837],[-1.9536,7.08521]]}},{"type":"Feature","properties":{"name":"Ashanti Region"},"geometry":{"type":"LineString","coordinates":[[-1.96345,7.08837],[-1.96784,7.08908],[-1.97154,7.08645],[-1.9745,7.08652],[-1.97933,7.08396],[-1.9847,7.08315],[-1.9914,7.07828],[-1.99699,7.07829],[-2.0046,7.07433],[-2.01959,7.06056],[-2.02338,7.05117],[-2.02629,7.04993]]}},{"type":"Feature","properties":{"name":"Ashanti Region"},"geometry":{"type":"LineString","coordinates":[[-2.02629,7.04993],[-2.02636,7.0499]]}},{"type":"Feature","properties":{"name":"Ashanti Region"},"geometry":{"type":"LineString","coordinates":[[-2.02636,7.0499],[-2.03124,7.04666]]}},{"type":"Feature","properties":{"name":"Ashanti Region"},"geometry":{"type":"LineString","coordinates":[[-2.03124,7.04666],[-2.03133,7.04667]]}},{"type":"Feature","properties":{"name":"Ashanti Region"},"geometry":{"type":"LineString","coordinates":[[-2.03133,7.04667],[-2.03971,7.03955],[-2.04559,7.03937],[-2.04916,7.03726],[-2.05334,7.04094],[-2.05826,7.03872],[-2.06202,7.03903],[-2.06832,7.03325],[-2.07531,7.03143]]}},{"type":"Feature","properties":{"name":"Ashanti Region"},"geometry":{"type":"LineString","coordinates":[[-2.07531,7.03143],[-2.07541,7.03144]]}},{"type":"Feature","properties":{"name":"Ashanti Region"},"geometry":{"type":"LineString","coordinates":[[-2.07541,7.03144],[-2.07878,7.02737],[-2.08131,7.0276]]}},{"type":"Feature","properties":{"name":"Ashanti Region"},"geometry":{"type":"LineString","coordinates":[[-2.08131,7.0276],[-2.08502,7.02412],[-2.09227,7.02057],[-2.09708,7.0109],[-2.09797,7.00683],[-2.12199,7.00219]]}},{"type":"Feature","properties":{"name":"Ashanti Region"},"geometry":{"type":"LineString","coordinates":[[-2.13553,7.0278],[-2.12279,7.00691],[-2.12199,7.00219]]}},{"type":"Feature","properties":{"name":"Ashanti Region"},"geometry":{"type":"LineString","coordinates":[[-2.18392,7.03625],[-2.18021,7.03084],[-2.18406,7.02903],[-2.18629,7.02796],[-2.17257,7.02415],[-2.15017,7.03963],[-2.13875,7.03641],[-2.1368,7.03166],[-2.13553,7.0278]]}},{"type":"Feature","properties":{"name":"Ashanti Region"},"geometry":{"type":"LineString","coordinates":[[-2.18392,7.03625],[-2.18757,7.03469],[-2.1936,7.02825],[-2.20058,7.02664],[-2.2021,7.02742],[-2.20793,7.0242],[-2.21421,7.01935],[-2.21474,7.01427],[-2.21623,7.01189],[-2.2232,7.00759],[-2.22674,7.0076]]}},{"type":"Feature","properties":{"name":"Ashanti Region"},"geometry":{"type":"LineString","coordinates":[[-2.22674,7.0076],[-2.22978,7.00686],[-2.23408,7.00305],[-2.23519,7.00163],[-2.2415,6.99701],[-2.24208,6.9946],[-2.24517,6.99328],[-2.24749,6.98808],[-2.24719,6.98315],[-2.25239,6.97727],[-2.26255,6.96986],[-2.26265,6.96777],[-2.26501,6.96526],[-2.27376,6.9602],[-2.28035,6.95357],[-2.28419,6.95161],[-2.28966,6.94541],[-2.29793,6.94108],[-2.30412,6.94062],[-2.31125,6.9413],[-2.31849,6.93646],[-2.3214,6.93279],[-2.32336,6.93281],[-2.32305,6.93448],[-2.32484,6.93279]]}},{"type":"Feature","properties":{"name":"Ashanti Region"},"geometry":{"type":"LineString","coordinates":[[-2.32484,6.93279],[-2.32733,6.92977],[-2.32697,6.92873],[-2.33216,6.92766],[-2.33221,6.92472],[-2.33369,6.92404],[-2.33225,6.92294],[-2.33367,6.92196],[-2.33233,6.92097],[-2.33344,6.9196],[-2.33493,6.92116],[-2.33638,6.91886],[-2.33783,6.91903],[-2.33817,6.91641],[-2.33617,6.91617],[-2.33756,6.91486],[-2.33537,6.91337],[-2.33869,6.91177],[-2.34054,6.90785],[-2.34225,6.90866],[-2.34485,6.90825],[-2.34503,6.90993],[-2.34638,6.90882],[-2.34683,6.90957],[-2.34751,6.90773],[-2.34878,6.90863],[-2.34834,6.90663],[-2.34951,6.90482],[-2.34769,6.9014],[-2.34953,6.90132],[-2.34997,6.90211],[-2.35016,6.90033],[-2.3514,6.90052],[-2.35082,6.89816],[-2.35259,6.89929],[-2.35493,6.89575],[-2.35785,6.89667],[-2.36005,6.89563],[-2.36098,6.89557],[-2.36192,6.89332],[-2.36354,6.8939],[-2.36289,6.89241],[-2.36445,6.89226],[-2.36564,6.89024],[-2.36689,6.88967],[-2.36715,6.88725],[-2.36307,6.88459],[-2.36425,6.88286],[-2.36876,6.88149],[-2.36809,6.87924],[-2.37093,6.87854],[-2.37148,6.87929],[-2.3722,6.87916],[-2.37262,6.87877],[-2.37346,6.87753],[-2.37503,6.879],[-2.37911,6.87702],[-2.38064,6.87885],[-2.38231,6.8781],[-2.38304,6.87521],[-2.38412,6.8751],[-2.38337,6.8734],[-2.38495,6.87265],[-2.38493,6.871],[-2.38821,6.86945],[-2.38876,6.8682],[-2.38882,6.86739],[-2.38691,6.86639],[-2.38684,6.86524],[-2.38627,6.86472],[-2.38578,6.86306],[-2.38779,6.86129],[-2.38655,6.86019],[-2.38789,6.85955],[-2.38657,6.85799],[-2.38575,6.85769],[-2.38745,6.85646],[-2.38732,6.85571],[-2.38847,6.8556],[-2.38917,6.85665],[-2.39146,6.85667],[-2.39235,6.85781],[-2.3953,6.85848],[-2.39711,6.85696],[-2.3961,6.85484],[-2.39841,6.85392],[-2.3988,6.85073],[-2.39911,6.85012],[-2.40002,6.84674],[-2.3989,6.84638],[-2.3997,6.84493],[-2.39865,6.84476],[-2.39959,6.84311],[-2.39884,6.83912],[-2.40006,6.83989],[-2.40134,6.8396],[-2.40217,6.84169],[-2.40479,6.8418],[-2.40509,6.84136],[-2.40577,6.84222],[-2.40606,6.84131],[-2.40681,6.84205],[-2.40798,6.84071],[-2.40865,6.84123],[-2.41041,6.83875],[-2.41069,6.83986],[-2.41179,6.83833],[-2.41252,6.83887],[-2.41373,6.83635],[-2.41603,6.83611],[-2.41642,6.83357],[-2.42079,6.83008],[-2.41823,6.8289],[-2.41974,6.82662],[-2.41806,6.82401]]}},{"type":"Feature","properties":{"name":"Ashanti Region"},"geometry":{"type":"LineString","coordinates":[[-2.25625,6.79164],[-2.31957,6.80125],[-2.34421,6.81573],[-2.34592,6.84207],[-2.36481,6.84283],[-2.38678,6.82937],[-2.41806,6.82401]]}},{"type":"Feature","properties":{"name":"Ashanti Region"},"geometry":{"type":"LineString","coordinates":[[-2.25625,6.79164],[-2.26051,6.78468]]}},{"type":"Feature","properties":{"name":"Ashanti Region"},"geometry":{"type":"LineString","coordinates":[[-2.26051,6.78468],[-2.26071,6.78454]]}},{"type":"Feature","properties":{"name":"Ashanti Region"},"geometry":{"type":"LineString","coordinates":[[-2.26071,6.78454],[-2.26632,6.77868]]}},{"type":"Feature","properties":{"name":"Ashanti Region"},"geometry":{"type":"LineString","coordinates":[[-2.26632,6.77868],[-2.26881,6.77558],[-2.26997,6.76978]]}},{"type":"Feature","properties":{"name":"Ashanti Region"},"geometry":{"type":"LineString","coordinates":[[-2.26997,6.76978],[-2.26998,6.76967]]}},{"type":"Feature","properties":{"name":"Ashanti Region"},"geometry":{"type":"LineString","coordinates":[[-2.26998,6.76967],[-2.26921,6.76641],[-2.27211,6.75774],[-2.27421,6.75403],[-2.27391,6.74955],[-2.274,6.74785],[-2.27707,6.74241],[-2.27919,6.72854],[-2.28121,6.7227],[-2.28659,6.71222],[-2.28691,6.70612],[-2.29092,6.70495]]}},{"type":"Feature","properties":{"name":"Ashanti Region"},"geometry":{"type":"LineString","coordinates":[[-2.29092,6.70495],[-2.29717,6.70169],[-2.29774,6.69865],[-2.3002,6.69902],[-2.3025,6.69372],[-2.29975,6.69241],[-2.30217,6.68938],[-2.30406,6.68994],[-2.30645,6.68748],[-2.30894,6.68883],[-2.30881,6.69011],[-2.31056,6.68971],[-2.31799,6.69312],[-2.32601,6.69222],[-2.32717,6.69538],[-2.32971,6.69535],[-2.33182,6.69843],[-2.33443,6.69568],[-2.33757,6.69723],[-2.33815,6.69613],[-2.33967,6.69752],[-2.33871,6.6989],[-2.34502,6.69777],[-2.34612,6.69977],[-2.34858,6.69712],[-2.35176,6.69677],[-2.35273,6.69314],[-2.35612,6.69415],[-2.35641,6.69292]]}},{"type":"Feature","properties":{"name":"Ashanti Region"},"geometry":{"type":"LineString","coordinates":[[-2.35641,6.69292],[-2.35997,6.68778],[-2.36419,6.68789],[-2.36654,6.6836],[-2.36571,6.67849],[-2.36687,6.67881],[-2.36837,6.67658],[-2.36867,6.67492],[-2.37216,6.67496],[-2.37286,6.67151],[-2.38073,6.67379],[-2.38159,6.67058],[-2.38429,6.67195],[-2.38758,6.67062],[-2.38749,6.6676],[-2.38889,6.66729],[-2.38922,6.66574],[-2.39149,6.66718],[-2.39605,6.66629],[-2.39773,6.66517],[-2.3993,6.66557],[-2.39993,6.66443],[-2.40365,6.66537],[-2.40487,6.66162],[-2.40938,6.6633],[-2.40959,6.66096],[-2.41195,6.66039],[-2.41382,6.65816],[-2.41543,6.65906]]}},{"type":"Feature","properties":{"name":"Ashanti Region"},"geometry":{"type":"LineString","coordinates":[[-2.41543,6.65906],[-2.41726,6.65888],[-2.41773,6.65681],[-2.41502,6.65476],[-2.41469,6.65345],[-2.41574,6.65318],[-2.41358,6.65303],[-2.41485,6.65196],[-2.41309,6.65221],[-2.41275,6.65062],[-2.41219,6.65252],[-2.41107,6.65036],[-2.41048,6.6523],[-2.40858,6.65115],[-2.40762,6.65157],[-2.40574,6.64863],[-2.39977,6.65079],[-2.39692,6.64799],[-2.39661,6.64753],[-2.39535,6.64818],[-2.39738,6.64356],[-2.3949,6.64363],[-2.39593,6.64037],[-2.39809,6.64015],[-2.39693,6.63843],[-2.39889,6.63919],[-2.40038,6.6382],[-2.40031,6.64013],[-2.40135,6.63819],[-2.40109,6.63671],[-2.40326,6.63724],[-2.40221,6.63545],[-2.40326,6.63479],[-2.40105,6.6346],[-2.40248,6.6317],[-2.39855,6.62581],[-2.39237,6.62351],[-2.39374,6.61873],[-2.39504,6.61961],[-2.39469,6.61719],[-2.39559,6.61698],[-2.39219,6.61405],[-2.39395,6.61325],[-2.39468,6.61419],[-2.39445,6.61205],[-2.38929,6.60935],[-2.38727,6.6112],[-2.38362,6.61075],[-2.38476,6.60733],[-2.38518,6.60706],[-2.38513,6.6031],[-2.38372,6.60466],[-2.38303,6.60229],[-2.38024,6.5994],[-2.37724,6.59912],[-2.37792,6.59719],[-2.37113,6.59446],[-2.37335,6.58869],[-2.38033,6.58487],[-2.38117,6.58168],[-2.37996,6.57192],[-2.38542,6.56538],[-2.38341,6.55273],[-2.38118,6.55002],[-2.37643,6.54759],[-2.37699,6.54557],[-2.37622,6.54512],[-2.37855,6.54359],[-2.37485,6.53867],[-2.37693,6.53741],[-2.37773,6.53946],[-2.38146,6.53719],[-2.38407,6.53238],[-2.38193,6.5301],[-2.38332,6.52736],[-2.38217,6.52644],[-2.38463,6.52514],[-2.38553,6.52535],[-2.38699,6.5227],[-2.38933,6.5227],[-2.39034,6.52363],[-2.39194,6.52325],[-2.39116,6.52458],[-2.3927,6.52434],[-2.39662,6.52193],[-2.39756,6.5215],[-2.39696,6.51929],[-2.39856,6.51342],[-2.39738,6.51146],[-2.39836,6.51114],[-2.396,6.50457],[-2.39755,6.50379],[-2.39745,6.50297],[-2.39934,6.5037]]}},{"type":"Feature","properties":{"name":"Ashanti Region"},"geometry":{"type":"LineString","coordinates":[[-2.39934,6.5037],[-2.39972,6.5038]]}},{"type":"Feature","properties":{"name":"Ashanti Region"},"geometry":{"type":"LineString","coordinates":[[-2.39972,6.5038],[-2.40373,6.50849],[-2.40518,6.50733],[-2.40476,6.50502],[-2.4031,6.50591],[-2.40352,6.50466],[-2.40523,6.50365],[-2.40798,6.50474],[-2.40943,6.50175],[-2.4087,6.50067],[-2.4114,6.50041],[-2.40932,6.4988],[-2.41171,6.4977],[-2.40953,6.49642],[-2.41036,6.49524],[-2.41317,6.49786],[-2.41616,6.49548],[-2.41612,6.49281],[-2.41391,6.49001],[-2.41628,6.48995],[-2.41589,6.48825],[-2.41944,6.48878],[-2.4185,6.49053],[-2.42158,6.48977],[-2.42167,6.49164],[-2.42409,6.49148],[-2.42333,6.48771],[-2.42376,6.48633],[-2.42676,6.48377],[-2.42443,6.48344],[-2.42512,6.48104],[-2.4236,6.48095],[-2.42588,6.47955],[-2.42352,6.47807],[-2.42294,6.47962],[-2.42267,6.47696],[-2.42031,6.4796],[-2.4193,6.47768],[-2.42158,6.47499],[-2.42358,6.47508],[-2.42109,6.47381],[-2.4226,6.47242],[-2.4254,6.47316],[-2.42487,6.47506],[-2.42771,6.47172],[-2.43109,6.47294],[-2.42934,6.47091],[-2.43187,6.47109],[-2.43051,6.46906],[-2.43252,6.46877],[-2.43522,6.46424],[-2.43697,6.45957],[-2.43915,6.45953],[-2.44018,6.45763],[-2.44266,6.45731],[-2.44255,6.44959],[-2.44501,6.44599],[-2.44378,6.44445],[-2.44572,6.44444],[-2.44597,6.44282],[-2.44357,6.44273],[-2.44335,6.44173],[-2.44068,6.44299],[-2.43803,6.44191],[-2.44098,6.43859],[-2.44772,6.43355],[-2.44648,6.43055],[-2.44796,6.43089]]}},{"type":"Feature","properties":{"name":"Ashanti Region"},"geometry":{"type":"LineString","coordinates":[[-2.44796,6.43089],[-2.44885,6.43274],[-2.45139,6.43118],[-2.44664,6.42903],[-2.44364,6.43116],[-2.44339,6.4287],[-2.43902,6.42782],[-2.43976,6.41664],[-2.43809,6.41831],[-2.43737,6.42133],[-2.43491,6.42069],[-2.43427,6.41706],[-2.43168,6.41832],[-2.42854,6.41726],[-2.42657,6.41135],[-2.42424,6.41037],[-2.42365,6.41099],[-2.4255,6.40758],[-2.42172,6.4081],[-2.42212,6.40555],[-2.42026,6.40459],[-2.42557,6.40418],[-2.42594,6.40097],[-2.42455,6.40064],[-2.42287,6.39481],[-2.42433,6.39018],[-2.42347,6.38913],[-2.42556,6.38742],[-2.4242,6.3859],[-2.42602,6.38244],[-2.42395,6.38198],[-2.4242,6.37967],[-2.42617,6.37469],[-2.42855,6.37331],[-2.42794,6.36664],[-2.42637,6.36321],[-2.42917,6.36093],[-2.42874,6.35721],[-2.43081,6.35485]]}},{"type":"Feature","properties":{"name":"Ashanti Region"},"geometry":{"type":"LineString","coordinates":[[-2.43081,6.35485],[-2.42825,6.35231],[-2.42859,6.35045]]}},{"type":"Feature","properties":{"name":"Ashanti Region"},"geometry":{"type":"LineString","coordinates":[[-2.39955,6.34169],[-2.40852,6.35126],[-2.41839,6.34914],[-2.42302,6.3485],[-2.42551,6.34897],[-2.4274,6.34857],[-2.42859,6.35045]]}},{"type":"Feature","properties":{"name":"Ashanti Region"},"geometry":{"type":"LineString","coordinates":[[-2.39955,6.34169],[-2.39055,6.33791],[-2.3891,6.3472],[-2.3832,6.35068],[-2.38047,6.347],[-2.37901,6.34938],[-2.3779,6.35029],[-2.3779,6.3553],[-2.37587,6.35599],[-2.37579,6.35914],[-2.36594,6.37611],[-2.3611,6.38517],[-2.35602,6.38956],[-2.34401,6.43372],[-2.34805,6.43654],[-2.3497,6.44144],[-2.35088,6.44254],[-2.35161,6.44777],[-2.35253,6.45347],[-2.35142,6.46393],[-2.35429,6.46836],[-2.36004,6.47566],[-2.35622,6.48005],[-2.34906,6.48325],[-2.34228,6.48453],[-2.33715,6.49077],[-2.31284,6.48806],[-2.30782,6.48389]]}},{"type":"Feature","properties":{"name":"Ashanti Region"},"geometry":{"type":"LineString","coordinates":[[-2.30782,6.48389],[-2.30137,6.48523],[-2.28943,6.49674]]}},{"type":"Feature","properties":{"name":"Ashanti Region"},"geometry":{"type":"LineString","coordinates":[[-2.28721,6.4964],[-2.28943,6.49674]]}},{"type":"Feature","properties":{"name":"Ashanti Region"},"geometry":{"type":"LineString","coordinates":[[-2.24024,6.47246],[-2.24808,6.47678],[-2.2516,6.48295],[-2.2609,6.49041],[-2.27488,6.48911],[-2.27939,6.48715],[-2.2852,6.49306],[-2.28721,6.4964]]}},{"type":"Feature","properties":{"name":"Ashanti Region"},"geometry":{"type":"LineString","coordinates":[[-2.24024,6.47246],[-2.23194,6.43856]]}},{"type":"Feature","properties":{"name":"Ashanti Region"},"geometry":{"type":"LineString","coordinates":[[-2.23194,6.43856],[-2.22868,6.43267],[-2.23048,6.42653],[-2.23022,6.41907],[-2.2255,6.41595],[-2.22413,6.40342],[-2.21774,6.37727],[-2.21563,6.35991],[-2.21694,6.35464],[-2.21852,6.35037],[-2.21771,6.34372],[-2.22237,6.33961],[-2.22479,6.33385],[-2.2252,6.32657],[-2.22472,6.32597],[-2.22762,6.32247],[-2.22714,6.31991]]}},{"type":"Feature","properties":{"name":"Ashanti Region"},"geometry":{"type":"LineString","coordinates":[[-2.17269,6.36488],[-2.20714,6.3417],[-2.22576,6.32127],[-2.22714,6.31991]]}},{"type":"Feature","properties":{"name":"Ashanti Region"},"geometry":{"type":"LineString","coordinates":[[-2.07729,6.28361],[-2.07603,6.29043],[-2.08135,6.29721],[-2.10676,6.3092],[-2.11646,6.30847],[-2.12281,6.30476],[-2.12474,6.30237],[-2.12598,6.32221],[-2.12371,6.33172],[-2.13281,6.34354],[-2.1462,6.34776],[-2.15298,6.3545],[-2.17269,6.36488]]}},{"type":"Feature","properties":{"name":"Ashanti Region"},"geometry":{"type":"LineString","coordinates":[[-2.07729,6.28361],[-2.04586,6.28459],[-2.0187,6.29927]]}},{"type":"Feature","properties":{"name":"Ashanti Region"},"geometry":{"type":"LineString","coordinates":[[-2.0187,6.29927],[-2.01529,6.29799],[-2.00935,6.29172],[-2.00758,6.2819],[-2.00732,6.27609],[-2.00661,6.27179],[-2.01061,6.26776],[-2.01123,6.26497],[-2.01524,6.26586],[-2.0212,6.25605],[-2.02336,6.25502],[-2.02148,6.25173],[-2.02192,6.24909],[-2.02317,6.24761],[-2.02298,6.24249],[-2.0225,6.24074],[-2.01986,6.2356],[-2.02166,6.23121],[-2.02217,6.22326],[-2.02949,6.21346],[-2.03197,6.21023],[-2.03845,6.20689],[-2.03873,6.20604],[-2.03947,6.19569],[-2.03034,6.18414],[-2.0226,6.17933],[-2.02366,6.17477],[-2.02146,6.16979],[-2.02406,6.16677],[-2.02275,6.16451],[-2.02411,6.15472],[-2.02063,6.15429],[-2.01986,6.15228],[-2.02062,6.14995],[-2.02253,6.14987],[-2.0226,6.14823],[-2.02471,6.1468],[-2.02572,6.14058],[-2.02404,6.14266],[-2.02381,6.14118],[-2.02364,6.13247],[-2.01919,6.12981],[-2.01915,6.12826],[-2.01421,6.12756],[-2.01465,6.11857],[-2.01288,6.11236],[-2.00581,6.11176],[-2.00774,6.11415],[-2.00679,6.11799],[-1.99655,6.11665],[-1.98993,6.12382],[-1.98572,6.11989],[-1.98122,6.11884],[-1.97816,6.11409],[-1.9795,6.1117],[-1.98448,6.11477],[-1.9867,6.11276],[-1.98735,6.10174],[-1.98205,6.09595],[-1.98017,6.09545],[-1.97986,6.09343],[-1.97683,6.09415],[-1.97756,6.09184],[-1.97541,6.09289],[-1.97525,6.09165]]}},{"type":"Feature","properties":{"name":"Ashanti Region"},"geometry":{"type":"LineString","coordinates":[[-1.97525,6.09165],[-1.9764,6.08819],[-1.97842,6.08879],[-1.9775,6.08434],[-1.97493,6.0807],[-1.97361,6.07881],[-1.9755,6.0768],[-1.97287,6.07209],[-1.97377,6.07114],[-1.9711,6.07102],[-1.97031,6.06736],[-1.97218,6.06139],[-1.96989,6.05737],[-1.96841,6.05706],[-1.96727,6.05128],[-1.96518,6.05088],[-1.96443,6.05443],[-1.96321,6.05551],[-1.96443,6.05749],[-1.96049,6.05791],[-1.95645,6.05077],[-1.95177,6.04912],[-1.95112,6.0519],[-1.95313,6.05603],[-1.94943,6.05626],[-1.94603,6.0476],[-1.94091,6.04401],[-1.93276,6.03542],[-1.92476,6.03522],[-1.9265,6.0292],[-1.92219,6.02208],[-1.92081,6.01541],[-1.91552,6.01348],[-1.91277,6.01091],[-1.90515,6.01473],[-1.90279,6.01238],[-1.89773,6.01626],[-1.89228,6.01653],[-1.88956,6.02072],[-1.88914,6.02516],[-1.88809,6.0269],[-1.88813,6.02795],[-1.88483,6.02991],[-1.88436,6.03128],[-1.88004,6.0301],[-1.87973,6.0249],[-1.87607,6.02373],[-1.87494,6.02104],[-1.87286,6.02017],[-1.87276,6.01718],[-1.8703,6.01394],[-1.87016,6.01148],[-1.86444,6.01031],[-1.85667,6.01373],[-1.85343,6.01314],[-1.8504,6.01517],[-1.85165,6.01987],[-1.84459,6.02647],[-1.84328,6.033],[-1.83927,6.03335],[-1.83388,6.03551],[-1.82848,6.03322],[-1.82273,6.03601],[-1.8225,6.02792],[-1.81981,6.02772],[-1.80885,6.0308],[-1.80696,6.03247],[-1.80369,6.02933]]}},{"type":"Feature","properties":{"name":"Ashanti Region"},"geometry":{"type":"LineString","coordinates":[[-1.80369,6.02933],[-1.80167,6.02546],[-1.80654,6.02148],[-1.81249,6.01088],[-1.80988,6.00963],[-1.81014,6.00615]]}},{"type":"Feature","properties":{"name":"Ashanti Region"},"geometry":{"type":"LineString","coordinates":[[-1.81014,6.00615],[-1.80505,5.9979],[-1.8033,5.99579],[-1.80287,5.99288],[-1.7978,6.00011],[-1.79675,5.99916],[-1.79694,5.99512],[-1.79203,5.99029]]}},{"type":"Feature","properties":{"name":"Ashanti Region"},"geometry":{"type":"LineString","coordinates":[[-1.79203,5.99029],[-1.79077,5.98843],[-1.7861,5.98539],[-1.78056,5.98469],[-1.77431,5.98034],[-1.77751,5.97124],[-1.76918,5.96057],[-1.76352,5.96991],[-1.76017,5.96586],[-1.75124,5.96216],[-1.75143,5.96482],[-1.74892,5.96623],[-1.74083,5.96796],[-1.73651,5.9694],[-1.73052,5.96595],[-1.73078,5.96245],[-1.72796,5.95829],[-1.72365,5.95283],[-1.71762,5.95663],[-1.71409,5.95711],[-1.70956,5.95389],[-1.71304,5.94609],[-1.71365,5.94411],[-1.71252,5.94158],[-1.71352,5.93705],[-1.7105,5.9346],[-1.70424,5.92723],[-1.69717,5.93555],[-1.69578,5.93978]]}},{"type":"Feature","properties":{"name":"Ashanti Region"},"geometry":{"type":"LineString","coordinates":[[-1.69578,5.93978],[-1.69205,5.94281],[-1.68995,5.94099],[-1.69155,5.93215],[-1.68816,5.93318],[-1.67803,5.92441],[-1.67341,5.92256],[-1.67595,5.92048],[-1.67018,5.91497],[-1.66734,5.91936],[-1.66572,5.917],[-1.6632,5.9198],[-1.66114,5.92493],[-1.65399,5.92211],[-1.64717,5.92516],[-1.64526,5.92931],[-1.64443,5.93203],[-1.63816,5.93377],[-1.63472,5.92766],[-1.62805,5.92901],[-1.62352,5.92702],[-1.61915,5.932],[-1.61863,5.92725],[-1.61213,5.92888],[-1.60821,5.92551],[-1.60469,5.92781],[-1.59898,5.92877],[-1.59417,5.92458],[-1.58994,5.92836],[-1.59071,5.93273],[-1.58846,5.93346],[-1.58199,5.92693],[-1.58341,5.91911],[-1.58042,5.91814],[-1.57546,5.92391],[-1.57191,5.92563],[-1.57264,5.933],[-1.57085,5.93273],[-1.56681,5.93057],[-1.56654,5.92561],[-1.56086,5.92631],[-1.55923,5.92342]]}},{"type":"Feature","properties":{"name":"Ashanti Region"},"geometry":{"type":"LineString","coordinates":[[-1.55923,5.92342],[-1.55601,5.92655],[-1.55463,5.92861],[-1.54578,5.92688],[-1.54306,5.92985],[-1.53913,5.93091],[-1.54639,5.93553],[-1.54568,5.93867],[-1.54454,5.93859]]}},{"type":"Feature","properties":{"name":"Ashanti Region"},"geometry":{"type":"LineString","coordinates":[[-1.54454,5.93859],[-1.53647,5.93894],[-1.52816,5.93691],[-1.5267,5.93362],[-1.5308,5.92956],[-1.53056,5.92286],[-1.52525,5.92231],[-1.52344,5.92867],[-1.51983,5.92751],[-1.51824,5.91842],[-1.5163,5.91384],[-1.50089,5.90556],[-1.50006,5.90304],[-1.50529,5.89537],[-1.49979,5.89395],[-1.50051,5.88947],[-1.5071,5.8876],[-1.5092,5.89131],[-1.51654,5.89056],[-1.52024,5.87682],[-1.5224,5.8753]]}},{"type":"Feature","properties":{"name":"Central Region"},"geometry":{"type":"LineString","coordinates":[[-0.62313,5.72169],[-0.59178,5.7317],[-0.56005,5.73599],[-0.54773,5.73799],[-0.53129,5.73505],[-0.52009,5.73441],[-0.51629,5.73503],[-0.51327,5.73492]]}},{"type":"Feature","properties":{"name":"Central Region"},"geometry":{"type":"LineString","coordinates":[[-0.69428,5.73313],[-0.66785,5.73641],[-0.64373,5.73547],[-0.62313,5.72169]]}},{"type":"Feature","properties":{"name":"Central Region"},"geometry":{"type":"LineString","coordinates":[[-0.75869,5.70973],[-0.72334,5.71233],[-0.71008,5.71242],[-0.69531,5.72066],[-0.69428,5.73313]]}},{"type":"Feature","properties":{"name":"Central Region"},"geometry":{"type":"LineString","coordinates":[[-0.88064,5.75855],[-0.85867,5.7573],[-0.83704,5.75378],[-0.75869,5.70973]]}},{"type":"Feature","properties":{"name":"Central Region"},"geometry":{"type":"LineString","coordinates":[[-0.87893,5.74931],[-0.88064,5.75855]]}},{"type":"Feature","properties":{"name":"Central Region"},"geometry":{"type":"LineString","coordinates":[[-1.16296,5.72083],[-1.14236,5.71276],[-1.13558,5.70447],[-1.09898,5.70345],[-1.09636,5.72194],[-1.08374,5.74739],[-1.07211,5.74871],[-1.06185,5.75127],[-1.04971,5.7517],[-1.04201,5.75085],[-1.041,5.74732],[-1.04068,5.7434],[-1.03164,5.73757],[-1.01405,5.74179],[-1.001,5.74542],[-0.99898,5.74442],[-0.99366,5.73998],[-0.99158,5.74459],[-0.97094,5.75176],[-0.958,5.74297],[-0.94935,5.73906],[-0.88534,5.74126],[-0.87923,5.74164],[-0.87893,5.74931]]}},{"type":"Feature","properties":{"name":"Central Region"},"geometry":{"type":"LineString","coordinates":[[-1.16078,5.82395],[-1.15811,5.81805],[-1.15912,5.81357],[-1.15949,5.81054],[-1.16627,5.79427],[-1.16657,5.77313],[-1.16348,5.76199],[-1.16575,5.75029],[-1.16395,5.73629],[-1.16339,5.7257],[-1.16296,5.72083]]}},{"type":"Feature","properties":{"name":"Central Region"},"geometry":{"type":"LineString","coordinates":[[-1.2254,5.93483],[-1.21659,5.93101],[-1.19661,5.91705],[-1.19058,5.91374],[-1.17455,5.90932],[-1.16811,5.90702],[-1.16309,5.88141],[-1.16637,5.86401],[-1.16558,5.86183],[-1.16043,5.85891],[-1.16219,5.84898],[-1.16779,5.84399],[-1.16751,5.83517],[-1.16547,5.83131],[-1.16354,5.82582],[-1.16078,5.82395]]}},{"type":"Feature","properties":{"name":"Central Region"},"geometry":{"type":"LineString","coordinates":[[-2.07729,6.28361],[-2.10667,6.24611],[-2.12985,6.25473],[-2.1486,6.23843],[-2.19598,6.20118],[-2.18879,6.14676]]}},{"type":"Feature","properties":{"name":"Central Region"},"geometry":{"type":"LineString","coordinates":[[-2.18879,6.14676],[-2.16259,6.12024],[-2.04883,6.05977],[-2.02879,6.04243],[-1.985,6.01312],[-1.90927,5.93676],[-1.90429,5.92119],[-1.89463,5.91709]]}},{"type":"Feature","properties":{"name":"Central Region"},"geometry":{"type":"LineString","coordinates":[[-1.89463,5.91709],[-1.87932,5.88979],[-1.8677,5.88418],[-1.85964,5.8868],[-1.85352,5.8952],[-1.84022,5.90021],[-1.83524,5.89921],[-1.82322,5.8973],[-1.81896,5.89396],[-1.8148,5.88755],[-1.81789,5.85989],[-1.82316,5.84798],[-1.83944,5.81121],[-1.83694,5.7951],[-1.82909,5.78726],[-1.83464,5.78449],[-1.81119,5.75897],[-1.81206,5.73522],[-1.78767,5.73279],[-1.78536,5.71952],[-1.79189,5.70287],[-1.80396,5.68655],[-1.80823,5.68095]]}},{"type":"Feature","properties":{"name":"Central Region"},"geometry":{"type":"LineString","coordinates":[[-1.80823,5.68095],[-1.81841,5.67407]]}},{"type":"Feature","properties":{"name":"Central Region"},"geometry":{"type":"LineString","coordinates":[[-1.81841,5.67407],[-1.82513,5.59427]]}},{"type":"Feature","properties":{"name":"Central Region"},"geometry":{"type":"LineString","coordinates":[[-1.82513,5.59427],[-1.72176,5.62948],[-1.6761,5.60847],[-1.62804,5.60454],[-1.59281,5.5466]]}},{"type":"Feature","properties":{"name":"Central Region"},"geometry":{"type":"LineString","coordinates":[[-1.59281,5.5466],[-1.59356,5.53117],[-1.596,5.52918],[-1.60742,5.53156],[-1.61285,5.52344],[-1.6165,5.51956],[-1.61564,5.51573]]}},{"type":"Feature","properties":{"name":"Central Region"},"geometry":{"type":"LineString","coordinates":[[-1.61564,5.51573],[-1.61768,5.50837],[-1.61824,5.495],[-1.61706,5.48977],[-1.61525,5.48301],[-1.61187,5.4631],[-1.60247,5.4547],[-1.60214,5.45087],[-1.62489,5.43695],[-1.62736,5.42848],[-1.62911,5.42258]]}},{"type":"Feature","properties":{"name":"Central Region"},"geometry":{"type":"LineString","coordinates":[[-1.62911,5.42258],[-1.57783,5.41103],[-1.48109,5.39266],[-1.45655,5.3472],[-1.40802,5.31196],[-1.42754,5.28925],[-1.44526,5.23695],[-1.44731,5.22233]]}},{"type":"Feature","properties":{"name":"Central Region"},"geometry":{"type":"LineString","coordinates":[[-1.44731,5.22233],[-1.44535,5.21479],[-1.4835,5.20857],[-1.52676,5.17079],[-1.57877,5.15711]]}},{"type":"Feature","properties":{"name":"Central Region"},"geometry":{"type":"LineString","coordinates":[[-1.57877,5.15711],[-1.58073,5.03343]]}},{"type":"Feature","properties":{"name":"Central Region"},"geometry":{"type":"LineString","coordinates":[[-1.58073,5.03343],[-1.56448,5.03381],[-1.54888,5.0381],[-1.52159,5.04217]]}},{"type":"Feature","properties":{"name":"Central Region"},"geometry":{"type":"LineString","coordinates":[[-1.52159,5.04217],[-1.50462,5.04326],[-1.49845,5.04655],[-1.48529,5.05002],[-1.48615,5.05121],[-1.48412,5.05209],[-1.4692,5.05639]]}},{"type":"Feature","properties":{"name":"Central Region"},"geometry":{"type":"LineString","coordinates":[[-1.4692,5.05639],[-1.44413,5.05849],[-1.43463,5.06464],[-1.4189,5.06833],[-1.40897,5.06879]]}},{"type":"Feature","properties":{"name":"Central Region"},"geometry":{"type":"LineString","coordinates":[[-1.40897,5.06879],[-1.39345,5.07059],[-1.38499,5.07442],[-1.37705,5.07466],[-1.36844,5.07785],[-1.34771,5.08174]]}},{"type":"Feature","properties":{"name":"Central Region"},"geometry":{"type":"LineString","coordinates":[[-1.34771,5.08174],[-1.34564,5.08273],[-1.34706,5.08396],[-1.34594,5.08717],[-1.34859,5.08386],[-1.34745,5.08544],[-1.34806,5.08801],[-1.3415,5.09217],[-1.32087,5.09678]]}},{"type":"Feature","properties":{"name":"Central Region"},"geometry":{"type":"LineString","coordinates":[[-1.32087,5.09678],[-1.24068,5.10305]]}},{"type":"Feature","properties":{"name":"Central Region"},"geometry":{"type":"LineString","coordinates":[[-1.24068,5.10305],[-1.23696,5.10451],[-1.23968,5.10443],[-1.23935,5.10591]]}},{"type":"Feature","properties":{"name":"Central Region"},"geometry":{"type":"LineString","coordinates":[[-1.23935,5.10591],[-1.23675,5.108]]}},{"type":"Feature","properties":{"name":"Central Region"},"geometry":{"type":"LineString","coordinates":[[-1.23445,5.10854],[-1.22928,5.11285],[-1.21361,5.11781],[-1.21142,5.12069]]}},{"type":"Feature","properties":{"name":"Central Region"},"geometry":{"type":"LineString","coordinates":[[-1.21142,5.12069],[-1.20585,5.12612],[-1.19965,5.12786]]}},{"type":"Feature","properties":{"name":"Central Region"},"geometry":{"type":"LineString","coordinates":[[-1.19965,5.12786],[-1.19527,5.13132],[-1.1984,5.13158],[-1.19824,5.13283]]}},{"type":"Feature","properties":{"name":"Central Region"},"geometry":{"type":"LineString","coordinates":[[-1.19824,5.13283],[-1.19616,5.13649],[-1.19144,5.13886],[-1.17144,5.14307],[-1.16279,5.14812],[-1.15957,5.15172],[-1.15847,5.15558],[-1.15093,5.15968],[-1.14758,5.16486],[-1.11959,5.17341],[-1.11479,5.17871],[-1.10992,5.17992]]}},{"type":"Feature","properties":{"name":"Central Region"},"geometry":{"type":"LineString","coordinates":[[-1.10992,5.17992],[-1.10608,5.18077],[-1.10415,5.18329]]}},{"type":"Feature","properties":{"name":"Central Region"},"geometry":{"type":"LineString","coordinates":[[-1.10415,5.18329],[-1.09179,5.19226],[-1.09037,5.19462],[-1.06391,5.19882]]}},{"type":"Feature","properties":{"name":"Central Region"},"geometry":{"type":"LineString","coordinates":[[-1.06391,5.19882],[-1.01538,5.20127]]}},{"type":"Feature","properties":{"name":"Central Region"},"geometry":{"type":"LineString","coordinates":[[-1.01538,5.20127],[-1.00018,5.20185]]}},{"type":"Feature","properties":{"name":"Central Region"},"geometry":{"type":"LineString","coordinates":[[-1.00018,5.20185],[-0.88955,5.20682],[-0.82852,5.21124],[-0.80765,5.21617],[-0.80485,5.22033],[-0.79914,5.2231]]}},{"type":"Feature","properties":{"name":"Central Region"},"geometry":{"type":"LineString","coordinates":[[-0.79914,5.2231],[-0.79012,5.22662],[-0.79048,5.2319],[-0.78297,5.23671],[-0.78086,5.24001]]}},{"type":"Feature","properties":{"name":"Central Region"},"geometry":{"type":"LineString","coordinates":[[-0.78086,5.24001],[-0.77814,5.24605],[-0.75959,5.25449],[-0.75585,5.25886],[-0.75538,5.2617]]}},{"type":"Feature","properties":{"name":"Central Region"},"geometry":{"type":"LineString","coordinates":[[-0.75538,5.2617],[-0.75642,5.26436],[-0.75096,5.26901],[-0.74776,5.2745]]}},{"type":"Feature","properties":{"name":"Central Region"},"geometry":{"type":"LineString","coordinates":[[-0.74776,5.2745],[-0.73487,5.27967],[-0.73066,5.28338]]}},{"type":"Feature","properties":{"name":"Central Region"},"geometry":{"type":"LineString","coordinates":[[-0.73066,5.28338],[-0.72709,5.28596],[-0.73112,5.29077],[-0.72862,5.29712],[-0.70934,5.30551]]}},{"type":"Feature","properties":{"name":"Central Region"},"geometry":{"type":"LineString","coordinates":[[-0.70934,5.30551],[-0.67244,5.31974]]}},{"type":"Feature","properties":{"name":"Central Region"},"geometry":{"type":"LineString","coordinates":[[-0.67244,5.31974],[-0.65407,5.32451]]}},{"type":"Feature","properties":{"name":"Central Region"},"geometry":{"type":"LineString","coordinates":[[-0.65407,5.32451],[-0.62078,5.33304],[-0.61594,5.33951],[-0.61741,5.33877],[-0.61807,5.33914],[-0.61704,5.34277],[-0.6127,5.34808],[-0.60729,5.35083]]}},{"type":"Feature","properties":{"name":"Central Region"},"geometry":{"type":"LineString","coordinates":[[-0.60729,5.35083],[-0.59871,5.35466]]}},{"type":"Feature","properties":{"name":"Central Region"},"geometry":{"type":"LineString","coordinates":[[-0.59871,5.35466],[-0.55461,5.3649]]}},{"type":"Feature","properties":{"name":"Central Region"},"geometry":{"type":"LineString","coordinates":[[-0.55461,5.3649],[-0.55213,5.36528]]}},{"type":"Feature","properties":{"name":"Central Region"},"geometry":{"type":"LineString","coordinates":[[-0.55213,5.36528],[-0.52022,5.37208],[-0.49818,5.37907]]}},{"type":"Feature","properties":{"name":"Central Region"},"geometry":{"type":"LineString","coordinates":[[-0.49818,5.37907],[-0.49505,5.38267],[-0.48853,5.38579],[-0.48933,5.38902],[-0.48451,5.39476],[-0.48219,5.40165],[-0.47552,5.40534]]}},{"type":"Feature","properties":{"name":"Central Region"},"geometry":{"type":"LineString","coordinates":[[-0.47552,5.40534],[-0.47254,5.41136],[-0.46309,5.41852],[-0.46494,5.42477],[-0.46657,5.42468],[-0.46697,5.42658],[-0.46131,5.43296]]}},{"type":"Feature","properties":{"name":"Central Region"},"geometry":{"type":"LineString","coordinates":[[-0.46131,5.43296],[-0.44367,5.44282],[-0.42959,5.44841]]}},{"type":"Feature","properties":{"name":"Central Region"},"geometry":{"type":"LineString","coordinates":[[-0.42959,5.44841],[-0.42042,5.4524],[-0.41219,5.45923],[-0.40647,5.46592],[-0.40507,5.47082]]}},{"type":"Feature","properties":{"name":"Central Region"},"geometry":{"type":"LineString","coordinates":[[-0.40507,5.47082],[-0.40648,5.47091]]}},{"type":"Feature","properties":{"name":"Central Region"},"geometry":{"type":"LineString","coordinates":[[-1.23675,5.108],[-1.23539,5.10705],[-1.23592,5.10605],[-1.23445,5.10854]]}},{"type":"Feature","properties":{"name":"R\u00e9gion de la Kara"},"geometry":{"type":"LineString","coordinates":[[0.40963,10.02088],[0.39823,10.02138],[0.38455,10.02646],[0.3778,10.02635],[0.36911,10.03098],[0.36335,10.03408],[0.36049,10.02751],[0.36428,10.01166],[0.36105,10.00051],[0.35758,9.99464],[0.36079,9.98307],[0.37162,9.96259],[0.38686,9.94661],[0.38228,9.93634],[0.37489,9.93392],[0.36645,9.93153]]}},{"type":"Feature","properties":{"name":"R\u00e9gion de la Kara"},"geometry":{"type":"LineString","coordinates":[[0.36645,9.93153],[0.35518,9.92189],[0.35111,9.89542],[0.35157,9.88543],[0.35174,9.87849],[0.35569,9.87058],[0.355,9.8672],[0.35477,9.84252],[0.34864,9.82361],[0.34108,9.81774],[0.33799,9.81108],[0.33718,9.80086],[0.32956,9.79002],[0.33524,9.77556],[0.33168,9.77336],[0.3259,9.7733],[0.32561,9.77003],[0.32996,9.7611],[0.32653,9.74778],[0.32028,9.73027],[0.3189,9.7279]]}},{"type":"Feature","properties":{"name":"R\u00e9gion de la Kara"},"geometry":{"type":"LineString","coordinates":[[0.3189,9.7279],[0.32684,9.72283],[0.33926,9.72209],[0.34663,9.71415],[0.35157,9.69412],[0.35048,9.68407],[0.35101,9.67592]]}},{"type":"Feature","properties":{"name":"R\u00e9gion de la Kara"},"geometry":{"type":"LineString","coordinates":[[0.35101,9.67592],[0.35362,9.67678],[0.35824,9.67527],[0.359,9.67598],[0.36358,9.67331],[0.36321,9.66856],[0.36583,9.6678],[0.36649,9.66877],[0.3685,9.66582],[0.36559,9.66058],[0.3685,9.65787],[0.36826,9.65564],[0.37042,9.65563],[0.36987,9.6521],[0.37251,9.65292],[0.37345,9.65456],[0.37593,9.65362],[0.37634,9.65074],[0.37726,9.65011],[0.37596,9.64694],[0.37737,9.6434],[0.38234,9.64431],[0.37886,9.62694],[0.373,9.60816]]}},{"type":"Feature","properties":{"name":"R\u00e9gion de la Kara"},"geometry":{"type":"LineString","coordinates":[[0.373,9.60816],[0.38333,9.59072],[0.36928,9.57802],[0.35134,9.57196],[0.34489,9.57288],[0.33859,9.57815],[0.33129,9.5783],[0.32303,9.57761],[0.31716,9.57548],[0.30653,9.5771],[0.29487,9.57531],[0.28583,9.57502],[0.27368,9.57102],[0.26874,9.56674],[0.26476,9.56706],[0.25166,9.57433],[0.24213,9.57534],[0.23895,9.57235],[0.23823,9.55823],[0.23573,9.54666],[0.23906,9.53105],[0.2451,9.52291],[0.25721,9.51954],[0.27523,9.52291],[0.28303,9.52572],[0.29851,9.52206],[0.31029,9.51064],[0.31101,9.50489],[0.30912,9.50181],[0.29512,9.49316],[0.28483,9.48624],[0.27623,9.48803],[0.27386,9.48625],[0.25881,9.47762],[0.24736,9.48084],[0.23645,9.48585],[0.22845,9.48521],[0.22785,9.47584],[0.2298,9.4625],[0.24814,9.44164],[0.24718,9.438]]}},{"type":"Feature","properties":{"name":"R\u00e9gion de la Kara"},"geometry":{"type":"LineString","coordinates":[[0.34606,9.48867],[0.34359,9.48796],[0.34454,9.48482],[0.34789,9.48165],[0.34794,9.47744],[0.34979,9.47381],[0.34789,9.4736],[0.34864,9.47213],[0.34732,9.47089],[0.34586,9.47306],[0.34478,9.47231],[0.3417,9.4611],[0.34082,9.45986],[0.34114,9.45767],[0.33804,9.45562],[0.33737,9.45169],[0.33448,9.45155],[0.33346,9.45258],[0.3314,9.4482],[0.33007,9.44966],[0.32696,9.44701],[0.32447,9.44707],[0.32183,9.4491],[0.31935,9.44601],[0.31235,9.44616],[0.31161,9.44449],[0.30783,9.44419],[0.30708,9.44244],[0.30425,9.44125],[0.30458,9.43855],[0.30022,9.43832],[0.29916,9.43588],[0.29779,9.43697],[0.29131,9.43483],[0.29163,9.43356],[0.28913,9.43424],[0.28722,9.43039],[0.28652,9.43252],[0.28497,9.42983],[0.27786,9.42927],[0.27669,9.43028],[0.27567,9.42742],[0.27337,9.42732],[0.27214,9.42941],[0.26876,9.42866],[0.27,9.43169],[0.26065,9.4289],[0.25875,9.43117],[0.26029,9.43291],[0.25901,9.43451],[0.25671,9.43399],[0.25416,9.43619],[0.25319,9.43541],[0.24718,9.438]]}},{"type":"Feature","properties":{"name":"R\u00e9gion de la Kara"},"geometry":{"type":"LineString","coordinates":[[0.41498,9.49639],[0.41185,9.49743],[0.41146,9.4983],[0.41105,9.49695],[0.40839,9.49673],[0.40656,9.49402],[0.40126,9.49532],[0.39987,9.49342],[0.39868,9.49454],[0.39745,9.49269],[0.39604,9.49366],[0.39487,9.49218],[0.38876,9.49179],[0.38563,9.49406],[0.38403,9.49322],[0.38204,9.49425],[0.38217,9.49185],[0.38015,9.49341],[0.37538,9.4936],[0.37306,9.49601],[0.37412,9.49692],[0.37036,9.49865],[0.36895,9.496],[0.35925,9.49913],[0.35497,9.49396],[0.35033,9.49296],[0.35015,9.49004],[0.34606,9.48867]]}},{"type":"Feature","properties":{"name":"R\u00e9gion de la Kara"},"geometry":{"type":"LineString","coordinates":[[0.55092,9.42329],[0.54874,9.42235],[0.54772,9.4236],[0.54399,9.42393],[0.54247,9.42571],[0.54173,9.42489],[0.53816,9.42586],[0.53869,9.42672],[0.53587,9.42981],[0.53158,9.42949],[0.53148,9.43187],[0.52657,9.43086],[0.5244,9.43199],[0.52294,9.43445],[0.52318,9.43736],[0.51781,9.44044],[0.51373,9.43816],[0.51055,9.4383],[0.50965,9.4369],[0.50524,9.43821],[0.50327,9.4403],[0.50174,9.4375],[0.50005,9.43853],[0.49854,9.44175],[0.49974,9.44386],[0.49533,9.44613],[0.49666,9.44945],[0.49517,9.45247],[0.49804,9.4539],[0.49836,9.45636],[0.50386,9.45839],[0.50554,9.46783],[0.50416,9.46899],[0.50233,9.46853],[0.50311,9.46948],[0.50071,9.47249],[0.50253,9.47523],[0.49195,9.48239],[0.4876,9.48635],[0.48131,9.48565],[0.47575,9.48935],[0.47448,9.48964],[0.47362,9.49049],[0.46719,9.48967],[0.46539,9.49154],[0.46322,9.49016],[0.46132,9.4946],[0.45848,9.49426],[0.4563,9.49803],[0.45163,9.49829],[0.44989,9.49773],[0.44928,9.49937],[0.4484,9.49918],[0.44639,9.49722],[0.44081,9.49679],[0.4389,9.49513],[0.43488,9.49634],[0.43298,9.49837],[0.4291,9.49816],[0.4274,9.4999],[0.41827,9.50003],[0.41664,9.49887],[0.41421,9.50047],[0.41352,9.49881],[0.41498,9.49639]]}},{"type":"Feature","properties":{"name":"R\u00e9gion de la Kara"},"geometry":{"type":"LineString","coordinates":[[0.567,9.40593],[0.56206,9.41001],[0.55708,9.41173],[0.55434,9.42311],[0.55189,9.42433],[0.55092,9.42329]]}},{"type":"Feature","properties":{"name":"R\u00e9gion de la Kara"},"geometry":{"type":"LineString","coordinates":[[0.48433,9.10098],[0.48491,9.10714],[0.48701,9.11194],[0.48281,9.11692],[0.48475,9.12387],[0.48127,9.1325],[0.48006,9.14205],[0.4772,9.14522],[0.48137,9.1462],[0.48154,9.14841],[0.48515,9.15089],[0.48775,9.15089],[0.49575,9.15605],[0.50088,9.1537],[0.50326,9.15459],[0.50492,9.16053],[0.51184,9.16406],[0.51472,9.1706],[0.51571,9.17726],[0.52158,9.18695],[0.52216,9.19389],[0.5246,9.195],[0.53168,9.21231],[0.5058,9.25592],[0.50701,9.26002],[0.52017,9.27895],[0.52923,9.28712],[0.53857,9.30592],[0.54527,9.30341],[0.55292,9.30433],[0.55587,9.31288],[0.55446,9.31944],[0.55045,9.32437],[0.54988,9.33117],[0.5459,9.3366],[0.54528,9.34124],[0.55325,9.35512],[0.567,9.40593]]}},{"type":"Feature","properties":{"name":"R\u00e9gion de la Kara"},"geometry":{"type":"LineString","coordinates":[[0.48098,8.97932],[0.46855,9.00525],[0.4702,9.00848],[0.47033,9.01946],[0.46483,9.02458],[0.46313,9.03057],[0.45698,9.03575],[0.45634,9.04499],[0.46117,9.05457],[0.46242,9.05993],[0.4639,9.07858],[0.47527,9.09839],[0.48397,9.10097],[0.48433,9.10098]]}},{"type":"Feature","properties":{"name":"R\u00e9gion de la Kara"},"geometry":{"type":"LineString","coordinates":[[0.52034,8.87115],[0.52118,8.8731],[0.52485,8.8761],[0.52601,8.87557],[0.5275,8.87824],[0.52487,8.88297],[0.52201,8.88392],[0.52194,8.89009],[0.51977,8.89109],[0.51808,8.89592],[0.51475,8.89902],[0.51476,8.90178],[0.51246,8.90254],[0.51217,8.9145],[0.50937,8.91846],[0.50984,8.92106],[0.51284,8.92466],[0.51397,8.9268],[0.51246,8.92908],[0.51348,8.93343],[0.51589,8.9384],[0.50933,8.94214],[0.50922,8.94574],[0.50611,8.95051],[0.49949,8.95397],[0.48098,8.97932]]}},{"type":"Feature","properties":{"name":"R\u00e9gion de la Kara"},"geometry":{"type":"LineString","coordinates":[[0.68892,9.01587],[0.68497,9.01684],[0.68009,9.01459],[0.67619,9.01089],[0.67117,8.99636],[0.66687,8.99407],[0.66424,8.99024],[0.66044,8.99229],[0.65753,8.98827],[0.65328,8.98682],[0.6506,8.98973],[0.65418,8.99308],[0.65396,8.99571],[0.64884,8.99991],[0.64368,9.00094],[0.62711,8.99688],[0.62633,8.98615],[0.62892,8.98304],[0.62579,8.97173],[0.62605,8.96761],[0.62255,8.96328],[0.61885,8.96042],[0.61543,8.94982],[0.59987,8.9445],[0.59948,8.93332],[0.59992,8.92826],[0.58878,8.92267],[0.58855,8.91839],[0.58416,8.91354],[0.58118,8.9067],[0.57678,8.9045],[0.58305,8.88538],[0.57648,8.87791],[0.57155,8.87802],[0.56432,8.88258],[0.55832,8.8803],[0.5542,8.88071],[0.54787,8.86917],[0.53875,8.86439],[0.53262,8.86317],[0.5219,8.8715],[0.52034,8.87115]]}},{"type":"Feature","properties":{"name":"R\u00e9gion de la Kara"},"geometry":{"type":"LineString","coordinates":[[0.68914,9.01577],[0.68892,9.01587]]}},{"type":"Feature","properties":{"name":"R\u00e9gion de la Kara"},"geometry":{"type":"LineString","coordinates":[[0.70195,9.02107],[0.69799,9.02119],[0.69366,9.01591],[0.68914,9.01577]]}},{"type":"Feature","properties":{"name":"R\u00e9gion de la Kara"},"geometry":{"type":"LineString","coordinates":[[0.87863,9.00184],[0.87486,9.00055],[0.86598,9.00542],[0.86046,9.00684],[0.85568,9.00402],[0.85689,9.00192],[0.85556,9.00057],[0.85082,9.00214],[0.84425,9.00248],[0.84173,9.00652],[0.82813,9.01065],[0.82505,9.01345],[0.81815,9.01272],[0.81647,9.02276],[0.81188,9.02544],[0.80884,9.02026],[0.8051,9.01862],[0.79921,9.02458],[0.79376,9.02779],[0.79289,9.03151],[0.78772,9.03217],[0.78641,9.03579],[0.78357,9.03822],[0.78456,9.04565],[0.78139,9.05038],[0.78196,9.0552],[0.77806,9.05927],[0.77631,9.06387],[0.77372,9.06464],[0.76786,9.06135],[0.76668,9.05452],[0.76051,9.05472],[0.75767,9.05091],[0.75199,9.04991],[0.74878,9.05151],[0.7478,9.04956],[0.73633,9.05121],[0.73168,9.05505],[0.72811,9.05417],[0.7273,9.05683],[0.72384,9.05692],[0.71797,9.05084],[0.716,9.04126],[0.71403,9.03971],[0.7138,9.03265],[0.70975,9.03575],[0.70636,9.03655],[0.70517,9.03047],[0.7006,9.02665],[0.70296,9.02293],[0.70195,9.02107]]}},{"type":"Feature","properties":{"name":"R\u00e9gion de la Kara"},"geometry":{"type":"LineString","coordinates":[[1.00366,9.07505],[1.00512,9.06504],[1.00667,9.06128],[0.99867,9.05983],[0.99752,9.05446],[0.98937,9.05582],[0.98471,9.05415],[0.97907,9.05598],[0.97469,9.05164],[0.97264,9.04503],[0.96872,9.0394],[0.968,9.02954],[0.96561,9.02626],[0.96866,9.02349],[0.96791,9.02206],[0.9642,9.02005],[0.95517,9.02007],[0.95405,9.01754],[0.9471,9.01548],[0.93811,9.01294],[0.93197,9.00773],[0.92653,9.01202],[0.91738,9.00954],[0.91277,9.01274],[0.90262,9.00803],[0.90211,9.00484],[0.89351,9.00107],[0.88809,9.00332],[0.88678,9.00529],[0.87863,9.00184]]}},{"type":"Feature","properties":{"name":"R\u00e9gion de la Kara"},"geometry":{"type":"LineString","coordinates":[[1.02202,9.21445],[0.99009,9.19054],[0.9893,9.15436],[1.00366,9.07505]]}},{"type":"Feature","properties":{"name":"R\u00e9gion de la Kara"},"geometry":{"type":"LineString","coordinates":[[1.435,9.29806],[1.38173,9.2604],[1.34886,9.25512],[1.26785,9.23122],[1.2106,9.21383],[1.11497,9.22858],[1.03995,9.21414],[1.02202,9.21445]]}},{"type":"Feature","properties":{"name":"R\u00e9gion Centrale"},"geometry":{"type":"LineString","coordinates":[[1.24739,8.38328],[1.2357,8.37836],[1.23963,8.37153],[1.24728,8.37372],[1.25082,8.36751],[1.24543,8.36328],[1.2409,8.35774],[1.23858,8.35439],[1.24117,8.34824],[1.24465,8.3448],[1.23747,8.33333],[1.23931,8.32201],[1.23406,8.31629],[1.23511,8.30888],[1.23352,8.30522]]}},{"type":"Feature","properties":{"name":"R\u00e9gion Centrale"},"geometry":{"type":"LineString","coordinates":[[1.61306,8.37472],[1.24739,8.38328]]}},{"type":"Feature","properties":{"name":"R\u00e9gion Centrale"},"geometry":{"type":"LineString","coordinates":[[1.62491,8.58749],[1.63667,8.53056],[1.65917,8.48611],[1.63611,8.45389],[1.6302,8.4483],[1.62306,8.41222],[1.62194,8.39361],[1.61306,8.37472]]}},{"type":"Feature","properties":{"name":"R\u00e9gion Centrale"},"geometry":{"type":"LineString","coordinates":[[0.52034,8.87115],[0.51698,8.86346],[0.52153,8.85806],[0.51936,8.85279],[0.50788,8.8544],[0.50718,8.84741],[0.50228,8.84609],[0.49583,8.83897],[0.49815,8.83242],[0.50139,8.82864],[0.49688,8.82694],[0.49617,8.8194],[0.49964,8.81345],[0.49296,8.805],[0.49051,8.79996],[0.47767,8.79801],[0.47175,8.7993],[0.46838,8.79217],[0.46309,8.80116],[0.4588,8.8035],[0.45939,8.80995],[0.44799,8.81117],[0.44205,8.80129],[0.42962,8.79614],[0.42944,8.79207],[0.43133,8.79031],[0.43289,8.79281],[0.43843,8.7939],[0.44038,8.78667],[0.43785,8.78398],[0.43127,8.7831],[0.42757,8.77913],[0.42328,8.78195],[0.42373,8.78983],[0.41754,8.79245],[0.40856,8.79366],[0.40548,8.79254],[0.39923,8.7936],[0.39771,8.78974],[0.39186,8.79658],[0.38985,8.79347],[0.38998,8.79043],[0.38038,8.79282]]}},{"type":"Feature","properties":{"name":"R\u00e9gion Centrale"},"geometry":{"type":"LineString","coordinates":[[0.38038,8.79282],[0.37934,8.79044],[0.37995,8.78086],[0.38171,8.77691],[0.37842,8.7717],[0.3898,8.76145],[0.4001,8.76011],[0.40077,8.75651],[0.3947,8.75383],[0.37382,8.75468],[0.38121,8.74704],[0.38548,8.74464],[0.38267,8.73954]]}},{"type":"Feature","properties":{"name":"R\u00e9gion Centrale"},"geometry":{"type":"LineString","coordinates":[[0.38267,8.73954],[0.47147,8.5995]]}},{"type":"Feature","properties":{"name":"R\u00e9gion Centrale"},"geometry":{"type":"LineString","coordinates":[[0.47147,8.5995],[0.47128,8.59733],[0.46946,8.5958],[0.47214,8.59419],[0.47575,8.59609],[0.48044,8.59403],[0.48128,8.5952],[0.48,8.59792],[0.48266,8.59633],[0.4843,8.59857],[0.48629,8.59683],[0.48789,8.5984],[0.49054,8.59777],[0.49469,8.59472],[0.49569,8.59224],[0.49387,8.59187],[0.49522,8.58974],[0.49455,8.58554],[0.49579,8.58569],[0.4971,8.58147],[0.49955,8.5818],[0.50149,8.57879],[0.50035,8.57787],[0.49999,8.57341],[0.50537,8.56982],[0.50747,8.57263],[0.51006,8.5716],[0.51201,8.56352],[0.51804,8.56298],[0.51899,8.56463],[0.52044,8.56307],[0.52224,8.56492],[0.52389,8.56404],[0.53023,8.56991],[0.53335,8.56726],[0.53274,8.5628],[0.53503,8.56303],[0.53413,8.55968],[0.53609,8.55757],[0.5388,8.55853],[0.54105,8.55553],[0.54595,8.5546],[0.54985,8.55252],[0.55383,8.55296],[0.55277,8.55115],[0.55044,8.5508],[0.55162,8.5489],[0.55966,8.54771],[0.56365,8.54564],[0.56493,8.53839],[0.57118,8.53335],[0.5694,8.53096],[0.57139,8.52411]]}},{"type":"Feature","properties":{"name":"R\u00e9gion Centrale"},"geometry":{"type":"LineString","coordinates":[[0.57139,8.52411],[0.57396,8.5278],[0.58068,8.52397],[0.58208,8.52376],[0.58329,8.52642],[0.58801,8.52243],[0.5907,8.51633],[0.60226,8.51821],[0.60579,8.51513],[0.61181,8.51306],[0.61829,8.51359],[0.62501,8.51099],[0.62962,8.50734],[0.6262,8.50215],[0.62963,8.49623],[0.64047,8.49757],[0.64495,8.49442]]}},{"type":"Feature","properties":{"name":"R\u00e9gion Centrale"},"geometry":{"type":"LineString","coordinates":[[0.64495,8.49442],[0.64737,8.48912],[0.64594,8.48724],[0.64501,8.47528],[0.64932,8.47197],[0.64901,8.46769],[0.65138,8.46374],[0.65045,8.4623],[0.65598,8.4546],[0.65524,8.45223],[0.65223,8.4519],[0.65161,8.44796],[0.65389,8.44515],[0.65235,8.43783],[0.65373,8.43561],[0.65147,8.43477],[0.6517,8.43272],[0.65237,8.42979],[0.65422,8.42854],[0.65161,8.4273],[0.65346,8.42543],[0.65187,8.4222],[0.65427,8.42004],[0.66151,8.42014],[0.6696,8.41723],[0.6718,8.41755],[0.67564,8.41197],[0.67967,8.41004],[0.68642,8.41138],[0.68963,8.40525],[0.69321,8.40392],[0.69656,8.40443],[0.69369,8.39939],[0.69559,8.39812],[0.69371,8.39493],[0.70632,8.39399],[0.69952,8.3883],[0.70415,8.3879],[0.70614,8.38519],[0.70987,8.38496],[0.70866,8.38295],[0.71144,8.37898],[0.70886,8.37691],[0.71255,8.37681]]}},{"type":"Feature","properties":{"name":"R\u00e9gion Centrale"},"geometry":{"type":"LineString","coordinates":[[0.71255,8.37681],[0.70918,8.37458],[0.70817,8.37167],[0.71012,8.37067],[0.70919,8.36728],[0.71176,8.36618],[0.7097,8.36268],[0.71116,8.35975],[0.70975,8.35819],[0.71047,8.35644],[0.7125,8.35577],[0.71044,8.35403],[0.71177,8.35112],[0.71413,8.34965],[0.7165,8.35121],[0.72058,8.34927],[0.71745,8.34398],[0.71825,8.34318],[0.72592,8.34402],[0.7291,8.34257],[0.73006,8.34038],[0.72749,8.33673],[0.72854,8.33369],[0.72974,8.33212],[0.72913,8.32754],[0.72946,8.32371],[0.72811,8.32203],[0.72981,8.31915],[0.72893,8.31592],[0.73135,8.31565],[0.73121,8.31404],[0.72958,8.30941],[0.73107,8.30473],[0.73004,8.30285],[0.7311,8.29316],[0.72924,8.29024],[0.73063,8.28632],[0.72103,8.28631],[0.71035,8.28884],[0.68691,8.27973],[0.68349,8.27604],[0.68271,8.2668],[0.67309,8.25936],[0.66008,8.26056],[0.64692,8.25933],[0.64124,8.26065],[0.63844,8.2603]]}},{"type":"Feature","properties":{"name":"R\u00e9gion Centrale"},"geometry":{"type":"LineString","coordinates":[[0.63844,8.2603],[0.63736,8.25469],[0.63795,8.24562],[0.63325,8.24394],[0.62718,8.23821],[0.62422,8.2367],[0.62408,8.23375],[0.62642,8.23088],[0.62545,8.22935],[0.62611,8.22441],[0.61933,8.21955],[0.61821,8.21526],[0.61196,8.21508],[0.61024,8.21649],[0.60765,8.21435],[0.6015,8.21388],[0.59144,8.20695],[0.58871,8.20186],[0.58946,8.19943],[0.59021,8.19845],[0.58861,8.19699],[0.59052,8.19434],[0.59777,8.18931],[0.60013,8.18577],[0.61386,8.18516]]}},{"type":"Feature","properties":{"name":"R\u00e9gion Centrale"},"geometry":{"type":"LineString","coordinates":[[0.61386,8.18516],[0.61198,8.17493],[0.60787,8.17413],[0.60738,8.17237],[0.61029,8.16322],[0.60849,8.15141],[0.60972,8.14493],[0.60558,8.13915],[0.59728,8.13987],[0.59142,8.13756],[0.59116,8.10986],[0.59184,8.10329],[0.58595,8.10303],[0.58482,8.09677],[0.58511,8.09262],[0.59185,8.06915],[0.59318,8.06066],[0.59736,8.06131]]}},{"type":"Feature","properties":{"name":"R\u00e9gion Centrale"},"geometry":{"type":"LineString","coordinates":[[0.59736,8.06131],[0.59796,8.05068],[0.59613,8.04829],[0.5966,8.04219],[0.59405,8.04009],[0.59821,8.03161],[0.598,8.02765],[0.59992,8.02349],[0.60223,8.02148],[0.59975,8.01602],[0.59747,8.01364],[0.59942,8.00617],[0.60804,7.99572],[0.60809,7.99179],[0.60047,7.9888],[0.597,7.98977],[0.59708,7.98606],[0.6034,7.96209],[0.6065,7.96052],[0.60615,7.95648],[0.61205,7.94925],[0.6112,7.94527],[0.61393,7.94418],[0.61123,7.94049],[0.61544,7.92606],[0.61752,7.92555],[0.62061,7.90569]]}},{"type":"Feature","properties":{"name":"R\u00e9gion Centrale"},"geometry":{"type":"LineString","coordinates":[[0.82706,7.95954],[0.79219,7.94703],[0.73905,7.9407],[0.70373,7.93451],[0.67206,7.90948],[0.62061,7.90569]]}},{"type":"Feature","properties":{"name":"R\u00e9gion Centrale"},"geometry":{"type":"LineString","coordinates":[[0.82706,7.95954],[0.83185,7.96428],[0.83437,7.96847],[0.8341,7.97189],[0.83714,7.97384],[0.84083,7.97355],[0.8417,7.97192],[0.84364,7.97207],[0.8476,7.96917],[0.8478,7.96641],[0.85107,7.96511],[0.8513,7.96296],[0.85469,7.96082],[0.85914,7.96375],[0.85961,7.96201],[0.86244,7.96332],[0.86545,7.96263],[0.86503,7.96348],[0.86734,7.96416],[0.87328,7.96183],[0.88288,7.96084]]}},{"type":"Feature","properties":{"name":"R\u00e9gion Centrale"},"geometry":{"type":"LineString","coordinates":[[0.88288,7.96084],[0.88702,7.96469],[0.88825,7.96827],[0.89634,7.97143],[0.89928,7.97118],[0.90215,7.97349],[0.90423,7.97073],[0.90695,7.97086],[0.91767,7.9761],[0.92043,7.97437],[0.92489,7.97332],[0.92662,7.97126],[0.93033,7.97143],[0.93575,7.97343],[0.93921,7.97183],[0.94302,7.97651],[0.94979,7.97771],[0.95386,7.98062],[0.95727,7.98031],[0.96399,7.98446]]}},{"type":"Feature","properties":{"name":"R\u00e9gion Centrale"},"geometry":{"type":"LineString","coordinates":[[0.96399,7.98446],[0.9674,7.98171],[0.96748,7.97958],[0.97124,7.98059],[0.97189,7.97776],[0.97799,7.9751],[0.98293,7.97509],[0.98961,7.97244],[0.99152,7.97375],[0.99822,7.97257],[1.00522,7.96947],[1.01099,7.96816],[1.01413,7.96611],[1.01674,7.96654],[1.02341,7.95895],[1.02965,7.9566]]}},{"type":"Feature","properties":{"name":"R\u00e9gion Centrale"},"geometry":{"type":"LineString","coordinates":[[1.24273,8.00717],[1.15683,7.97522],[1.0649,7.95771],[1.02965,7.9566]]}},{"type":"Feature","properties":{"name":"R\u00e9gion Centrale"},"geometry":{"type":"LineString","coordinates":[[1.2593,8.06202],[1.25978,8.05735],[1.2473,8.04151],[1.24333,8.03107],[1.23524,8.02872],[1.23396,8.02617],[1.23412,8.01982],[1.24273,8.00717]]}},{"type":"Feature","properties":{"name":"R\u00e9gion Centrale"},"geometry":{"type":"LineString","coordinates":[[1.25918,8.06225],[1.2593,8.06202]]}},{"type":"Feature","properties":{"name":"R\u00e9gion Centrale"},"geometry":{"type":"LineString","coordinates":[[1.23352,8.30522],[1.23866,8.29994],[1.24326,8.28802],[1.24682,8.28549],[1.25181,8.27515],[1.24872,8.26486],[1.24985,8.26191],[1.25466,8.25907],[1.2569,8.25182],[1.26049,8.24769],[1.25359,8.23972],[1.24905,8.24267],[1.24777,8.24094],[1.25026,8.23175],[1.25575,8.22576],[1.25402,8.21664],[1.25614,8.21523],[1.26189,8.21528],[1.26012,8.20843],[1.26649,8.20832],[1.26826,8.2065],[1.2666,8.20255],[1.26107,8.1973],[1.26433,8.18973],[1.26275,8.17924],[1.2699,8.17428],[1.27093,8.16893],[1.26778,8.16175],[1.26807,8.15827],[1.26855,8.1522],[1.26168,8.14758],[1.25951,8.13939],[1.2658,8.12837],[1.26478,8.12218],[1.26424,8.1198],[1.26051,8.11742],[1.25802,8.11032],[1.26725,8.10566],[1.25791,8.09622],[1.25816,8.09067],[1.26428,8.08459],[1.26467,8.07565],[1.26306,8.07122],[1.25848,8.06506],[1.25918,8.06225]]}},{"type":"Feature","properties":{"name":"R\u00e9gion des Plateaux"},"geometry":{"type":"LineString","coordinates":[[0.62128,7.90136],[0.62388,7.88468]]}},{"type":"Feature","properties":{"name":"R\u00e9gion des Plateaux"},"geometry":{"type":"LineString","coordinates":[[0.62388,7.88468],[0.62129,7.88262],[0.62196,7.87326],[0.62671,7.86846],[0.62725,7.86294],[0.6249,7.85605],[0.62558,7.8502],[0.62388,7.84309],[0.61968,7.84007],[0.62074,7.83683],[0.62097,7.83566],[0.61852,7.82973],[0.61945,7.82316],[0.6174,7.80468],[0.61818,7.80247],[0.62189,7.79909],[0.61762,7.7954],[0.62972,7.79268],[0.62685,7.78815],[0.63009,7.78395],[0.63101,7.76749]]}},{"type":"Feature","properties":{"name":"R\u00e9gion des Plateaux"},"geometry":{"type":"LineString","coordinates":[[0.63101,7.76749],[0.62291,7.76417],[0.61893,7.76356],[0.6186,7.75696],[0.61306,7.75729],[0.6114,7.75387],[0.61396,7.7483],[0.61672,7.74416],[0.61677,7.73771],[0.62662,7.70415],[0.61812,7.70392],[0.60822,7.7108],[0.59477,7.70691],[0.58424,7.67534]]}},{"type":"Feature","properties":{"name":"R\u00e9gion des Plateaux"},"geometry":{"type":"LineString","coordinates":[[0.58424,7.67534],[0.58408,7.66009],[0.58297,7.65586],[0.58457,7.63115],[0.58676,7.62747],[0.56433,7.61501],[0.5586,7.61217],[0.5428,7.60783],[0.52874,7.59642],[0.51805,7.59219],[0.52467,7.58828],[0.52175,7.54903],[0.52041,7.52007]]}},{"type":"Feature","properties":{"name":"R\u00e9gion des Plateaux"},"geometry":{"type":"LineString","coordinates":[[0.52041,7.52007],[0.52078,7.51649],[0.51861,7.51428],[0.51977,7.51316],[0.51886,7.51097],[0.52161,7.5103],[0.52044,7.50818],[0.52211,7.50677],[0.52209,7.50364],[0.52402,7.5027],[0.52382,7.49945],[0.52411,7.4965],[0.5233,7.49348],[0.52686,7.49111],[0.52583,7.48851],[0.52724,7.48673],[0.5293,7.48625],[0.52653,7.48259],[0.52795,7.48114],[0.53001,7.48037],[0.52545,7.47657],[0.52453,7.47464],[0.52037,7.47258],[0.52118,7.46834],[0.52366,7.46842],[0.52169,7.46489],[0.52343,7.46363],[0.51974,7.46209],[0.52008,7.45968],[0.5224,7.45815],[0.52033,7.45527]]}},{"type":"Feature","properties":{"name":"R\u00e9gion des Plateaux"},"geometry":{"type":"LineString","coordinates":[[0.52033,7.45527],[0.52245,7.45497],[0.52642,7.45842],[0.5324,7.45661],[0.53114,7.45475],[0.53374,7.45304],[0.53225,7.45144],[0.53411,7.44998],[0.53087,7.44843],[0.5342,7.44691],[0.53192,7.44354],[0.53503,7.44097],[0.53468,7.4391],[0.53727,7.43629],[0.53815,7.43092],[0.53566,7.42647]]}},{"type":"Feature","properties":{"name":"R\u00e9gion des Plateaux"},"geometry":{"type":"LineString","coordinates":[[0.53566,7.42647],[0.53801,7.42523],[0.53875,7.42218],[0.54174,7.42157],[0.54244,7.42299],[0.54399,7.42124],[0.5433,7.41964],[0.54609,7.41449],[0.55014,7.41192],[0.55344,7.40528],[0.56869,7.39221]]}},{"type":"Feature","properties":{"name":"R\u00e9gion des Plateaux"},"geometry":{"type":"LineString","coordinates":[[0.56869,7.39221],[0.60212,7.40497],[0.60723,7.40572],[0.61142,7.41017],[0.6195,7.41258],[0.62341,7.40915],[0.62552,7.41003],[0.6337,7.40375],[0.64435,7.40038],[0.64343,7.39163],[0.64672,7.38173],[0.64843,7.37879],[0.64329,7.37642],[0.64119,7.37093],[0.6487,7.35652],[0.65096,7.34142],[0.65343,7.33776]]}},{"type":"Feature","properties":{"name":"R\u00e9gion des Plateaux"},"geometry":{"type":"LineString","coordinates":[[0.65343,7.33776],[0.65287,7.33388],[0.6579,7.31481],[0.65416,7.30868],[0.65005,7.30438],[0.65181,7.29215],[0.64865,7.2931],[0.64665,7.29367],[0.64462,7.28928],[0.64334,7.26306]]}},{"type":"Feature","properties":{"name":"R\u00e9gion des Plateaux"},"geometry":{"type":"LineString","coordinates":[[0.64334,7.26306],[0.64126,7.24332],[0.63894,7.23764],[0.63951,7.23513],[0.63815,7.23324],[0.63841,7.22655],[0.63451,7.21421],[0.63322,7.20633],[0.62405,7.18298],[0.6213,7.18393],[0.61666,7.18195]]}},{"type":"Feature","properties":{"name":"R\u00e9gion des Plateaux"},"geometry":{"type":"LineString","coordinates":[[0.61666,7.18195],[0.61425,7.17356],[0.6185,7.17015],[0.61539,7.15698],[0.60879,7.1531],[0.60477,7.15281],[0.60616,7.14782],[0.60513,7.14135],[0.60143,7.13519],[0.59675,7.13338],[0.59586,7.12776]]}},{"type":"Feature","properties":{"name":"R\u00e9gion des Plateaux"},"geometry":{"type":"LineString","coordinates":[[1.57737,6.92245],[1.54181,6.89491],[1.45368,6.84301],[1.40263,6.85508],[1.3461,6.82672],[1.27524,6.75956],[1.24258,6.73859],[1.2406,6.73602],[1.22601,6.74115],[1.20596,6.757],[1.1938,6.76726],[1.18712,6.77269],[1.17694,6.7745],[1.16463,6.78537],[1.15338,6.79246],[1.1363,6.80371],[1.1252,6.81002],[1.11722,6.82183],[0.89472,6.79491],[0.89558,6.68266],[0.86485,6.63421],[0.83541,6.60176],[0.75477,6.53091],[0.71696,6.51765]]}},{"type":"Feature","properties":{"name":"R\u00e9gion des Plateaux"},"geometry":{"type":"LineString","coordinates":[[1.57785,6.92484],[1.57737,6.92245]]}},{"type":"Feature","properties":{"name":"R\u00e9gion des Plateaux"},"geometry":{"type":"LineString","coordinates":[[1.55917,6.99718],[1.56277,6.97026],[1.57672,6.94246],[1.57994,6.9416],[1.58063,6.93984],[1.57785,6.92484]]}},{"type":"Feature","properties":{"name":"R\u00e9gion des Plateaux"},"geometry":{"type":"LineString","coordinates":[[1.65469,7.53006],[1.65028,7.50444],[1.65,7.47222],[1.64444,7.44222],[1.64417,7.40806],[1.645,7.31694],[1.62528,6.99611],[1.55917,6.99718]]}},{"type":"Feature","properties":{"name":"R\u00e9gion des Plateaux"},"geometry":{"type":"LineString","coordinates":[[1.64139,7.63639],[1.64417,7.615],[1.64861,7.5925],[1.65083,7.54778],[1.65469,7.53006]]}},{"type":"Feature","properties":{"name":"R\u00e9gion des Plateaux"},"geometry":{"type":"LineString","coordinates":[[1.63722,8.06528],[1.63889,7.84278],[1.64417,7.80778],[1.64361,7.77139],[1.63917,7.75639],[1.64139,7.63639]]}},{"type":"Feature","properties":{"name":"R\u00e9gion des Plateaux"},"geometry":{"type":"LineString","coordinates":[[1.63604,8.19221],[1.63722,8.06528]]}},{"type":"Feature","properties":{"name":"R\u00e9gion des Plateaux"},"geometry":{"type":"LineString","coordinates":[[1.61306,8.37472],[1.61694,8.36639],[1.63139,8.35972],[1.63472,8.35694],[1.63604,8.19221]]}},{"type":"Feature","properties":{"name":"R\u00e9gion des Plateaux"},"geometry":{"type":"LineString","coordinates":[[0.62061,7.90569],[0.62128,7.90136]]}},{"type":"Feature","properties":{"name":"R\u00e9gion Maritime"},"geometry":{"type":"LineString","coordinates":[[1.75803,6.45959],[1.75299,6.45429],[1.756,6.44293],[1.76553,6.43823],[1.76833,6.43059],[1.77317,6.43],[1.77884,6.42525],[1.77563,6.42194],[1.77268,6.42524],[1.77073,6.42406],[1.76766,6.41476],[1.76348,6.41077],[1.7666,6.40562],[1.77618,6.40609],[1.76973,6.40073],[1.76786,6.39532],[1.773,6.3931],[1.77491,6.38468],[1.78489,6.38216],[1.78224,6.36992],[1.78659,6.35017],[1.77968,6.34405],[1.78743,6.33969],[1.78382,6.33484],[1.78424,6.33248],[1.78683,6.332],[1.79175,6.33379],[1.79114,6.32697],[1.79591,6.32339],[1.79664,6.32056],[1.79497,6.31083],[1.78816,6.30918],[1.78781,6.30764],[1.79342,6.30466],[1.79324,6.29783],[1.803,6.29402],[1.80873,6.28868]]}},{"type":"Feature","properties":{"name":"R\u00e9gion Maritime"},"geometry":{"type":"LineString","coordinates":[[1.69764,6.55523],[1.69486,6.54444],[1.70095,6.5362],[1.70137,6.53271],[1.70095,6.52937],[1.70011,6.5238],[1.70165,6.51237],[1.6951,6.51892],[1.69217,6.51739],[1.6951,6.50833],[1.69691,6.50304],[1.7029,6.50401],[1.70332,6.49858],[1.70778,6.49914],[1.71297,6.50413],[1.71738,6.49883],[1.71782,6.49302],[1.72062,6.49162],[1.72519,6.49157],[1.7267,6.48822],[1.73122,6.48744],[1.73826,6.48649],[1.73781,6.48336],[1.73117,6.47711],[1.73256,6.47577],[1.73647,6.47627],[1.73843,6.47845],[1.74753,6.47314],[1.75306,6.4737],[1.75155,6.46946],[1.74887,6.46784],[1.74719,6.46281],[1.75803,6.45959]]}},{"type":"Feature","properties":{"name":"R\u00e9gion Maritime"},"geometry":{"type":"LineString","coordinates":[[1.64452,6.58704],[1.64854,6.58178],[1.65461,6.57499],[1.66425,6.58097],[1.66723,6.57732],[1.66166,6.57428],[1.66059,6.56883],[1.66889,6.56451],[1.66969,6.55674],[1.67398,6.55567],[1.68237,6.56361],[1.68968,6.55272],[1.69421,6.55512],[1.69764,6.55523]]}},{"type":"Feature","properties":{"name":"R\u00e9gion Maritime"},"geometry":{"type":"LineString","coordinates":[[1.57544,6.69128],[1.58293,6.68396],[1.58807,6.68525],[1.58941,6.6792],[1.59075,6.67455],[1.59869,6.67072],[1.60762,6.66001],[1.60601,6.65519],[1.61395,6.65295],[1.6152,6.64796],[1.60699,6.64501],[1.60257,6.63635],[1.60625,6.63028],[1.60525,6.62466],[1.61194,6.62413],[1.6131,6.61136],[1.62617,6.60296],[1.63121,6.60302],[1.63677,6.59927],[1.64131,6.58972],[1.64452,6.58704]]}},{"type":"Feature","properties":{"name":"R\u00e9gion Maritime"},"geometry":{"type":"LineString","coordinates":[[1.60812,6.73357],[1.60012,6.72237],[1.59579,6.72205],[1.5945,6.73008],[1.5908,6.72125],[1.58986,6.70944],[1.59112,6.70084],[1.5847,6.69537],[1.58061,6.69091],[1.57544,6.69128]]}},{"type":"Feature","properties":{"name":"R\u00e9gion Maritime"},"geometry":{"type":"LineString","coordinates":[[1.62247,6.74224],[1.60812,6.73357]]}},{"type":"Feature","properties":{"name":"R\u00e9gion Maritime"},"geometry":{"type":"LineString","coordinates":[[1.59718,6.86585],[1.60061,6.84853],[1.59931,6.83445],[1.60069,6.82889],[1.60542,6.82695],[1.61114,6.82228],[1.59983,6.81457],[1.59458,6.80445],[1.59684,6.79743],[1.61178,6.79397],[1.61382,6.78595],[1.61068,6.76803],[1.6253,6.76111],[1.61838,6.75671],[1.61555,6.74979],[1.62121,6.74617],[1.62247,6.74224]]}},{"type":"Feature","properties":{"name":"R\u00e9gion Maritime"},"geometry":{"type":"LineString","coordinates":[[1.57737,6.92245],[1.58337,6.91162],[1.58746,6.9088],[1.60232,6.90523],[1.60636,6.90428],[1.60301,6.88883],[1.60598,6.88544],[1.60686,6.87787],[1.60314,6.8738],[1.59735,6.86924],[1.59718,6.86585]]}},{"type":"Feature","properties":{"name":"R\u00e9gion Maritime"},"geometry":{"type":"LineString","coordinates":[[1.19963,6.11236],[1.21194,6.11693]]}},{"type":"Feature","properties":{"name":"R\u00e9gion Maritime"},"geometry":{"type":"LineString","coordinates":[[1.21194,6.11693],[1.22263,6.12058]]}},{"type":"Feature","properties":{"name":"R\u00e9gion Maritime"},"geometry":{"type":"LineString","coordinates":[[1.22263,6.12058],[1.22692,6.12204]]}},{"type":"Feature","properties":{"name":"R\u00e9gion Maritime"},"geometry":{"type":"LineString","coordinates":[[1.22692,6.12204],[1.22997,6.12332]]}},{"type":"Feature","properties":{"name":"R\u00e9gion Maritime"},"geometry":{"type":"LineString","coordinates":[[1.22997,6.12332],[1.23842,6.12567]]}},{"type":"Feature","properties":{"name":"R\u00e9gion Maritime"},"geometry":{"type":"LineString","coordinates":[[1.23842,6.12567],[1.24933,6.12846]]}},{"type":"Feature","properties":{"name":"R\u00e9gion Maritime"},"geometry":{"type":"LineString","coordinates":[[1.24933,6.12846],[1.26205,6.13149]]}},{"type":"Feature","properties":{"name":"R\u00e9gion Maritime"},"geometry":{"type":"LineString","coordinates":[[1.26205,6.13149],[1.26899,6.13187]]}},{"type":"Feature","properties":{"name":"R\u00e9gion Maritime"},"geometry":{"type":"LineString","coordinates":[[1.26899,6.13187],[1.2877,6.13278]]}},{"type":"Feature","properties":{"name":"R\u00e9gion Maritime"},"geometry":{"type":"LineString","coordinates":[[1.2877,6.13278],[1.29203,6.13391],[1.29205,6.13413]]}},{"type":"Feature","properties":{"name":"R\u00e9gion Maritime"},"geometry":{"type":"LineString","coordinates":[[1.29205,6.13413],[1.29021,6.13734]]}},{"type":"Feature","properties":{"name":"R\u00e9gion Maritime"},"geometry":{"type":"LineString","coordinates":[[1.29021,6.13734],[1.29044,6.14481]]}},{"type":"Feature","properties":{"name":"R\u00e9gion Maritime"},"geometry":{"type":"LineString","coordinates":[[1.29044,6.14481],[1.29505,6.14908],[1.30567,6.15203]]}},{"type":"Feature","properties":{"name":"R\u00e9gion Maritime"},"geometry":{"type":"LineString","coordinates":[[1.30567,6.15203],[1.31051,6.15238],[1.32916,6.16082],[1.41937,6.18778],[1.49248,6.20557],[1.52379,6.20991],[1.55821,6.2197],[1.59428,6.22545],[1.60677,6.22985]]}},{"type":"Feature","properties":{"name":"R\u00e9gion Maritime"},"geometry":{"type":"LineString","coordinates":[[1.60677,6.22985],[1.61054,6.2318]]}},{"type":"Feature","properties":{"name":"R\u00e9gion Maritime"},"geometry":{"type":"LineString","coordinates":[[1.61054,6.2318],[1.6288,6.23514]]}},{"type":"Feature","properties":{"name":"R\u00e9gion Maritime"},"geometry":{"type":"LineString","coordinates":[[1.62955,6.24162],[1.6288,6.23514]]}},{"type":"Feature","properties":{"name":"R\u00e9gion Maritime"},"geometry":{"type":"LineString","coordinates":[[1.76666,6.27636],[1.76688,6.2729],[1.764,6.27501],[1.75801,6.27251],[1.7473,6.27319],[1.74282,6.2676],[1.7368,6.26762],[1.72964,6.26304],[1.72298,6.26417],[1.71443,6.25963],[1.70781,6.2612],[1.69868,6.26021],[1.68809,6.25425],[1.68131,6.25666],[1.67214,6.25076],[1.66426,6.25305],[1.65975,6.24904],[1.65088,6.24962],[1.64427,6.24445],[1.63564,6.24792],[1.63146,6.2422],[1.62955,6.24162]]}},{"type":"Feature","properties":{"name":"R\u00e9gion Maritime"},"geometry":{"type":"LineString","coordinates":[[1.80873,6.28868],[1.80816,6.28655],[1.805,6.28607],[1.80371,6.28406],[1.80263,6.28725],[1.80008,6.28739],[1.7997,6.28461],[1.79728,6.28452],[1.79584,6.2803],[1.7937,6.28184],[1.78992,6.28008],[1.78836,6.28142],[1.78848,6.28421],[1.78234,6.28424],[1.7818,6.28823],[1.77708,6.28599],[1.77515,6.28127],[1.77065,6.28363],[1.77168,6.28127],[1.76947,6.27794],[1.7746,6.2773],[1.77002,6.27638],[1.76718,6.27782],[1.76666,6.27636]]}},{"type":"Feature","properties":{"name":"Northern Region"},"geometry":{"type":"LineString","coordinates":[[-0.14497,8.28621],[-0.14286,8.27666],[-0.14275,8.27213]]}},{"type":"Feature","properties":{"name":"Northern Region"},"geometry":{"type":"LineString","coordinates":[[-0.14601,8.28741],[-0.14497,8.28621]]}},{"type":"Feature","properties":{"name":"Northern Region"},"geometry":{"type":"LineString","coordinates":[[-0.30366,8.35708],[-0.30615,8.35845],[-0.30887,8.35649],[-0.31968,8.34375],[-0.32623,8.34196],[-0.32652,8.33803],[-0.32117,8.33151],[-0.31391,8.32712],[-0.3072,8.32023],[-0.30006,8.31879],[-0.28533,8.32166],[-0.2746,8.32035],[-0.26626,8.3274],[-0.26193,8.33675],[-0.24691,8.3342],[-0.24168,8.34159],[-0.23731,8.34289],[-0.23166,8.33942],[-0.21997,8.33789],[-0.21616,8.33917],[-0.20954,8.35061],[-0.19516,8.34784],[-0.19189,8.35156],[-0.18919,8.35711],[-0.18635,8.3566],[-0.18343,8.33582],[-0.17423,8.32453],[-0.16558,8.31336],[-0.16333,8.30995],[-0.15641,8.29337],[-0.14601,8.28741]]}},{"type":"Feature","properties":{"name":"Northern Region"},"geometry":{"type":"LineString","coordinates":[[-0.23818,8.39941],[-0.24451,8.38665],[-0.24951,8.37947],[-0.25051,8.36294],[-0.25525,8.35023],[-0.26817,8.35084],[-0.28145,8.35371],[-0.3005,8.35369],[-0.30366,8.35708]]}},{"type":"Feature","properties":{"name":"Northern Region"},"geometry":{"type":"LineString","coordinates":[[-0.21892,8.45552],[-0.22237,8.43731],[-0.22669,8.42669],[-0.23699,8.40589],[-0.23818,8.39941]]}},{"type":"Feature","properties":{"name":"Northern Region"},"geometry":{"type":"LineString","coordinates":[[-0.21303,8.46819],[-0.21719,8.47053],[-0.21755,8.47426],[-0.22059,8.47512],[-0.22981,8.47529],[-0.24263,8.46937],[-0.2326,8.45733],[-0.22457,8.45673],[-0.21892,8.45552]]}},{"type":"Feature","properties":{"name":"Northern Region"},"geometry":{"type":"LineString","coordinates":[[-0.19507,8.48334],[-0.20215,8.48226],[-0.20868,8.48714],[-0.21165,8.48522],[-0.21303,8.46819]]}},{"type":"Feature","properties":{"name":"Northern Region"},"geometry":{"type":"LineString","coordinates":[[-0.20061,8.51496],[-0.20561,8.49628],[-0.20758,8.49402],[-0.19507,8.48334]]}},{"type":"Feature","properties":{"name":"Northern Region"},"geometry":{"type":"LineString","coordinates":[[-0.19758,8.54711],[-0.20566,8.54064],[-0.20692,8.53241],[-0.2054,8.5247],[-0.20017,8.52339],[-0.19964,8.52077],[-0.20192,8.51569],[-0.20061,8.51496]]}},{"type":"Feature","properties":{"name":"Northern Region"},"geometry":{"type":"LineString","coordinates":[[-0.35806,8.59032],[-0.36068,8.58792],[-0.36329,8.58079],[-0.35233,8.57022],[-0.34653,8.57036],[-0.34381,8.56809],[-0.34579,8.56548],[-0.34955,8.56232],[-0.34804,8.55433],[-0.3415,8.54431],[-0.33579,8.53646],[-0.33549,8.53118],[-0.33457,8.53152],[-0.33281,8.53381],[-0.3233,8.53184],[-0.31717,8.53566],[-0.31669,8.53314],[-0.3133,8.53222],[-0.31307,8.5278],[-0.31174,8.5278],[-0.31013,8.53937],[-0.30512,8.53804],[-0.30428,8.53536],[-0.2977,8.54747],[-0.29338,8.54714],[-0.29647,8.54392],[-0.29857,8.54362],[-0.29653,8.54151],[-0.28831,8.54475],[-0.28666,8.54977],[-0.2829,8.54977],[-0.28272,8.55296],[-0.27716,8.55765],[-0.27386,8.5562],[-0.269,8.55039],[-0.26915,8.54263],[-0.26501,8.54716],[-0.26022,8.54679],[-0.26041,8.55262],[-0.25696,8.55562],[-0.25313,8.5557],[-0.24881,8.55785],[-0.24506,8.55614],[-0.24372,8.55773],[-0.23764,8.55967],[-0.23692,8.56869],[-0.23357,8.57176],[-0.2279,8.567],[-0.22218,8.56957],[-0.22067,8.561],[-0.21359,8.5525],[-0.19761,8.55318],[-0.19608,8.54983],[-0.19758,8.54711]]}},{"type":"Feature","properties":{"name":"Northern Region"},"geometry":{"type":"LineString","coordinates":[[-0.48587,8.68402],[-0.48349,8.68155],[-0.47881,8.68315],[-0.47472,8.68183],[-0.47063,8.67589],[-0.46908,8.67161],[-0.4639,8.67272],[-0.46423,8.67455],[-0.46015,8.67528],[-0.46013,8.67846],[-0.45865,8.67826],[-0.45238,8.67419],[-0.44636,8.66216],[-0.44014,8.6639],[-0.43842,8.65866],[-0.43489,8.65758],[-0.43254,8.65839],[-0.43623,8.64746],[-0.43472,8.64084],[-0.43046,8.64347],[-0.42404,8.65017],[-0.41757,8.64794],[-0.41988,8.64195],[-0.41276,8.62539],[-0.41512,8.61913],[-0.41444,8.61487],[-0.41695,8.61271],[-0.41485,8.60757],[-0.41218,8.60963],[-0.40914,8.60708],[-0.4096,8.60314],[-0.41157,8.6001],[-0.40942,8.59831],[-0.40686,8.59874],[-0.4061,8.60134],[-0.40399,8.60174],[-0.40413,8.60404],[-0.40059,8.60534],[-0.39781,8.59546],[-0.39497,8.59338],[-0.3888,8.5948],[-0.38345,8.59253],[-0.37901,8.59328],[-0.37706,8.59553],[-0.37891,8.59717],[-0.37331,8.5982],[-0.37332,8.58777],[-0.37158,8.58751],[-0.36422,8.59586],[-0.36132,8.59945],[-0.35824,8.59958],[-0.3575,8.59765],[-0.35868,8.59439],[-0.35806,8.59032]]}},{"type":"Feature","properties":{"name":"Northern Region"},"geometry":{"type":"LineString","coordinates":[[-0.19536,8.97365],[-0.19651,8.95966],[-0.19936,8.95719],[-0.19807,8.95116],[-0.20121,8.94634],[-0.21213,8.94626],[-0.21607,8.94196],[-0.21837,8.94151],[-0.21791,8.93918],[-0.224,8.93466],[-0.22733,8.93842],[-0.23358,8.93655],[-0.23403,8.94055],[-0.23621,8.93955],[-0.23679,8.93783],[-0.23824,8.93796],[-0.2403,8.93129],[-0.24193,8.92987],[-0.24029,8.92899],[-0.23939,8.9245],[-0.23983,8.92125],[-0.23637,8.91926],[-0.24142,8.91812],[-0.24363,8.9199],[-0.24843,8.91632],[-0.24343,8.91031],[-0.24466,8.90799],[-0.25314,8.90465],[-0.25336,8.90192],[-0.25552,8.90087],[-0.26261,8.89995],[-0.26426,8.90262],[-0.26617,8.90096],[-0.27311,8.90279],[-0.27494,8.89944],[-0.28094,8.90066],[-0.28156,8.89839],[-0.27852,8.8989],[-0.27945,8.8957],[-0.28848,8.89114],[-0.28816,8.88777],[-0.2916,8.88525],[-0.29374,8.88802],[-0.29651,8.88817],[-0.29715,8.88639],[-0.30311,8.88415],[-0.30236,8.87786],[-0.2948,8.86638],[-0.29628,8.86442],[-0.30015,8.86451],[-0.29863,8.86256],[-0.29989,8.85879],[-0.31266,8.85826],[-0.3194,8.86141],[-0.32517,8.86169],[-0.32753,8.8629],[-0.33123,8.85886],[-0.33359,8.86643],[-0.34003,8.86721],[-0.34413,8.86209],[-0.34194,8.86087],[-0.34241,8.86296],[-0.34091,8.8629],[-0.33938,8.86093],[-0.34004,8.85668],[-0.34476,8.85486],[-0.34256,8.84979],[-0.34261,8.84585],[-0.33803,8.8446],[-0.33705,8.83925],[-0.33334,8.83649],[-0.32474,8.83604],[-0.32134,8.83182],[-0.31989,8.81858],[-0.31559,8.81666],[-0.30819,8.82052],[-0.30308,8.81798],[-0.2991,8.81863],[-0.29528,8.81032],[-0.29922,8.80918],[-0.29731,8.80558],[-0.30073,8.80237],[-0.3005,8.79732],[-0.30334,8.79845],[-0.30348,8.79466],[-0.30596,8.79451],[-0.30452,8.78697],[-0.30569,8.78421],[-0.30966,8.785],[-0.30761,8.77593],[-0.30923,8.77179],[-0.30783,8.76941],[-0.31003,8.76496],[-0.31149,8.76719],[-0.31424,8.76625],[-0.31585,8.75002],[-0.32711,8.74405],[-0.33061,8.74332],[-0.33297,8.74678],[-0.3354,8.74832],[-0.33541,8.75134],[-0.3382,8.75485],[-0.34499,8.75684],[-0.34694,8.75788],[-0.35455,8.75357],[-0.35931,8.7477],[-0.36718,8.74267],[-0.37309,8.74246],[-0.374,8.74113],[-0.37566,8.74222],[-0.37566,8.73612],[-0.37338,8.73383],[-0.37208,8.73803],[-0.36962,8.73944],[-0.36615,8.7338],[-0.36918,8.72508],[-0.36922,8.72169],[-0.37628,8.7242],[-0.38396,8.72349],[-0.3811,8.71058],[-0.38447,8.71072],[-0.38646,8.70811],[-0.38735,8.71122],[-0.39322,8.71112],[-0.3978,8.7126],[-0.4074,8.70789],[-0.40656,8.7147],[-0.40836,8.7154],[-0.4089,8.71133],[-0.41286,8.70839],[-0.41469,8.71961],[-0.41039,8.72286],[-0.41244,8.72664],[-0.41176,8.72915],[-0.40882,8.72852],[-0.40866,8.73176],[-0.41201,8.73369],[-0.42384,8.73056],[-0.43214,8.72757],[-0.43186,8.71661],[-0.43822,8.72084],[-0.44025,8.72457],[-0.44759,8.72941],[-0.44902,8.72667],[-0.45783,8.72118],[-0.46621,8.72669],[-0.47276,8.73407],[-0.48331,8.72856],[-0.48767,8.7226],[-0.48786,8.71854],[-0.49117,8.71145],[-0.48869,8.70719],[-0.49095,8.70599],[-0.49285,8.70634],[-0.49323,8.7042],[-0.48736,8.70401],[-0.48457,8.70179],[-0.48626,8.69705],[-0.48587,8.68402]]}},{"type":"Feature","properties":{"name":"Northern Region"},"geometry":{"type":"LineString","coordinates":[[-0.19514,8.97456],[-0.19536,8.97365]]}},{"type":"Feature","properties":{"name":"Northern Region"},"geometry":{"type":"LineString","coordinates":[[-0.20904,9.02722],[-0.20967,9.01888],[-0.21118,9.01693],[-0.20979,9.01238],[-0.21229,9.0117],[-0.2072,9.00637],[-0.20391,9.00444],[-0.20559,8.99774],[-0.20326,8.99901],[-0.2015,8.99257],[-0.19876,8.98927],[-0.19514,8.97456]]}},{"type":"Feature","properties":{"name":"Northern Region"},"geometry":{"type":"LineString","coordinates":[[-0.21728,9.0358],[-0.21748,9.02967],[-0.20904,9.02722]]}},{"type":"Feature","properties":{"name":"Northern Region"},"geometry":{"type":"LineString","coordinates":[[-0.20266,9.10916],[-0.20747,9.10418],[-0.20776,9.10047],[-0.20636,9.0949],[-0.20953,9.09378],[-0.20857,9.08835],[-0.21005,9.08635],[-0.20843,9.08206],[-0.21282,9.07882],[-0.21093,9.0724],[-0.2083,9.07121],[-0.20714,9.06747],[-0.20399,9.06242],[-0.20753,9.05891],[-0.20891,9.05543],[-0.21274,9.05478],[-0.21313,9.05114],[-0.21142,9.04627],[-0.21728,9.0358]]}},{"type":"Feature","properties":{"name":"Northern Region"},"geometry":{"type":"LineString","coordinates":[[-0.30955,9.19354],[-0.3109,9.19169],[-0.30864,9.1902],[-0.31057,9.18822],[-0.30849,9.18804],[-0.30936,9.1861],[-0.30799,9.18078],[-0.30251,9.18035],[-0.30245,9.17889],[-0.29712,9.17719],[-0.29644,9.17543],[-0.29419,9.17622],[-0.29391,9.16696],[-0.29168,9.16482],[-0.2911,9.16048],[-0.28947,9.15976],[-0.2902,9.15474],[-0.2867,9.15504],[-0.28485,9.14954],[-0.28667,9.14955],[-0.2872,9.14786],[-0.28495,9.14577],[-0.28184,9.1455],[-0.28386,9.14209],[-0.28193,9.13746],[-0.27615,9.13614],[-0.27495,9.13381],[-0.27168,9.13301],[-0.26944,9.12896],[-0.26634,9.13235],[-0.26488,9.1296],[-0.26142,9.13023],[-0.25689,9.12484],[-0.25347,9.12877],[-0.25062,9.12929],[-0.2503,9.12677],[-0.2471,9.12532],[-0.24739,9.12307],[-0.24398,9.12136],[-0.24232,9.12112],[-0.24096,9.12326],[-0.23854,9.12195],[-0.23701,9.12315],[-0.23401,9.12072],[-0.2305,9.12378],[-0.22639,9.12231],[-0.22549,9.12056],[-0.22332,9.12111],[-0.22404,9.11906],[-0.22178,9.11665],[-0.22303,9.11435],[-0.22157,9.11177],[-0.21905,9.11127],[-0.21842,9.1083],[-0.2099,9.11101],[-0.20266,9.10916]]}},{"type":"Feature","properties":{"name":"Northern Region"},"geometry":{"type":"LineString","coordinates":[[-0.31707,9.19711],[-0.30955,9.19354]]}},{"type":"Feature","properties":{"name":"Northern Region"},"geometry":{"type":"LineString","coordinates":[[-0.56227,9.28632],[-0.55212,9.28388],[-0.5434,9.27519],[-0.54077,9.27689],[-0.53372,9.27566],[-0.52136,9.28197],[-0.51844,9.28122],[-0.51063,9.27188],[-0.51142,9.26422],[-0.50637,9.25845],[-0.50248,9.25754],[-0.48846,9.24922],[-0.48332,9.25049],[-0.47791,9.24864],[-0.46848,9.24237],[-0.46085,9.24143],[-0.44205,9.23304],[-0.43368,9.22916],[-0.4256,9.22258],[-0.41868,9.2229],[-0.38913,9.23483],[-0.37791,9.22802],[-0.35804,9.22313],[-0.35239,9.21741],[-0.34232,9.21377],[-0.33976,9.21107],[-0.3314,9.20983],[-0.32682,9.21064],[-0.32392,9.20925],[-0.31707,9.19711]]}},{"type":"Feature","properties":{"name":"Northern Region"},"geometry":{"type":"LineString","coordinates":[[-0.59735,9.32589],[-0.59359,9.32789],[-0.58211,9.31904],[-0.57636,9.30934],[-0.5663,9.28828],[-0.56227,9.28632]]}},{"type":"Feature","properties":{"name":"Northern Region"},"geometry":{"type":"LineString","coordinates":[[-0.59735,9.32589],[-0.59882,9.32387],[-0.6047,9.32286],[-0.60491,9.3207],[-0.60699,9.31963],[-0.60673,9.31704],[-0.61027,9.31557],[-0.61045,9.3113],[-0.61403,9.31322],[-0.6275,9.30715],[-0.63439,9.30873]]}},{"type":"Feature","properties":{"name":"Northern Region"},"geometry":{"type":"LineString","coordinates":[[-0.63583,9.3182],[-0.63365,9.31767],[-0.63281,9.31531],[-0.63452,9.31366],[-0.63631,9.31368],[-0.63508,9.31128],[-0.63627,9.31023],[-0.63439,9.30873]]}},{"type":"Feature","properties":{"name":"Northern Region"},"geometry":{"type":"LineString","coordinates":[[-0.68616,9.32555],[-0.68061,9.32493],[-0.67096,9.32069],[-0.66741,9.32132],[-0.66767,9.31951],[-0.6656,9.31845],[-0.65701,9.31809],[-0.65375,9.31525],[-0.6445,9.31567],[-0.63912,9.3185],[-0.63583,9.3182]]}},{"type":"Feature","properties":{"name":"Northern Region"},"geometry":{"type":"LineString","coordinates":[[-0.68616,9.32555],[-0.68824,9.31144],[-0.69474,9.31469],[-0.71489,9.32593],[-0.71772,9.31725],[-0.71779,9.31363],[-0.71165,9.30585],[-0.71133,9.30069],[-0.7143,9.29567],[-0.71057,9.29016],[-0.70573,9.28935],[-0.697,9.28463],[-0.6982,9.28203],[-0.69464,9.27835],[-0.69732,9.27879],[-0.70028,9.28337],[-0.70907,9.28725],[-0.71146,9.28646],[-0.71785,9.28825],[-0.72448,9.2882],[-0.72758,9.29149],[-0.73208,9.29003],[-0.73725,9.29203],[-0.74633,9.29248],[-0.74796,9.29417],[-0.75499,9.29321],[-0.7612,9.29559]]}},{"type":"Feature","properties":{"name":"Northern Region"},"geometry":{"type":"LineString","coordinates":[[-0.7612,9.29559],[-0.76494,9.29632],[-0.77002,9.30065],[-0.77919,9.30459],[-0.79599,9.30926],[-0.81047,9.31588],[-0.816,9.31278],[-0.82339,9.31109],[-0.83345,9.29739],[-0.84266,9.29968],[-0.84711,9.29874],[-0.84862,9.2969],[-0.85006,9.30104],[-0.84952,9.30442],[-0.86023,9.3064],[-0.87029,9.30615],[-0.87905,9.30176],[-0.88069,9.30237],[-0.8831,9.30974],[-0.88562,9.31024],[-0.89024,9.30818],[-0.9054,9.3051],[-0.93057,9.29882],[-0.93552,9.29623]]}},{"type":"Feature","properties":{"name":"Northern Region"},"geometry":{"type":"LineString","coordinates":[[-0.93552,9.29623],[-0.95515,9.30054],[-0.96017,9.30493],[-0.96109,9.31484],[-0.96286,9.32617],[-0.96257,9.33474]]}},{"type":"Feature","properties":{"name":"Northern Region"},"geometry":{"type":"LineString","coordinates":[[-0.96257,9.33474],[-0.96938,9.33427],[-0.97683,9.33607],[-0.97945,9.33336],[-0.98927,9.32883],[-0.99657,9.32855],[-1.00573,9.32143],[-1.01132,9.3159],[-1.02075,9.31389],[-1.01373,9.32978],[-1.02133,9.33263],[-1.02492,9.33745],[-1.03108,9.34165],[-1.04074,9.34479],[-1.05083,9.33683]]}},{"type":"Feature","properties":{"name":"Northern Region"},"geometry":{"type":"LineString","coordinates":[[-1.05083,9.33683],[-1.05092,9.33665]]}},{"type":"Feature","properties":{"name":"Northern Region"},"geometry":{"type":"LineString","coordinates":[[-1.05092,9.33665],[-1.05407,9.33523],[-1.05357,9.33404],[-1.05489,9.33287],[-1.05322,9.33294],[-1.05357,9.33101],[-1.05643,9.32997],[-1.05769,9.32777],[-1.06009,9.32685],[-1.06232,9.32794],[-1.06267,9.32635],[-1.06571,9.32535],[-1.06632,9.32786],[-1.0753,9.32527],[-1.07697,9.32631],[-1.07697,9.32315],[-1.08161,9.32235],[-1.0829,9.3197],[-1.08508,9.3204],[-1.08579,9.31888],[-1.08985,9.31902],[-1.09103,9.31739]]}},{"type":"Feature","properties":{"name":"Northern Region"},"geometry":{"type":"LineString","coordinates":[[-1.09103,9.31739],[-1.09104,9.31729]]}},{"type":"Feature","properties":{"name":"Northern Region"},"geometry":{"type":"LineString","coordinates":[[-1.09104,9.31729],[-1.09543,9.31535],[-1.09661,9.31307],[-1.09591,9.31161],[-1.09818,9.31224],[-1.09756,9.31104],[-1.09911,9.30933]]}},{"type":"Feature","properties":{"name":"Northern Region"},"geometry":{"type":"LineString","coordinates":[[-1.09911,9.30933],[-1.10531,9.30911],[-1.10644,9.30812],[-1.10642,9.31112],[-1.10816,9.31096],[-1.10718,9.31231],[-1.1091,9.31213],[-1.10926,9.31448],[-1.11247,9.31437],[-1.11698,9.31731],[-1.11824,9.31594],[-1.12055,9.31839],[-1.1283,9.31714],[-1.13026,9.31993],[-1.13201,9.31768],[-1.14217,9.3187],[-1.14309,9.31777],[-1.14576,9.32018],[-1.16648,9.3179],[-1.1648,9.32101],[-1.16848,9.32006],[-1.16909,9.3215],[-1.17195,9.31997],[-1.17301,9.3199],[-1.17907,9.31462],[-1.1791,9.31302],[-1.1828,9.31195],[-1.18441,9.30971],[-1.18544,9.31121],[-1.18686,9.31032],[-1.18817,9.31176],[-1.18966,9.30938],[-1.19318,9.30891],[-1.19376,9.30716],[-1.19635,9.3081],[-1.19697,9.30382],[-1.22653,9.29087],[-1.2307,9.29027]]}},{"type":"Feature","properties":{"name":"Northern Region"},"geometry":{"type":"LineString","coordinates":[[-1.2307,9.29027],[-1.24175,9.286]]}},{"type":"Feature","properties":{"name":"Northern Region"},"geometry":{"type":"LineString","coordinates":[[-1.24412,9.41107],[-1.24429,9.39995],[-1.24633,9.39673],[-1.24599,9.38581],[-1.24802,9.38157],[-1.24919,9.38165],[-1.25127,9.37179],[-1.25454,9.36888],[-1.25392,9.36421],[-1.25816,9.36057],[-1.25534,9.35709],[-1.25484,9.35235],[-1.258,9.35206],[-1.2649,9.34169],[-1.26085,9.33131],[-1.26561,9.33316],[-1.26873,9.33255],[-1.269,9.33052],[-1.26758,9.32675],[-1.25882,9.31939],[-1.25785,9.31401],[-1.25486,9.31018],[-1.25758,9.31031],[-1.25692,9.30783],[-1.25301,9.30123],[-1.24192,9.28991],[-1.24175,9.286]]}},{"type":"Feature","properties":{"name":"Northern Region"},"geometry":{"type":"LineString","coordinates":[[-1.24412,9.41107],[-1.24614,9.42202],[-1.2546,9.43873],[-1.27029,9.48304],[-1.28488,9.51318],[-1.2916,9.51869],[-1.29553,9.51955],[-1.30186,9.52831],[-1.31175,9.5382],[-1.31163,9.54359],[-1.31394,9.54889],[-1.36385,9.59972]]}},{"type":"Feature","properties":{"name":"Northern Region"},"geometry":{"type":"LineString","coordinates":[[-1.31436,9.65336],[-1.32076,9.64458],[-1.32827,9.64493],[-1.33074,9.64194],[-1.32776,9.63509],[-1.32983,9.63317],[-1.34883,9.62502],[-1.36321,9.61677],[-1.37318,9.61166],[-1.3714,9.60686],[-1.364,9.60151],[-1.36385,9.59972]]}},{"type":"Feature","properties":{"name":"Northern Region"},"geometry":{"type":"LineString","coordinates":[[-1.31436,9.65336],[-1.32115,9.65467],[-1.32209,9.65645],[-1.32282,9.65542],[-1.32512,9.65624],[-1.32235,9.65926],[-1.32408,9.66297],[-1.32125,9.66317],[-1.31909,9.6673],[-1.32093,9.66925],[-1.31927,9.6707],[-1.32069,9.67974],[-1.31971,9.68453],[-1.32482,9.689],[-1.32539,9.69819],[-1.3301,9.69867],[-1.33418,9.70393],[-1.33887,9.70628],[-1.34003,9.71437],[-1.3447,9.71628],[-1.34631,9.72377],[-1.35004,9.72985],[-1.34673,9.73389],[-1.34683,9.73755],[-1.34877,9.74038],[-1.34747,9.74273],[-1.34948,9.74625],[-1.34539,9.74907],[-1.34627,9.75507],[-1.35077,9.76646],[-1.34779,9.77769],[-1.34895,9.80221],[-1.34671,9.80644],[-1.34424,9.80749],[-1.32859,9.80811],[-1.32415,9.80058],[-1.3207,9.7994],[-1.30849,9.80131],[-1.31402,9.80711],[-1.31311,9.81109],[-1.31395,9.8164],[-1.30734,9.82286],[-1.30919,9.81776],[-1.30359,9.81063],[-1.29642,9.80869],[-1.29513,9.80627],[-1.28452,9.80162],[-1.27379,9.80197],[-1.26954,9.80448],[-1.2692,9.80741],[-1.26369,9.81667],[-1.25776,9.82445]]}},{"type":"Feature","properties":{"name":"Northern Region"},"geometry":{"type":"LineString","coordinates":[[-1.25776,9.82445],[-1.25189,9.82365],[-1.2411,9.82822],[-1.23398,9.8267],[-1.22844,9.81778],[-1.22326,9.81364],[-1.21795,9.81189],[-1.21623,9.80058],[-1.2137,9.799],[-1.20662,9.79637],[-1.19495,9.796],[-1.18966,9.80012],[-1.18651,9.80024],[-1.17432,9.7898]]}},{"type":"Feature","properties":{"name":"Northern Region"},"geometry":{"type":"LineString","coordinates":[[-1.18155,9.90115],[-1.18036,9.894],[-1.17661,9.89175],[-1.17172,9.87927],[-1.16465,9.87508],[-1.16223,9.87035],[-1.16302,9.86766],[-1.16036,9.86266],[-1.16011,9.85638],[-1.1628,9.85148],[-1.16137,9.84911],[-1.16189,9.84546],[-1.16538,9.8406],[-1.16414,9.83716],[-1.16846,9.83258],[-1.16837,9.82905],[-1.17184,9.82746],[-1.17333,9.82048],[-1.17062,9.81797],[-1.17066,9.81515],[-1.16907,9.81447],[-1.17401,9.80777],[-1.1741,9.80003],[-1.17216,9.79797],[-1.17432,9.7898]]}},{"type":"Feature","properties":{"name":"Northern Region"},"geometry":{"type":"LineString","coordinates":[[-1.18155,9.90115],[-1.17708,9.93019],[-1.17847,9.94967]]}},{"type":"Feature","properties":{"name":"Northern Region"},"geometry":{"type":"LineString","coordinates":[[-1.17847,9.94967],[-1.16214,9.95196],[-1.15393,9.94844],[-1.13471,9.93392],[-1.12647,9.92944],[-1.12165,9.92914],[-1.11977,9.9272],[-1.10766,9.92731]]}},{"type":"Feature","properties":{"name":"Northern Region"},"geometry":{"type":"LineString","coordinates":[[-1.23496,10.0155],[-1.22439,10.0075],[-1.20853,10.00536],[-1.20291,10.00058],[-1.20264,9.998],[-1.19675,9.99398],[-1.18028,9.99183],[-1.17711,9.9894],[-1.16983,9.98652],[-1.16284,9.98034],[-1.15921,9.98019],[-1.15624,9.97726],[-1.14184,9.97971],[-1.14089,9.97252],[-1.13837,9.96954],[-1.13977,9.96783],[-1.13757,9.96741],[-1.13556,9.96362],[-1.12891,9.96311],[-1.12437,9.95938],[-1.12309,9.95452],[-1.11699,9.94654],[-1.11401,9.93517],[-1.1093,9.93126],[-1.10766,9.92731]]}},{"type":"Feature","properties":{"name":"Northern Region"},"geometry":{"type":"LineString","coordinates":[[-1.23496,10.0155],[-1.24002,10.02616]]}},{"type":"Feature","properties":{"name":"Northern Region"},"geometry":{"type":"LineString","coordinates":[[-1.24002,10.02616],[-1.23616,10.02886],[-1.23698,10.03252],[-1.23977,10.03879],[-1.22723,10.06438],[-1.19604,10.09425],[-1.13884,10.11668],[-1.12366,10.12097],[-1.12659,10.13679],[-1.12834,10.14297],[-1.11999,10.1611],[-1.10693,10.1859],[-1.0921,10.18219],[-1.07143,10.17288],[-1.06616,10.16457],[-1.0578,10.15729]]}},{"type":"Feature","properties":{"name":"Northern Region"},"geometry":{"type":"LineString","coordinates":[[-1.0578,10.15729],[-1.0744,10.15622],[-1.08125,10.15568],[-1.08794,10.15024],[-1.09363,10.1348],[-1.08788,10.12173],[-1.06161,10.11902],[-1.07122,10.10601],[-1.06005,10.10273],[-1.04856,10.10145],[-1.04065,10.09856],[-1.0287,10.09704],[-1.01769,10.0988],[-1.01389,10.09327],[-1.0111,10.08216],[-1.01279,10.07671],[-1.0246,10.07492],[-1.02638,10.05871],[-1.01437,10.03867],[-1.01254,10.02475],[-1.00289,10.01848],[-1.00162,10.01557],[-1.00242,10.00866],[-0.99015,10.0042],[-0.98795,9.99982],[-0.99033,9.99348],[-0.99163,9.98905],[-0.98831,9.98346],[-1.00093,9.97236],[-1.00256,9.96347],[-0.99804,9.95803],[-0.99088,9.94994],[-0.99169,9.94277],[-0.98428,9.94503],[-0.9812,9.94409]]}},{"type":"Feature","properties":{"name":"Northern Region"},"geometry":{"type":"LineString","coordinates":[[-0.97193,9.95621],[-0.98191,9.96274],[-0.98468,9.9598],[-0.98406,9.94894],[-0.9812,9.94409]]}},{"type":"Feature","properties":{"name":"Northern Region"},"geometry":{"type":"LineString","coordinates":[[-0.66701,10.17988],[-0.67781,10.18235],[-0.6818,10.1815],[-0.68478,10.18765],[-0.69074,10.18267],[-0.69197,10.18645],[-0.69352,10.18874],[-0.69516,10.18788],[-0.70166,10.17933],[-0.70958,10.17747],[-0.71127,10.18302],[-0.71143,10.18459],[-0.71362,10.18324],[-0.71844,10.17718],[-0.71263,10.17319],[-0.71546,10.17131],[-0.71249,10.16301],[-0.72277,10.16886],[-0.72659,10.16822],[-0.7329,10.17034],[-0.73699,10.16714],[-0.73148,10.16191],[-0.73373,10.15987],[-0.74503,10.16702],[-0.74794,10.16457],[-0.74734,10.1611],[-0.75098,10.15936],[-0.7597,10.16106],[-0.76441,10.16485],[-0.76873,10.15763],[-0.77533,10.15353],[-0.7788,10.15687],[-0.78094,10.15515],[-0.77975,10.14834],[-0.78079,10.14397],[-0.78432,10.14203],[-0.78673,10.14684],[-0.78731,10.15184],[-0.79308,10.14796],[-0.79393,10.14522],[-0.79603,10.14576],[-0.79862,10.14965],[-0.79974,10.15593],[-0.8024,10.15556],[-0.80605,10.15111],[-0.81803,10.12523],[-0.82202,10.12428],[-0.81947,10.11918],[-0.82208,10.1176],[-0.82747,10.11906],[-0.83255,10.12218],[-0.83701,10.12141],[-0.83884,10.12323],[-0.83677,10.13077],[-0.83776,10.13201],[-0.84585,10.13151],[-0.85509,10.12756],[-0.85501,10.12318],[-0.84863,10.11809],[-0.84905,10.11481],[-0.85844,10.10954],[-0.85959,10.107],[-0.85749,10.10614],[-0.85831,10.10292],[-0.86806,10.0951],[-0.85971,10.08909],[-0.85821,10.0854],[-0.86966,10.07395],[-0.86718,10.06737],[-0.86724,10.06261],[-0.86351,10.06102],[-0.86526,10.0553],[-0.87252,10.055],[-0.87847,10.05992],[-0.88221,10.05934],[-0.88156,10.04844],[-0.88871,10.05193],[-0.891,10.04569],[-0.88676,10.03445],[-0.89143,10.03441],[-0.89355,10.03555],[-0.89647,10.02867],[-0.89614,10.02064],[-0.89583,10.01895],[-0.9023,10.02146],[-0.9081,10.02431],[-0.91061,10.02266],[-0.91123,10.01103],[-0.90602,10.01304],[-0.90742,10.01084],[-0.91651,10.00972],[-0.91814,10.01322],[-0.91975,10.01212],[-0.92178,10.00525],[-0.9223,10.0002],[-0.92715,10.00371],[-0.93385,10.01137],[-0.93913,10.01044],[-0.93983,10.00576],[-0.9391,10.00126],[-0.94237,9.9975],[-0.93911,9.99216],[-0.94074,9.98923],[-0.95595,9.99232],[-0.96366,9.98827],[-0.96805,9.9743],[-0.97263,9.96287],[-0.97002,9.95696],[-0.97193,9.95621]]}},{"type":"Feature","properties":{"name":"Northern Region"},"geometry":{"type":"LineString","coordinates":[[-0.60953,10.16277],[-0.61255,10.16418],[-0.6261,10.16703],[-0.62458,10.17337],[-0.63283,10.17788],[-0.63582,10.18428],[-0.63955,10.18114],[-0.63911,10.17769],[-0.64452,10.17815],[-0.64502,10.18457],[-0.64256,10.18509],[-0.64171,10.18886],[-0.6445,10.19025],[-0.64762,10.18788],[-0.65075,10.18113],[-0.65351,10.18096],[-0.65419,10.18842],[-0.6522,10.19042],[-0.6531,10.1921],[-0.65868,10.19108],[-0.65987,10.18769],[-0.66308,10.18587],[-0.66701,10.17988]]}},{"type":"Feature","properties":{"name":"Northern Region"},"geometry":{"type":"LineString","coordinates":[[-0.60953,10.16277],[-0.60331,10.16234],[-0.59667,10.16132],[-0.59545,10.16264],[-0.59509,10.166],[-0.58988,10.17334],[-0.57883,10.18001],[-0.57862,10.18204],[-0.57668,10.18227],[-0.57249,10.18701],[-0.56644,10.19037],[-0.56612,10.19093],[-0.56479,10.19106],[-0.56426,10.1941],[-0.5574,10.19766],[-0.54111,10.22574],[-0.54436,10.23301],[-0.54694,10.23841],[-0.5462,10.24286],[-0.54635,10.24843],[-0.5407,10.25701],[-0.53971,10.26188],[-0.53566,10.26582],[-0.53162,10.26154],[-0.5299,10.24849],[-0.52174,10.23455],[-0.52022,10.24199],[-0.51858,10.24671],[-0.51344,10.24796],[-0.51311,10.24282],[-0.51043,10.23751],[-0.50924,10.23646],[-0.50637,10.2393],[-0.5029,10.24066],[-0.49889,10.24071],[-0.50736,10.24636],[-0.50995,10.2554],[-0.50231,10.25681]]}},{"type":"Feature","properties":{"name":"Northern Region"},"geometry":{"type":"LineString","coordinates":[[-0.50485,10.30797],[-0.50391,10.30441],[-0.5019,10.30458],[-0.50124,10.30086],[-0.50503,10.29888],[-0.50305,10.29517],[-0.50475,10.29085],[-0.50078,10.28991],[-0.50101,10.28439],[-0.49806,10.28378],[-0.49705,10.28167],[-0.49766,10.28019],[-0.49892,10.28095],[-0.49805,10.27881],[-0.50031,10.27549],[-0.49849,10.2704],[-0.50496,10.26985],[-0.50491,10.26594],[-0.50259,10.26519],[-0.50079,10.25866],[-0.50231,10.25681]]}},{"type":"Feature","properties":{"name":"Northern Region"},"geometry":{"type":"LineString","coordinates":[[-0.48479,10.3273],[-0.4897,10.32296],[-0.49179,10.3259],[-0.49873,10.3222],[-0.50571,10.31288],[-0.50485,10.30797]]}},{"type":"Feature","properties":{"name":"Northern Region"},"geometry":{"type":"LineString","coordinates":[[-0.48479,10.3273],[-0.47566,10.32012],[-0.45375,10.30142],[-0.43693,10.29963],[-0.4221,10.30148],[-0.38504,10.29713],[-0.37762,10.28624],[-0.37084,10.27405],[-0.36296,10.26702],[-0.35785,10.26204],[-0.35543,10.26665],[-0.35354,10.26895],[-0.35462,10.2739],[-0.34176,10.27723],[-0.33633,10.28131],[-0.3324,10.28133],[-0.33308,10.28233],[-0.33004,10.28473],[-0.32321,10.28428],[-0.31557,10.29075],[-0.29241,10.28854],[-0.28232,10.28182],[-0.27173,10.27936],[-0.2692,10.2763],[-0.26099,10.27836],[-0.26038,10.28094],[-0.2552,10.28534],[-0.24722,10.28612],[-0.24481,10.28814],[-0.24073,10.28683],[-0.23728,10.28741],[-0.2158,10.27333],[-0.20668,10.26907],[-0.20295,10.26597],[-0.19879,10.27346],[-0.19518,10.27669],[-0.18983,10.27865],[-0.18285,10.27811],[-0.18142,10.27994],[-0.17855,10.2779],[-0.16901,10.28196],[-0.16681,10.28247],[-0.16603,10.28113],[-0.16533,10.28296],[-0.15878,10.28648],[-0.15487,10.29339],[-0.15363,10.29273],[-0.15168,10.29472],[-0.14254,10.29454],[-0.13113,10.29202]]}},{"type":"Feature","properties":{"name":"Northern Region"},"geometry":{"type":"LineString","coordinates":[[-0.13113,10.29202],[-0.11545,10.28621],[-0.09354,10.2695],[-0.08199,10.29511],[-0.07115,10.29473],[-0.04357,10.28301],[-0.02478,10.27123]]}},{"type":"Feature","properties":{"name":"Northern Region"},"geometry":{"type":"LineString","coordinates":[[-0.02478,10.27123],[-0.02642,10.27899],[-0.02775,10.28019],[-0.02737,10.28332],[-0.03004,10.28953],[-0.02833,10.29182],[-0.02942,10.30094],[-0.02759,10.30537],[-0.02855,10.30901],[-0.0262,10.31478],[-0.02708,10.31641],[-0.0244,10.32094],[-0.02107,10.32303],[-0.01857,10.32869],[-0.0126,10.33055],[-0.00733,10.32884],[-0.00673,10.33054]]}},{"type":"Feature","properties":{"name":"Northern Region"},"geometry":{"type":"LineString","coordinates":[[-0.00673,10.33054],[0.00407,10.33136],[0.00744,10.33013],[0.01014,10.33217],[0.01886,10.33365],[0.02136,10.33183],[0.02413,10.33255],[0.02493,10.3325],[0.02949,10.33883],[0.03438,10.33649],[0.04572,10.34052]]}},{"type":"Feature","properties":{"name":"Northern Region"},"geometry":{"type":"LineString","coordinates":[[0.04572,10.34052],[0.04502,10.34601],[0.04748,10.3465],[0.04726,10.35063],[0.04911,10.35156],[0.05425,10.35756],[0.05687,10.3575],[0.06142,10.35825],[0.06994,10.35589],[0.07313,10.35655],[0.07347,10.35515]]}},{"type":"Feature","properties":{"name":"Northern Region"},"geometry":{"type":"LineString","coordinates":[[0.07347,10.35515],[0.07716,10.35725],[0.07932,10.35546],[0.07771,10.3511],[0.08098,10.34943]]}},{"type":"Feature","properties":{"name":"Northern Region"},"geometry":{"type":"LineString","coordinates":[[0.07669,10.32106],[0.07725,10.33649],[0.07978,10.34643],[0.07952,10.34882],[0.08098,10.34943]]}},{"type":"Feature","properties":{"name":"Northern Region"},"geometry":{"type":"LineString","coordinates":[[0.07468,10.30867],[0.07669,10.32106]]}},{"type":"Feature","properties":{"name":"Northern Region"},"geometry":{"type":"LineString","coordinates":[[0.07468,10.30867],[0.06906,10.30619],[0.06374,10.30597],[0.05919,10.30886],[0.05625,10.30723]]}},{"type":"Feature","properties":{"name":"Northern Region"},"geometry":{"type":"LineString","coordinates":[[0.05625,10.30723],[0.05974,10.29359],[0.06871,10.2932],[0.07371,10.29403],[0.07807,10.28239],[0.08172,10.2619],[0.08227,10.2557],[0.09041,10.24916],[0.09103,10.24318],[0.08472,10.23975],[0.07658,10.2273],[0.08073,10.21781],[0.08505,10.21389],[0.0817,10.21183],[0.0769,10.20509],[0.07316,10.20294],[0.06788,10.20235],[0.06601,10.20069],[0.06463,10.19614],[0.06505,10.18831],[0.06181,10.18426],[0.061,10.17998],[0.06434,10.17213],[0.06634,10.17187],[0.06866,10.17428],[0.0733,10.1715],[0.07385,10.16763],[0.07561,10.16674],[0.07975,10.1582],[0.08146,10.15801],[0.08144,10.15644],[0.08781,10.15102],[0.09135,10.15183],[0.09261,10.14839],[0.09518,10.14478],[0.09443,10.14357],[0.09722,10.14199],[0.09669,10.13936],[0.09787,10.1395],[0.0986,10.13737],[0.10174,10.13672],[0.10576,10.13221],[0.11147,10.13071],[0.10887,10.12617],[0.11,10.12539],[0.1091,10.12323],[0.10597,10.11861],[0.10876,10.11592],[0.1073,10.11551],[0.10891,10.11407],[0.1089,10.10917],[0.11126,10.10987],[0.11233,10.10812],[0.11059,10.10782],[0.11184,10.10606],[0.11062,10.1035],[0.11332,10.09922],[0.11246,10.09482],[0.11491,10.09372],[0.11839,10.08186],[0.11698,10.07839],[0.11567,10.07891],[0.11342,10.07624],[0.11342,10.07012],[0.11605,10.06238],[0.1182,10.06147],[0.11854,10.05678],[0.11743,10.05338],[0.11886,10.05401],[0.12095,10.04897],[0.12036,10.04595],[0.12254,10.04533],[0.12174,10.04244],[0.12445,10.03866],[0.12284,10.03606],[0.12269,10.03169],[0.12431,10.02791],[0.12034,10.02471],[0.11908,10.0166],[0.11594,10.01232],[0.11198,10.01007],[0.10943,10.00503],[0.10543,10.00353],[0.10028,10.00449],[0.09114,10.00133],[0.0865,10.0016],[0.0826,9.99821],[0.06839,10.00193],[0.0635,9.99915],[0.06334,9.99315],[0.0662,9.98858],[0.07036,9.97896],[0.07188,9.97658],[0.07204,9.96632]]}},{"type":"Feature","properties":{"name":"Northern Region"},"geometry":{"type":"LineString","coordinates":[[0.07204,9.96632],[0.07882,9.96843],[0.08559,9.96518],[0.09402,9.97101],[0.09769,9.97088],[0.09914,9.97323],[0.10161,9.97303]]}},{"type":"Feature","properties":{"name":"Northern Region"},"geometry":{"type":"LineString","coordinates":[[0.10161,9.97303],[0.10727,9.96705],[0.11066,9.9686],[0.11289,9.97204],[0.11992,9.96938],[0.12867,9.9707],[0.1299,9.95692]]}},{"type":"Feature","properties":{"name":"Northern Region"},"geometry":{"type":"LineString","coordinates":[[0.1299,9.95692],[0.13831,9.96615],[0.13993,9.97166],[0.14883,9.97737],[0.15184,9.98367],[0.15577,9.98605]]}},{"type":"Feature","properties":{"name":"Northern Region"},"geometry":{"type":"LineString","coordinates":[[0.15577,9.98605],[0.17618,9.97864],[0.18165,9.98042],[0.184,9.97953],[0.19054,9.97296],[0.18741,9.96805]]}},{"type":"Feature","properties":{"name":"Northern Region"},"geometry":{"type":"LineString","coordinates":[[0.18741,9.96805],[0.20109,9.96385],[0.20656,9.96046],[0.22756,9.96049],[0.23369,9.95642],[0.23904,9.95962],[0.25127,9.95933],[0.25605,9.96323],[0.25905,9.96288],[0.25942,9.9638],[0.26271,9.96153],[0.26187,9.9595],[0.2632,9.95906],[0.26982,9.96799],[0.27012,9.97105],[0.27472,9.97222],[0.28575,9.9741]]}},{"type":"Feature","properties":{"name":"Northern Region"},"geometry":{"type":"LineString","coordinates":[[0.28575,9.9741],[0.29462,9.97473]]}},{"type":"Feature","properties":{"name":"Northern Region"},"geometry":{"type":"LineString","coordinates":[[0.29462,9.97473],[0.29467,9.97482]]}},{"type":"Feature","properties":{"name":"Northern Region"},"geometry":{"type":"LineString","coordinates":[[0.29467,9.97482],[0.30431,9.97681]]}},{"type":"Feature","properties":{"name":"Northern Region"},"geometry":{"type":"LineString","coordinates":[[0.30431,9.97681],[0.30475,9.97527],[0.30701,9.975],[0.30582,9.97179],[0.30961,9.96493],[0.30798,9.96637],[0.30687,9.96465],[0.31035,9.96103]]}},{"type":"Feature","properties":{"name":"Northern Region"},"geometry":{"type":"LineString","coordinates":[[0.31035,9.96103],[0.31301,9.95983],[0.31938,9.9626],[0.32527,9.96098],[0.32757,9.94312],[0.34793,9.93893],[0.349,9.9408],[0.3479,9.9462],[0.34893,9.94848],[0.35383,9.94761],[0.35909,9.94208],[0.36297,9.94051],[0.36645,9.93153]]}},{"type":"Feature","properties":{"name":"Northern Region"},"geometry":{"type":"LineString","coordinates":[[0.38267,8.73954],[0.3745,8.7356],[0.36961,8.73618],[0.34937,8.74305],[0.34707,8.74201],[0.34659,8.73787],[0.3554,8.72969],[0.35662,8.72638],[0.35966,8.72477],[0.3576,8.71849],[0.34331,8.71907],[0.34283,8.72849],[0.34017,8.72988],[0.33168,8.73032],[0.32327,8.72877],[0.3196,8.73325],[0.31356,8.73445],[0.30883,8.72945],[0.30043,8.72652],[0.29814,8.73596],[0.29751,8.74257],[0.29251,8.73988],[0.29114,8.73217],[0.2886,8.73352]]}},{"type":"Feature","properties":{"name":"Northern Region"},"geometry":{"type":"LineString","coordinates":[[0.2886,8.73352],[0.28609,8.73183],[0.28331,8.72406],[0.28002,8.72489],[0.26859,8.73264],[0.2695,8.74029],[0.26243,8.74174],[0.2585,8.74689],[0.25105,8.74593],[0.2437,8.74097],[0.23656,8.75235],[0.2296,8.75293],[0.22057,8.74979],[0.21463,8.75545],[0.20027,8.74767],[0.19939,8.74392],[0.18488,8.74522],[0.18419,8.74193],[0.18066,8.74741],[0.18059,8.76288],[0.1773,8.76509],[0.17389,8.76389],[0.16966,8.76647],[0.17196,8.7716],[0.17517,8.77152],[0.16721,8.77453],[0.16568,8.76573],[0.16835,8.74997]]}},{"type":"Feature","properties":{"name":"Northern Region"},"geometry":{"type":"LineString","coordinates":[[0.16835,8.74997],[0.18293,8.71906],[0.18002,8.7076],[0.16683,8.69911],[0.13967,8.66875],[0.138,8.64314],[0.1558,8.62297],[0.17306,8.61072],[0.17096,8.59414],[0.14958,8.58834],[0.14482,8.58983],[0.13044,8.60377],[0.12767,8.60406],[0.11008,8.59116],[0.09894,8.56268],[0.08471,8.52877],[0.08511,8.52627]]}},{"type":"Feature","properties":{"name":"Northern Region"},"geometry":{"type":"LineString","coordinates":[[0.08511,8.52627],[0.09001,8.50847],[0.10058,8.49717],[0.12367,8.4869],[0.12298,8.4744],[0.11803,8.47091],[0.1014,8.47023],[0.08959,8.46719],[0.07931,8.4611]]}},{"type":"Feature","properties":{"name":"Northern Region"},"geometry":{"type":"LineString","coordinates":[[0.07931,8.4611],[0.08054,8.4551],[0.09452,8.44496],[0.0969,8.4382],[0.08922,8.41296],[0.08461,8.39677],[0.08645,8.39237],[0.10469,8.39061],[0.11274,8.38341],[0.1239,8.37924],[0.13156,8.38115],[0.155,8.39588],[0.16615,8.39861],[0.23155,8.40575],[0.24556,8.39851],[0.24983,8.37422],[0.23957,8.34945],[0.22968,8.34299],[0.21919,8.34202]]}},{"type":"Feature","properties":{"name":"Northern Region"},"geometry":{"type":"LineString","coordinates":[[0.21919,8.34202],[0.18497,8.33393],[0.18235,8.32365],[0.18883,8.31265],[0.19702,8.30132],[0.1975,8.28586],[0.1896,8.25337],[0.18248,8.24615],[0.12821,8.23127],[0.12615,8.22848]]}},{"type":"Feature","properties":{"name":"Northern Region"},"geometry":{"type":"LineString","coordinates":[[0.11489,8.23398],[0.12059,8.23313],[0.12451,8.22866],[0.12615,8.22848]]}},{"type":"Feature","properties":{"name":"Northern Region"},"geometry":{"type":"LineString","coordinates":[[0.0833,8.27215],[0.09078,8.2666],[0.09205,8.26308],[0.09365,8.26243],[0.09436,8.26024],[0.10028,8.25755],[0.10135,8.25309],[0.11489,8.23398]]}},{"type":"Feature","properties":{"name":"Northern Region"},"geometry":{"type":"LineString","coordinates":[[0.08158,8.275],[0.0833,8.27215]]}},{"type":"Feature","properties":{"name":"Northern Region"},"geometry":{"type":"LineString","coordinates":[[0.0577,8.28435],[0.06396,8.28152],[0.07203,8.28319],[0.07764,8.28243],[0.08158,8.275]]}},{"type":"Feature","properties":{"name":"Northern Region"},"geometry":{"type":"LineString","coordinates":[[-0.0065,8.32247],[-0.00199,8.31974],[0.01535,8.29826],[0.03389,8.29574],[0.04355,8.29126],[0.05193,8.29106],[0.0577,8.28435]]}},{"type":"Feature","properties":{"name":"Northern Region"},"geometry":{"type":"LineString","coordinates":[[-0.0065,8.32247],[-0.01516,8.32546]]}},{"type":"Feature","properties":{"name":"Northern Region"},"geometry":{"type":"LineString","coordinates":[[-0.01738,8.32591],[-0.01516,8.32546]]}},{"type":"Feature","properties":{"name":"Northern Region"},"geometry":{"type":"LineString","coordinates":[[-0.01738,8.32591],[-0.01863,8.32721]]}},{"type":"Feature","properties":{"name":"Northern Region"},"geometry":{"type":"LineString","coordinates":[[-0.01863,8.32721],[-0.02237,8.33045]]}},{"type":"Feature","properties":{"name":"Northern Region"},"geometry":{"type":"LineString","coordinates":[[-0.02237,8.33045],[-0.02543,8.32955],[-0.03084,8.32992],[-0.0396,8.33576],[-0.04082,8.34099],[-0.03873,8.34383],[-0.04012,8.3493],[-0.04855,8.3522],[-0.05047,8.3511],[-0.05867,8.35245],[-0.06465,8.35103],[-0.0673,8.34741],[-0.06646,8.3448],[-0.06855,8.33951],[-0.07623,8.33943],[-0.08506,8.33701],[-0.08772,8.33243],[-0.09249,8.3341],[-0.09474,8.3328],[-0.10013,8.33418],[-0.10278,8.33642],[-0.11028,8.33596]]}},{"type":"Feature","properties":{"name":"Northern Region"},"geometry":{"type":"LineString","coordinates":[[-0.14275,8.27213],[-0.12399,8.27371],[-0.11418,8.29773],[-0.11307,8.32496],[-0.11028,8.33596]]}},{"type":"Feature","properties":{"name":"Eastern Region"},"geometry":{"type":"LineString","coordinates":[[0.18233,7.1797],[0.14386,7.182],[0.11014,7.18257],[0.09506,7.17828],[0.0674,7.17366],[0.04086,7.1809],[0.02129,7.18305],[-0.00418,7.19109],[-0.03169,7.19262],[-0.05797,7.19151],[-0.08488,7.17929],[-0.0965,7.18416]]}},{"type":"Feature","properties":{"name":"Eastern Region"},"geometry":{"type":"LineString","coordinates":[[-0.1593,7.19457],[-0.15716,7.19368],[-0.15299,7.19547],[-0.1487,7.20164],[-0.14643,7.20156],[-0.14184,7.19453],[-0.10162,7.191],[-0.0965,7.18416]]}},{"type":"Feature","properties":{"name":"Eastern Region"},"geometry":{"type":"LineString","coordinates":[[-0.21582,7.20075],[-0.21046,7.20083],[-0.19771,7.20328],[-0.18226,7.20339],[-0.18024,7.20351],[-0.18033,7.19828],[-0.17797,7.19789],[-0.172,7.20092],[-0.16793,7.19832],[-0.16282,7.20036],[-0.1593,7.19457]]}},{"type":"Feature","properties":{"name":"Eastern Region"},"geometry":{"type":"LineString","coordinates":[[-0.23761,7.20261],[-0.21725,7.21105],[-0.21582,7.20075]]}},{"type":"Feature","properties":{"name":"Western Region"},"geometry":{"type":"LineString","coordinates":[[-2.18879,6.14676],[-2.19972,6.14429],[-2.20873,6.14391],[-2.2138,6.14255]]}},{"type":"Feature","properties":{"name":"Western Region"},"geometry":{"type":"LineString","coordinates":[[-2.2138,6.14255],[-2.2196,6.1423],[-2.22883,6.15043],[-2.23574,6.14582],[-2.24515,6.13997],[-2.25476,6.13692],[-2.25663,6.13394],[-2.25581,6.12712],[-2.25675,6.12108],[-2.26705,6.12037],[-2.27426,6.11615],[-2.28578,6.10268],[-2.29421,6.10177],[-2.30861,6.0978],[-2.32391,6.10106],[-2.34924,6.10436],[-2.35547,6.10522],[-2.35925,6.10166],[-2.362,6.10062]]}},{"type":"Feature","properties":{"name":"Western Region"},"geometry":{"type":"LineString","coordinates":[[-2.362,6.10062],[-2.37132,6.09339],[-2.37261,6.08624],[-2.37307,6.08575],[-2.37088,6.08427],[-2.37148,6.08401]]}},{"type":"Feature","properties":{"name":"Western Region"},"geometry":{"type":"LineString","coordinates":[[-2.43193,6.1141],[-2.43244,6.10591],[-2.41881,6.09472],[-2.41134,6.08787],[-2.39664,6.08879],[-2.38998,6.08461],[-2.37878,6.08324],[-2.37148,6.08401]]}},{"type":"Feature","properties":{"name":"Western Region"},"geometry":{"type":"LineString","coordinates":[[-2.43193,6.1141],[-2.44042,6.11905],[-2.44517,6.11504]]}},{"type":"Feature","properties":{"name":"Western Region"},"geometry":{"type":"LineString","coordinates":[[-2.44517,6.11504],[-2.4612,6.11009],[-2.48244,6.09588],[-2.50475,6.07198],[-2.49845,6.05726],[-2.53177,6.01121],[-2.54155,6.00002],[-2.54859,5.99045],[-2.54939,5.9801]]}},{"type":"Feature","properties":{"name":"Western Region"},"geometry":{"type":"LineString","coordinates":[[-2.54939,5.9801],[-2.53758,5.97806],[-2.53492,5.96863],[-2.53453,5.96561],[-2.52865,5.96929],[-2.51976,5.96842],[-2.51481,5.96639],[-2.51501,5.95413],[-2.50751,5.94918],[-2.51056,5.9459],[-2.50945,5.94174],[-2.50306,5.93671],[-2.50162,5.92593],[-2.50616,5.92124],[-2.49851,5.91934],[-2.49709,5.91559],[-2.50279,5.91372],[-2.5099,5.91392],[-2.51009,5.90434],[-2.50956,5.90052],[-2.51022,5.89855],[-2.50395,5.8972],[-2.49709,5.89457],[-2.49691,5.88617],[-2.49244,5.87812],[-2.48719,5.86751],[-2.49257,5.86806],[-2.49627,5.86725],[-2.50363,5.87149],[-2.50204,5.86417],[-2.5041,5.86301],[-2.51318,5.86472],[-2.51968,5.84272],[-2.51934,5.8339],[-2.51133,5.83437],[-2.51396,5.82923],[-2.5171,5.82525],[-2.51426,5.8238],[-2.50867,5.82418],[-2.49842,5.8253],[-2.49558,5.8223],[-2.49266,5.82268],[-2.48513,5.8253],[-2.48418,5.8181],[-2.48569,5.80928],[-2.48508,5.80342],[-2.49421,5.80128],[-2.49971,5.80997],[-2.50273,5.80697],[-2.5001,5.79969],[-2.49524,5.79533],[-2.49989,5.794],[-2.50311,5.79353],[-2.50057,5.7916],[-2.49692,5.78968],[-2.49666,5.78527],[-2.50187,5.78445],[-2.50643,5.78128],[-2.5078,5.77709],[-2.514,5.77816],[-2.52592,5.78484],[-2.52889,5.78642],[-2.52635,5.79066],[-2.52226,5.79331],[-2.5251,5.79546],[-2.53638,5.79708],[-2.53862,5.79635],[-2.54425,5.7934],[-2.55226,5.79379],[-2.55652,5.79439],[-2.56594,5.8065],[-2.56898,5.81093],[-2.57274,5.8068],[-2.58092,5.80796],[-2.57911,5.80068],[-2.57976,5.7943],[-2.57076,5.79109],[-2.577,5.78184],[-2.5705,5.76983],[-2.5719,5.76702],[-2.57855,5.76065],[-2.5871,5.75828],[-2.58996,5.75538],[-2.59439,5.75343],[-2.59365,5.75081],[-2.59663,5.75152],[-2.59861,5.74537],[-2.60707,5.73639],[-2.60345,5.73402],[-2.59262,5.73422],[-2.59346,5.74171],[-2.59099,5.74259],[-2.58504,5.74033],[-2.57994,5.73956],[-2.56591,5.72273],[-2.5691,5.71588],[-2.56492,5.70911],[-2.55911,5.70783],[-2.55507,5.70462],[-2.55972,5.70361],[-2.55912,5.70155],[-2.55144,5.68709],[-2.5561,5.68456],[-2.56052,5.68551],[-2.5685,5.6881],[-2.57208,5.69049],[-2.57414,5.68455],[-2.57417,5.67807],[-2.56933,5.6814],[-2.56484,5.68066],[-2.56429,5.67522],[-2.57364,5.67602],[-2.57533,5.67013],[-2.57486,5.664],[-2.58005,5.66501],[-2.58079,5.66082],[-2.57576,5.65792],[-2.55689,5.65898],[-2.55789,5.65704],[-2.55358,5.64786],[-2.55439,5.64441],[-2.55713,5.64137],[-2.57105,5.6479],[-2.57593,5.64267],[-2.57405,5.62936],[-2.57365,5.6268],[-2.58067,5.62733],[-2.58219,5.62248],[-2.57572,5.61729],[-2.57252,5.61451],[-2.56878,5.60628],[-2.56606,5.59632],[-2.57059,5.59018],[-2.56652,5.58777],[-2.56041,5.58614],[-2.55911,5.58197],[-2.56127,5.5805],[-2.56466,5.58269],[-2.56686,5.57998],[-2.56675,5.56985],[-2.56893,5.55974],[-2.57458,5.56286],[-2.57706,5.56156],[-2.56875,5.55383],[-2.57341,5.542],[-2.57943,5.5436],[-2.58333,5.54765],[-2.58826,5.54625],[-2.59146,5.54668],[-2.59356,5.54025],[-2.59912,5.53361],[-2.59614,5.52874],[-2.5962,5.52609],[-2.60363,5.52712],[-2.60445,5.52537],[-2.59958,5.51743],[-2.59819,5.51216],[-2.5901,5.51837],[-2.58152,5.51719],[-2.57856,5.51217],[-2.58428,5.49779],[-2.58018,5.49135],[-2.57987,5.48576],[-2.59779,5.48521],[-2.60097,5.47582],[-2.59933,5.46947],[-2.59355,5.4681],[-2.59087,5.46893],[-2.59194,5.46304],[-2.60632,5.46558],[-2.60772,5.46387],[-2.6065,5.46206],[-2.60337,5.46113],[-2.60155,5.45353],[-2.60599,5.44906],[-2.61164,5.44542],[-2.61038,5.43059],[-2.61844,5.42268],[-2.61734,5.41681],[-2.61805,5.41248]]}},{"type":"Feature","properties":{"name":"Western Region"},"geometry":{"type":"LineString","coordinates":[[-2.61805,5.41248],[-2.62333,5.40786],[-2.62513,5.40464],[-2.62791,5.40214],[-2.63608,5.39703],[-2.64191,5.38612],[-2.6479,5.38434],[-2.64783,5.38179],[-2.65127,5.37759],[-2.65497,5.37675],[-2.66141,5.37282],[-2.66601,5.37183],[-2.67193,5.36702],[-2.67344,5.3619],[-2.67846,5.35712],[-2.6793,5.35401],[-2.68474,5.34987],[-2.68733,5.34808],[-2.69511,5.34447],[-2.69916,5.34259],[-2.70652,5.34757],[-2.71526,5.34903],[-2.72415,5.34281]]}},{"type":"Feature","properties":{"name":"Western Region"},"geometry":{"type":"LineString","coordinates":[[-2.72415,5.34281],[-2.72731,5.34124],[-2.73449,5.34376],[-2.73878,5.34733],[-2.74361,5.34536],[-2.75696,5.3446],[-2.75822,5.34912],[-2.76126,5.35121],[-2.76474,5.35685],[-2.76866,5.35699],[-2.77042,5.35143],[-2.77692,5.34586],[-2.77587,5.34186],[-2.77071,5.33529],[-2.77573,5.33469],[-2.77602,5.33069],[-2.77157,5.329],[-2.77015,5.3226],[-2.76649,5.31525],[-2.76807,5.30693],[-2.76684,5.30444],[-2.76977,5.29694],[-2.76996,5.29443],[-2.77376,5.29353],[-2.78264,5.29377],[-2.78473,5.29206],[-2.78521,5.28525],[-2.78219,5.27826],[-2.77405,5.27357],[-2.77222,5.269],[-2.76931,5.26768],[-2.77943,5.26621],[-2.77843,5.26349],[-2.77533,5.26456],[-2.7706,5.25823],[-2.7652,5.25921],[-2.76372,5.2549],[-2.75685,5.25566],[-2.75449,5.25357],[-2.75304,5.24836],[-2.75506,5.24648],[-2.75737,5.25064],[-2.76027,5.24995],[-2.75449,5.24386],[-2.75444,5.24224]]}},{"type":"Feature","properties":{"name":"Western Region"},"geometry":{"type":"LineString","coordinates":[[-2.75444,5.24224],[-2.75896,5.2422],[-2.75999,5.24605],[-2.76222,5.24598],[-2.76562,5.23694],[-2.76477,5.2353],[-2.75782,5.23544],[-2.75549,5.23256],[-2.75732,5.23087],[-2.75961,5.23299],[-2.76075,5.23004],[-2.75777,5.22588],[-2.75865,5.22141],[-2.75749,5.21808],[-2.76386,5.2183],[-2.76356,5.21665],[-2.76194,5.21304],[-2.76018,5.21078],[-2.75594,5.20084],[-2.75059,5.20236],[-2.74804,5.20137],[-2.74854,5.19342],[-2.74654,5.19066],[-2.7445,5.18403],[-2.74164,5.18034],[-2.74097,5.17499],[-2.74502,5.16604],[-2.739,5.16111],[-2.73555,5.1621],[-2.74183,5.15658],[-2.73886,5.15309],[-2.738,5.14978],[-2.7331,5.14945],[-2.73146,5.1524],[-2.73005,5.15075],[-2.72884,5.14738],[-2.72644,5.14328],[-2.72667,5.14021],[-2.7236,5.13988],[-2.72546,5.13736],[-2.72772,5.13603],[-2.72877,5.13136],[-2.73027,5.1345],[-2.73277,5.1346],[-2.73267,5.12848],[-2.73712,5.12958],[-2.73862,5.1276],[-2.73971,5.12042],[-2.73776,5.11785],[-2.74252,5.11392],[-2.74695,5.11723],[-2.75202,5.11585],[-2.75459,5.11647],[-2.7557,5.11114],[-2.7548,5.10752],[-2.75804,5.10098],[-2.75922,5.10098]]}},{"type":"Feature","properties":{"name":"Western Region"},"geometry":{"type":"LineString","coordinates":[[-2.75922,5.10098],[-2.76051,5.10435],[-2.7657,5.10685],[-2.76627,5.10992],[-2.7696,5.1094],[-2.77303,5.11147],[-2.77876,5.11121],[-2.78154,5.11214],[-2.78423,5.10945],[-2.7863,5.1103],[-2.78452,5.11668],[-2.78642,5.11742],[-2.78959,5.10818],[-2.79135,5.10676],[-2.79387,5.10771],[-2.80232,5.10816],[-2.80705,5.1118],[-2.80853,5.10654],[-2.81257,5.10709],[-2.81224,5.11216],[-2.8164,5.11216],[-2.81433,5.10688],[-2.81828,5.1065],[-2.81988,5.11009],[-2.8238,5.11487],[-2.82925,5.12115],[-2.83413,5.12194],[-2.83749,5.11509],[-2.84075,5.11409],[-2.83908,5.10907],[-2.84619,5.10857],[-2.85388,5.1128],[-2.8554,5.1163],[-2.85907,5.11692],[-2.86049,5.12122],[-2.86395,5.12353],[-2.8706,5.12393],[-2.87739,5.12793],[-2.88588,5.12413],[-2.8909,5.12636],[-2.89109,5.11963],[-2.89267,5.11973],[-2.89747,5.12294],[-2.90259,5.12155],[-2.90659,5.12333],[-2.91097,5.12074],[-2.92218,5.12273],[-2.92893,5.12143],[-2.93126,5.12345],[-2.93417,5.12297],[-2.9366,5.12631],[-2.94975,5.12422],[-2.96306,5.10333],[-2.97472,5.10528],[-2.98778,5.11306],[-3.0225,5.125],[-3.04736,5.12933],[-3.08934,5.13005]]}},{"type":"Feature","properties":{"name":"Western Region"},"geometry":{"type":"LineString","coordinates":[[-3.08934,5.13005],[-3.11051,5.11848],[-3.10361,5.09047]]}},{"type":"Feature","properties":{"name":"Western Region"},"geometry":{"type":"LineString","coordinates":[[-3.10361,5.09047],[-2.98698,5.06737]]}},{"type":"Feature","properties":{"name":"Western Region"},"geometry":{"type":"LineString","coordinates":[[-2.98698,5.06737],[-2.89599,5.04937]]}},{"type":"Feature","properties":{"name":"Western Region"},"geometry":{"type":"LineString","coordinates":[[-2.89599,5.04937],[-2.80132,5.03051]]}},{"type":"Feature","properties":{"name":"Western Region"},"geometry":{"type":"LineString","coordinates":[[-2.80132,5.03051],[-2.7212,5.01394]]}},{"type":"Feature","properties":{"name":"Western Region"},"geometry":{"type":"LineString","coordinates":[[-2.7212,5.01394],[-2.71129,5.01199]]}},{"type":"Feature","properties":{"name":"Western Region"},"geometry":{"type":"LineString","coordinates":[[-2.71129,5.01199],[-2.62232,4.99301]]}},{"type":"Feature","properties":{"name":"Western Region"},"geometry":{"type":"LineString","coordinates":[[-2.62232,4.99301],[-2.56514,4.98075]]}},{"type":"Feature","properties":{"name":"Western Region"},"geometry":{"type":"LineString","coordinates":[[-2.56514,4.98075],[-2.49171,4.9669],[-2.42867,4.95304]]}},{"type":"Feature","properties":{"name":"Western Region"},"geometry":{"type":"LineString","coordinates":[[-2.42867,4.95304],[-2.37775,4.94021]]}},{"type":"Feature","properties":{"name":"Western Region"},"geometry":{"type":"LineString","coordinates":[[-2.37775,4.94021],[-2.33789,4.92731],[-2.31469,4.91816]]}},{"type":"Feature","properties":{"name":"Western Region"},"geometry":{"type":"LineString","coordinates":[[-2.31469,4.91816],[-2.26885,4.89839]]}},{"type":"Feature","properties":{"name":"Western Region"},"geometry":{"type":"LineString","coordinates":[[-2.26885,4.89839],[-2.26886,4.8945]]}},{"type":"Feature","properties":{"name":"Western Region"},"geometry":{"type":"LineString","coordinates":[[-2.26886,4.8945],[-2.26884,4.89107],[-2.2575,4.88822],[-2.24766,4.88096],[-2.24717,4.87578],[-2.24838,4.87479],[-2.24708,4.873],[-2.24718,4.87465],[-2.24596,4.87374],[-2.24603,4.87052],[-2.2446,4.87193],[-2.24446,4.86844],[-2.24571,4.86868],[-2.24445,4.8671],[-2.24561,4.8645],[-2.24461,4.86298],[-2.24536,4.8646],[-2.2438,4.86491]]}},{"type":"Feature","properties":{"name":"Western Region"},"geometry":{"type":"LineString","coordinates":[[-2.2438,4.86491],[-2.24148,4.85953],[-2.24383,4.85717],[-2.24619,4.85709],[-2.24624,4.85495],[-2.2429,4.85537],[-2.23958,4.851],[-2.22557,4.84772],[-2.2215,4.84406]]}},{"type":"Feature","properties":{"name":"Western Region"},"geometry":{"type":"LineString","coordinates":[[-2.2215,4.84406],[-2.21224,4.84064],[-2.20651,4.83582],[-2.20694,4.83478],[-2.2025,4.83139],[-2.2035,4.82997],[-2.20206,4.82936],[-2.20349,4.82733],[-2.20105,4.82771],[-2.20111,4.82486]]}},{"type":"Feature","properties":{"name":"Western Region"},"geometry":{"type":"LineString","coordinates":[[-2.20111,4.82486],[-2.20215,4.82208],[-2.18126,4.8159]]}},{"type":"Feature","properties":{"name":"Western Region"},"geometry":{"type":"LineString","coordinates":[[-2.18126,4.8159],[-2.17494,4.8134],[-2.17363,4.80948],[-2.16931,4.80688],[-2.16966,4.80489],[-2.17215,4.80394],[-2.16819,4.79931],[-2.16904,4.79781],[-2.16804,4.79596],[-2.17034,4.79379],[-2.16857,4.79157],[-2.16591,4.79697],[-2.14929,4.79753],[-2.1419,4.79561],[-2.13494,4.79142],[-2.13463,4.78991],[-2.1313,4.79189],[-2.12753,4.79124],[-2.12082,4.78956],[-2.11234,4.7847],[-2.10483,4.77614],[-2.10698,4.77157],[-2.11338,4.76424],[-2.10901,4.76368],[-2.11117,4.76124],[-2.11001,4.76129],[-2.11089,4.7551],[-2.09975,4.75314],[-2.09341,4.74903],[-2.09055,4.74471],[-2.09231,4.74167],[-2.09166,4.73946],[-2.08323,4.74807]]}},{"type":"Feature","properties":{"name":"Western Region"},"geometry":{"type":"LineString","coordinates":[[-2.08323,4.74807],[-2.07108,4.74825],[-2.07082,4.74671],[-2.06785,4.74571],[-2.06801,4.74357],[-2.06401,4.74696],[-2.06037,4.74444],[-2.05892,4.74495],[-2.05864,4.74364],[-2.0566,4.74431],[-2.05595,4.74112],[-2.05439,4.74069]]}},{"type":"Feature","properties":{"name":"Western Region"},"geometry":{"type":"LineString","coordinates":[[-2.05439,4.74069],[-2.05399,4.7449],[-2.04725,4.74972],[-2.04555,4.75336],[-2.03925,4.75399],[-2.03911,4.75569],[-2.03577,4.75598],[-2.03481,4.75408],[-2.03575,4.75186],[-2.03335,4.75592]]}},{"type":"Feature","properties":{"name":"Western Region"},"geometry":{"type":"LineString","coordinates":[[-2.03335,4.75592],[-2.02335,4.75821],[-2.01195,4.75768],[-1.99446,4.75964],[-1.9861,4.75897],[-1.98056,4.75635],[-1.9799,4.75863],[-1.97598,4.75862],[-1.97371,4.76103]]}},{"type":"Feature","properties":{"name":"Western Region"},"geometry":{"type":"LineString","coordinates":[[-1.97371,4.76103],[-1.97185,4.77015],[-1.96322,4.77488],[-1.95499,4.7848],[-1.94997,4.7872]]}},{"type":"Feature","properties":{"name":"Western Region"},"geometry":{"type":"LineString","coordinates":[[-1.94997,4.7872],[-1.94666,4.78992],[-1.94857,4.79235],[-1.94835,4.79355],[-1.94583,4.79384],[-1.9444,4.79272],[-1.94404,4.79446],[-1.93983,4.79581],[-1.93838,4.80267],[-1.9389,4.80472],[-1.93371,4.80916]]}},{"type":"Feature","properties":{"name":"Western Region"},"geometry":{"type":"LineString","coordinates":[[-1.93371,4.80916],[-1.92135,4.81349],[-1.91668,4.81403],[-1.91429,4.81982],[-1.91664,4.82122],[-1.91565,4.82434],[-1.90599,4.82745]]}},{"type":"Feature","properties":{"name":"Western Region"},"geometry":{"type":"LineString","coordinates":[[-1.90599,4.82745],[-1.89019,4.8269],[-1.88897,4.83035],[-1.88596,4.83074]]}},{"type":"Feature","properties":{"name":"Western Region"},"geometry":{"type":"LineString","coordinates":[[-1.88596,4.83074],[-1.88379,4.83619],[-1.87456,4.84037],[-1.8717,4.84318],[-1.86247,4.8449],[-1.85909,4.84742],[-1.8478,4.84862]]}},{"type":"Feature","properties":{"name":"Western Region"},"geometry":{"type":"LineString","coordinates":[[-1.8478,4.84862],[-1.83818,4.84879],[-1.83486,4.8505],[-1.83664,4.85264],[-1.83599,4.85496],[-1.83001,4.86243],[-1.81544,4.86652]]}},{"type":"Feature","properties":{"name":"Western Region"},"geometry":{"type":"LineString","coordinates":[[-1.81544,4.86652],[-1.81227,4.86766]]}},{"type":"Feature","properties":{"name":"Western Region"},"geometry":{"type":"LineString","coordinates":[[-1.81227,4.86766],[-1.81209,4.86989],[-1.80372,4.87452],[-1.79413,4.87202],[-1.77687,4.87614],[-1.76785,4.87486]]}},{"type":"Feature","properties":{"name":"Western Region"},"geometry":{"type":"LineString","coordinates":[[-1.76785,4.87486],[-1.76463,4.87682],[-1.75948,4.87604],[-1.74663,4.88086],[-1.73601,4.88124],[-1.73444,4.88263],[-1.73161,4.89754],[-1.73541,4.88188],[-1.74574,4.88191],[-1.74464,4.88257],[-1.74499,4.88745],[-1.7357,4.88654],[-1.74081,4.88813],[-1.743,4.89055],[-1.73776,4.89223],[-1.74385,4.89238],[-1.73935,4.89587],[-1.73701,4.89736],[-1.74627,4.8968],[-1.74774,4.89701],[-1.7457,4.90331]]}},{"type":"Feature","properties":{"name":"Western Region"},"geometry":{"type":"LineString","coordinates":[[-1.7457,4.90331],[-1.74315,4.90361],[-1.742,4.90862],[-1.74303,4.91406],[-1.73843,4.91845],[-1.73673,4.92276],[-1.72384,4.92879]]}},{"type":"Feature","properties":{"name":"Western Region"},"geometry":{"type":"LineString","coordinates":[[-1.72384,4.92879],[-1.70872,4.93383],[-1.70412,4.93408],[-1.70455,4.94045],[-1.69804,4.93981],[-1.70537,4.94092],[-1.70779,4.9381],[-1.70867,4.94103]]}},{"type":"Feature","properties":{"name":"Western Region"},"geometry":{"type":"LineString","coordinates":[[-1.70867,4.94103],[-1.70701,4.94235],[-1.70697,4.94243],[-1.70809,4.94476],[-1.70641,4.94665],[-1.70271,4.94649],[-1.7055,4.94823],[-1.7054,4.95225],[-1.70342,4.95476],[-1.69836,4.95857],[-1.6849,4.96366]]}},{"type":"Feature","properties":{"name":"Western Region"},"geometry":{"type":"LineString","coordinates":[[-1.6849,4.96366],[-1.67255,4.96601]]}},{"type":"Feature","properties":{"name":"Western Region"},"geometry":{"type":"LineString","coordinates":[[-1.67255,4.96601],[-1.66158,4.96809],[-1.657,4.9676],[-1.65377,4.96966],[-1.64404,4.97163],[-1.64412,4.97294]]}},{"type":"Feature","properties":{"name":"Western Region"},"geometry":{"type":"LineString","coordinates":[[-1.64412,4.97294],[-1.64432,4.97503],[-1.64117,4.9789],[-1.63248,4.98474],[-1.63527,4.98308],[-1.63594,4.98694],[-1.63349,4.98865],[-1.63218,4.98809],[-1.63168,4.99326],[-1.63417,4.99825],[-1.63163,5.00347]]}},{"type":"Feature","properties":{"name":"Western Region"},"geometry":{"type":"LineString","coordinates":[[-1.63163,5.00347],[-1.62789,5.01021],[-1.62919,5.01256]]}},{"type":"Feature","properties":{"name":"Western Region"},"geometry":{"type":"LineString","coordinates":[[-1.62919,5.01256],[-1.62531,5.01971],[-1.61758,5.02554]]}},{"type":"Feature","properties":{"name":"Western Region"},"geometry":{"type":"LineString","coordinates":[[-1.61758,5.02554],[-1.61577,5.02608]]}},{"type":"Feature","properties":{"name":"Western Region"},"geometry":{"type":"LineString","coordinates":[[-1.61577,5.02608],[-1.59852,5.031],[-1.58073,5.03343]]}},{"type":"Feature","properties":{"name":"Como\u00e9"},"geometry":{"type":"LineString","coordinates":[[-3.42344,6.19441],[-3.42269,6.18772],[-3.41466,6.17378],[-3.40905,6.15748],[-3.40009,6.15009],[-3.39767,6.14278],[-3.39731,6.13789],[-3.39675,6.13312],[-3.39854,6.1313],[-3.40974,6.13328],[-3.41246,6.12448],[-3.40866,6.11085],[-3.39572,6.09953],[-3.39589,6.09582],[-3.39681,6.0919],[-3.40175,6.09037],[-3.41182,6.08971],[-3.42258,6.08513],[-3.42634,6.07142],[-3.4248,6.06598]]}},{"type":"Feature","properties":{"name":"Como\u00e9"},"geometry":{"type":"LineString","coordinates":[[-3.45885,6.18585],[-3.46108,6.17834],[-3.45796,6.17278],[-3.44357,6.17225],[-3.4416,6.17597],[-3.44549,6.18107],[-3.4517,6.1901],[-3.44923,6.19411],[-3.42895,6.19623],[-3.42344,6.19441]]}},{"type":"Feature","properties":{"name":"Como\u00e9"},"geometry":{"type":"LineString","coordinates":[[-3.44423,6.24305],[-3.44505,6.23118],[-3.47228,6.23859],[-3.48049,6.23147],[-3.48238,6.22231],[-3.47436,6.20995],[-3.46042,6.19916],[-3.45885,6.18585]]}},{"type":"Feature","properties":{"name":"Como\u00e9"},"geometry":{"type":"LineString","coordinates":[[-3.64365,6.44046],[-3.61394,6.4265],[-3.60821,6.3943],[-3.58908,6.37572],[-3.58181,6.38545],[-3.54349,6.3719],[-3.53131,6.3848],[-3.51298,6.36123],[-3.5095,6.34644],[-3.49927,6.33643],[-3.49411,6.31617],[-3.47761,6.29955],[-3.47059,6.28925],[-3.45736,6.25029],[-3.44423,6.24305]]}},{"type":"Feature","properties":{"name":"Como\u00e9"},"geometry":{"type":"LineString","coordinates":[[-3.76986,6.62211],[-3.74627,6.63774],[-3.73519,6.63439],[-3.71952,6.63204],[-3.68263,6.64665],[-3.6769,6.63527],[-3.68535,6.61385],[-3.68457,6.60291],[-3.67156,6.58485],[-3.65743,6.56893],[-3.65883,6.55043],[-3.64648,6.52951],[-3.64246,6.51448],[-3.63538,6.48998],[-3.64717,6.45792],[-3.64365,6.44046]]}},{"type":"Feature","properties":{"name":"Como\u00e9"},"geometry":{"type":"LineString","coordinates":[[-3.78627,6.94417],[-3.78213,6.93664],[-3.77837,6.93402],[-3.77313,6.93181],[-3.76924,6.93757],[-3.76096,6.95235],[-3.7534,6.96022],[-3.73992,6.95917],[-3.73933,6.95011],[-3.74055,6.94122],[-3.73264,6.92388],[-3.73695,6.90862],[-3.74656,6.90041],[-3.7694,6.87541],[-3.77854,6.86074],[-3.77722,6.85562],[-3.76707,6.84386],[-3.75199,6.83169],[-3.74889,6.82542],[-3.74669,6.8177],[-3.74955,6.81389],[-3.76218,6.79823],[-3.75827,6.78033],[-3.76051,6.77523],[-3.76424,6.77329],[-3.78061,6.77072],[-3.79757,6.76312],[-3.79823,6.75915],[-3.78904,6.74377],[-3.78747,6.73414],[-3.77385,6.72445],[-3.7712,6.71464],[-3.76455,6.70239],[-3.775,6.697],[-3.78257,6.68695],[-3.79638,6.67764],[-3.79564,6.67417],[-3.78726,6.66873],[-3.77804,6.65328],[-3.77281,6.64608],[-3.77306,6.63821],[-3.76986,6.62211]]}},{"type":"Feature","properties":{"name":"Como\u00e9"},"geometry":{"type":"LineString","coordinates":[[-3.58143,7.06595],[-3.58562,7.06954],[-3.59707,7.08049],[-3.61467,7.08752],[-3.62936,7.08547],[-3.62635,7.07493],[-3.62342,7.06732],[-3.6399,7.04614],[-3.66347,7.05378],[-3.67888,7.04808],[-3.68993,7.037],[-3.70895,7.02588],[-3.71657,7.01722],[-3.72181,7.00702],[-3.7385,7.00801],[-3.76152,6.99737],[-3.78334,6.96587],[-3.78443,6.95068],[-3.78627,6.94417]]}},{"type":"Feature","properties":{"name":"Como\u00e9"},"geometry":{"type":"LineString","coordinates":[[-3.56723,7.10463],[-3.57987,7.08967],[-3.58259,7.08258],[-3.5804,7.06681],[-3.58143,7.06595]]}},{"type":"Feature","properties":{"name":"Como\u00e9"},"geometry":{"type":"LineString","coordinates":[[-3.51782,7.35228],[-3.53274,7.34344],[-3.54248,7.33718],[-3.55939,7.3102],[-3.55477,7.30094],[-3.54649,7.29606],[-3.53699,7.28982],[-3.53092,7.28788],[-3.54427,7.27935],[-3.56262,7.28091],[-3.58627,7.28263],[-3.59424,7.2644],[-3.586,7.24536],[-3.57707,7.23288],[-3.57676,7.2271],[-3.58317,7.20951],[-3.58671,7.19691],[-3.5935,7.18871],[-3.60911,7.18518],[-3.61786,7.1974],[-3.62437,7.19887],[-3.64412,7.20138],[-3.64923,7.18388],[-3.64965,7.17082],[-3.64822,7.16127],[-3.64179,7.14156],[-3.63876,7.12683],[-3.62422,7.1208],[-3.60232,7.10517],[-3.59271,7.10254],[-3.58002,7.10426],[-3.56717,7.10626],[-3.56723,7.10463]]}},{"type":"Feature","properties":{"name":"Como\u00e9"},"geometry":{"type":"LineString","coordinates":[[-3.11677,7.00415],[-3.23065,6.82331]]}},{"type":"Feature","properties":{"name":"Como\u00e9"},"geometry":{"type":"LineString","coordinates":[[-3.23065,6.82331],[-3.23181,6.81869],[-3.23022,6.8078],[-3.23156,6.79777],[-3.23229,6.79286],[-3.23181,6.79092],[-3.23315,6.78639],[-3.23247,6.78019],[-3.23573,6.77652],[-3.23242,6.77491]]}},{"type":"Feature","properties":{"name":"Como\u00e9"},"geometry":{"type":"LineString","coordinates":[[-3.23242,6.77491],[-3.22469,6.76675],[-3.2137,6.75675],[-3.21276,6.75421],[-3.21679,6.74601],[-3.209,6.7317],[-3.21046,6.72814],[-3.21591,6.72314],[-3.21807,6.71101],[-3.22131,6.70717],[-3.22311,6.70472],[-3.22898,6.70304],[-3.23006,6.69839],[-3.23006,6.69364],[-3.2285,6.69175],[-3.2286,6.689],[-3.23053,6.68656],[-3.23254,6.68593],[-3.23187,6.67914],[-3.2354,6.67632],[-3.23488,6.66746],[-3.24382,6.66454],[-3.24749,6.65826],[-3.24919,6.65549],[-3.25022,6.65382],[-3.25179,6.65056],[-3.25526,6.64418],[-3.25684,6.64241],[-3.25554,6.63994],[-3.25655,6.63408],[-3.2597,6.62897],[-3.26048,6.62278],[-3.25882,6.61639],[-3.25046,6.6097],[-3.24425,6.60543],[-3.23626,6.60318],[-3.2362,6.54139],[-3.22668,6.50425]]}},{"type":"Feature","properties":{"name":"Como\u00e9"},"geometry":{"type":"LineString","coordinates":[[-3.22668,6.50425],[-3.18512,6.34217]]}},{"type":"Feature","properties":{"name":"Como\u00e9"},"geometry":{"type":"LineString","coordinates":[[-3.18512,6.34217],[-3.18019,6.32793],[-3.1743,6.31283]]}},{"type":"Feature","properties":{"name":"Como\u00e9"},"geometry":{"type":"LineString","coordinates":[[-3.1743,6.31283],[-3.1731,6.30179],[-3.1705,6.29561],[-3.1704,6.28238],[-3.17134,6.27757],[-3.1716,6.26417],[-3.17569,6.25282],[-3.17455,6.25148]]}},{"type":"Feature","properties":{"name":"Como\u00e9"},"geometry":{"type":"LineString","coordinates":[[-3.17455,6.25148],[-3.13154,6.20756]]}},{"type":"Feature","properties":{"name":"Como\u00e9"},"geometry":{"type":"LineString","coordinates":[[-3.13154,6.20756],[-3.07381,5.985],[-3.07288,5.98284]]}},{"type":"Feature","properties":{"name":"Como\u00e9"},"geometry":{"type":"LineString","coordinates":[[-3.07288,5.98284],[-3.02643,5.70923]]}},{"type":"Feature","properties":{"name":"Como\u00e9"},"geometry":{"type":"LineString","coordinates":[[-3.02643,5.70923],[-2.96653,5.64095]]}},{"type":"Feature","properties":{"name":"Como\u00e9"},"geometry":{"type":"LineString","coordinates":[[-2.96653,5.64095],[-2.96256,5.64133],[-2.96217,5.63847],[-2.95958,5.63637],[-2.95362,5.63721],[-2.95019,5.63559],[-2.94845,5.63718],[-2.94224,5.6311],[-2.94185,5.62779],[-2.93894,5.62766],[-2.93636,5.62114],[-2.93248,5.61904],[-2.93038,5.62003],[-2.92693,5.61947],[-2.92312,5.62253],[-2.9238,5.62407],[-2.91987,5.6278],[-2.90843,5.62852],[-2.9069,5.63028],[-2.90523,5.62887],[-2.90283,5.63196],[-2.89914,5.62837],[-2.89825,5.63093],[-2.89431,5.63132],[-2.89296,5.63371],[-2.8873,5.63554],[-2.88767,5.63273],[-2.88634,5.63255],[-2.88343,5.64013],[-2.87858,5.63959],[-2.87562,5.64166],[-2.87538,5.64382],[-2.87199,5.64087],[-2.87144,5.64402],[-2.86741,5.64671],[-2.86744,5.64952],[-2.86511,5.65028],[-2.86454,5.65231],[-2.86061,5.65175],[-2.85785,5.65715],[-2.85582,5.65373],[-2.85869,5.64995],[-2.85118,5.64755],[-2.84836,5.6483],[-2.84854,5.64536],[-2.84671,5.64522],[-2.84705,5.64326],[-2.84365,5.6433],[-2.83908,5.63939],[-2.83644,5.63993],[-2.83224,5.63355],[-2.8318,5.63503],[-2.82952,5.63377],[-2.82835,5.63452],[-2.82811,5.63181],[-2.82312,5.62961],[-2.82196,5.62631],[-2.81863,5.62683],[-2.81575,5.62617],[-2.81326,5.62887],[-2.80866,5.62738],[-2.81077,5.62494],[-2.80763,5.62412],[-2.80513,5.6218],[-2.80643,5.61823],[-2.80457,5.61958],[-2.80353,5.61725],[-2.80198,5.62132],[-2.79315,5.6233],[-2.79219,5.62754],[-2.789,5.62646],[-2.7899,5.62322],[-2.78606,5.62479],[-2.78941,5.61694],[-2.78673,5.61663],[-2.78448,5.61852],[-2.78555,5.61539],[-2.78674,5.61462],[-2.78372,5.61389],[-2.77936,5.6135],[-2.77878,5.61531],[-2.77522,5.61517],[-2.77881,5.6067],[-2.77681,5.60616],[-2.77449,5.60308],[-2.77262,5.6045],[-2.76921,5.60183],[-2.76607,5.60343],[-2.76395,5.60199],[-2.76022,5.59812],[-2.76195,5.59338]]}},{"type":"Feature","properties":{"name":"Como\u00e9"},"geometry":{"type":"LineString","coordinates":[[-2.76195,5.59338],[-2.74897,5.43773],[-2.73521,5.41007]]}},{"type":"Feature","properties":{"name":"Como\u00e9"},"geometry":{"type":"LineString","coordinates":[[-2.73521,5.41007],[-2.72415,5.34281]]}},{"type":"Feature","properties":{"name":"Como\u00e9"},"geometry":{"type":"LineString","coordinates":[[-3.17392,5.10495],[-3.10361,5.09047]]}},{"type":"Feature","properties":{"name":"Como\u00e9"},"geometry":{"type":"LineString","coordinates":[[-3.28397,5.12787],[-3.28073,5.12713],[-3.27732,5.12363],[-3.27358,5.12294],[-3.17392,5.10495]]}},{"type":"Feature","properties":{"name":"Como\u00e9"},"geometry":{"type":"LineString","coordinates":[[-3.38388,5.14475],[-3.28736,5.12742],[-3.28397,5.12787]]}},{"type":"Feature","properties":{"name":"Como\u00e9"},"geometry":{"type":"LineString","coordinates":[[-3.4785,5.16026],[-3.38388,5.14475]]}},{"type":"Feature","properties":{"name":"Como\u00e9"},"geometry":{"type":"LineString","coordinates":[[-3.50314,5.16396],[-3.4785,5.16026]]}},{"type":"Feature","properties":{"name":"Como\u00e9"},"geometry":{"type":"LineString","coordinates":[[-3.54845,5.16847],[-3.50314,5.16396]]}},{"type":"Feature","properties":{"name":"Como\u00e9"},"geometry":{"type":"LineString","coordinates":[[-3.56031,5.16911],[-3.54845,5.16847]]}},{"type":"Feature","properties":{"name":"Como\u00e9"},"geometry":{"type":"LineString","coordinates":[[-3.6553,5.18185],[-3.59521,5.17248],[-3.56031,5.16911]]}},{"type":"Feature","properties":{"name":"Como\u00e9"},"geometry":{"type":"LineString","coordinates":[[-3.72195,5.19123],[-3.72143,5.1899],[-3.7158,5.19017],[-3.6553,5.18185]]}},{"type":"Feature","properties":{"name":"Como\u00e9"},"geometry":{"type":"LineString","coordinates":[[-3.75854,5.19806],[-3.72435,5.19157],[-3.72271,5.18942],[-3.72195,5.19123]]}},{"type":"Feature","properties":{"name":"Como\u00e9"},"geometry":{"type":"LineString","coordinates":[[-3.83474,5.21869],[-3.80148,5.20717],[-3.75854,5.19806]]}},{"type":"Feature","properties":{"name":"Como\u00e9"},"geometry":{"type":"LineString","coordinates":[[-3.8548,5.2269],[-3.83474,5.21869]]}},{"type":"Feature","properties":{"name":"Como\u00e9"},"geometry":{"type":"LineString","coordinates":[[-3.8548,5.2269],[-3.83865,5.25336],[-3.81718,5.25414],[-3.8211,5.27218],[-3.80864,5.28934]]}},{"type":"Feature","properties":{"name":"Como\u00e9"},"geometry":{"type":"LineString","coordinates":[[-3.80864,5.28934],[-3.77064,5.27683],[-3.73412,5.27367]]}},{"type":"Feature","properties":{"name":"Como\u00e9"},"geometry":{"type":"LineString","coordinates":[[-3.73412,5.27367],[-3.7307,5.27371]]}},{"type":"Feature","properties":{"name":"Como\u00e9"},"geometry":{"type":"LineString","coordinates":[[-3.7307,5.27371],[-3.72993,5.24965],[-3.72012,5.23569],[-3.71901,5.22173],[-3.71893,5.21528]]}},{"type":"Feature","properties":{"name":"Como\u00e9"},"geometry":{"type":"LineString","coordinates":[[-3.71893,5.21528],[-3.71189,5.22185],[-3.7063,5.23138],[-3.69938,5.23325],[-3.68491,5.22691],[-3.67396,5.23279],[-3.67044,5.23941],[-3.66295,5.2572],[-3.65647,5.26031],[-3.64152,5.25654],[-3.63631,5.25135],[-3.62777,5.25011],[-3.62111,5.25517],[-3.60982,5.26891],[-3.61704,5.28661],[-3.61846,5.294]]}},{"type":"Feature","properties":{"name":"Como\u00e9"},"geometry":{"type":"LineString","coordinates":[[-3.43633,5.60686],[-3.5775,5.52442],[-3.58787,5.35143],[-3.58441,5.34591],[-3.58532,5.34194],[-3.60231,5.33113],[-3.60243,5.32269],[-3.60565,5.312],[-3.61062,5.30552],[-3.61564,5.30405],[-3.61846,5.294]]}},{"type":"Feature","properties":{"name":"Como\u00e9"},"geometry":{"type":"LineString","coordinates":[[-3.38951,5.62986],[-3.43633,5.60686]]}},{"type":"Feature","properties":{"name":"Como\u00e9"},"geometry":{"type":"LineString","coordinates":[[-3.38951,5.62986],[-3.43137,5.76477],[-3.42782,5.76807]]}},{"type":"Feature","properties":{"name":"Como\u00e9"},"geometry":{"type":"LineString","coordinates":[[-3.31735,5.89391],[-3.34185,5.86128],[-3.37219,5.81892],[-3.37594,5.80282],[-3.39182,5.7845],[-3.39887,5.78775],[-3.41069,5.79701],[-3.41765,5.79777],[-3.42408,5.79806],[-3.41638,5.78479],[-3.41757,5.7791],[-3.42046,5.77332],[-3.42663,5.77038],[-3.42782,5.76807]]}},{"type":"Feature","properties":{"name":"Como\u00e9"},"geometry":{"type":"LineString","coordinates":[[-3.31735,5.89391],[-3.42292,5.89358],[-3.44908,5.90864]]}},{"type":"Feature","properties":{"name":"Como\u00e9"},"geometry":{"type":"LineString","coordinates":[[-3.40742,6.04299],[-3.3968,6.02718],[-3.38989,6.01064],[-3.39997,6.00052],[-3.41694,5.97251],[-3.43151,5.97011],[-3.43582,5.9627],[-3.42932,5.94787],[-3.4336,5.93669],[-3.44044,5.92881],[-3.44908,5.90864]]}},{"type":"Feature","properties":{"name":"Como\u00e9"},"geometry":{"type":"LineString","coordinates":[[-3.4248,6.06598],[-3.42143,6.06498],[-3.41637,6.06843],[-3.41141,6.06835],[-3.40686,6.06462],[-3.40838,6.0578],[-3.41439,6.04903],[-3.40742,6.04299]]}},{"type":"Feature","properties":{"name":"Lagunes"},"geometry":{"type":"LineString","coordinates":[[-3.72036,5.29754],[-3.7307,5.27371]]}},{"type":"Feature","properties":{"name":"Lagunes"},"geometry":{"type":"LineString","coordinates":[[-3.82739,5.37466],[-3.81876,5.36943],[-3.79965,5.36217],[-3.77384,5.35533],[-3.76731,5.33976],[-3.75112,5.32866],[-3.74664,5.31337],[-3.74076,5.30818],[-3.72036,5.29754]]}},{"type":"Feature","properties":{"name":"Lagunes"},"geometry":{"type":"LineString","coordinates":[[-3.82739,5.37466],[-3.82703,5.38604],[-3.83151,5.38777],[-3.83156,5.3909],[-3.83012,5.39505],[-3.82708,5.39585],[-3.82652,5.3989],[-3.82835,5.40041],[-3.82768,5.40305],[-3.82024,5.40937],[-3.82294,5.41313],[-3.81981,5.41202],[-3.81998,5.41808],[-3.8156,5.41837],[-3.81923,5.425],[-3.81496,5.4256],[-3.81357,5.42766],[-3.81881,5.42946],[-3.81556,5.4327],[-3.81774,5.43483],[-3.81917,5.43311],[-3.82122,5.43396],[-3.82344,5.43168],[-3.82611,5.43241],[-3.82536,5.43346]]}},{"type":"Feature","properties":{"name":"Lagunes"},"geometry":{"type":"LineString","coordinates":[[-3.82536,5.43346],[-3.82456,5.44021],[-3.82917,5.4446],[-3.83016,5.45293],[-3.82871,5.45727],[-3.82558,5.46381],[-3.82777,5.47037],[-3.8312,5.48692],[-3.83859,5.49516],[-3.84434,5.50792],[-3.85381,5.50719],[-3.85938,5.50728],[-3.86422,5.50795],[-3.87004,5.50662],[-3.87351,5.52325],[-3.88018,5.52989],[-3.89521,5.55086],[-3.89794,5.55553],[-3.9052,5.55997],[-3.91014,5.56448],[-3.92264,5.56661],[-3.92172,5.57533],[-3.92413,5.58012],[-3.93402,5.60371],[-3.93077,5.61691],[-3.93444,5.62398],[-3.93446,5.6331],[-3.93565,5.63633]]}},{"type":"Feature","properties":{"name":"Lagunes"},"geometry":{"type":"LineString","coordinates":[[-3.93565,5.63633],[-3.94409,5.6243],[-3.96091,5.62206],[-3.96932,5.61861],[-3.98067,5.60981],[-3.99743,5.60432],[-4.08368,5.59746],[-4.2384,5.60597],[-4.25058,5.60806],[-4.25346,5.60829],[-4.2598,5.60301]]}},{"type":"Feature","properties":{"name":"Lagunes"},"geometry":{"type":"LineString","coordinates":[[-4.26753,5.43444],[-4.27126,5.44003],[-4.27033,5.44357],[-4.27198,5.44235],[-4.27334,5.44529],[-4.27175,5.44642],[-4.27186,5.45063],[-4.26819,5.45114],[-4.26913,5.45288],[-4.27079,5.45229],[-4.271,5.45461],[-4.26873,5.45426],[-4.26655,5.46139],[-4.26443,5.46297],[-4.25895,5.46322],[-4.26101,5.46582],[-4.25696,5.46714],[-4.25773,5.46968],[-4.26108,5.47295],[-4.25998,5.47758],[-4.26155,5.47994],[-4.25922,5.48354],[-4.25963,5.4862],[-4.25492,5.48414],[-4.25286,5.48629],[-4.25165,5.48491],[-4.24911,5.48769],[-4.24795,5.48544],[-4.24728,5.48681],[-4.24469,5.4868],[-4.24663,5.4892],[-4.24388,5.49002],[-4.24501,5.49203],[-4.24409,5.49505],[-4.24596,5.49657],[-4.24374,5.49774],[-4.24564,5.49886],[-4.24373,5.5071],[-4.24835,5.51727],[-4.24671,5.52053],[-4.24765,5.52423],[-4.24836,5.53013],[-4.25323,5.53459],[-4.25791,5.54268],[-4.25805,5.54847],[-4.25801,5.54995],[-4.25311,5.5604],[-4.25107,5.56223],[-4.25097,5.5693],[-4.25235,5.57375],[-4.25953,5.57783],[-4.25409,5.58378],[-4.25415,5.58747],[-4.25645,5.59676],[-4.2598,5.60301]]}},{"type":"Feature","properties":{"name":"Lagunes"},"geometry":{"type":"LineString","coordinates":[[-4.29408,5.30699],[-4.26927,5.43115],[-4.26753,5.43444]]}},{"type":"Feature","properties":{"name":"Lagunes"},"geometry":{"type":"LineString","coordinates":[[-4.29408,5.30699],[-4.25143,5.29846],[-4.25383,5.29137],[-4.25231,5.28833],[-4.24491,5.28552],[-4.2273,5.23825],[-4.21666,5.22087]]}},{"type":"Feature","properties":{"name":"Lagunes"},"geometry":{"type":"LineString","coordinates":[[-4.26942,5.21527],[-4.21666,5.22087]]}},{"type":"Feature","properties":{"name":"Lagunes"},"geometry":{"type":"LineString","coordinates":[[-4.31268,5.21097],[-4.26942,5.21527]]}},{"type":"Feature","properties":{"name":"Lagunes"},"geometry":{"type":"LineString","coordinates":[[-4.33522,5.20881],[-4.31268,5.21097]]}},{"type":"Feature","properties":{"name":"Lagunes"},"geometry":{"type":"LineString","coordinates":[[-4.40008,5.2025],[-4.33522,5.20881]]}},{"type":"Feature","properties":{"name":"Lagunes"},"geometry":{"type":"LineString","coordinates":[[-4.43005,5.19938],[-4.40008,5.2025]]}},{"type":"Feature","properties":{"name":"Lagunes"},"geometry":{"type":"LineString","coordinates":[[-4.47502,5.19462],[-4.43005,5.19938]]}},{"type":"Feature","properties":{"name":"Lagunes"},"geometry":{"type":"LineString","coordinates":[[-4.54373,5.18735],[-4.47502,5.19462]]}},{"type":"Feature","properties":{"name":"Lagunes"},"geometry":{"type":"LineString","coordinates":[[-4.60422,5.17986],[-4.54373,5.18735]]}},{"type":"Feature","properties":{"name":"Lagunes"},"geometry":{"type":"LineString","coordinates":[[-4.66253,5.17115],[-4.60422,5.17986]]}},{"type":"Feature","properties":{"name":"Lagunes"},"geometry":{"type":"LineString","coordinates":[[-4.71989,5.16105],[-4.66253,5.17115]]}},{"type":"Feature","properties":{"name":"Lagunes"},"geometry":{"type":"LineString","coordinates":[[-4.78534,5.1529],[-4.75008,5.1559],[-4.71989,5.16105]]}},{"type":"Feature","properties":{"name":"Lagunes"},"geometry":{"type":"LineString","coordinates":[[-4.78743,5.15267],[-4.78534,5.1529]]}},{"type":"Feature","properties":{"name":"Lagunes"},"geometry":{"type":"LineString","coordinates":[[-4.8484,5.14738],[-4.78743,5.15267]]}},{"type":"Feature","properties":{"name":"Lagunes"},"geometry":{"type":"LineString","coordinates":[[-4.9175,5.14257],[-4.8484,5.14738]]}},{"type":"Feature","properties":{"name":"Lagunes"},"geometry":{"type":"LineString","coordinates":[[-4.99069,5.13762],[-4.9175,5.14257]]}},{"type":"Feature","properties":{"name":"Lagunes"},"geometry":{"type":"LineString","coordinates":[[-5.00315,5.1372],[-4.99069,5.13762]]}},{"type":"Feature","properties":{"name":"Lagunes"},"geometry":{"type":"LineString","coordinates":[[-5.07054,5.13201],[-5.01538,5.13481],[-5.00315,5.1372]]}},{"type":"Feature","properties":{"name":"Lagunes"},"geometry":{"type":"LineString","coordinates":[[-5.13423,5.12803],[-5.07054,5.13201]]}},{"type":"Feature","properties":{"name":"Lagunes"},"geometry":{"type":"LineString","coordinates":[[-5.20577,5.12256],[-5.13423,5.12803]]}},{"type":"Feature","properties":{"name":"Lagunes"},"geometry":{"type":"LineString","coordinates":[[-5.21528,5.12171],[-5.20577,5.12256]]}},{"type":"Feature","properties":{"name":"Lagunes"},"geometry":{"type":"LineString","coordinates":[[-5.27935,5.11563],[-5.21528,5.12171]]}},{"type":"Feature","properties":{"name":"Lagunes"},"geometry":{"type":"LineString","coordinates":[[-5.34116,5.10901],[-5.27935,5.11563]]}},{"type":"Feature","properties":{"name":"Lagunes"},"geometry":{"type":"LineString","coordinates":[[-5.40014,5.10239],[-5.34116,5.10901]]}},{"type":"Feature","properties":{"name":"Lagunes"},"geometry":{"type":"LineString","coordinates":[[-5.45369,5.09636],[-5.40014,5.10239]]}},{"type":"Feature","properties":{"name":"Lagunes"},"geometry":{"type":"LineString","coordinates":[[-5.45717,5.21359],[-5.45369,5.09636]]}},{"type":"Feature","properties":{"name":"Lagunes"},"geometry":{"type":"LineString","coordinates":[[-5.45717,5.21359],[-5.31842,5.1543],[-5.24312,5.21007],[-5.23517,5.21122],[-5.21376,5.20233],[-5.1751,5.20865],[-5.12299,5.1849],[-5.06919,5.28964],[-5.06838,5.32146],[-5.05791,5.3376],[-5.05921,5.34157],[-5.06237,5.35791],[-5.06061,5.36227],[-5.0537,5.38982],[-5.04708,5.40161],[-5.04453,5.41395],[-5.04363,5.42007],[-5.03046,5.4399],[-5.03003,5.44337],[-5.02477,5.45678],[-5.02272,5.46561],[-5.01751,5.4862],[-5.00862,5.49702],[-5.00671,5.50686],[-5.01013,5.53164],[-5.0102,5.54087],[-5.01981,5.56097],[-5.00157,5.61498]]}},{"type":"Feature","properties":{"name":"Lagunes"},"geometry":{"type":"LineString","coordinates":[[-5.00157,5.61498],[-4.93638,5.81165]]}},{"type":"Feature","properties":{"name":"Lagunes"},"geometry":{"type":"LineString","coordinates":[[-4.93638,5.81165],[-5.00834,5.94125],[-5.01328,5.98179]]}},{"type":"Feature","properties":{"name":"Lagunes"},"geometry":{"type":"LineString","coordinates":[[-5.01328,5.98179],[-5.00628,6.06055],[-5.00198,6.12795],[-5.07108,6.14245]]}},{"type":"Feature","properties":{"name":"Lagunes"},"geometry":{"type":"LineString","coordinates":[[-5.07108,6.14245],[-5.2445,6.21678]]}},{"type":"Feature","properties":{"name":"Lagunes"},"geometry":{"type":"LineString","coordinates":[[-5.2445,6.21678],[-5.20959,6.3809]]}},{"type":"Feature","properties":{"name":"Lagunes"},"geometry":{"type":"LineString","coordinates":[[-4.82857,6.23442],[-5.05042,6.30268],[-5.14903,6.33898],[-5.20959,6.3809]]}},{"type":"Feature","properties":{"name":"Lagunes"},"geometry":{"type":"LineString","coordinates":[[-4.68402,6.28326],[-4.70163,6.27462],[-4.71559,6.26137],[-4.7244,6.25692],[-4.73789,6.25222],[-4.75267,6.24531],[-4.79246,6.2412],[-4.81358,6.24764],[-4.81922,6.24581],[-4.82448,6.23382],[-4.82857,6.23442]]}},{"type":"Feature","properties":{"name":"Lagunes"},"geometry":{"type":"LineString","coordinates":[[-4.43323,6.24568],[-4.46213,6.24728],[-4.4808,6.2485],[-4.48836,6.24387],[-4.49403,6.24188],[-4.50735,6.24396],[-4.55289,6.26126],[-4.5676,6.26221],[-4.57112,6.26114],[-4.68402,6.28326]]}},{"type":"Feature","properties":{"name":"Lagunes"},"geometry":{"type":"LineString","coordinates":[[-4.15862,6.19524],[-4.17123,6.193],[-4.19305,6.19775],[-4.23236,6.19139],[-4.24165,6.18227],[-4.25573,6.19114],[-4.26257,6.19251],[-4.28716,6.19645],[-4.29748,6.19433],[-4.33445,6.2027],[-4.34353,6.20456],[-4.35689,6.21933],[-4.36464,6.22119],[-4.38629,6.23247],[-4.39078,6.23671],[-4.43323,6.24568]]}},{"type":"Feature","properties":{"name":"Lagunes"},"geometry":{"type":"LineString","coordinates":[[-4.14155,6.25612],[-4.14751,6.25142],[-4.15171,6.24396],[-4.14239,6.23094],[-4.14691,6.22867],[-4.15419,6.21935],[-4.15516,6.20613],[-4.15871,6.19881],[-4.15862,6.19524]]}},{"type":"Feature","properties":{"name":"Lagunes"},"geometry":{"type":"LineString","coordinates":[[-4.09142,6.51157],[-4.10637,6.50213],[-4.10709,6.48544],[-4.10781,6.46557],[-4.11348,6.45499],[-4.13738,6.43702],[-4.15393,6.40571],[-4.16128,6.37349],[-4.15992,6.3619],[-4.15512,6.35151],[-4.15712,6.33322],[-4.15689,6.29032],[-4.15272,6.27264],[-4.14461,6.26586],[-4.14544,6.25497],[-4.14155,6.25612]]}},{"type":"Feature","properties":{"name":"Lagunes"},"geometry":{"type":"LineString","coordinates":[[-3.76986,6.62211],[-3.79731,6.58759],[-3.81665,6.58409],[-3.83671,6.57524],[-3.85083,6.57227],[-3.86906,6.56502],[-3.93431,6.54022],[-3.98469,6.56056],[-4.02076,6.55919],[-4.04286,6.55964],[-4.05756,6.55509],[-4.08318,6.52046],[-4.09142,6.51157]]}},{"type":"Feature","properties":{"name":"Oti Region"},"geometry":{"type":"LineString","coordinates":[[-0.38471,8.15282],[-0.35158,8.1726],[-0.35187,8.19275],[-0.35924,8.20268],[-0.38082,8.19541],[-0.38969,8.19874],[-0.37825,8.22847],[-0.35103,8.2285],[-0.30634,8.23273],[-0.27477,8.22956],[-0.25008,8.21542],[-0.23266,8.21301],[-0.21895,8.21797],[-0.19753,8.22104],[-0.19693,8.22527],[-0.18689,8.23211],[-0.18055,8.23163],[-0.17651,8.22807],[-0.1684,8.23181],[-0.16563,8.23888],[-0.16941,8.25354],[-0.16267,8.25595],[-0.15934,8.26039],[-0.15014,8.26533],[-0.14537,8.27237],[-0.14275,8.27213]]}},{"type":"Feature","properties":{"name":"Oti Region"},"geometry":{"type":"LineString","coordinates":[[-0.38471,8.15282],[-0.36371,8.14669]]}},{"type":"Feature","properties":{"name":"Oti Region"},"geometry":{"type":"LineString","coordinates":[[-0.36371,8.14669],[-0.24885,8.07708],[-0.17319,8.0247],[-0.1546,8.0322]]}},{"type":"Feature","properties":{"name":"Oti Region"},"geometry":{"type":"LineString","coordinates":[[-0.1546,8.0322],[-0.14471,8.02812],[-0.14209,8.02511],[-0.13415,7.99727],[-0.11501,7.87197],[-0.10261,7.84272],[-0.09409,7.81973],[-0.08991,7.79799],[-0.08321,7.78775],[-0.07133,7.77767],[-0.04558,7.76931],[0.01451,7.76259],[0.02995,7.75373],[0.03119,7.73058],[0.0321,7.70963]]}},{"type":"Feature","properties":{"name":"Oti Region"},"geometry":{"type":"LineString","coordinates":[[0.0321,7.70963],[0.03571,7.65965],[0.04881,7.63365],[0.09048,7.60987]]}},{"type":"Feature","properties":{"name":"Oti Region"},"geometry":{"type":"LineString","coordinates":[[0.09048,7.60987],[0.09101,7.58319],[0.09527,7.51286],[0.1054,7.45371],[0.11518,7.42341],[0.14265,7.4092],[0.17261,7.39966]]}},{"type":"Feature","properties":{"name":"Oti Region"},"geometry":{"type":"LineString","coordinates":[[0.17261,7.39966],[0.20514,7.33372],[0.20514,7.26752],[0.18233,7.1797]]}},{"type":"Feature","properties":{"name":"North East Region"},"geometry":{"type":"LineString","coordinates":[[-1.43762,10.10374],[-1.41175,10.0893],[-1.40862,10.09051],[-1.40638,10.09174],[-1.40484,10.09385],[-1.39221,10.09089],[-1.38029,10.09051],[-1.37405,10.0934],[-1.37168,10.0948],[-1.36808,10.09386],[-1.364,10.08643],[-1.34004,10.07305],[-1.31692,10.06453],[-1.31405,10.0646],[-1.30915,10.06522],[-1.30979,10.06125],[-1.30482,10.05461],[-1.30154,10.05075],[-1.30133,10.04865],[-1.2858,10.03719],[-1.27684,10.03538],[-1.27156,10.03175],[-1.26361,10.03317],[-1.25326,10.03424],[-1.24931,10.03092],[-1.24397,10.02906],[-1.24002,10.02616]]}},{"type":"Feature","properties":{"name":"North East Region"},"geometry":{"type":"LineString","coordinates":[[-1.58545,10.07942],[-1.5807,10.08368],[-1.57848,10.08945],[-1.56493,10.0924],[-1.55938,10.09162],[-1.55842,10.0975],[-1.55675,10.0976],[-1.55091,10.09167],[-1.54773,10.07111],[-1.54446,10.07109],[-1.54189,10.07249],[-1.53732,10.07205],[-1.53117,10.07545],[-1.52719,10.08182],[-1.52156,10.08495],[-1.51527,10.08679],[-1.50836,10.08317],[-1.50447,10.08388],[-1.49604,10.09097],[-1.48925,10.09288],[-1.47528,10.10055],[-1.46989,10.10168],[-1.46659,10.10385],[-1.44305,10.10182]]}},{"type":"Feature","properties":{"name":"North East Region"},"geometry":{"type":"LineString","coordinates":[[-1.44305,10.10182],[-1.43762,10.10374]]}},{"type":"Feature","properties":{"name":"Savannah Region"},"geometry":{"type":"LineString","coordinates":[[-2.12174,8.15105],[-2.11214,8.15737],[-2.10362,8.15686],[-2.07825,8.15196],[-2.06064,8.14711],[-2.05043,8.14869],[-2.03986,8.14915],[-2.03074,8.15469]]}},{"type":"Feature","properties":{"name":"Savannah Region"},"geometry":{"type":"LineString","coordinates":[[-2.03074,8.15469],[-1.99808,8.15768],[-1.97143,8.16696],[-1.96123,8.16868],[-1.95208,8.17637],[-1.93279,8.20646],[-1.92968,8.21269],[-1.9196,8.22018],[-1.91205,8.23284],[-1.90144,8.25617],[-1.89282,8.26154],[-1.85955,8.25651],[-1.83821,8.24988],[-1.80619,8.22933],[-1.7985,8.22509],[-1.78562,8.22555],[-1.76686,8.23687],[-1.76248,8.24373],[-1.75191,8.25497],[-1.74621,8.26934],[-1.74844,8.28066],[-1.76653,8.31074],[-1.7724,8.32478],[-1.78777,8.33453],[-1.79471,8.33867],[-1.81214,8.34032],[-1.82363,8.33701],[-1.83949,8.33208],[-1.85385,8.32967],[-1.87216,8.3353],[-1.88583,8.35284],[-1.89468,8.37231],[-1.90693,8.39531],[-1.90788,8.39973],[-1.90955,8.42166],[-1.91028,8.43098],[-1.90844,8.44001],[-1.90091,8.44904],[-1.89064,8.45729],[-1.88256,8.47878],[-1.89494,8.55078],[-1.89251,8.55707],[-1.88828,8.58985],[-1.8765,8.61908],[-1.87194,8.62923],[-1.86868,8.64027],[-1.85492,8.65433]]}},{"type":"Feature","properties":{"name":"Savannah Region"},"geometry":{"type":"LineString","coordinates":[[-1.85492,8.65433],[-1.8376,8.66211],[-1.80798,8.66026],[-1.7774,8.64582],[-1.76858,8.64096],[-1.74753,8.62845],[-1.73225,8.62722],[-1.68957,8.64653],[-1.68436,8.65332],[-1.68182,8.66132],[-1.68247,8.6766],[-1.67682,8.68553],[-1.65457,8.69531],[-1.6426,8.6891],[-1.62602,8.67936],[-1.60867,8.67663],[-1.57869,8.67695],[-1.56592,8.67665],[-1.5515,8.67508],[-1.5246,8.68293],[-1.50887,8.69408],[-1.49581,8.74562],[-1.4812,8.76237],[-1.47285,8.76561],[-1.43552,8.76833],[-1.40728,8.77476],[-1.3727,8.76645],[-1.35236,8.75745],[-1.33864,8.7444],[-1.32791,8.73785],[-1.30673,8.72156],[-1.28582,8.71933],[-1.26021,8.68971],[-1.20932,8.66869],[-1.19515,8.67208],[-1.18384,8.68069],[-1.17185,8.68338],[-1.13272,8.68092]]}},{"type":"Feature","properties":{"name":"Savannah Region"},"geometry":{"type":"LineString","coordinates":[[-1.27497,8.28549],[-1.27414,8.29074],[-1.27622,8.29399],[-1.27562,8.29815],[-1.27677,8.30314],[-1.27645,8.30573],[-1.27946,8.30928],[-1.27463,8.3124],[-1.27647,8.3244],[-1.27478,8.3262],[-1.27486,8.33009],[-1.27289,8.33197],[-1.27154,8.33611],[-1.2675,8.33798],[-1.2671,8.3405],[-1.26269,8.34418],[-1.26343,8.34773],[-1.26158,8.35034],[-1.25997,8.35279],[-1.25846,8.35322],[-1.25695,8.35965],[-1.26053,8.36279],[-1.2596,8.36536],[-1.26137,8.36871],[-1.25967,8.37222],[-1.25508,8.3733],[-1.25494,8.37694],[-1.25309,8.37794],[-1.25384,8.37905],[-1.25265,8.37984],[-1.25455,8.38276],[-1.25339,8.38483],[-1.25478,8.38659],[-1.2578,8.39849],[-1.25596,8.40325],[-1.25815,8.40586],[-1.25945,8.40563],[-1.25859,8.40908],[-1.25734,8.40858],[-1.25615,8.41043],[-1.25797,8.41184],[-1.25668,8.41311],[-1.25745,8.4149],[-1.25635,8.4157],[-1.2567,8.41644],[-1.25431,8.41755],[-1.25532,8.42216],[-1.25389,8.42252],[-1.25506,8.42633],[-1.25522,8.42746],[-1.26042,8.42913],[-1.2625,8.43278],[-1.26169,8.43424],[-1.26291,8.43502],[-1.2614,8.43638],[-1.26026,8.44393],[-1.25728,8.45057],[-1.25834,8.4552],[-1.25271,8.45944],[-1.25311,8.46084],[-1.24959,8.46087],[-1.24567,8.46389],[-1.24304,8.4675],[-1.24501,8.46887],[-1.24465,8.47007],[-1.24228,8.46911],[-1.24117,8.47044],[-1.24041,8.46906],[-1.23965,8.47008],[-1.2391,8.46892],[-1.23675,8.47099],[-1.23233,8.47059],[-1.23085,8.47139],[-1.2316,8.4752],[-1.22892,8.47725],[-1.22567,8.47747],[-1.22343,8.47687],[-1.22098,8.47871],[-1.22006,8.48249],[-1.22023,8.48985],[-1.2183,8.49025],[-1.21744,8.49127],[-1.21099,8.49317],[-1.21079,8.49443],[-1.20605,8.49373],[-1.20342,8.49525],[-1.20029,8.49481],[-1.19884,8.4932],[-1.19413,8.49469],[-1.19182,8.50278],[-1.19375,8.50926],[-1.19504,8.51175],[-1.19168,8.51245],[-1.19003,8.5112],[-1.18167,8.51149],[-1.17703,8.51756],[-1.17392,8.51571],[-1.17322,8.50795],[-1.16846,8.50873],[-1.16584,8.51281],[-1.16375,8.51389],[-1.16535,8.52461],[-1.17239,8.52951],[-1.17116,8.53243],[-1.17192,8.53564],[-1.16212,8.53852],[-1.14672,8.55312],[-1.13742,8.58272],[-1.15279,8.64123],[-1.14792,8.65973],[-1.13272,8.68092]]}},{"type":"Feature","properties":{"name":"Savannah Region"},"geometry":{"type":"LineString","coordinates":[[-1.27331,8.26361],[-1.27247,8.27023],[-1.26989,8.27139],[-1.27023,8.27729],[-1.27497,8.28549]]}},{"type":"Feature","properties":{"name":"Savannah Region"},"geometry":{"type":"LineString","coordinates":[[-1.25877,8.24992],[-1.27331,8.26361]]}},{"type":"Feature","properties":{"name":"Savannah Region"},"geometry":{"type":"LineString","coordinates":[[-1.16233,8.01591],[-1.15894,8.02324],[-1.15933,8.03462],[-1.16183,8.04064],[-1.16154,8.04421],[-1.16513,8.05063],[-1.16532,8.06999],[-1.15658,8.08397],[-1.15662,8.08879],[-1.16722,8.10874],[-1.17479,8.1169],[-1.23113,8.21151],[-1.25129,8.24318],[-1.25877,8.24992]]}},{"type":"Feature","properties":{"name":"Savannah Region"},"geometry":{"type":"LineString","coordinates":[[-1.16233,8.01591],[-1.1607,8.01112],[-1.16178,8.00883],[-1.1597,8.00466],[-1.15808,8.00445],[-1.15748,7.99919],[-1.15542,7.99919],[-1.15419,7.99788],[-1.14779,7.99993],[-1.14354,7.9967],[-1.13545,7.9981],[-1.13212,7.99532]]}},{"type":"Feature","properties":{"name":"Savannah Region"},"geometry":{"type":"LineString","coordinates":[[-1.13212,7.99532],[-1.13185,7.99521]]}},{"type":"Feature","properties":{"name":"Savannah Region"},"geometry":{"type":"LineString","coordinates":[[-1.13185,7.99521],[-1.12542,7.99753],[-1.12007,7.99324],[-1.11516,7.99351],[-1.11225,7.9956],[-1.10654,7.99266],[-1.10645,7.99451],[-1.10406,7.99612],[-1.10005,7.99608],[-1.0986,7.9979],[-1.09744,7.99701],[-1.09498,7.99832],[-1.09274,8.0038],[-1.08986,8.00334],[-1.08751,8.01055],[-1.08413,8.01132],[-1.08105,8.01748],[-1.07616,8.01805],[-1.07326,8.0206],[-1.06575,8.02346]]}},{"type":"Feature","properties":{"name":"Savannah Region"},"geometry":{"type":"LineString","coordinates":[[-1.06575,8.02346],[-1.06101,8.02433],[-1.05938,8.02609],[-1.05699,8.02565]]}},{"type":"Feature","properties":{"name":"Savannah Region"},"geometry":{"type":"LineString","coordinates":[[-0.71051,8.34501],[-0.77221,8.3356],[-0.82712,8.33559],[-0.85959,8.32243],[-0.85491,8.31984],[-0.8527,8.31424],[-0.85713,8.29256],[-0.86215,8.27909],[-0.86259,8.27573],[-0.86409,8.27151],[-0.87062,8.26966],[-0.8788,8.26372],[-0.89295,8.25795],[-0.90528,8.25593],[-0.90934,8.25566],[-0.92021,8.2545],[-0.92586,8.25172],[-0.94155,8.25026],[-0.96071,8.25035],[-0.96651,8.24321],[-0.98737,8.23524],[-0.99161,8.24572],[-1.00154,8.24576],[-1.01032,8.24804],[-1.01468,8.25389],[-1.02217,8.25998],[-1.02585,8.25337],[-1.02992,8.25104],[-1.03376,8.24534],[-1.03963,8.23708],[-1.04098,8.21278],[-1.04311,8.20422],[-1.04176,8.1962],[-1.04314,8.17402],[-1.04057,8.16596],[-1.06858,8.12916],[-1.04327,8.09375],[-1.04104,8.07939],[-1.0488,8.06678],[-1.04802,8.06239],[-1.03674,8.05845],[-1.03364,8.05462],[-1.03452,8.04611],[-1.03215,8.04378],[-1.028,8.04298],[-1.0261,8.03886],[-1.0226,8.03626],[-1.02211,8.03324],[-1.0194,8.03196],[-1.0173,8.02732],[-1.01689,8.01989],[-1.01637,8.01838],[-1.02045,8.01548],[-1.02999,8.0171],[-1.03483,8.0254],[-1.04118,8.02669],[-1.04603,8.03028],[-1.05248,8.02909],[-1.05347,8.02708],[-1.05699,8.02565]]}},{"type":"Feature","properties":{"name":"Savannah Region"},"geometry":{"type":"LineString","coordinates":[[-0.54247,8.18769],[-0.65785,8.28807],[-0.6924,8.32471],[-0.71051,8.34501]]}},{"type":"Feature","properties":{"name":"Savannah Region"},"geometry":{"type":"LineString","coordinates":[[-0.44726,8.15853],[-0.54247,8.18769]]}},{"type":"Feature","properties":{"name":"Savannah Region"},"geometry":{"type":"LineString","coordinates":[[-0.44726,8.15853],[-0.38471,8.15282]]}},{"type":"Feature","properties":{"name":"Ahafo Region"},"geometry":{"type":"LineString","coordinates":[[-2.86465,6.85132],[-2.86224,6.84372],[-2.85301,6.83764],[-2.84924,6.83222],[-2.85263,6.82008],[-2.84439,6.82042],[-2.84065,6.81463],[-2.83919,6.80461],[-2.8367,6.79822],[-2.83494,6.79328],[-2.83494,6.78616],[-2.83827,6.78073],[-2.83795,6.77819],[-2.84913,6.77403],[-2.84964,6.77234],[-2.84897,6.77075],[-2.84909,6.76923],[-2.84499,6.76612],[-2.84044,6.75332],[-2.8422,6.74627],[-2.84538,6.74248],[-2.85325,6.73587],[-2.8547,6.73562],[-2.85894,6.73052]]}},{"type":"Feature","properties":{"name":"Ahafo Region"},"geometry":{"type":"LineString","coordinates":[[-2.85894,6.73052],[-2.85868,6.72658],[-2.86552,6.71485],[-2.86186,6.71249],[-2.85931,6.71085]]}},{"type":"Feature","properties":{"name":"Ahafo Region"},"geometry":{"type":"LineString","coordinates":[[-2.85931,6.71085],[-2.86212,6.704],[-2.85831,6.69748],[-2.86177,6.69727],[-2.8621,6.69508],[-2.86115,6.69207],[-2.85757,6.68842],[-2.85871,6.68679],[-2.85769,6.68481],[-2.85498,6.68356],[-2.8557,6.68236],[-2.84953,6.67845],[-2.84883,6.67328],[-2.84869,6.6718],[-2.84942,6.66923],[-2.84835,6.6678],[-2.85112,6.66639],[-2.85294,6.66486],[-2.85317,6.66304],[-2.85568,6.66158],[-2.86133,6.65947],[-2.86538,6.65898],[-2.87339,6.65721],[-2.87729,6.65398]]}},{"type":"Feature","properties":{"name":"Ahafo Region"},"geometry":{"type":"LineString","coordinates":[[-2.83203,6.63043],[-2.83332,6.63497],[-2.83784,6.63421],[-2.84099,6.63718],[-2.84429,6.63667],[-2.85192,6.64302],[-2.8614,6.64162],[-2.86565,6.63853],[-2.86945,6.63836],[-2.87148,6.64184],[-2.86643,6.64985],[-2.87101,6.65116],[-2.87254,6.65417],[-2.87729,6.65398]]}},{"type":"Feature","properties":{"name":"Ahafo Region"},"geometry":{"type":"LineString","coordinates":[[-2.77032,6.57955],[-2.7781,6.57547],[-2.78032,6.57642],[-2.7829,6.59042],[-2.78481,6.59512],[-2.78794,6.59726],[-2.78895,6.60156],[-2.79406,6.60143],[-2.80093,6.60715],[-2.80062,6.61166],[-2.80381,6.61609],[-2.80582,6.61683],[-2.80837,6.61463],[-2.80826,6.61668],[-2.81619,6.61684],[-2.82133,6.62281],[-2.82478,6.62374],[-2.82469,6.62608],[-2.83102,6.62697],[-2.83203,6.63043]]}},{"type":"Feature","properties":{"name":"Ahafo Region"},"geometry":{"type":"LineString","coordinates":[[-2.77032,6.57955],[-2.70115,6.58516],[-2.67438,6.51561],[-2.67209,6.51231]]}},{"type":"Feature","properties":{"name":"Ahafo Region"},"geometry":{"type":"LineString","coordinates":[[-2.67209,6.51231],[-2.58232,6.49052],[-2.52634,6.45485],[-2.51501,6.41305],[-2.49793,6.41007],[-2.46866,6.39088],[-2.45682,6.37612],[-2.44628,6.36816],[-2.43825,6.35893],[-2.43472,6.35487],[-2.43081,6.35485]]}}]}