{"type":"FeatureCollection","features":[{"type":"Feature","properties":{},"geometry":{"type":"LineString","coordinates":[[-0.85375,9.47892],[-0.8524,9.47844],[-0.85037,9.47629],[-0.8458,9.47518],[-0.84395,9.47546]]}},{"type":"Feature","properties":{},"geometry":{"type":"LineString","coordinates":[[-0.22647,5.61239],[-0.22083,5.6038],[-0.22142,5.60229],[-0.22086,5.59724],[-0.21993,5.59495],[-0.21792,5.59301],[-0.21699,5.58583]]}},{"type":"Feature","properties":{},"geometry":{"type":"LineString","coordinates":[[-0.32827,5.51565],[-0.32564,5.51574],[-0.32594,5.51334],[-0.32523,5.51116]]}},{"type":"Feature","properties":{},"geometry":{"type":"LineString","coordinates":[[-0.32159,5.5168],[-0.32311,5.51583],[-0.32381,5.5131]]}},{"type":"Feature","properties":{},"geometry":{"type":"LineString","coordinates":[[-0.31119,5.51566],[-0.31647,5.51571],[-0.31822,5.5166]]}},{"type":"Feature","properties":{},"geometry":{"type":"LineString","coordinates":[[-0.22669,5.61317],[-0.22647,5.61239]]}},{"type":"Feature","properties":{},"geometry":{"type":"LineString","coordinates":[[-0.2349,5.6572],[-0.23357,5.65593],[-0.23394,5.65143],[-0.23339,5.64937],[-0.23497,5.64689]]}},{"type":"Feature","properties":{},"geometry":{"type":"LineString","coordinates":[[0.3193,7.29587],[0.31709,7.29656],[0.31321,7.29609],[0.31183,7.29297],[0.30785,7.29243],[0.30152,7.28888],[0.29843,7.28971],[0.29483,7.29298],[0.29429,7.29499],[0.29126,7.29939],[0.28922,7.30005],[0.28682,7.2998],[0.28618,7.3027],[0.2851,7.30349],[0.23303,7.30024],[0.20773,7.29782]]}},{"type":"Feature","properties":{"name":"Kulpawn"},"geometry":{"type":"LineString","coordinates":[[-2.32176,10.57981],[-2.32107,10.57904],[-2.32062,10.5795],[-2.3189,10.57925],[-2.31886,10.58134],[-2.31656,10.5809],[-2.31415,10.57867],[-2.3146,10.57715],[-2.31216,10.57747],[-2.31106,10.57841],[-2.30834,10.57629],[-2.30607,10.57614],[-2.30626,10.57514],[-2.30769,10.57459],[-2.30661,10.57148],[-2.30366,10.5705],[-2.30154,10.57164],[-2.29957,10.5705],[-2.29952,10.56852],[-2.3009,10.56728],[-2.29884,10.56379],[-2.29933,10.56126],[-2.29854,10.56002],[-2.29836,10.55663],[-2.29488,10.55412],[-2.29388,10.55434],[-2.29299,10.55287],[-2.29131,10.5528],[-2.28801,10.55628],[-2.28212,10.5578],[-2.27911,10.56021],[-2.27773,10.5597],[-2.27506,10.55723],[-2.26928,10.55486],[-2.26877,10.55196],[-2.26732,10.5515],[-2.26538,10.54615],[-2.26529,10.54391],[-2.26452,10.5431],[-2.26392,10.53993],[-2.26142,10.5377],[-2.25992,10.53821],[-2.25949,10.53644],[-2.2577,10.53626],[-2.25704,10.53488],[-2.25546,10.53503],[-2.25422,10.53354],[-2.25255,10.53336],[-2.25186,10.53143],[-2.24908,10.53107],[-2.24634,10.52971],[-2.24503,10.52808],[-2.2427,10.52685],[-2.24134,10.5228],[-2.23972,10.52388],[-2.23733,10.52247],[-2.23706,10.52118],[-2.23927,10.51695],[-2.2391,10.51596],[-2.23756,10.51444],[-2.23445,10.51302],[-2.23196,10.51285],[-2.23043,10.51119],[-2.22796,10.51032],[-2.22683,10.5075],[-2.22803,10.50696],[-2.22818,10.50614],[-2.22528,10.50591],[-2.22282,10.50446],[-2.21942,10.50472],[-2.21835,10.50593],[-2.2171,10.5055],[-2.21668,10.5046],[-2.21596,10.50601],[-2.21058,10.50465],[-2.20837,10.50498],[-2.20501,10.50291],[-2.20477,10.49998],[-2.20162,10.49589],[-2.19243,10.49385],[-2.19078,10.49401],[-2.19017,10.49567],[-2.18862,10.4958],[-2.1815,10.49219]]}},{"type":"Feature","properties":{},"geometry":{"type":"LineString","coordinates":[[-1.823,10.33154],[-1.82549,10.32927],[-1.82911,10.32944],[-1.8305,10.32705],[-1.83393,10.32618],[-1.83578,10.31937],[-1.83764,10.31825],[-1.84119,10.31857],[-1.8409,10.31659],[-1.84365,10.31346],[-1.84681,10.31315],[-1.848,10.31158],[-1.8487,10.31185],[-1.84973,10.31119],[-1.85133,10.30917],[-1.85441,10.30912],[-1.85713,10.31081],[-1.85794,10.31041],[-1.85831,10.30874],[-1.86017,10.30881],[-1.86123,10.30769],[-1.86215,10.30827],[-1.86313,10.30721],[-1.86574,10.3073],[-1.86841,10.30903],[-1.87097,10.30814],[-1.87402,10.30854],[-1.87512,10.30785],[-1.87691,10.30434],[-1.88481,10.30409],[-1.89145,10.3006],[-1.89243,10.29928],[-1.89137,10.29294],[-1.89323,10.29295],[-1.89477,10.29487],[-1.89631,10.29542],[-1.90197,10.28933],[-1.9024,10.28734],[-1.90364,10.28617],[-1.90366,10.28326],[-1.90897,10.28074],[-1.91204,10.28061],[-1.91495,10.2794],[-1.91722,10.27777],[-1.91893,10.27532],[-1.92116,10.27437],[-1.92358,10.2701],[-1.92482,10.26234],[-1.92748,10.2606],[-1.92646,10.26291],[-1.92885,10.26277],[-1.93,10.26151],[-1.93004,10.25962],[-1.93178,10.25684],[-1.93248,10.24764],[-1.9319,10.24171],[-1.94065,10.23113],[-1.94124,10.22645],[-1.94315,10.22417],[-1.94164,10.22261],[-1.9418,10.22166],[-1.94715,10.21848],[-1.94805,10.21377],[-1.94634,10.21012],[-1.94653,10.20808],[-1.94551,10.20546],[-1.94797,10.20334],[-1.95333,10.2043],[-1.95626,10.20362],[-1.95833,10.20186],[-1.96352,10.19924],[-1.96622,10.19608],[-1.96711,10.19248],[-1.96558,10.18742],[-1.96206,10.18487],[-1.96113,10.18297],[-1.96153,10.17928],[-1.96056,10.17499],[-1.96016,10.16658]]}},{"type":"Feature","properties":{},"geometry":{"type":"LineString","coordinates":[[-1.25738,10.19901],[-1.25758,10.19992],[-1.25648,10.20091],[-1.2552,10.20087],[-1.2525,10.20232],[-1.25172,10.20381],[-1.25001,10.20386],[-1.24971,10.2057],[-1.24825,10.20634],[-1.24677,10.21014],[-1.24555,10.21097],[-1.24553,10.21253],[-1.24239,10.21446],[-1.24271,10.21659],[-1.24083,10.21692],[-1.24118,10.21826],[-1.2384,10.21823],[-1.23704,10.21954],[-1.23677,10.21817],[-1.23518,10.21868],[-1.23473,10.21713],[-1.23217,10.21745],[-1.23167,10.21798],[-1.232,10.21872],[-1.2311,10.2195],[-1.23146,10.22025],[-1.23064,10.22073],[-1.23087,10.22154],[-1.22962,10.22165],[-1.23056,10.22257],[-1.22933,10.22291],[-1.2274,10.22172],[-1.22636,10.22298],[-1.2264,10.22417],[-1.22505,10.22314],[-1.22306,10.22379],[-1.22167,10.22532],[-1.2202,10.22547],[-1.21877,10.22465],[-1.21858,10.22733],[-1.21982,10.22908],[-1.21832,10.22955],[-1.21817,10.23077],[-1.21758,10.23008],[-1.21646,10.2306],[-1.21622,10.22983],[-1.21571,10.22991],[-1.21462,10.23337],[-1.21324,10.23243],[-1.21311,10.23117],[-1.21154,10.23151],[-1.21123,10.23217],[-1.21012,10.23213],[-1.20977,10.23135],[-1.20829,10.2329],[-1.20707,10.23225],[-1.20613,10.23351],[-1.20511,10.2322],[-1.20443,10.23308],[-1.20296,10.23289],[-1.20293,10.2313],[-1.20132,10.23201],[-1.19974,10.23095],[-1.19867,10.23095],[-1.19868,10.23165],[-1.19716,10.232],[-1.19535,10.23406],[-1.19365,10.23357],[-1.19262,10.23439],[-1.19304,10.23532],[-1.192,10.23578],[-1.19122,10.2353],[-1.19099,10.2363],[-1.18988,10.23594],[-1.18925,10.23774],[-1.18824,10.23781],[-1.18817,10.24014],[-1.18686,10.23994],[-1.18618,10.24095],[-1.18513,10.2406],[-1.18263,10.24352],[-1.18215,10.24482],[-1.18355,10.24558],[-1.18289,10.24715],[-1.17882,10.24698],[-1.1781,10.2483],[-1.17312,10.25135],[-1.17215,10.2527],[-1.17195,10.25448],[-1.16878,10.2571],[-1.16662,10.25697],[-1.16391,10.25954],[-1.16218,10.26003],[-1.1603,10.26155],[-1.15861,10.2655],[-1.15482,10.26428],[-1.14954,10.26453],[-1.14894,10.26501],[-1.14905,10.26658],[-1.14692,10.26551],[-1.1439,10.26771],[-1.14206,10.26725],[-1.14016,10.26805],[-1.14002,10.27106],[-1.13842,10.2712],[-1.13736,10.2703],[-1.13441,10.27132],[-1.13394,10.27197],[-1.13443,10.27274],[-1.13415,10.27409],[-1.13575,10.27545],[-1.13463,10.27663],[-1.13273,10.27636],[-1.13297,10.27762],[-1.13429,10.27861],[-1.13314,10.28004],[-1.1338,10.28186],[-1.13547,10.2827],[-1.13585,10.28539],[-1.13717,10.28517],[-1.13683,10.28694],[-1.13624,10.28734],[-1.13568,10.2869],[-1.13514,10.28771],[-1.13492,10.29118],[-1.13572,10.293],[-1.13686,10.29141],[-1.13864,10.29169],[-1.13917,10.29545],[-1.13809,10.29659],[-1.13844,10.29804]]}},{"type":"Feature","properties":{},"geometry":{"type":"LineString","coordinates":[[-1.70907,10.37964],[-1.70774,10.37987],[-1.70326,10.378],[-1.6985,10.37911],[-1.69776,10.37686],[-1.69641,10.37716],[-1.69556,10.37439],[-1.69479,10.37462],[-1.69365,10.3765],[-1.69305,10.37602],[-1.693,10.3742],[-1.69075,10.37284],[-1.68896,10.37387],[-1.68799,10.37589],[-1.68521,10.37761],[-1.68373,10.37606],[-1.68285,10.37596],[-1.68141,10.37641],[-1.68006,10.37798],[-1.67412,10.37819],[-1.6717,10.37888],[-1.67065,10.3796],[-1.67075,10.38055],[-1.66998,10.38133],[-1.665,10.38333],[-1.65847,10.38703],[-1.65283,10.38684],[-1.6513,10.38375],[-1.64805,10.38351],[-1.64651,10.38151],[-1.64384,10.38034],[-1.63801,10.38002],[-1.63588,10.37823],[-1.63163,10.38001],[-1.62342,10.38063],[-1.62284,10.3797],[-1.623,10.37734],[-1.6203,10.37613],[-1.61763,10.37686],[-1.61605,10.38022],[-1.6158,10.38256],[-1.61378,10.38277]]}},{"type":"Feature","properties":{},"geometry":{"type":"LineString","coordinates":[[-1.79251,10.6454],[-1.78977,10.64454],[-1.78932,10.64315],[-1.78708,10.64246],[-1.78511,10.63812],[-1.7816,10.63747],[-1.78003,10.63624],[-1.77945,10.63694],[-1.77872,10.63549],[-1.77751,10.63532],[-1.77761,10.62912],[-1.76751,10.62163],[-1.7661,10.61974],[-1.76444,10.61915],[-1.75992,10.62116],[-1.7594,10.61953],[-1.75349,10.61586],[-1.75239,10.61352],[-1.74625,10.61503],[-1.74258,10.61298],[-1.74131,10.61347],[-1.74081,10.61487],[-1.73962,10.61493],[-1.7383,10.61085],[-1.73309,10.60959],[-1.72915,10.6079],[-1.72407,10.61042],[-1.71908,10.60955],[-1.7146,10.60985],[-1.70804,10.61188],[-1.70593,10.61029],[-1.70325,10.6064],[-1.69899,10.60513],[-1.69837,10.60283],[-1.69172,10.60157],[-1.69027,10.60204],[-1.68696,10.60504],[-1.68603,10.6035],[-1.67509,10.6016],[-1.66758,10.60411],[-1.66151,10.60257],[-1.65857,10.60299],[-1.65445,10.60464],[-1.65108,10.60413],[-1.65018,10.60124],[-1.64694,10.60004],[-1.63741,10.60084],[-1.63209,10.59911],[-1.63158,10.59836],[-1.63009,10.5915],[-1.63172,10.5878],[-1.63117,10.5861],[-1.62815,10.58479],[-1.62445,10.5815],[-1.62041,10.58071],[-1.61638,10.57791],[-1.60563,10.57725],[-1.5986,10.57923],[-1.59358,10.57855],[-1.58508,10.57627],[-1.58273,10.57796],[-1.58101,10.58264],[-1.57912,10.58384],[-1.57146,10.58169],[-1.5699,10.58172],[-1.56639,10.58377],[-1.56082,10.5812],[-1.55788,10.58076],[-1.55516,10.58204],[-1.55274,10.58635]]}},{"type":"Feature","properties":{},"geometry":{"type":"LineString","coordinates":[[-1.59072,10.74386],[-1.5887,10.7406],[-1.58508,10.72116],[-1.58189,10.72049],[-1.58072,10.72079],[-1.57913,10.72245],[-1.57135,10.72383],[-1.56893,10.7238],[-1.56725,10.72292]]}},{"type":"Feature","properties":{"name":"Dedoro"},"geometry":{"type":"LineString","coordinates":[[-1.0106,10.81407],[-1.00901,10.81241],[-1.00861,10.80979],[-1.00644,10.80845],[-1.00687,10.80672],[-1.00315,10.80435]]}},{"type":"Feature","properties":{"name":"Atamore"},"geometry":{"type":"LineString","coordinates":[[-0.99331,10.82493],[-0.9976,10.81718],[-0.99726,10.81229],[-0.99837,10.8108],[-0.99903,10.80807],[-0.99996,10.80603],[-1.00315,10.80435],[-1.00423,10.80036],[-1.00286,10.79503],[-1.00224,10.79403],[-1.00083,10.79383],[-1.00139,10.79253],[-0.99993,10.79241],[-1.00137,10.79003],[-1.00295,10.79035],[-1.00305,10.78941],[-1.00403,10.78919],[-1.00704,10.78059],[-1.00962,10.7703],[-1.01477,10.76229],[-1.01373,10.76053],[-1.01443,10.75821],[-1.01372,10.75769],[-1.01252,10.75819],[-1.01189,10.75704],[-1.01309,10.75658],[-1.01245,10.75451],[-1.01325,10.75326],[-1.01232,10.74902],[-1.01315,10.74877],[-1.01301,10.74802],[-1.01399,10.74666],[-1.01237,10.74617],[-1.01244,10.74308],[-1.01021,10.73908],[-1.00671,10.73743],[-1.00642,10.7359],[-1.00664,10.73547],[-1.00774,10.73596],[-1.00775,10.734],[-1.0056,10.72783],[-1.00251,10.72801],[-1.00231,10.72861],[-1.0004,10.72748],[-0.99946,10.72804],[-0.99923,10.72944],[-0.9958,10.73244],[-0.99204,10.73218],[-0.99001,10.73074],[-0.98931,10.72942],[-0.99006,10.72672],[-0.98915,10.72415],[-0.98966,10.72317],[-0.98773,10.72048],[-0.98496,10.71851],[-0.98435,10.71868],[-0.98429,10.71775],[-0.98284,10.71735],[-0.98199,10.71779],[-0.97607,10.71439],[-0.96942,10.71481],[-0.96656,10.71288],[-0.96568,10.71299],[-0.96211,10.70837],[-0.96094,10.70788],[-0.95903,10.70832],[-0.95967,10.70647],[-0.96255,10.70594],[-0.96315,10.70404],[-0.96682,10.70149],[-0.96946,10.70054],[-0.97233,10.69702],[-0.97047,10.69407],[-0.9675,10.69217],[-0.96798,10.69127],[-0.97057,10.68981],[-0.9745,10.68608],[-0.97607,10.6857],[-0.97982,10.68686],[-0.98085,10.68437],[-0.98353,10.68194],[-0.98289,10.68091],[-0.98066,10.68048],[-0.97752,10.67872],[-0.97666,10.67366],[-0.98016,10.66937],[-0.98057,10.6678],[-0.97803,10.66634],[-0.97562,10.66687],[-0.97201,10.66236],[-0.97077,10.66246],[-0.96995,10.66029],[-0.97027,10.65945],[-0.96815,10.65439],[-0.96135,10.64865],[-0.95829,10.64262],[-0.95379,10.64015],[-0.95209,10.63152],[-0.95283,10.62957],[-0.95472,10.62733],[-0.95449,10.62661],[-0.95321,10.62695],[-0.94736,10.62326],[-0.94497,10.62069],[-0.94525,10.61809],[-0.94421,10.6168]]}},{"type":"Feature","properties":{},"geometry":{"type":"LineString","coordinates":[[-0.16596,10.94158],[-0.16092,10.9369]]}},{"type":"Feature","properties":{},"geometry":{"type":"LineString","coordinates":[[-0.74755,9.81794],[-0.74821,9.81758],[-0.74784,9.81601],[-0.74938,9.81386],[-0.74936,9.81298],[-0.74841,9.81158],[-0.74591,9.81111],[-0.74476,9.8101],[-0.74295,9.80624],[-0.74036,9.80306],[-0.74148,9.79829],[-0.73945,9.79092],[-0.74038,9.78663],[-0.7417,9.78623],[-0.74192,9.78556],[-0.74116,9.78316],[-0.73819,9.78193],[-0.73827,9.78139],[-0.73895,9.77989],[-0.74227,9.77645],[-0.74643,9.77513],[-0.75002,9.77548],[-0.75296,9.78062],[-0.7569,9.78026],[-0.7583,9.77878],[-0.76169,9.77827],[-0.76222,9.77509],[-0.76368,9.77291],[-0.76196,9.77213],[-0.76177,9.77018],[-0.76961,9.76973],[-0.77119,9.77082],[-0.77494,9.76938],[-0.77495,9.76406],[-0.77622,9.76248],[-0.77796,9.76248],[-0.77808,9.7603],[-0.77747,9.75997],[-0.77729,9.75756],[-0.77938,9.75396],[-0.7787,9.75232],[-0.77788,9.75191],[-0.77834,9.7485],[-0.77791,9.74802],[-0.77945,9.74581],[-0.78216,9.74512],[-0.7835,9.74532],[-0.78406,9.74648],[-0.7862,9.74615],[-0.78703,9.74531],[-0.78654,9.74453],[-0.78733,9.74267],[-0.7886,9.74309],[-0.79002,9.74241],[-0.79464,9.74415],[-0.79622,9.74189],[-0.79832,9.74283],[-0.80029,9.74285],[-0.80318,9.74052],[-0.8073,9.73906],[-0.80823,9.74027],[-0.80845,9.74359],[-0.81119,9.74432],[-0.81221,9.74371],[-0.81203,9.74151],[-0.81419,9.74],[-0.81686,9.73974],[-0.81667,9.73763],[-0.81796,9.73679],[-0.82266,9.74019],[-0.82498,9.74029],[-0.82691,9.73859],[-0.82635,9.73714],[-0.82704,9.73592],[-0.82721,9.7318],[-0.8279,9.73069],[-0.83307,9.73346],[-0.83392,9.73718],[-0.83467,9.73785],[-0.84106,9.73295],[-0.84379,9.733],[-0.84349,9.7344],[-0.84026,9.7366],[-0.8403,9.73821],[-0.84815,9.7361],[-0.84869,9.7354],[-0.84797,9.73277],[-0.84831,9.73213],[-0.85003,9.73215],[-0.85037,9.73341],[-0.85118,9.73363],[-0.85417,9.73191],[-0.8557,9.73009],[-0.85839,9.73269],[-0.85851,9.73466],[-0.86327,9.73169],[-0.86429,9.73239],[-0.86566,9.73197],[-0.86698,9.73414],[-0.86959,9.73215],[-0.87223,9.73182],[-0.87522,9.73461],[-0.87438,9.73775],[-0.8748,9.73807],[-0.8773,9.73656],[-0.87809,9.73389],[-0.87739,9.73311],[-0.87856,9.73212],[-0.87814,9.72984],[-0.87973,9.72856],[-0.88031,9.73011],[-0.88453,9.73168],[-0.88541,9.73291],[-0.88768,9.73229],[-0.8882,9.73072],[-0.88941,9.73045],[-0.89293,9.73465],[-0.8954,9.73286],[-0.89694,9.73258],[-0.89797,9.73114],[-0.89824,9.72965],[-0.89696,9.72761],[-0.89784,9.72614],[-0.89756,9.72449],[-0.8997,9.72188],[-0.89932,9.7176],[-0.90145,9.71551],[-0.89949,9.71208],[-0.90102,9.70893],[-0.90168,9.70856],[-0.90274,9.70919],[-0.90304,9.70875],[-0.90215,9.70514],[-0.90062,9.70291],[-0.89917,9.70244],[-0.8958,9.70343],[-0.8913,9.70311],[-0.88887,9.70247],[-0.88712,9.70072],[-0.8879,9.69824],[-0.8931,9.69561],[-0.89459,9.69332],[-0.90006,9.69786],[-0.90363,9.69897],[-0.90937,9.69527],[-0.91109,9.69109],[-0.91278,9.69028],[-0.92296,9.69603],[-0.92533,9.6956],[-0.92691,9.69375],[-0.93098,9.69329],[-0.93567,9.69868],[-0.94222,9.70274],[-0.94529,9.70347],[-0.94674,9.70303],[-0.94889,9.70053],[-0.94872,9.69524],[-0.94935,9.69392],[-0.95542,9.69467],[-0.95802,9.69336],[-0.96,9.69111],[-0.96514,9.68982],[-0.97399,9.68923],[-0.97487,9.69065]]}},{"type":"Feature","properties":{"name":"Afram"},"geometry":{"type":"LineString","coordinates":[[-1.51581,7.39072],[-1.51443,7.39022],[-1.51218,7.39143],[-1.51191,7.39223],[-1.50854,7.3931],[-1.50716,7.39273],[-1.50651,7.39339],[-1.50094,7.3927],[-1.49729,7.39023],[-1.49274,7.39115],[-1.49223,7.39075],[-1.49267,7.39035],[-1.49159,7.38969],[-1.49069,7.39064],[-1.48925,7.39],[-1.48835,7.39037],[-1.48684,7.38877],[-1.48709,7.38817],[-1.48534,7.38809],[-1.48448,7.38625],[-1.48472,7.38543],[-1.48377,7.38419],[-1.48245,7.38406],[-1.48216,7.38226],[-1.48069,7.38163],[-1.48005,7.38045],[-1.47916,7.38067],[-1.47853,7.3798],[-1.47932,7.37855],[-1.47802,7.37786],[-1.47785,7.37702],[-1.47501,7.37595],[-1.47347,7.37673],[-1.47312,7.37586],[-1.4712,7.37504],[-1.46989,7.37178],[-1.46853,7.37101],[-1.46433,7.37089],[-1.46367,7.37135],[-1.46334,7.37086],[-1.46276,7.37125],[-1.46243,7.37037],[-1.46198,7.37086],[-1.4615,7.37055],[-1.46163,7.36921],[-1.46078,7.36897],[-1.46171,7.36769],[-1.46103,7.36702],[-1.46084,7.36747],[-1.46077,7.36661],[-1.46136,7.36625],[-1.46043,7.36575],[-1.46073,7.36426],[-1.45984,7.36433],[-1.45976,7.36341],[-1.45875,7.3627],[-1.45881,7.3617],[-1.45812,7.36209],[-1.45765,7.3605],[-1.45629,7.35996],[-1.45585,7.35755],[-1.45454,7.35751],[-1.45445,7.35644],[-1.4531,7.35615],[-1.45316,7.35491],[-1.4516,7.35506],[-1.45172,7.35403],[-1.44985,7.35346],[-1.45041,7.35296],[-1.44871,7.35256],[-1.44743,7.35349],[-1.44711,7.35288],[-1.44578,7.3535],[-1.44531,7.35278],[-1.44475,7.35364],[-1.44407,7.35279],[-1.44325,7.35284],[-1.44318,7.35199],[-1.44215,7.35254],[-1.44231,7.35175],[-1.44085,7.35206],[-1.43987,7.35114],[-1.43915,7.35211],[-1.43638,7.3533],[-1.4343,7.35292],[-1.43327,7.35036],[-1.43221,7.3496],[-1.43185,7.34712],[-1.42981,7.34557],[-1.42945,7.34365],[-1.42688,7.34296],[-1.42704,7.34228],[-1.42631,7.34164],[-1.4246,7.34229],[-1.42443,7.34131],[-1.42062,7.341],[-1.41917,7.33946],[-1.41642,7.33886],[-1.4155,7.33728],[-1.41469,7.33772],[-1.41326,7.33636],[-1.41383,7.33392],[-1.41176,7.33472],[-1.41097,7.33299],[-1.40945,7.33436],[-1.40868,7.33365],[-1.40657,7.33422],[-1.40538,7.33251],[-1.40506,7.33361],[-1.40366,7.33382],[-1.40287,7.33255],[-1.40337,7.33199],[-1.40141,7.33174],[-1.40168,7.33117],[-1.40021,7.33081],[-1.39912,7.32928],[-1.39781,7.32937],[-1.39712,7.32853],[-1.39677,7.32894],[-1.39661,7.32694],[-1.39546,7.32746],[-1.39454,7.32659],[-1.39286,7.32702],[-1.39191,7.32606],[-1.39201,7.3253],[-1.3915,7.32563],[-1.39141,7.32506],[-1.38827,7.32456],[-1.38803,7.32349],[-1.38714,7.32356],[-1.38672,7.32265],[-1.38632,7.32321],[-1.38519,7.32215]]}},{"type":"Feature","properties":{},"geometry":{"type":"LineString","coordinates":[[-1.46341,7.20769],[-1.46364,7.20855],[-1.46282,7.20943],[-1.45917,7.21145],[-1.45962,7.21377],[-1.45875,7.21408],[-1.45911,7.21538],[-1.45846,7.21514],[-1.4569,7.21707],[-1.45813,7.21724],[-1.4577,7.21838],[-1.45518,7.21925],[-1.45493,7.22007],[-1.45405,7.2203],[-1.45288,7.22314],[-1.45091,7.22307],[-1.44832,7.22518],[-1.44821,7.22801],[-1.4467,7.23096],[-1.44831,7.23366],[-1.44735,7.23521],[-1.4475,7.23981],[-1.44626,7.24027],[-1.44558,7.24185],[-1.44471,7.24204],[-1.44494,7.24254],[-1.44419,7.24272],[-1.44287,7.24538],[-1.44152,7.24547],[-1.43825,7.24778],[-1.43721,7.24929],[-1.43537,7.248],[-1.43388,7.24931],[-1.43149,7.24907],[-1.43032,7.25028],[-1.43016,7.25135],[-1.42701,7.25237],[-1.42689,7.25312],[-1.41887,7.25413],[-1.41814,7.25497],[-1.41842,7.25628],[-1.41735,7.25667],[-1.41713,7.25764],[-1.41807,7.25945],[-1.41729,7.25968],[-1.41535,7.26242],[-1.40841,7.26696],[-1.40479,7.26751],[-1.40263,7.26892],[-1.40101,7.27279],[-1.40096,7.27802],[-1.40144,7.27925],[-1.40074,7.28112],[-1.39827,7.28202],[-1.3978,7.2832],[-1.39716,7.28302]]}},{"type":"Feature","properties":{},"geometry":{"type":"LineString","coordinates":[[-1.44941,7.2052],[-1.44186,7.20554],[-1.43252,7.20708],[-1.42401,7.21218],[-1.41937,7.21712],[-1.40983,7.23216],[-1.40808,7.23653],[-1.40613,7.23695],[-1.40352,7.23856],[-1.40007,7.23886],[-1.39895,7.24117],[-1.39765,7.24032],[-1.39595,7.24045],[-1.39361,7.24342],[-1.39108,7.24344],[-1.38895,7.24444],[-1.38842,7.24592],[-1.38632,7.24526],[-1.38495,7.24612],[-1.38061,7.24707],[-1.37305,7.24671],[-1.37138,7.24803],[-1.36956,7.25332],[-1.36698,7.2552],[-1.36409,7.25628],[-1.3567,7.25705],[-1.34859,7.2598],[-1.32658,7.26434]]}},{"type":"Feature","properties":{},"geometry":{"type":"LineString","coordinates":[[-1.10679,7.46467],[-1.10582,7.46443],[-1.10423,7.46599],[-1.10335,7.46545],[-1.10267,7.46641],[-1.10046,7.46726],[-1.09696,7.4726],[-1.09533,7.47405],[-1.09559,7.47528],[-1.09228,7.47745],[-1.09072,7.48067],[-1.08544,7.48371],[-1.08526,7.48562],[-1.082,7.48854],[-1.07949,7.48871],[-1.07765,7.48803],[-1.07578,7.48635],[-1.07471,7.4863],[-1.07359,7.48705],[-1.07196,7.48703],[-1.07044,7.48921]]}},{"type":"Feature","properties":{},"geometry":{"type":"LineString","coordinates":[[-0.67855,7.53026],[-0.6787,7.5315],[-0.67592,7.5346],[-0.67194,7.53551],[-0.66994,7.5372],[-0.66875,7.53956],[-0.66627,7.53815],[-0.66579,7.53435],[-0.66522,7.53414],[-0.6627,7.53573],[-0.65962,7.53888],[-0.6588,7.53884],[-0.65661,7.53538],[-0.6551,7.53576],[-0.65415,7.53702],[-0.65383,7.542],[-0.65439,7.54456],[-0.65334,7.54571],[-0.6492,7.54527],[-0.64774,7.54584],[-0.64486,7.54576],[-0.64521,7.54855],[-0.64335,7.55038],[-0.64096,7.55037],[-0.63901,7.54803],[-0.63803,7.5489],[-0.63659,7.54787],[-0.63594,7.54846],[-0.63433,7.54812]]}},{"type":"Feature","properties":{},"geometry":{"type":"LineString","coordinates":[[-1.3871,7.41105],[-1.38178,7.41327],[-1.36152,7.41667],[-1.35655,7.41429],[-1.35157,7.4148],[-1.34504,7.41888],[-1.3326,7.4312],[-1.33117,7.43111],[-1.3277,7.43298],[-1.31552,7.43488],[-1.2932,7.44237],[-1.2829,7.44425],[-1.26728,7.45616],[-1.26213,7.45854],[-1.25694,7.45913],[-1.25482,7.46375],[-1.25117,7.46315],[-1.24836,7.46426],[-1.24665,7.46318],[-1.24333,7.46599],[-1.22797,7.46654],[-1.21372,7.47131],[-1.20978,7.47097],[-1.20548,7.46927],[-1.20222,7.46569],[-1.19879,7.45991],[-1.19415,7.45701],[-1.18986,7.45718],[-1.18761,7.45665],[-1.18013,7.46013],[-1.17305,7.45805],[-1.16584,7.46473],[-1.16133,7.46745],[-1.15528,7.46903]]}},{"type":"Feature","properties":{},"geometry":{"type":"LineString","coordinates":[[0.42182,7.68847],[0.41991,7.68837],[0.41859,7.69297],[0.41225,7.69142],[0.41018,7.69389],[0.4079,7.69343],[0.4019,7.69506],[0.39255,7.69264],[0.38942,7.6901],[0.37692,7.68532],[0.3762,7.68571],[0.37868,7.69099],[0.37643,7.69137],[0.37522,7.69037],[0.37474,7.68869],[0.37077,7.6853],[0.37047,7.68388],[0.37128,7.68142],[0.37076,7.67869],[0.36992,7.67813],[0.36871,7.67908],[0.36748,7.67885],[0.36501,7.67629],[0.36103,7.67531],[0.35871,7.6719],[0.35245,7.66848],[0.35244,7.66759],[0.35409,7.66564],[0.35297,7.66254],[0.35304,7.65833],[0.35039,7.65653],[0.3479,7.65674],[0.34723,7.65513],[0.34797,7.65222],[0.35055,7.64914],[0.34931,7.64767],[0.34704,7.64671],[0.34671,7.64556],[0.3473,7.64246],[0.3465,7.64105],[0.34387,7.63986],[0.34346,7.63567],[0.34483,7.63348],[0.34474,7.63021],[0.34282,7.63],[0.34194,7.62922],[0.34115,7.62536],[0.33998,7.62354],[0.33772,7.62375],[0.3368,7.62304],[0.3358,7.62008],[0.33231,7.61986],[0.33087,7.61916],[0.3326,7.61334],[0.33239,7.61166],[0.33173,7.61011],[0.32839,7.60676],[0.32965,7.6037],[0.33131,7.60164],[0.33655,7.59868],[0.33664,7.5979],[0.33593,7.59681],[0.33311,7.59531],[0.3213,7.59231],[0.31917,7.58907],[0.31952,7.58705],[0.3216,7.58345],[0.32157,7.58189],[0.31941,7.57908],[0.31957,7.57777],[0.32642,7.57359],[0.32556,7.57121],[0.32041,7.5678],[0.31973,7.56655],[0.32119,7.56266],[0.32574,7.55776],[0.32505,7.55504],[0.32196,7.55249],[0.32574,7.54823],[0.32312,7.54521],[0.3187,7.5433],[0.31343,7.54251],[0.30322,7.54386],[0.30101,7.54303],[0.29964,7.54149],[0.29907,7.53378],[0.30027,7.53205],[0.30362,7.5304],[0.30427,7.52853],[0.30401,7.52711],[0.29998,7.52009],[0.29753,7.5137],[0.29427,7.50307],[0.29149,7.48992],[0.29052,7.48861],[0.28805,7.48732],[0.28075,7.48554],[0.27698,7.48167],[0.27067,7.46137],[0.26835,7.45669],[0.26449,7.45213],[0.17261,7.39966]]}},{"type":"Feature","properties":{"name":"Afram"},"geometry":{"type":"LineString","coordinates":[[-0.90516,7.01322],[-0.90419,7.01235],[-0.90512,7.01175],[-0.90353,7.01058],[-0.90328,7.01141],[-0.9026,7.01143],[-0.90238,7.00993],[-0.90192,7.01119],[-0.90109,7.01104],[-0.90124,7.01199],[-0.90006,7.01099],[-0.90012,7.01018],[-0.89841,7.01099],[-0.89803,7.01037],[-0.89879,7.00911],[-0.89562,7.00844],[-0.89712,7.00694],[-0.89654,7.00587],[-0.89504,7.00646],[-0.89375,7.00492],[-0.89281,7.00468],[-0.89339,7.0035],[-0.89257,7.00366],[-0.89151,7.00289],[-0.89186,7.00243],[-0.89065,7.00133],[-0.89014,7.00259],[-0.88822,7.0009],[-0.88853,6.99882],[-0.88637,6.99871],[-0.8859,6.99928],[-0.88515,6.99827],[-0.88442,6.99917],[-0.88299,6.9994],[-0.88221,6.99807],[-0.88096,6.99786],[-0.88116,6.99699],[-0.88022,6.99736],[-0.88033,6.99623],[-0.87887,6.99557],[-0.87888,6.99493],[-0.87704,6.99493],[-0.87706,6.99567],[-0.87613,6.99497],[-0.8749,6.99521],[-0.87389,6.99442],[-0.87347,6.99279],[-0.87274,6.99316],[-0.87177,6.99241],[-0.8715,6.99115],[-0.87042,6.99193],[-0.86951,6.99107],[-0.8689,6.99219],[-0.86758,6.99056],[-0.86654,6.99097],[-0.86152,6.98609],[-0.86137,6.98501],[-0.86206,6.98519],[-0.8609,6.98401],[-0.86085,6.98313],[-0.86162,6.9827],[-0.86071,6.98173],[-0.86126,6.98048],[-0.8589,6.98075],[-0.85789,6.98001],[-0.8583,6.97916],[-0.85533,6.97853],[-0.85431,6.97764],[-0.85247,6.97913],[-0.85215,6.97787],[-0.8513,6.97834],[-0.84944,6.97758],[-0.84956,6.97679],[-0.84858,6.97687],[-0.84825,6.97591],[-0.84731,6.97622],[-0.84791,6.97494],[-0.84703,6.9743],[-0.84725,6.97369],[-0.84656,6.97381],[-0.8458,6.97303],[-0.84545,6.97189],[-0.84445,6.97213],[-0.84257,6.97072],[-0.8419,6.96847],[-0.83916,6.96791],[-0.83831,6.96709],[-0.8379,6.96794],[-0.83688,6.96744],[-0.83731,6.96542],[-0.83812,6.96453],[-0.838,6.96228],[-0.83874,6.96169],[-0.83802,6.96054],[-0.83726,6.96176],[-0.83584,6.96048],[-0.83673,6.95891],[-0.83619,6.95798],[-0.8365,6.95699],[-0.83536,6.95629],[-0.83479,6.9534],[-0.83295,6.95381],[-0.83384,6.95232],[-0.83283,6.95242],[-0.83272,6.95193],[-0.83467,6.95112],[-0.83269,6.95016],[-0.83317,6.94921],[-0.83284,6.94768],[-0.83414,6.94568],[-0.83309,6.94502],[-0.83339,6.94378],[-0.83234,6.94258],[-0.83193,6.94336],[-0.82992,6.94263],[-0.8298,6.94012],[-0.82889,6.93954],[-0.82847,6.93779],[-0.8276,6.93696],[-0.82833,6.93358],[-0.83165,6.92988],[-0.8295,6.92791],[-0.82999,6.92464],[-0.82872,6.91806],[-0.82405,6.91463],[-0.82402,6.90577],[-0.82575,6.8987],[-0.81105,6.88257],[-0.81159,6.87658],[-0.80114,6.8655],[-0.80062,6.8631],[-0.79644,6.86546],[-0.79605,6.86686],[-0.79503,6.86719],[-0.79411,6.86613],[-0.79347,6.86781],[-0.79434,6.86907],[-0.79236,6.87248],[-0.78385,6.87669],[-0.78059,6.8794],[-0.7787,6.87958],[-0.77691,6.87883],[-0.77244,6.88012],[-0.76969,6.87958],[-0.76902,6.88098],[-0.76826,6.87911],[-0.76707,6.8792],[-0.76607,6.87939],[-0.76438,6.88171],[-0.76317,6.88172],[-0.76291,6.88226],[-0.75971,6.88026],[-0.75858,6.88095],[-0.75714,6.87922],[-0.7567,6.8769],[-0.75569,6.87651]]}},{"type":"Feature","properties":{},"geometry":{"type":"LineString","coordinates":[[-0.75569,7.66547],[-0.75501,7.65951],[-0.74951,7.65203],[-0.74162,7.64794],[-0.72376,7.64505],[-0.72033,7.6425],[-0.71999,7.63706],[-0.72067,7.63025],[-0.72016,7.62702],[-0.71844,7.62293],[-0.7193,7.61596],[-0.71621,7.60575],[-0.71467,7.60286],[-0.71467,7.59809],[-0.7157,7.59469],[-0.7145,7.59061],[-0.709,7.57614],[-0.70729,7.57342],[-0.70454,7.57223],[-0.70282,7.56729],[-0.70128,7.56508],[-0.70111,7.56185],[-0.69887,7.56083],[-0.69784,7.55793],[-0.69561,7.5547],[-0.69475,7.55011],[-0.69252,7.54483],[-0.68943,7.54415],[-0.68937,7.54308]]}},{"type":"Feature","properties":{},"geometry":{"type":"LineString","coordinates":[[-0.71055,7.65815],[-0.70763,7.65322],[-0.70437,7.65084],[-0.70111,7.64726],[-0.69681,7.64488],[-0.69458,7.64148],[-0.69149,7.63944],[-0.68669,7.63348],[-0.68291,7.63144],[-0.68016,7.62583],[-0.67244,7.62225],[-0.67106,7.61953],[-0.67021,7.61528],[-0.67141,7.61119],[-0.67003,7.60881],[-0.66626,7.60524],[-0.66626,7.60184],[-0.66282,7.59979],[-0.66282,7.59452],[-0.66008,7.59095],[-0.65699,7.58091],[-0.64961,7.57495],[-0.64411,7.56695],[-0.63896,7.56559],[-0.63798,7.56315]]}},{"type":"Feature","properties":{},"geometry":{"type":"LineString","coordinates":[[-0.60343,7.67312],[-0.59811,7.66887],[-0.59811,7.66683],[-0.5921,7.66479],[-0.58764,7.66156],[-0.58609,7.65543],[-0.58163,7.65203],[-0.57923,7.64846]]}},{"type":"Feature","properties":{},"geometry":{"type":"LineString","coordinates":[[-0.55734,7.61534],[-0.55102,7.61373],[-0.54756,7.61472],[-0.54255,7.61173],[-0.53156,7.60928]]}},{"type":"Feature","properties":{},"geometry":{"type":"LineString","coordinates":[[-0.70042,7.4788],[-0.69819,7.48714],[-0.70059,7.49275],[-0.70505,7.49837],[-0.7042,7.51062],[-0.70248,7.51607],[-0.70334,7.52509],[-0.70176,7.53209]]}},{"type":"Feature","properties":{},"geometry":{"type":"LineString","coordinates":[[-1.04151,7.2585],[-1.03705,7.27042],[-1.02537,7.28473],[-1.01919,7.2946],[-1.01816,7.30686],[-1.01267,7.3135],[-1.00615,7.31657],[-1.00409,7.33104],[-1.0046,7.34551],[-1.00632,7.35181],[-1.00666,7.35828],[-1.00495,7.36628],[-1.00271,7.37037],[-0.99994,7.37364],[-0.99905,7.37418],[-0.99713,7.37398],[-0.99404,7.37582],[-0.99367,7.37863],[-0.99434,7.37898],[-0.99454,7.38081],[-0.99388,7.38146],[-0.99482,7.38211],[-0.99507,7.3841],[-0.99424,7.38394],[-0.99416,7.38697],[-0.9953,7.38856],[-0.99671,7.38876],[-0.99758,7.38982],[-0.99642,7.39523],[-0.99425,7.39543],[-0.99346,7.39681],[-0.99163,7.39715],[-0.98939,7.40168],[-0.98036,7.40745],[-0.97435,7.40971],[-0.9722,7.41388],[-0.96907,7.4165],[-0.96366,7.42294],[-0.96087,7.43167],[-0.95311,7.43873],[-0.94555,7.4472],[-0.94023,7.4502],[-0.93899,7.45269],[-0.93907,7.45558],[-0.93809,7.45967],[-0.93525,7.46401],[-0.935,7.46822],[-0.93165,7.47233],[-0.93246,7.47792],[-0.93113,7.48162],[-0.92976,7.48441],[-0.91626,7.50213],[-0.91536,7.50572]]}},{"type":"Feature","properties":{},"geometry":{"type":"LineString","coordinates":[[-0.8802,7.43983],[-0.8762,7.44952],[-0.87036,7.45905],[-0.86333,7.4611],[-0.86092,7.46297],[-0.85715,7.47182],[-0.85131,7.48152],[-0.84479,7.48697],[-0.84376,7.49565],[-0.84273,7.49856],[-0.8408,7.50077],[-0.84131,7.50383],[-0.83869,7.50622],[-0.83798,7.5086]]}},{"type":"Feature","properties":{},"geometry":{"type":"LineString","coordinates":[[-0.97542,7.47216],[-0.9677,7.47846],[-0.96272,7.48578],[-0.95894,7.49599],[-0.95396,7.50024],[-0.94019,7.50509],[-0.93905,7.50666],[-0.93607,7.50877],[-0.9351,7.50902],[-0.93397,7.50844]]}},{"type":"Feature","properties":{},"geometry":{"type":"LineString","coordinates":[[-0.99447,7.47046],[-0.98246,7.47573],[-0.9713,7.48527],[-0.96077,7.49103]]}},{"type":"Feature","properties":{},"geometry":{"type":"LineString","coordinates":[[-1.08065,7.29835],[-1.07979,7.29988],[-1.07996,7.31061],[-1.08408,7.32542],[-1.08511,7.33598],[-1.08631,7.33955],[-1.087,7.35096],[-1.08614,7.35487],[-1.08769,7.36747],[-1.08906,7.37037],[-1.08872,7.3765],[-1.08511,7.38977],[-1.08048,7.39216],[-1.07887,7.39582],[-1.07925,7.40031],[-1.07883,7.40235],[-1.07636,7.4038],[-1.07687,7.40765],[-1.07604,7.41024],[-1.07456,7.41001],[-1.07301,7.41305],[-1.07164,7.41416],[-1.07029,7.41433],[-1.06953,7.42112],[-1.07,7.42322]]}},{"type":"Feature","properties":{},"geometry":{"type":"LineString","coordinates":[[-1.25529,7.34624],[-1.251,7.34933],[-1.24975,7.35216],[-1.24232,7.35606],[-1.23789,7.36134],[-1.22313,7.36455],[-1.21927,7.36945],[-1.22055,7.37377],[-1.21832,7.38024],[-1.2142,7.38075],[-1.20888,7.38705],[-1.2051,7.38705],[-1.2003,7.39148],[-1.19034,7.3976],[-1.17832,7.40918],[-1.16991,7.41531],[-1.16864,7.41724],[-1.16548,7.41937],[-1.16196,7.4304],[-1.16184,7.43299],[-1.15834,7.43438],[-1.15857,7.43678],[-1.15781,7.4377],[-1.15432,7.43922],[-1.15266,7.44194],[-1.14987,7.44145]]}},{"type":"Feature","properties":{},"geometry":{"type":"LineString","coordinates":[[-1.36835,7.37037],[-1.36204,7.37518],[-1.35729,7.37709],[-1.34948,7.37687],[-1.33575,7.37349],[-1.32585,7.37411],[-1.32441,7.37378],[-1.32406,7.37301],[-1.32254,7.37288],[-1.32063,7.37037],[-1.31256,7.36475],[-1.3088,7.3595],[-1.30845,7.35837],[-1.30958,7.35655],[-1.30954,7.35358],[-1.30898,7.35102],[-1.30737,7.34817],[-1.30746,7.34216],[-1.30623,7.33738],[-1.30347,7.33317],[-1.2979,7.32195]]}},{"type":"Feature","properties":{},"geometry":{"type":"LineString","coordinates":[[-1.26771,7.10606],[-1.26597,7.11035],[-1.26409,7.11129],[-1.2624,7.11027],[-1.25999,7.11233],[-1.25697,7.11226],[-1.25556,7.11377],[-1.25611,7.11568],[-1.25439,7.1165],[-1.2517,7.12295],[-1.25248,7.12503],[-1.25072,7.12838],[-1.25082,7.13144],[-1.24712,7.1376],[-1.24545,7.13806],[-1.24114,7.14124],[-1.23462,7.14313],[-1.23362,7.14425],[-1.23092,7.14542],[-1.2282,7.14885],[-1.22849,7.15053],[-1.22762,7.15105],[-1.22748,7.15414],[-1.22545,7.15729],[-1.22415,7.15825],[-1.22443,7.1596],[-1.22313,7.16105],[-1.224,7.16505],[-1.22263,7.16655],[-1.22216,7.16842],[-1.22308,7.17113],[-1.22237,7.17208],[-1.22329,7.17269],[-1.22191,7.17791],[-1.22101,7.17864],[-1.22122,7.18309],[-1.22053,7.18489],[-1.22373,7.19319],[-1.22174,7.19532],[-1.2219,7.19871],[-1.22054,7.20143],[-1.22031,7.20537],[-1.21903,7.20788],[-1.21743,7.21976]]}},{"type":"Feature","properties":{},"geometry":{"type":"LineString","coordinates":[[-1.42929,7.17352],[-1.42637,7.18204],[-1.41865,7.18681],[-1.40681,7.19617],[-1.4032,7.20265],[-1.39925,7.2052],[-1.3905,7.20775],[-1.38621,7.21882],[-1.38071,7.22938],[-1.3584,7.24522],[-1.34623,7.26009]]}},{"type":"Feature","properties":{},"geometry":{"type":"LineString","coordinates":[[-1.39788,7.18068],[-1.39599,7.188],[-1.39204,7.19072],[-1.3905,7.19464],[-1.39122,7.20754]]}},{"type":"Feature","properties":{},"geometry":{"type":"LineString","coordinates":[[-1.56456,7.27672],[-1.56267,7.27349],[-1.55718,7.27127],[-1.55495,7.26821],[-1.54757,7.27008],[-1.54362,7.27196],[-1.53813,7.27672],[-1.53195,7.28421],[-1.50826,7.29596],[-1.50551,7.29613],[-1.49916,7.30312],[-1.49521,7.30414],[-1.46998,7.32133]]}},{"type":"Feature","properties":{"name":"Kpasa River"},"geometry":{"type":"LineString","coordinates":[[0.31907,8.49496],[0.32501,8.48967],[0.32303,8.48892],[0.32182,8.48939],[0.3214,8.49024],[0.31995,8.48972],[0.31896,8.49043],[0.31683,8.49037],[0.31497,8.4882],[0.31742,8.4842],[0.31455,8.48191],[0.31389,8.48049],[0.31304,8.4803],[0.31213,8.48129],[0.31079,8.48155],[0.31075,8.47998],[0.30856,8.48008],[0.30733,8.48126],[0.30654,8.48129],[0.3062,8.48024],[0.30281,8.48085],[0.30028,8.47725],[0.30202,8.47341],[0.3052,8.47282],[0.30771,8.47131],[0.30876,8.46887],[0.30652,8.46689],[0.3021,8.46504],[0.30339,8.46325],[0.3063,8.46232],[0.30644,8.46094],[0.305,8.45975],[0.29979,8.46032],[0.29759,8.45854],[0.29642,8.45879],[0.29506,8.45791],[0.2942,8.45545],[0.29756,8.4524],[0.29749,8.44852],[0.29393,8.45021],[0.28875,8.45022],[0.2889,8.44246],[0.29011,8.44087],[0.28948,8.43937],[0.28456,8.43947],[0.28353,8.43793],[0.28442,8.435],[0.28715,8.43383],[0.28762,8.43265],[0.28546,8.43137],[0.2844,8.43216],[0.28261,8.43119],[0.28145,8.42968],[0.28571,8.42798],[0.28849,8.42348],[0.29793,8.42074],[0.30134,8.41809],[0.30041,8.41619],[0.29575,8.4138],[0.2948,8.41386],[0.29312,8.4158],[0.29199,8.41563],[0.29233,8.41487],[0.29188,8.41456],[0.29037,8.41461],[0.29024,8.41548],[0.28922,8.41602],[0.28678,8.41571],[0.28627,8.41216],[0.28866,8.41045],[0.28363,8.40916],[0.28345,8.40798],[0.28564,8.40348],[0.28514,8.40254],[0.28371,8.40278],[0.28348,8.40082],[0.28194,8.39967],[0.2836,8.39644],[0.28095,8.39544],[0.28022,8.39396],[0.27802,8.39287],[0.27872,8.39154],[0.28081,8.39112],[0.28487,8.39279],[0.28735,8.39135],[0.28891,8.38962],[0.29045,8.39045],[0.29176,8.38988],[0.29122,8.38866],[0.2894,8.38758],[0.28928,8.38668],[0.2912,8.38381],[0.29332,8.38203],[0.29321,8.38107],[0.29197,8.37794],[0.28796,8.37529],[0.28761,8.37311],[0.28627,8.37329],[0.28607,8.3708],[0.28713,8.36866],[0.28928,8.36845],[0.29022,8.36764],[0.29028,8.36433],[0.28692,8.3617],[0.28524,8.36247],[0.2845,8.36141],[0.28352,8.36136],[0.27797,8.36321],[0.27743,8.3621],[0.27751,8.35752],[0.27886,8.35519],[0.27886,8.35374],[0.28066,8.35369],[0.28053,8.35041],[0.28231,8.34952],[0.28376,8.34956],[0.28433,8.35011],[0.2843,8.35162],[0.28562,8.3516],[0.28775,8.34913],[0.29002,8.34863],[0.29187,8.34899],[0.29287,8.34753],[0.29281,8.34533],[0.29107,8.34367],[0.28431,8.34389],[0.28126,8.34261],[0.28071,8.34078],[0.2815,8.34025],[0.28492,8.34085],[0.28552,8.34023],[0.28495,8.33852],[0.28537,8.33739],[0.29127,8.33775],[0.29162,8.33623],[0.2837,8.33038],[0.27825,8.32829],[0.27675,8.32882],[0.27592,8.33106],[0.27322,8.33163],[0.27073,8.33437],[0.26724,8.33422],[0.26078,8.33157],[0.2563,8.33127],[0.25258,8.33243],[0.25045,8.33098],[0.24742,8.3307],[0.24328,8.32896],[0.23676,8.32911],[0.22859,8.3313],[0.22535,8.33359],[0.22209,8.33673],[0.21986,8.33991],[0.21919,8.34202]]}},{"type":"Feature","properties":{"name":"Oti"},"geometry":{"type":"LineString","coordinates":[[0.22381,8.83727],[0.22277,8.83226],[0.21928,8.82643],[0.2145,8.82536],[0.21162,8.82573],[0.20995,8.82671],[0.20644,8.83395],[0.20431,8.83635],[0.19987,8.83839],[0.17982,8.83864],[0.17426,8.83718],[0.17221,8.83542],[0.16982,8.82957],[0.16952,8.82149],[0.16954,8.80703],[0.17082,8.79244],[0.16993,8.79002],[0.16716,8.78654],[0.16173,8.77628],[0.16006,8.76763],[0.1604,8.76497],[0.16319,8.76114],[0.16835,8.74997]]}},{"type":"Feature","properties":{"name":"Oti"},"geometry":{"type":"LineString","coordinates":[[0.3818,10.27318],[0.37734,10.27176],[0.37477,10.26715],[0.37229,10.26579],[0.36438,10.26468],[0.36218,10.26079],[0.36147,10.25812],[0.36142,10.23996],[0.36003,10.2353],[0.36222,10.22798],[0.36073,10.223],[0.3612,10.22209],[0.36055,10.2189],[0.35613,10.21492],[0.35525,10.21173],[0.35602,10.2083],[0.35581,10.20193],[0.35673,10.19764],[0.35462,10.19699],[0.35112,10.19247],[0.35083,10.18879],[0.35149,10.18661],[0.35342,10.18512],[0.35464,10.18286],[0.35429,10.17882],[0.35308,10.17685],[0.35331,10.17249],[0.35054,10.16832],[0.35281,10.16071],[0.36222,10.14715],[0.36348,10.13798],[0.36157,10.13197],[0.35838,10.1288],[0.35817,10.12771],[0.35953,10.12445],[0.3582,10.1203],[0.35637,10.11842],[0.35558,10.11606],[0.35218,10.11103],[0.35295,10.09866],[0.355,10.09273],[0.35624,10.09093],[0.36462,10.08547],[0.37456,10.08563],[0.38019,10.08482],[0.38633,10.08255],[0.39578,10.08087],[0.40198,10.07427],[0.4083,10.07081],[0.41274,10.06659],[0.41328,10.06445],[0.41591,10.0624],[0.41762,10.05763],[0.41464,10.05166],[0.41258,10.0407],[0.41456,10.03246],[0.41194,10.0282],[0.4117,10.02278],[0.40963,10.02088]]}},{"type":"Feature","properties":{"name":"Ankobra River"},"geometry":{"type":"LineString","coordinates":[[-2.10682,5.49152],[-2.10896,5.48744],[-2.10787,5.48296],[-2.10829,5.48262],[-2.10933,5.48251],[-2.11063,5.48359],[-2.11224,5.48385],[-2.11262,5.48568],[-2.11512,5.48479],[-2.1157,5.48602],[-2.11836,5.48689],[-2.12001,5.48665],[-2.12088,5.48576],[-2.12078,5.48267],[-2.11888,5.48231],[-2.11905,5.47842],[-2.12054,5.47839],[-2.12113,5.47744],[-2.12475,5.47524],[-2.12485,5.47056],[-2.11805,5.46504],[-2.11902,5.46422],[-2.12049,5.46434],[-2.12073,5.46187],[-2.1219,5.46199],[-2.12343,5.46079],[-2.12747,5.46059],[-2.13019,5.4597],[-2.13081,5.45687]]}},{"type":"Feature","properties":{},"geometry":{"type":"LineString","coordinates":[[-2.41851,7.97746],[-2.3998,7.96879],[-2.38332,7.96454],[-2.37027,7.96462],[-2.36009,7.95961],[-2.35886,7.96024],[-2.3587,7.96095],[-2.35614,7.96142],[-2.35428,7.96384],[-2.3534,7.96343],[-2.35329,7.96477],[-2.35181,7.96465],[-2.35186,7.96647],[-2.35097,7.96739],[-2.34988,7.96713],[-2.34906,7.9699],[-2.347,7.96964],[-2.34665,7.97034],[-2.34721,7.97208],[-2.3461,7.9721],[-2.3453,7.97456],[-2.34241,7.97649],[-2.34088,7.97644]]}},{"type":"Feature","properties":{},"geometry":{"type":"LineString","coordinates":[[-2.41045,7.95124],[-2.40462,7.95207],[-2.39922,7.94978],[-2.3962,7.94692],[-2.39106,7.9451],[-2.38865,7.94533],[-2.37901,7.94402],[-2.37424,7.94595],[-2.36009,7.95961]]}},{"type":"Feature","properties":{},"geometry":{"type":"LineString","coordinates":[[-2.36787,7.93734],[-2.37235,7.94116],[-2.37424,7.94595]]}},{"type":"Feature","properties":{},"geometry":{"type":"LineString","coordinates":[[-1.45962,7.48554],[-1.45721,7.49013],[-1.45464,7.50273],[-1.45275,7.5063],[-1.44829,7.5097],[-1.444,7.5109],[-1.44091,7.51566],[-1.44125,7.51975],[-1.43885,7.52706],[-1.42803,7.53506],[-1.42443,7.5354],[-1.42065,7.53676]]}},{"type":"Feature","properties":{},"geometry":{"type":"LineString","coordinates":[[-1.42992,7.51175],[-1.42529,7.51906],[-1.42374,7.52264],[-1.42065,7.53676],[-1.41533,7.55004]]}},{"type":"Feature","properties":{},"geometry":{"type":"LineString","coordinates":[[-1.41481,7.52026],[-1.42298,7.5261]]}},{"type":"Feature","properties":{},"geometry":{"type":"LineString","coordinates":[[-1.40597,7.58792],[-1.39456,7.59938],[-1.38271,7.60194],[-1.37413,7.60296],[-1.35731,7.6084],[-1.34151,7.61946],[-1.3216,7.6227],[-1.31091,7.62232]]}},{"type":"Feature","properties":{},"geometry":{"type":"LineString","coordinates":[[-1.43442,7.57271],[-1.43061,7.57335],[-1.42357,7.57709],[-1.41687,7.58356],[-1.41207,7.58611],[-1.40597,7.58792]]}},{"type":"Feature","properties":{},"geometry":{"type":"LineString","coordinates":[[-1.46328,7.51426],[-1.45228,7.53819],[-1.45011,7.54144],[-1.44082,7.55125],[-1.43749,7.55559],[-1.43541,7.56144],[-1.43442,7.57271]]}},{"type":"Feature","properties":{"name":"Pru"},"geometry":{"type":"LineString","coordinates":[[-1.19358,7.84476],[-1.19338,7.84628],[-1.19196,7.84647],[-1.19156,7.84713],[-1.19217,7.8481],[-1.19196,7.85046],[-1.19083,7.85036],[-1.19109,7.85208],[-1.1898,7.85248],[-1.19022,7.85349],[-1.18898,7.85282],[-1.18989,7.85403],[-1.18854,7.85474],[-1.19192,7.86054],[-1.19337,7.86155],[-1.19299,7.86316],[-1.19223,7.8627],[-1.1901,7.86325],[-1.18916,7.86249],[-1.18844,7.86404],[-1.18703,7.86416],[-1.18571,7.86606],[-1.18544,7.86482],[-1.18499,7.86487],[-1.18427,7.86538],[-1.18412,7.86661],[-1.18147,7.86682],[-1.18154,7.86765],[-1.18243,7.86786],[-1.18213,7.86824],[-1.18109,7.86827],[-1.18028,7.86747],[-1.17987,7.86807],[-1.17998,7.8694],[-1.18149,7.87094],[-1.18023,7.87435],[-1.17919,7.87523],[-1.18111,7.87671],[-1.17844,7.87755],[-1.17809,7.87858],[-1.17946,7.87871],[-1.1807,7.88009],[-1.17976,7.88146],[-1.17809,7.88187],[-1.17812,7.88332],[-1.1755,7.88586],[-1.17598,7.88639],[-1.17709,7.88579],[-1.17769,7.88611],[-1.17782,7.88819],[-1.17649,7.88887],[-1.17747,7.89067],[-1.17594,7.89088],[-1.179,7.89202],[-1.17916,7.89488],[-1.17799,7.89601],[-1.17797,7.8971],[-1.17703,7.89743],[-1.17706,7.89862],[-1.17553,7.90136],[-1.17488,7.90066],[-1.17262,7.90199],[-1.17232,7.90083],[-1.17156,7.90182],[-1.16815,7.90182],[-1.16707,7.90266],[-1.16627,7.90115],[-1.16612,7.90269],[-1.16556,7.90296],[-1.16477,7.90101],[-1.16288,7.90039],[-1.16177,7.90087],[-1.16175,7.89991],[-1.16316,7.89977],[-1.16343,7.89921],[-1.16185,7.8987],[-1.16149,7.89786],[-1.1602,7.89724],[-1.15848,7.8978],[-1.15794,7.89719],[-1.15571,7.8969],[-1.15292,7.8988],[-1.15301,7.89975],[-1.15107,7.89981],[-1.15055,7.90082],[-1.15004,7.89986],[-1.14763,7.90383],[-1.14447,7.90417],[-1.14425,7.90509],[-1.1433,7.90464],[-1.14276,7.90511],[-1.14169,7.90354],[-1.1408,7.90457],[-1.1401,7.90389],[-1.14022,7.90588],[-1.13883,7.90658],[-1.13873,7.90518],[-1.13824,7.90508],[-1.13764,7.90595],[-1.13582,7.90639],[-1.13514,7.90803],[-1.13366,7.90733],[-1.1332,7.90767],[-1.13303,7.90923],[-1.13247,7.90958],[-1.13041,7.9086],[-1.13124,7.90772],[-1.13192,7.9079],[-1.13181,7.90679],[-1.12936,7.90573],[-1.12973,7.90498],[-1.13134,7.90488],[-1.13042,7.90279],[-1.12875,7.90254],[-1.12913,7.90177],[-1.13072,7.90125],[-1.12991,7.90023],[-1.12845,7.90016],[-1.12737,7.90097],[-1.12634,7.89989],[-1.12584,7.90154],[-1.12468,7.90008],[-1.12486,7.89919],[-1.12417,7.899],[-1.12291,7.89964],[-1.12255,7.90154],[-1.12119,7.90021],[-1.11763,7.89905],[-1.11643,7.89677],[-1.11586,7.89663],[-1.11516,7.89758],[-1.11433,7.89726],[-1.11443,7.89558],[-1.11324,7.89647],[-1.1097,7.89555],[-1.10933,7.89729],[-1.10847,7.89533],[-1.10792,7.89573],[-1.1082,7.89666],[-1.10683,7.89795],[-1.10685,7.89592],[-1.10631,7.89567],[-1.10555,7.89675],[-1.10467,7.89667],[-1.10323,7.89954],[-1.10156,7.90109],[-1.10137,7.90263],[-1.10014,7.9045],[-1.099,7.90531],[-1.10027,7.90602],[-1.09691,7.90598],[-1.09637,7.90687],[-1.09654,7.90879],[-1.09754,7.9123],[-1.0963,7.91394],[-1.0948,7.91411],[-1.09506,7.91508],[-1.09625,7.91532],[-1.09413,7.91738],[-1.09529,7.92007],[-1.09452,7.92094],[-1.09623,7.92207],[-1.09606,7.92258],[-1.09494,7.92258],[-1.09412,7.92444],[-1.09505,7.92505],[-1.09507,7.9258],[-1.0966,7.92574],[-1.09629,7.9266],[-1.09442,7.92652],[-1.09444,7.92702],[-1.09577,7.92725],[-1.09637,7.92875],[-1.09671,7.92763],[-1.09798,7.92805],[-1.09772,7.92882],[-1.09927,7.93149],[-1.0981,7.93292],[-1.09961,7.93466],[-1.10031,7.93671],[-1.10309,7.93818],[-1.10367,7.93743],[-1.10479,7.93883],[-1.10526,7.93797],[-1.10467,7.93692],[-1.10635,7.93634],[-1.10973,7.93677],[-1.11028,7.93783],[-1.1121,7.93737],[-1.11382,7.93863],[-1.11407,7.94016],[-1.11532,7.94009],[-1.11572,7.94233],[-1.11687,7.94412],[-1.11562,7.94514],[-1.11792,7.94647],[-1.11768,7.94743],[-1.11649,7.9483],[-1.11336,7.94916],[-1.11292,7.9507],[-1.11143,7.95085],[-1.1114,7.95166],[-1.10897,7.95105],[-1.10753,7.95272],[-1.10743,7.95059],[-1.10531,7.95253],[-1.10429,7.95173],[-1.10481,7.95366],[-1.10399,7.95499],[-1.10136,7.95501],[-1.09917,7.95321],[-1.09742,7.95403],[-1.09642,7.95369],[-1.09673,7.95471],[-1.096,7.9547],[-1.0956,7.95352],[-1.09381,7.95292],[-1.09377,7.95391],[-1.09288,7.95418],[-1.09294,7.9556],[-1.09187,7.95465],[-1.09096,7.95475],[-1.09066,7.95623],[-1.08967,7.95569],[-1.08677,7.95802],[-1.08735,7.95936],[-1.08549,7.95991],[-1.08533,7.96088],[-1.08349,7.96076],[-1.08336,7.96179],[-1.0844,7.96286],[-1.08355,7.96299],[-1.08316,7.96376],[-1.08028,7.96319],[-1.08102,7.9644],[-1.08067,7.96489],[-1.07722,7.96581],[-1.07739,7.96645],[-1.0792,7.96659],[-1.07722,7.96961],[-1.08004,7.97331],[-1.07999,7.97495],[-1.08149,7.97511],[-1.0817,7.97427],[-1.08297,7.97378],[-1.08464,7.97596],[-1.08267,7.97916],[-1.08264,7.98192],[-1.08107,7.98339],[-1.07895,7.98354],[-1.07447,7.98064],[-1.07303,7.97902],[-1.07187,7.9793],[-1.07114,7.97881],[-1.07088,7.97646],[-1.07002,7.97667],[-1.07051,7.97793],[-1.06857,7.97777],[-1.0689,7.97611],[-1.06842,7.97548],[-1.06439,7.97651],[-1.06365,7.97534],[-1.06159,7.97522],[-1.06092,7.97601],[-1.06001,7.97509],[-1.05882,7.97661],[-1.05497,7.97397],[-1.05512,7.96869],[-1.05447,7.967],[-1.05522,7.96614],[-1.05501,7.96535],[-1.05342,7.96503]]}},{"type":"Feature","properties":{},"geometry":{"type":"LineString","coordinates":[[-1.61789,7.51277],[-1.58064,7.52621],[-1.56897,7.524]]}},{"type":"Feature","properties":{},"geometry":{"type":"LineString","coordinates":[[-1.61978,7.53472],[-1.58356,7.53353],[-1.57703,7.52553]]}},{"type":"Feature","properties":{},"geometry":{"type":"LineString","coordinates":[[-1.24315,7.67306],[-1.23835,7.66438],[-1.23543,7.662],[-1.22976,7.66013],[-1.21346,7.66302],[-1.20007,7.66302],[-1.19418,7.66244]]}},{"type":"Feature","properties":{},"geometry":{"type":"LineString","coordinates":[[-1.24332,7.94457],[-1.23011,7.94092],[-1.21963,7.92731],[-1.19921,7.92017],[-1.18781,7.91317],[-1.18558,7.91363],[-1.18399,7.91272],[-1.18254,7.91305],[-1.1796,7.91194],[-1.1778,7.91296],[-1.17751,7.91208],[-1.17694,7.91264],[-1.17498,7.91216],[-1.17346,7.91265],[-1.17119,7.91124],[-1.16898,7.91101],[-1.16773,7.90967],[-1.14447,7.90417]]}},{"type":"Feature","properties":{},"geometry":{"type":"LineString","coordinates":[[-1.21208,7.94551],[-1.20092,7.93684],[-1.19904,7.93326],[-1.19783,7.92901],[-1.19795,7.91946]]}},{"type":"Feature","properties":{},"geometry":{"type":"LineString","coordinates":[[-1.36795,7.9518],[-1.36486,7.94262],[-1.36194,7.93769],[-1.35439,7.93377],[-1.34669,7.92599],[-1.33864,7.92311],[-1.32664,7.9276],[-1.31868,7.92187],[-1.31113,7.91847],[-1.30392,7.9166],[-1.29654,7.91558],[-1.29124,7.91888],[-1.2856,7.92066],[-1.27976,7.92094],[-1.24744,7.91558],[-1.24611,7.91466],[-1.24664,7.91377],[-1.24381,7.91023],[-1.2366,7.90742],[-1.2338,7.90559],[-1.23244,7.90688],[-1.22646,7.90576],[-1.22544,7.9043],[-1.2237,7.90353],[-1.22223,7.90015],[-1.22133,7.90056],[-1.21937,7.89967],[-1.21922,7.90031],[-1.21668,7.90191],[-1.21463,7.90057],[-1.21341,7.8986],[-1.21001,7.899],[-1.20939,7.89979],[-1.20387,7.89873],[-1.20326,7.89955],[-1.19989,7.90035],[-1.19587,7.90014],[-1.19496,7.90091],[-1.19398,7.90085],[-1.19161,7.89887],[-1.19043,7.89922],[-1.18901,7.89778],[-1.18734,7.89716],[-1.18585,7.89765],[-1.18599,7.89657],[-1.18523,7.89579],[-1.18331,7.89644],[-1.18141,7.89433],[-1.18106,7.89487],[-1.18155,7.89491],[-1.18157,7.89583],[-1.17941,7.8966],[-1.17984,7.89747],[-1.17825,7.89673]]}},{"type":"Feature","properties":{},"geometry":{"type":"LineString","coordinates":[[-1.35508,7.90827],[-1.33705,7.90419],[-1.33207,7.90419],[-1.32074,7.90674],[-1.31456,7.90606],[-1.30461,7.90912],[-1.29757,7.91573]]}},{"type":"Feature","properties":{},"geometry":{"type":"LineString","coordinates":[[-1.40472,7.88963],[-1.40366,7.88552],[-1.3975,7.87872],[-1.39453,7.87359],[-1.39494,7.87228],[-1.39418,7.87168],[-1.39379,7.87086],[-1.39434,7.87043],[-1.39374,7.87039],[-1.39398,7.86964],[-1.39298,7.86833],[-1.39313,7.86672],[-1.39236,7.86578],[-1.39284,7.86494],[-1.39116,7.86186],[-1.39109,7.85981],[-1.39014,7.8591],[-1.39103,7.85632],[-1.39001,7.85598],[-1.38994,7.85391],[-1.38933,7.85307],[-1.38994,7.85085]]}},{"type":"Feature","properties":{},"geometry":{"type":"LineString","coordinates":[[-0.90395,8.11209],[-0.90395,8.10665],[-0.90052,8.09747],[-0.89022,8.08268],[-0.88789,8.07369]]}},{"type":"Feature","properties":{},"geometry":{"type":"LineString","coordinates":[[-0.87789,8.10047],[-0.87048,8.09424],[-0.86224,8.08897],[-0.84706,8.07241],[-0.84014,8.06978],[-0.83915,8.07038],[-0.83641,8.07029],[-0.83265,8.07221],[-0.831,8.07218],[-0.82595,8.06839]]}},{"type":"Feature","properties":{},"geometry":{"type":"LineString","coordinates":[[-0.95167,8.24292],[-0.93828,8.24377],[-0.93159,8.24615],[-0.92197,8.25226],[-0.91047,8.25464],[-0.88524,8.26161],[-0.87614,8.26484],[-0.86327,8.27197],[-0.84318,8.28454],[-0.82035,8.2932],[-0.81366,8.29354],[-0.78962,8.29185],[-0.78327,8.28964],[-0.76547,8.28137]]}},{"type":"Feature","properties":{},"geometry":{"type":"LineString","coordinates":[[-0.97485,8.37456],[-0.96832,8.37949],[-0.95854,8.38186],[-0.94481,8.38305],[-0.93794,8.38152],[-0.92318,8.37456],[-0.91288,8.36556],[-0.90498,8.35452],[-0.89365,8.34212],[-0.88043,8.33686],[-0.87254,8.33193],[-0.8509,8.33177]]}},{"type":"Feature","properties":{},"geometry":{"type":"LineString","coordinates":[[-0.95116,8.32803],[-0.93897,8.33023],[-0.93021,8.33108],[-0.92146,8.32955],[-0.91339,8.32921],[-0.90498,8.33108],[-0.88696,8.32599],[-0.87957,8.3248],[-0.87116,8.3265],[-0.86412,8.33179]]}},{"type":"Feature","properties":{},"geometry":{"type":"LineString","coordinates":[[-0.74207,8.17887],[-0.71637,8.17993],[-0.69318,8.17885],[-0.68862,8.17572],[-0.68545,8.17211],[-0.6828,8.16625],[-0.67993,8.15705],[-0.67429,8.15183],[-0.66948,8.14941],[-0.65452,8.14796]]}},{"type":"Feature","properties":{},"geometry":{"type":"LineString","coordinates":[[-0.31312,5.54455],[-0.31059,5.54295],[-0.30956,5.5437],[-0.30796,5.54303],[-0.30625,5.54381],[-0.30511,5.54314],[-0.30527,5.5419],[-0.30444,5.54237],[-0.30471,5.54118],[-0.3033,5.54074],[-0.3024,5.54217],[-0.30056,5.54089],[-0.29959,5.54125],[-0.30061,5.53928],[-0.29978,5.53806],[-0.30198,5.53772],[-0.29988,5.53665],[-0.29968,5.53515],[-0.29905,5.53481],[-0.29786,5.53516],[-0.29778,5.53695],[-0.29469,5.53791],[-0.29219,5.53389],[-0.29249,5.53196],[-0.29063,5.53039],[-0.29185,5.52897],[-0.29045,5.52751],[-0.29286,5.52588],[-0.29511,5.52576],[-0.29643,5.52348],[-0.29932,5.52394],[-0.30069,5.52199],[-0.3038,5.52108],[-0.30591,5.51801],[-0.31183,5.51507],[-0.31334,5.51159],[-0.32026,5.50964],[-0.32145,5.51072]]}},{"type":"Feature","properties":{"name":"Oti"},"geometry":{"type":"LineString","coordinates":[[0.40963,10.02088],[0.40744,10.02135],[0.40145,10.02],[0.39844,10.02173],[0.39487,10.02506],[0.39254,10.02603],[0.38654,10.0267],[0.3814,10.02516],[0.37777,10.02674],[0.374,10.02687],[0.37103,10.029],[0.36562,10.03455],[0.36416,10.0348],[0.36332,10.03411],[0.36101,10.03064],[0.36046,10.02754],[0.36464,10.01562],[0.36424,10.01169],[0.36157,10.00115],[0.35749,9.9971],[0.35858,9.98887],[0.36465,9.97465],[0.36671,9.97216],[0.36935,9.96404],[0.37153,9.96257],[0.37497,9.95845],[0.37966,9.95484],[0.38648,9.951],[0.38717,9.94942],[0.38677,9.9466],[0.38591,9.9453],[0.38597,9.94265],[0.38709,9.93747],[0.38597,9.93627],[0.38218,9.93632],[0.37697,9.93345],[0.37479,9.9339],[0.37136,9.93226],[0.35967,9.92949],[0.35737,9.9269],[0.35508,9.92187],[0.35279,9.91476],[0.35119,9.90415],[0.35101,9.8954],[0.3525,9.89224],[0.35296,9.88761],[0.35147,9.88541],[0.35107,9.88146],[0.35164,9.87847],[0.35525,9.87384],[0.3556,9.87056],[0.35434,9.86887],[0.3572,9.8569],[0.35709,9.84668],[0.35468,9.84251],[0.35227,9.8363],[0.3521,9.83042],[0.35021,9.82579],[0.34855,9.82359],[0.34213,9.8197],[0.33812,9.81399],[0.33789,9.81106],[0.33961,9.80417],[0.33709,9.80084],[0.33084,9.79643],[0.32958,9.79288],[0.32947,9.79],[0.33233,9.78514],[0.33617,9.78079],[0.33594,9.77876],[0.33514,9.77554],[0.33377,9.77379],[0.33159,9.77334],[0.32764,9.77379],[0.3258,9.77328],[0.325,9.77204],[0.32718,9.76673],[0.3293,9.7638],[0.32987,9.76109],[0.3289,9.75487],[0.32219,9.73324],[0.31881,9.72788]]}},{"type":"Feature","properties":{"name":"Oti"},"geometry":{"type":"LineString","coordinates":[[0.182,8.19029],[0.18166,8.1863],[0.18014,8.18309],[0.15973,8.1544],[0.15853,8.15087],[0.15801,8.14675],[0.15844,8.1414],[0.15999,8.13588],[0.16385,8.13027],[0.17509,8.11905],[0.18265,8.11302],[0.19179,8.1075],[0.19479,8.10478],[0.19724,8.10078],[0.19732,8.09688],[0.19647,8.09441],[0.19372,8.09016],[0.19024,8.08808],[0.16884,8.08009]]}},{"type":"Feature","properties":{},"geometry":{"type":"LineString","coordinates":[[-0.52982,7.60049],[-0.53181,7.60756],[-0.53156,7.60928],[-0.52882,7.61053],[-0.52023,7.61205],[-0.51444,7.61434],[-0.51237,7.6159],[-0.51039,7.61961],[-0.50888,7.62083],[-0.4949,7.62461],[-0.49117,7.62452],[-0.4893,7.62257],[-0.48881,7.61444],[-0.48799,7.61257],[-0.48591,7.61066],[-0.48428,7.61028],[-0.47434,7.61121],[-0.45872,7.61415],[-0.45572,7.61508],[-0.45349,7.61691],[-0.44894,7.62661],[-0.44503,7.63065],[-0.43117,7.63363],[-0.40246,7.63626],[-0.39933,7.63852],[-0.39577,7.64732],[-0.3931,7.64909],[-0.38538,7.64915],[-0.37482,7.64813],[-0.34812,7.64701],[-0.33435,7.64729],[-0.30249,7.64978],[-0.2713,7.65506],[-0.26727,7.65678],[-0.26537,7.65853],[-0.2629,7.67591],[-0.26071,7.67863],[-0.25844,7.67969],[-0.24436,7.68241],[-0.21466,7.68454],[-0.19504,7.68424],[-0.1711,7.68088],[-0.16484,7.6819],[-0.15724,7.68598],[-0.15462,7.68871],[-0.15016,7.69713],[-0.14175,7.7213],[-0.13896,7.72477],[-0.13493,7.72715],[-0.13063,7.72817],[-0.12626,7.72826],[-0.12222,7.72762],[-0.09905,7.72107],[-0.09008,7.72039],[-0.08128,7.7209],[-0.0666,7.72324],[-0.06008,7.72562],[-0.0571,7.72736],[-0.0551,7.72919],[-0.05101,7.73693],[-0.04892,7.74578],[-0.04558,7.76931]]}},{"type":"Feature","properties":{"name":"Afram"},"geometry":{"type":"LineString","coordinates":[[-0.62343,6.76298],[-0.61292,6.75612],[-0.60416,6.74371],[-0.60236,6.74167],[-0.60021,6.74077],[-0.59532,6.74218],[-0.59137,6.74448],[-0.57215,6.76255],[-0.56768,6.76451],[-0.56361,6.76498],[-0.55867,6.76383],[-0.54271,6.7536],[-0.52433,6.74029],[-0.50807,6.7308],[-0.49459,6.72492],[-0.4734,6.71698],[-0.42143,6.70399],[-0.40649,6.69888],[-0.39654,6.69359],[-0.38504,6.68558],[-0.37251,6.67488],[-0.36467,6.66917],[-0.35422,6.66398],[-0.33197,6.66299]]}},{"type":"Feature","properties":{"name":"Volta"},"geometry":{"type":"LineString","coordinates":[[0.16767,6.09946],[0.17341,6.09488],[0.18297,6.09273],[0.19379,6.09497],[0.19807,6.09707],[0.20966,6.10011]]}},{"type":"Feature","properties":{"name":"Volta"},"geometry":{"type":"LineString","coordinates":[[-0.1546,8.0322],[-0.1477,8.03048],[-0.14338,8.02685],[-0.13965,8.01992],[-0.13647,8.00951],[-0.13415,7.99727],[-0.12552,7.9235],[-0.12068,7.89365],[-0.11501,7.87197],[-0.11089,7.85964],[-0.09686,7.83113],[-0.09409,7.81973],[-0.0927,7.80701],[-0.08991,7.79799],[-0.08686,7.79238],[-0.07793,7.78213],[-0.06223,7.77161],[-0.0545,7.76914],[-0.04558,7.76931],[-0.03708,7.77093],[-0.02008,7.76906],[0.01451,7.76259],[0.02614,7.7586],[0.02995,7.75373],[0.03146,7.74507],[0.03119,7.73058],[0.0321,7.70963]]}},{"type":"Feature","properties":{},"geometry":{"type":"LineString","coordinates":[[-0.78432,8.61514],[-0.79479,8.59944],[-0.80586,8.58747],[-0.81462,8.57669],[-0.82046,8.56795],[-0.82458,8.55989],[-0.83136,8.55004],[-0.83925,8.54308],[-0.84921,8.5368],[-0.85822,8.5323],[-0.8674,8.52959]]}},{"type":"Feature","properties":{"name":"Pru"},"geometry":{"type":"LineString","coordinates":[[-0.81232,8.06971],[-0.80664,8.06865],[-0.80371,8.06972],[-0.79875,8.07308],[-0.79209,8.07414],[-0.79055,8.07663],[-0.78974,8.08259],[-0.78922,8.08341],[-0.78764,8.08396],[-0.78386,8.0838],[-0.77953,8.07982],[-0.77112,8.0749],[-0.76769,8.07543],[-0.76285,8.07912],[-0.75679,8.07695],[-0.75603,8.0772],[-0.75593,8.08178],[-0.75312,8.08658],[-0.75315,8.09758],[-0.75937,8.10577],[-0.7653,8.11151],[-0.76676,8.11373],[-0.77185,8.11749],[-0.77252,8.11935],[-0.77141,8.1215],[-0.7684,8.11953],[-0.76374,8.1204],[-0.75768,8.12632],[-0.75269,8.12719],[-0.75196,8.13146],[-0.7481,8.13294],[-0.74351,8.13336],[-0.73913,8.13129],[-0.736,8.12725],[-0.73394,8.12237],[-0.73038,8.11766],[-0.72797,8.11629],[-0.72441,8.11557],[-0.71334,8.11871],[-0.69622,8.12547],[-0.68746,8.12759],[-0.68197,8.1273],[-0.67115,8.12373],[-0.66841,8.12343],[-0.66304,8.12429],[-0.65963,8.12628],[-0.65861,8.12773],[-0.65541,8.14514],[-0.65452,8.14796],[-0.65156,8.15139],[-0.64819,8.15223],[-0.64285,8.15196],[-0.6347,8.15482],[-0.63131,8.15521],[-0.63034,8.15446],[-0.6299,8.15294],[-0.62914,8.13993],[-0.62762,8.13736],[-0.62442,8.13443],[-0.61933,8.13119],[-0.60315,8.12452],[-0.59086,8.12177],[-0.58519,8.12237],[-0.5785,8.12449],[-0.57343,8.12933],[-0.57095,8.13273],[-0.57009,8.13707],[-0.57155,8.14463],[-0.57455,8.15219],[-0.58717,8.16672],[-0.58996,8.17216],[-0.59028,8.17553],[-0.58961,8.17921],[-0.5882,8.18205],[-0.58429,8.18617],[-0.5773,8.18957],[-0.54893,8.20019]]}},{"type":"Feature","properties":{"name":"Daka"},"geometry":{"type":"LineString","coordinates":[[-0.03094,9.25827],[-0.03195,9.25614],[-0.03487,9.25519],[-0.03347,9.25243],[-0.03066,9.25125],[-0.03002,9.2494],[-0.03443,9.24368],[-0.03384,9.24184],[-0.03069,9.24121],[-0.02727,9.24146],[-0.02637,9.24045],[-0.02614,9.23812],[-0.02719,9.23034],[-0.0282,9.2282],[-0.02841,9.22314],[-0.02695,9.22213],[-0.02227,9.22206],[-0.02111,9.22021],[-0.0226,9.21554],[-0.03302,9.21403],[-0.035,9.21202],[-0.03472,9.2088],[-0.03766,9.20548],[-0.03809,9.19842],[-0.03847,9.1969],[-0.0401,9.19529],[-0.04532,9.19224],[-0.05158,9.19365],[-0.05295,9.19333],[-0.05523,9.19427],[-0.0547,9.18974],[-0.05705,9.18609],[-0.05146,9.17989],[-0.04957,9.17991],[-0.04779,9.1786],[-0.04746,9.1772],[-0.04508,9.17408],[-0.04498,9.17203],[-0.04586,9.17034],[-0.0481,9.16988],[-0.04955,9.17082],[-0.05285,9.17061],[-0.05418,9.16771],[-0.0562,9.16661],[-0.05877,9.16817],[-0.05965,9.16804],[-0.06488,9.17338],[-0.06641,9.17413],[-0.06926,9.17372],[-0.07401,9.1694],[-0.07334,9.16824],[-0.06897,9.16709],[-0.06746,9.16583],[-0.06673,9.16404],[-0.06759,9.16248],[-0.06399,9.16163],[-0.06304,9.16032],[-0.06339,9.15561],[-0.06013,9.15299],[-0.05961,9.15027],[-0.05772,9.15041],[-0.05824,9.14989],[-0.05815,9.14803],[-0.05742,9.14667],[-0.05618,9.14629],[-0.05412,9.14765],[-0.05343,9.14646],[-0.0527,9.14342],[-0.05648,9.13968],[-0.05789,9.13595],[-0.05738,9.13354],[-0.05802,9.12248],[-0.06047,9.12167],[-0.06476,9.11897],[-0.06751,9.12133],[-0.06643,9.12482],[-0.06701,9.13125],[-0.0689,9.13142],[-0.0719,9.13027],[-0.07411,9.1307],[-0.07596,9.1268],[-0.07875,9.12826],[-0.08283,9.12623],[-0.08495,9.12625],[-0.08618,9.12693],[-0.08753,9.1314],[-0.08727,9.13354],[-0.09055,9.13377],[-0.09495,9.13212],[-0.10104,9.13752],[-0.1022,9.13786],[-0.10308,9.13752],[-0.10351,9.13496],[-0.10808,9.13214],[-0.10828,9.131],[-0.10755,9.1293],[-0.10804,9.12837],[-0.11019,9.12784],[-0.11222,9.12913],[-0.11383,9.12928],[-0.11531,9.12818],[-0.11634,9.12561],[-0.11862,9.12466],[-0.12252,9.12693],[-0.12538,9.12479],[-0.12776,9.12532],[-0.12797,9.12731],[-0.12928,9.12604],[-0.13068,9.12744],[-0.13018,9.13019],[-0.13312,9.13166],[-0.14058,9.13219],[-0.1417,9.12973],[-0.144,9.12869],[-0.14471,9.12968],[-0.14436,9.13185],[-0.14303,9.1332],[-0.14343,9.13401],[-0.14418,9.13404],[-0.14706,9.13065],[-0.14746,9.12756],[-0.14923,9.12719],[-0.15134,9.12962],[-0.15319,9.12955],[-0.15469,9.12664],[-0.15442,9.12494],[-0.15497,9.12337],[-0.15627,9.12239],[-0.1586,9.12215],[-0.15952,9.12068],[-0.16142,9.12114],[-0.16399,9.11963],[-0.16534,9.11962],[-0.16863,9.1224],[-0.16971,9.12237],[-0.17137,9.11783],[-0.17276,9.11704],[-0.17341,9.11536],[-0.17566,9.11559],[-0.17754,9.11391],[-0.17784,9.11109],[-0.17589,9.10898],[-0.17747,9.10591],[-0.18019,9.10303],[-0.18252,9.10287],[-0.1863,9.10475],[-0.18771,9.10821],[-0.18781,9.11143],[-0.18905,9.11284],[-0.19,9.11287],[-0.19098,9.11115],[-0.19281,9.11034],[-0.19693,9.11095],[-0.19889,9.10968],[-0.20266,9.10916]]}},{"type":"Feature","properties":{"name":"Oti"},"geometry":{"type":"LineString","coordinates":[[0.17525,9.14851],[0.17941,9.13969],[0.18107,9.13822],[0.19832,9.13032],[0.20904,9.12451],[0.21432,9.11874],[0.22424,9.10967],[0.22945,9.1038],[0.24246,9.09414],[0.25187,9.08364],[0.25414,9.0777],[0.25421,9.07285],[0.25228,9.06803],[0.24878,9.06467],[0.24462,9.06321],[0.24232,9.06335],[0.23954,9.06677],[0.23161,9.07006],[0.21563,9.07437],[0.20186,9.07681],[0.19582,9.07671],[0.1919,9.07346],[0.18956,9.06606],[0.1896,9.06209],[0.19568,9.04622],[0.19969,9.03999],[0.20179,9.03821],[0.20334,9.03827],[0.21214,9.04193],[0.22599,9.04353],[0.24148,9.04334],[0.24868,9.04061],[0.25225,9.04134],[0.26356,9.04693],[0.27003,9.04883],[0.28208,9.05036],[0.28635,9.05005],[0.29285,9.04851],[0.29942,9.04356],[0.30346,9.03676],[0.30335,9.03395],[0.30066,9.02954],[0.2978,9.02081],[0.29465,9.01572],[0.28739,9.01064],[0.28324,9.01029],[0.27733,9.0179],[0.27427,9.02012],[0.26713,9.02322],[0.25962,9.02452],[0.25454,9.02271],[0.25279,9.02136],[0.25007,9.01687],[0.24328,9.00022],[0.24133,8.99795]]}},{"type":"Feature","properties":{},"geometry":{"type":"LineString","coordinates":[[0.64445,5.78848],[0.64057,5.79103]]}},{"type":"Feature","properties":{"name":"Anum River"},"geometry":{"type":"LineString","coordinates":[[-1.29334,6.40708],[-1.29292,6.40439],[-1.2944,6.40355],[-1.29654,6.39883],[-1.29455,6.39674],[-1.29383,6.39395],[-1.29243,6.39303],[-1.29476,6.39039],[-1.29571,6.38712],[-1.29489,6.38555],[-1.29504,6.38434],[-1.29385,6.38335],[-1.29365,6.38206],[-1.292,6.38185],[-1.29208,6.37994],[-1.29278,6.37903],[-1.29219,6.37681],[-1.2928,6.37513],[-1.29211,6.37408],[-1.29345,6.37375],[-1.29419,6.37546],[-1.29553,6.37346],[-1.29662,6.37352],[-1.29789,6.37244],[-1.29632,6.37135],[-1.29583,6.36841],[-1.2885,6.36228],[-1.28579,6.35773],[-1.2848,6.35775],[-1.28367,6.35942],[-1.2828,6.35947],[-1.28,6.35705],[-1.28,6.35518],[-1.27886,6.35399],[-1.28114,6.34722],[-1.28044,6.34662],[-1.27946,6.34799],[-1.27845,6.34749],[-1.27761,6.34677],[-1.27725,6.34429],[-1.27811,6.34206],[-1.28101,6.34071],[-1.27965,6.3362],[-1.27785,6.33644],[-1.27731,6.33811],[-1.27496,6.33862],[-1.27033,6.33653],[-1.26857,6.33319],[-1.26698,6.33184],[-1.26624,6.32943],[-1.26631,6.32569],[-1.26767,6.32492],[-1.26768,6.32426],[-1.26699,6.32385],[-1.26653,6.32198],[-1.26409,6.32038],[-1.26394,6.31928],[-1.26241,6.31905],[-1.26181,6.31805],[-1.26091,6.31817],[-1.2605,6.31686]]}},{"type":"Feature","properties":{"name":"Kulpawn"},"geometry":{"type":"LineString","coordinates":[[-1.41252,10.16955],[-1.41264,10.17102],[-1.41201,10.17189],[-1.40508,10.17291],[-1.40073,10.17219],[-1.39679,10.1698],[-1.39461,10.17142],[-1.39179,10.17107],[-1.38816,10.16829],[-1.3853,10.1677],[-1.38256,10.17075],[-1.37789,10.17416],[-1.37434,10.1777],[-1.36901,10.17961],[-1.3679,10.18148],[-1.36604,10.18251],[-1.36232,10.18377],[-1.35939,10.18187],[-1.35691,10.18149],[-1.35638,10.1847],[-1.35681,10.18646],[-1.36156,10.18864],[-1.36293,10.19137],[-1.36245,10.19354],[-1.36133,10.19493],[-1.35696,10.1952],[-1.35605,10.19394],[-1.35618,10.19188],[-1.3545,10.1908],[-1.35362,10.19127],[-1.35233,10.19573],[-1.3538,10.20067],[-1.35326,10.20115],[-1.34998,10.19889],[-1.34912,10.19896],[-1.34614,10.20408],[-1.34411,10.2053],[-1.34256,10.21241],[-1.34049,10.21806],[-1.33945,10.2188],[-1.33796,10.22186],[-1.33521,10.22358],[-1.33395,10.2266],[-1.3324,10.22635],[-1.33009,10.2238],[-1.32749,10.2248],[-1.32638,10.22609],[-1.32463,10.23113],[-1.32092,10.23311],[-1.31629,10.23815],[-1.31361,10.24003],[-1.31183,10.24284],[-1.30946,10.24455],[-1.30796,10.24688],[-1.30617,10.24762],[-1.3036,10.24735],[-1.30352,10.25009],[-1.30277,10.25131],[-1.30036,10.25185],[-1.2933,10.25637],[-1.29033,10.25579],[-1.29069,10.24983],[-1.28977,10.24752],[-1.2853,10.24544],[-1.28327,10.24338],[-1.28229,10.24328],[-1.2762,10.25245],[-1.27431,10.25324],[-1.27161,10.25336],[-1.2682,10.25497],[-1.26557,10.25653],[-1.26336,10.25904],[-1.2617,10.2588],[-1.25995,10.25754],[-1.25861,10.2581],[-1.25844,10.26611],[-1.26069,10.27132],[-1.2596,10.27345],[-1.25647,10.27391],[-1.25357,10.27184],[-1.24891,10.27396],[-1.24469,10.2708],[-1.24328,10.27124],[-1.24222,10.27252],[-1.24148,10.27681]]}},{"type":"Feature","properties":{"name":"Kulpawn"},"geometry":{"type":"LineString","coordinates":[[-2.01206,10.22332],[-2.01308,10.222],[-2.01314,10.21975],[-2.00798,10.21563],[-2.00462,10.21062],[-2.00148,10.2089],[-1.99667,10.20755],[-1.99108,10.20631],[-1.98667,10.20627],[-1.98401,10.20502],[-1.98209,10.2033],[-1.97865,10.19893],[-1.97822,10.19772],[-1.97892,10.19506],[-1.98498,10.19048],[-1.98579,10.18881],[-1.98485,10.18316],[-1.98296,10.18029],[-1.97726,10.1749],[-1.96645,10.16957],[-1.96308,10.16875],[-1.96016,10.16658],[-1.95937,10.16402],[-1.96033,10.15967],[-1.96302,10.15324],[-1.96291,10.15193],[-1.95927,10.14807],[-1.9585,10.14356],[-1.95777,10.14276],[-1.95298,10.143],[-1.94308,10.14785],[-1.93942,10.1474],[-1.93671,10.14107],[-1.93626,10.1341],[-1.93299,10.13063],[-1.93672,10.12449],[-1.9368,10.12222],[-1.93598,10.12021],[-1.9292,10.11525],[-1.92621,10.11389],[-1.9218,10.11342],[-1.91506,10.11396],[-1.9127,10.11344],[-1.91243,10.11186],[-1.91118,10.11084],[-1.91095,10.10779],[-1.90743,10.10584],[-1.90357,10.10222],[-1.89837,10.09278],[-1.8911,10.09153],[-1.87577,10.07285],[-1.87136,10.07071],[-1.86967,10.06902],[-1.87024,10.06696],[-1.876,10.06408],[-1.88246,10.05257],[-1.88832,10.04859],[-1.88911,10.04692],[-1.88629,10.04198],[-1.88169,10.0424],[-1.87445,10.03738],[-1.87204,10.03721],[-1.86408,10.04102],[-1.86043,10.04043],[-1.85995,10.03901],[-1.86184,10.03447],[-1.8625,10.02978],[-1.85887,10.02495],[-1.85499,10.02249],[-1.85099,10.02097],[-1.84918,10.01834],[-1.84859,10.0158],[-1.84968,10.00736],[-1.85092,10.00608],[-1.86448,9.99904],[-1.86656,9.99509],[-1.86658,9.99307],[-1.86577,9.99148],[-1.86261,9.99041],[-1.85775,9.98692],[-1.85425,9.98304],[-1.84879,9.98137],[-1.84338,9.97229],[-1.84231,9.9697],[-1.84229,9.96773],[-1.84091,9.96682],[-1.83648,9.96638],[-1.83042,9.96694],[-1.82529,9.96538],[-1.81952,9.96147],[-1.81459,9.95494],[-1.81171,9.95564],[-1.80956,9.95741],[-1.80611,9.962],[-1.80442,9.962],[-1.80132,9.95538],[-1.80021,9.95091],[-1.80033,9.94725],[-1.79955,9.94632],[-1.79849,9.94581],[-1.79738,9.94611],[-1.79367,9.94884],[-1.79032,9.9485],[-1.78858,9.94693],[-1.79098,9.94069],[-1.7906,9.93899],[-1.77876,9.93818],[-1.77789,9.93742],[-1.77824,9.92388],[-1.77913,9.9215],[-1.77842,9.92056],[-1.77029,9.92137],[-1.76309,9.92009],[-1.74879,9.91277],[-1.7421,9.90821],[-1.73472,9.90753],[-1.73163,9.90533],[-1.72424,9.89705],[-1.72184,9.89536],[-1.71875,9.89553],[-1.71532,9.89722],[-1.70763,9.9036]]}},{"type":"Feature","properties":{"name":"Kulpawn"},"geometry":{"type":"LineString","coordinates":[[-1.43762,10.10374],[-1.43588,10.10395],[-1.43395,10.10601],[-1.4336,10.11377],[-1.43588,10.11641],[-1.4374,10.11681],[-1.44025,10.11584],[-1.44135,10.11375],[-1.44233,10.1132],[-1.44638,10.11453],[-1.44748,10.11609],[-1.44517,10.1252],[-1.44304,10.12706],[-1.43894,10.12898],[-1.43617,10.13014],[-1.43387,10.13031],[-1.43204,10.13211],[-1.43311,10.13439],[-1.43654,10.13519],[-1.43764,10.13781],[-1.43598,10.14032],[-1.4307,10.14332],[-1.42974,10.14626],[-1.43018,10.14913],[-1.43419,10.15384],[-1.43449,10.15617],[-1.43232,10.15915],[-1.43172,10.16305],[-1.42852,10.16405],[-1.42536,10.1659],[-1.4232,10.16576],[-1.42208,10.16489],[-1.42063,10.16257],[-1.41998,10.15978],[-1.41792,10.15915],[-1.41591,10.16136],[-1.41601,10.16436],[-1.41343,10.16715],[-1.41252,10.16955]]}},{"type":"Feature","properties":{"name":"Volta"},"geometry":{"type":"LineString","coordinates":[[0.09048,7.60987],[0.0905,7.60258],[0.08874,7.59694],[0.08894,7.591],[0.09101,7.58319],[0.09184,7.56468],[0.09167,7.54698],[0.09407,7.52145],[0.09853,7.48945],[0.1054,7.45371],[0.10926,7.43771],[0.11518,7.42341],[0.12334,7.4155],[0.14265,7.4092],[0.16035,7.40485],[0.17261,7.39966]]}},{"type":"Feature","properties":{"name":"Oti"},"geometry":{"type":"LineString","coordinates":[[0.31881,9.72788],[0.31944,9.72618],[0.3215,9.72393],[0.32437,9.72271],[0.33926,9.72207],[0.34475,9.71765],[0.34694,9.71252],[0.34884,9.69936],[0.35147,9.6941],[0.35182,9.69145],[0.35027,9.68196],[0.35113,9.67688],[0.35078,9.67479],[0.345,9.66355],[0.34064,9.65699],[0.33898,9.65592],[0.33445,9.65513],[0.32712,9.6514],[0.32288,9.65089],[0.31761,9.65197],[0.31474,9.65507],[0.30896,9.65852],[0.30735,9.6605],[0.30684,9.66513],[0.30535,9.66818],[0.29962,9.67332],[0.2944,9.6801],[0.28987,9.68371],[0.28466,9.6858],[0.27916,9.68625],[0.27767,9.68552],[0.26707,9.66711],[0.26375,9.6636],[0.2634,9.65722],[0.2642,9.6536],[0.27566,9.63157],[0.27578,9.62626],[0.27727,9.62044],[0.28096,9.61401],[0.28287,9.61278],[0.28677,9.6084],[0.28982,9.60317],[0.29143,9.59864],[0.29585,9.59548],[0.29854,9.59524],[0.30323,9.59631],[0.31544,9.60428],[0.32225,9.60579],[0.33029,9.60968],[0.33869,9.61516],[0.34531,9.62074],[0.35243,9.62449],[0.35629,9.625],[0.37115,9.61857],[0.37164,9.61766],[0.37128,9.61368],[0.37416,9.60515],[0.37772,9.60004],[0.38027,9.59796],[0.38373,9.59255],[0.38377,9.59137],[0.37979,9.58501],[0.37752,9.58261],[0.37214,9.57882],[0.36937,9.57795],[0.36582,9.57573],[0.35795,9.57313],[0.35134,9.57182],[0.3461,9.57221],[0.33982,9.57752],[0.33426,9.57845],[0.32513,9.57803],[0.31851,9.57529],[0.30899,9.57717],[0.30327,9.5767],[0.30145,9.57565],[0.298,9.57492],[0.28943,9.57654],[0.27861,9.57271],[0.27633,9.57131],[0.27415,9.57114],[0.26997,9.56701],[0.26691,9.56641],[0.26255,9.56783],[0.25321,9.57434],[0.24432,9.57565],[0.2396,9.57407],[0.23886,9.57148],[0.24006,9.56572],[0.2396,9.56216],[0.23543,9.54814],[0.23675,9.53689],[0.23761,9.53399],[0.24088,9.52755],[0.24325,9.52439],[0.24748,9.52155],[0.25554,9.51931],[0.27024,9.52136],[0.27523,9.52276],[0.2804,9.52571],[0.29709,9.5227],[0.30149,9.51881],[0.30579,9.51631],[0.30911,9.51263],[0.31029,9.5105],[0.31119,9.50649],[0.31013,9.50233],[0.29759,9.49571],[0.29512,9.49301],[0.29082,9.49083],[0.28824,9.48756],[0.28677,9.48677],[0.28378,9.48607],[0.27874,9.48799],[0.27497,9.48725],[0.27299,9.48476],[0.2715,9.47935],[0.2697,9.47873],[0.25881,9.47748],[0.25448,9.47764],[0.23718,9.48583],[0.23531,9.48517],[0.23157,9.48631],[0.22909,9.48584],[0.22774,9.48304],[0.22705,9.47824],[0.22785,9.47569],[0.22917,9.46351],[0.2367,9.45458],[0.24375,9.44799],[0.24662,9.44419],[0.24814,9.4415],[0.24718,9.438]]}},{"type":"Feature","properties":{"name":"Daka"},"geometry":{"type":"LineString","coordinates":[[-0.35806,8.59032],[-0.36048,8.58857],[-0.36098,8.58585],[-0.36362,8.58162],[-0.35976,8.57781],[-0.35536,8.57106],[-0.35068,8.5699],[-0.34653,8.57036],[-0.34397,8.56863],[-0.34377,8.56755],[-0.34471,8.56594],[-0.34703,8.56546],[-0.34896,8.5636],[-0.34965,8.55998],[-0.34804,8.55433],[-0.34551,8.54983],[-0.34309,8.54601],[-0.33661,8.53933],[-0.33568,8.53491],[-0.33609,8.53181],[-0.33495,8.53103],[-0.33369,8.53383],[-0.32968,8.53345],[-0.32401,8.53165],[-0.32195,8.53222],[-0.32019,8.53389],[-0.31958,8.53563],[-0.31777,8.5359],[-0.31696,8.53525],[-0.31754,8.53418],[-0.31712,8.53332],[-0.31596,8.53301],[-0.31462,8.53377],[-0.31345,8.53275],[-0.31395,8.52848],[-0.31214,8.52761],[-0.31159,8.52838],[-0.31118,8.53305],[-0.31033,8.53462],[-0.31148,8.53731],[-0.31072,8.53913],[-0.30577,8.53894],[-0.30497,8.53742],[-0.30522,8.53528],[-0.30468,8.53507],[-0.30283,8.53731],[-0.301,8.54416],[-0.29872,8.54698],[-0.29546,8.54802],[-0.2934,8.54737],[-0.29555,8.54429],[-0.29847,8.54394],[-0.29822,8.54248],[-0.29718,8.5416],[-0.29542,8.54159],[-0.2917,8.54367],[-0.28935,8.54405],[-0.28688,8.54679],[-0.28693,8.54963],[-0.28306,8.54952],[-0.28342,8.55121],[-0.28297,8.55261],[-0.28195,8.55377],[-0.27951,8.55489],[-0.27953,8.55674],[-0.27791,8.55772],[-0.27464,8.55694],[-0.26906,8.55097],[-0.2698,8.54792],[-0.26912,8.54676],[-0.27014,8.54315],[-0.26955,8.5423],[-0.26724,8.54357],[-0.2669,8.5455],[-0.26559,8.54693],[-0.26322,8.54726],[-0.26172,8.54598],[-0.2603,8.54647],[-0.25978,8.55103],[-0.26049,8.55247],[-0.25736,8.55557],[-0.25445,8.55517],[-0.25256,8.55605],[-0.25168,8.55729],[-0.24998,8.55709],[-0.24911,8.55784],[-0.24544,8.55604],[-0.24426,8.55779],[-0.2408,8.55786],[-0.23862,8.55884],[-0.23764,8.55967],[-0.23662,8.56244],[-0.2369,8.56426],[-0.23794,8.56521],[-0.23741,8.5679],[-0.23607,8.57092],[-0.23422,8.57172],[-0.23269,8.57131],[-0.2318,8.56916],[-0.229,8.5671],[-0.22686,8.56725],[-0.22326,8.5702],[-0.2224,8.57],[-0.22109,8.56164],[-0.21727,8.55777],[-0.21511,8.55307],[-0.21265,8.55244],[-0.20557,8.55385],[-0.19866,8.55364],[-0.19667,8.5524],[-0.19611,8.55106],[-0.19608,8.54983],[-0.19758,8.54711]]}},{"type":"Feature","properties":{"name":"Daka"},"geometry":{"type":"LineString","coordinates":[[-0.19536,8.97365],[-0.19591,8.96099],[-0.19712,8.95894],[-0.1993,8.95766],[-0.19932,8.95602],[-0.19773,8.95416],[-0.19782,8.95207],[-0.20067,8.94667],[-0.20303,8.94601],[-0.2061,8.94719],[-0.21151,8.94661],[-0.21503,8.9437],[-0.21573,8.94215],[-0.21829,8.94179],[-0.21735,8.94042],[-0.21757,8.93947],[-0.22062,8.93828],[-0.22139,8.936],[-0.22363,8.93471],[-0.22518,8.93492],[-0.22691,8.93841],[-0.23116,8.93778],[-0.2334,8.93633],[-0.23405,8.93919],[-0.23328,8.94002],[-0.23364,8.94047],[-0.23608,8.93998],[-0.23655,8.93791],[-0.23823,8.93817],[-0.23799,8.93683],[-0.23922,8.93512],[-0.24006,8.93164],[-0.242,8.93014],[-0.24046,8.92968],[-0.24084,8.92746],[-0.23937,8.92517],[-0.24007,8.92152],[-0.23621,8.9195],[-0.23803,8.91818],[-0.2405,8.91781],[-0.24334,8.92003],[-0.24805,8.91759],[-0.24849,8.91676],[-0.24373,8.91099],[-0.24335,8.90957],[-0.24383,8.90843],[-0.24701,8.90726],[-0.24917,8.90532],[-0.25291,8.90488],[-0.25239,8.90298],[-0.25507,8.90083],[-0.25745,8.90125],[-0.25921,8.90026],[-0.26223,8.89982],[-0.26384,8.90251],[-0.26471,8.9023],[-0.26564,8.9006],[-0.26655,8.90124],[-0.26947,8.90105],[-0.27267,8.90309],[-0.27449,8.89945],[-0.27867,8.90118],[-0.28058,8.90104],[-0.28171,8.89844],[-0.27991,8.89942],[-0.27882,8.89929],[-0.27846,8.89755],[-0.27889,8.8964],[-0.28384,8.89315],[-0.28802,8.89184],[-0.28849,8.88989],[-0.28754,8.88807],[-0.29016,8.88711],[-0.29126,8.88518],[-0.29302,8.88767],[-0.29594,8.88843],[-0.29684,8.8876],[-0.29684,8.88652],[-0.29947,8.88665],[-0.30286,8.88456],[-0.30307,8.88227],[-0.30199,8.8808],[-0.30253,8.8782],[-0.30038,8.87465],[-0.29646,8.87115],[-0.29477,8.86707],[-0.29515,8.86516],[-0.29588,8.86453],[-0.29888,8.86518],[-0.30008,8.86484],[-0.29857,8.86345],[-0.29875,8.86218],[-0.29966,8.86136],[-0.29866,8.86024],[-0.29919,8.85915],[-0.30121,8.85839],[-0.30806,8.85888],[-0.31138,8.85804],[-0.31599,8.85907],[-0.3188,8.86157],[-0.32097,8.86105],[-0.32443,8.86131],[-0.3268,8.86299],[-0.32937,8.86192],[-0.32899,8.8601],[-0.33068,8.85871],[-0.33171,8.85928],[-0.3334,8.86628],[-0.33887,8.86713],[-0.34071,8.86698],[-0.34257,8.86528],[-0.34396,8.86269],[-0.34409,8.8616],[-0.34304,8.86084],[-0.34169,8.86109],[-0.34252,8.86257],[-0.342,8.86311],[-0.3399,8.86236],[-0.33931,8.86148],[-0.33939,8.85706],[-0.34199,8.85518],[-0.34288,8.85529],[-0.343,8.85652],[-0.34351,8.85651],[-0.34476,8.85486],[-0.3438,8.85206],[-0.34242,8.85074],[-0.34301,8.84594],[-0.34053,8.84593],[-0.33822,8.84504],[-0.33827,8.84226],[-0.33757,8.84022],[-0.33483,8.83723],[-0.33173,8.83621],[-0.32596,8.83679],[-0.3227,8.83412],[-0.32114,8.83063],[-0.322,8.82379],[-0.32174,8.82129],[-0.32086,8.81958],[-0.31674,8.81652],[-0.31236,8.81791],[-0.30909,8.82051],[-0.30574,8.81962],[-0.30381,8.81808],[-0.29934,8.81906],[-0.29528,8.81064],[-0.29605,8.80982],[-0.29916,8.8095],[-0.29906,8.80839],[-0.29727,8.80599],[-0.29821,8.80461],[-0.30005,8.80417],[-0.30048,8.80332],[-0.30021,8.79758],[-0.30165,8.79725],[-0.30296,8.79875],[-0.3037,8.79665],[-0.30322,8.79492],[-0.30584,8.7951],[-0.30583,8.79199],[-0.30445,8.78794],[-0.3053,8.78459],[-0.30625,8.78418],[-0.30866,8.78556],[-0.30962,8.78536],[-0.30875,8.77941],[-0.30755,8.77674],[-0.30796,8.77472],[-0.30951,8.77435],[-0.30966,8.77257],[-0.30768,8.76982],[-0.30932,8.76507],[-0.31037,8.76512],[-0.31103,8.76725],[-0.31414,8.76655],[-0.31468,8.75951],[-0.31412,8.75754],[-0.315,8.75623],[-0.31394,8.75264],[-0.31474,8.75033],[-0.32539,8.74641],[-0.32777,8.74326],[-0.32985,8.74295],[-0.33155,8.7444],[-0.33218,8.74651],[-0.3343,8.74688],[-0.33517,8.7477],[-0.33529,8.75102],[-0.33747,8.75419],[-0.34099,8.75603],[-0.34484,8.75614],[-0.3451,8.75753],[-0.34611,8.7582],[-0.34951,8.7558],[-0.35338,8.75447],[-0.35796,8.74981],[-0.35882,8.74793],[-0.36185,8.7471],[-0.36639,8.74308],[-0.37231,8.74274],[-0.37309,8.74246],[-0.37369,8.74089],[-0.37441,8.74248],[-0.37536,8.74242],[-0.37593,8.73718],[-0.37407,8.73411],[-0.37263,8.73395],[-0.37278,8.73746],[-0.37002,8.73967],[-0.36899,8.7372],[-0.36729,8.73762],[-0.36615,8.73466],[-0.36793,8.72764],[-0.36907,8.72599],[-0.36892,8.72197],[-0.37019,8.7217],[-0.37211,8.72349],[-0.37532,8.72414],[-0.38386,8.72368],[-0.38205,8.71934],[-0.38103,8.71103],[-0.38183,8.71021],[-0.38335,8.71119],[-0.3842,8.71107],[-0.38509,8.70883],[-0.38608,8.70815],[-0.38735,8.7085],[-0.38694,8.71108],[-0.39273,8.7108],[-0.39613,8.71142],[-0.39715,8.71281],[-0.40277,8.7102],[-0.40475,8.70726],[-0.40649,8.70729],[-0.40766,8.70871],[-0.40684,8.70945],[-0.40627,8.71161],[-0.40644,8.71429],[-0.40806,8.71548],[-0.40862,8.71181],[-0.41012,8.71059],[-0.41099,8.7082],[-0.41251,8.70784],[-0.41282,8.71166],[-0.41484,8.71903],[-0.41266,8.72191],[-0.41047,8.7224],[-0.41086,8.7241],[-0.41237,8.72576],[-0.41206,8.72835],[-0.41113,8.72953],[-0.40909,8.72818],[-0.40848,8.73084],[-0.40905,8.73238],[-0.41071,8.73337],[-0.4133,8.73393],[-0.41766,8.7332],[-0.41987,8.73263],[-0.42618,8.72885],[-0.43198,8.728],[-0.43202,8.72131],[-0.43041,8.71761],[-0.43121,8.71643],[-0.43743,8.71969],[-0.43924,8.72372],[-0.4443,8.72631],[-0.44671,8.72909],[-0.44812,8.72911],[-0.44819,8.72733],[-0.45179,8.72468],[-0.45471,8.72154],[-0.45668,8.72067],[-0.462,8.72317],[-0.4651,8.72543],[-0.46909,8.73131],[-0.47183,8.73393],[-0.47572,8.73301],[-0.48331,8.72856],[-0.48621,8.72595],[-0.48767,8.7226],[-0.48759,8.71867],[-0.49113,8.71176],[-0.49104,8.711],[-0.4888,8.70886],[-0.48857,8.70733],[-0.48956,8.70751],[-0.48971,8.70645],[-0.49068,8.70588],[-0.4922,8.70696],[-0.49323,8.7051],[-0.49267,8.70355],[-0.4891,8.70447],[-0.48457,8.70215],[-0.48627,8.69785],[-0.48537,8.69454],[-0.4868,8.68914],[-0.48587,8.68402]]}},{"type":"Feature","properties":{"name":"Ofin"},"geometry":{"type":"LineString","coordinates":[[-2.02981,6.35856],[-2.02394,6.36155],[-2.024,6.35993],[-2.02221,6.35676],[-2.01997,6.35714],[-2.01824,6.35586],[-2.01754,6.35661],[-2.01667,6.35637],[-2.01569,6.35506],[-2.01456,6.35541],[-2.01475,6.35428],[-2.01339,6.35508],[-2.01484,6.35298],[-2.01373,6.35261],[-2.01316,6.35094],[-2.01195,6.35182],[-2.01148,6.34996],[-2.01332,6.34961],[-2.01294,6.34826],[-2.01404,6.3481],[-2.01422,6.347],[-2.01752,6.34605],[-2.0186,6.3438],[-2.01593,6.3408],[-2.01499,6.34087],[-2.0141,6.33929],[-2.01508,6.33611],[-2.01463,6.3346],[-2.01116,6.33287],[-2.01094,6.33042],[-2.00974,6.33035],[-2.00898,6.33136],[-2.00792,6.33048],[-2.0083,6.3289],[-2.00775,6.32858],[-2.00676,6.32881],[-2.00737,6.32962],[-2.00694,6.32985],[-2.00501,6.32773],[-2.00471,6.32614],[-2.00344,6.32581],[-2.00425,6.32222],[-2.00774,6.32161],[-2.00935,6.31989],[-2.01116,6.3151],[-2.01204,6.31488],[-2.01296,6.31561],[-2.01366,6.31442],[-2.01504,6.31486],[-2.01538,6.313],[-2.02043,6.30785],[-2.01911,6.30677],[-2.0185,6.30395],[-2.01664,6.30284],[-2.01767,6.30259],[-2.0176,6.30034],[-2.0187,6.3001],[-2.0187,6.29927]]}},{"type":"Feature","properties":{},"geometry":{"type":"LineString","coordinates":[[-0.12941,5.66701],[-0.12738,5.66485],[-0.12633,5.66483],[-0.12046,5.66086],[-0.11791,5.66012],[-0.10938,5.65876],[-0.10847,5.65788],[-0.09925,5.65758],[-0.09193,5.65827],[-0.08981,5.65766],[-0.08864,5.65602],[-0.0868,5.65558],[-0.08469,5.65645],[-0.08161,5.65605],[-0.07778,5.65655],[-0.0628,5.66257]]}},{"type":"Feature","properties":{},"geometry":{"type":"LineString","coordinates":[[-0.10811,5.65796],[-0.1093,5.65444],[-0.11218,5.65124],[-0.11355,5.65143]]}},{"type":"Feature","properties":{},"geometry":{"type":"LineString","coordinates":[[0.55456,5.94525],[0.55967,5.9394],[0.56145,5.94032],[0.56691,5.93774],[0.56653,5.93601],[0.56917,5.9327],[0.57149,5.93209],[0.57058,5.93039],[0.57195,5.92981],[0.57376,5.93194],[0.57555,5.93294],[0.57695,5.93267],[0.57768,5.93068],[0.58156,5.92808],[0.5834,5.92624],[0.58445,5.92382],[0.58837,5.92017],[0.5892,5.91861],[0.58823,5.91518],[0.58987,5.91036],[0.59215,5.90888],[0.59501,5.90843],[0.59737,5.90703],[0.60262,5.90026],[0.60658,5.90142],[0.60807,5.90101],[0.61115,5.89712],[0.61231,5.89495],[0.61206,5.89411],[0.60529,5.88992],[0.60398,5.88728],[0.60437,5.8862],[0.61001,5.88401],[0.61087,5.88217],[0.61051,5.87764],[0.61114,5.87658],[0.61263,5.87599],[0.61726,5.87706],[0.61932,5.87621],[0.61944,5.87432],[0.61433,5.87443],[0.61284,5.87256],[0.61312,5.86902],[0.61457,5.8656],[0.61582,5.865],[0.61831,5.86554],[0.6225,5.86907],[0.62507,5.86926],[0.6294,5.86875],[0.63109,5.86789],[0.63235,5.86602],[0.63213,5.864],[0.63122,5.86269],[0.62995,5.86207],[0.62779,5.86263],[0.62594,5.86207],[0.62007,5.85168],[0.61973,5.84939],[0.62144,5.8429],[0.62089,5.83432],[0.62241,5.83338],[0.63628,5.83455]]}},{"type":"Feature","properties":{},"geometry":{"type":"LineString","coordinates":[[-0.20443,5.60542],[-0.20752,5.60345],[-0.21075,5.59947],[-0.21386,5.59348],[-0.21418,5.59011],[-0.21671,5.58629]]}},{"type":"Feature","properties":{},"geometry":{"type":"LineString","coordinates":[[-0.24006,5.65009],[-0.23544,5.64711],[-0.23016,5.63484],[-0.22818,5.63281],[-0.22805,5.63091],[-0.22885,5.6291],[-0.2285,5.626],[-0.22943,5.62341],[-0.22905,5.61999],[-0.2282,5.61916],[-0.22669,5.61317]]}},{"type":"Feature","properties":{"name":"Agona river"},"geometry":{"type":"LineString","coordinates":[[-0.70105,5.53197],[-0.70102,5.53223]]}},{"type":"Feature","properties":{"name":"Ayensu"},"geometry":{"type":"LineString","coordinates":[[-0.60947,5.41705],[-0.60953,5.41615],[-0.60788,5.41521],[-0.60856,5.41457],[-0.60903,5.41512],[-0.6102,5.41451],[-0.61009,5.41293],[-0.60953,5.41337],[-0.60939,5.41244],[-0.6108,5.4105],[-0.60999,5.41024],[-0.61044,5.40957],[-0.60982,5.40903],[-0.61093,5.40861],[-0.61022,5.40821],[-0.61055,5.40768],[-0.61195,5.40705],[-0.61009,5.40434],[-0.60873,5.4043],[-0.6072,5.40281],[-0.60627,5.40282],[-0.60602,5.40367],[-0.60318,5.40015],[-0.60152,5.40049],[-0.60114,5.39909],[-0.60183,5.39821],[-0.6004,5.398],[-0.60135,5.39694],[-0.60027,5.39615],[-0.60058,5.39545],[-0.59968,5.39437],[-0.6011,5.38865],[-0.60021,5.38851],[-0.59808,5.38636],[-0.59811,5.38523],[-0.59721,5.38559],[-0.59723,5.38655],[-0.59653,5.38662],[-0.59607,5.38425],[-0.59545,5.38483],[-0.59467,5.38446],[-0.59522,5.38338],[-0.59459,5.3823],[-0.59489,5.38103],[-0.5943,5.3783],[-0.59344,5.37766],[-0.59334,5.37432],[-0.59251,5.37306],[-0.59328,5.37231],[-0.59356,5.37038],[-0.59319,5.36998],[-0.59224,5.37053],[-0.59342,5.3692],[-0.59374,5.36603],[-0.59206,5.36556],[-0.58895,5.3633],[-0.59054,5.36012],[-0.59182,5.35945],[-0.59187,5.35703]]}},{"type":"Feature","properties":{"name":"Odaw River"},"geometry":{"type":"LineString","coordinates":[[-0.21782,5.56777],[-0.21818,5.55976],[-0.22498,5.55166],[-0.22493,5.54761],[-0.22561,5.54487],[-0.22471,5.54271],[-0.22012,5.54052],[-0.21979,5.53766]]}},{"type":"Feature","properties":{},"geometry":{"type":"LineString","coordinates":[[0.32837,6.88725],[0.32925,6.8858],[0.3284,6.88435],[0.32537,6.88207],[0.32387,6.88253],[0.32321,6.88007],[0.32236,6.87931],[0.32239,6.87772],[0.32131,6.8775],[0.32093,6.87672],[0.32142,6.87593],[0.32225,6.87606],[0.32212,6.87527],[0.32282,6.87463],[0.32537,6.87465],[0.32535,6.87359],[0.32351,6.87142],[0.32805,6.86945],[0.32759,6.86866],[0.32795,6.86795],[0.32727,6.86787],[0.32696,6.86864],[0.32484,6.8681],[0.32371,6.8685],[0.32177,6.86298],[0.32016,6.86199],[0.32029,6.86272],[0.31914,6.86326],[0.31802,6.86292],[0.31752,6.86165],[0.31507,6.86093],[0.31551,6.85991],[0.31785,6.86109],[0.32005,6.85942],[0.31882,6.85664],[0.31912,6.85357],[0.31809,6.85206],[0.31903,6.85172],[0.31967,6.85015],[0.32167,6.85095],[0.32493,6.85074],[0.32758,6.8489],[0.32558,6.84654],[0.32403,6.84709],[0.32293,6.84656],[0.32499,6.84117],[0.32594,6.84044]]}},{"type":"Feature","properties":{},"geometry":{"type":"LineString","coordinates":[[-2.24934,10.2138],[-2.24828,10.21093],[-2.24951,10.2085],[-2.2371,10.203],[-2.23387,10.1966],[-2.22964,10.19434],[-2.22472,10.19277],[-2.20955,10.18122],[-2.20322,10.17853],[-2.19938,10.18133],[-2.19456,10.1803],[-2.19253,10.17704],[-2.18823,10.17555],[-2.1852,10.17252],[-2.18137,10.17298],[-2.17678,10.17235],[-2.17376,10.17046],[-2.17207,10.16808],[-2.17219,10.16486],[-2.1694,10.16194],[-2.16097,10.15879],[-2.15376,10.15713],[-2.14819,10.15376],[-2.14499,10.1497],[-2.13598,10.14973],[-2.13443,10.15058],[-2.13212,10.15486],[-2.13068,10.15537],[-2.12924,10.15446],[-2.12879,10.15249],[-2.12467,10.15196],[-2.12266,10.14954],[-2.1191,10.14882],[-2.11582,10.14667],[-2.11047,10.14546],[-2.10541,10.14627],[-2.10206,10.1456],[-2.09625,10.14569],[-2.09245,10.14458],[-2.08484,10.14135],[-2.07834,10.13546],[-2.07525,10.13391],[-2.07088,10.13368],[-2.06881,10.13128],[-2.0628,10.12829],[-2.05879,10.12924],[-2.0539,10.12808],[-2.0489,10.13135],[-2.04652,10.13383],[-2.044,10.13424],[-2.04125,10.1334],[-2.03859,10.13343],[-2.03689,10.13118],[-2.03601,10.13114],[-2.03363,10.13218],[-2.03175,10.13122],[-2.03076,10.13147],[-2.02963,10.13293],[-2.0277,10.13348],[-2.0197,10.12997],[-2.01789,10.131],[-2.0171,10.13659],[-2.01638,10.13787],[-2.01155,10.13965],[-2.00946,10.14166],[-2.00865,10.14164],[-2.00642,10.13858],[-2.00285,10.13891],[-2.00038,10.13793],[-1.99934,10.13549],[-1.99759,10.13622],[-1.99327,10.13564],[-1.99184,10.13403],[-1.98786,10.13477],[-1.98686,10.1344],[-1.98305,10.1293],[-1.98195,10.12871],[-1.98088,10.12947],[-1.97649,10.12662],[-1.97224,10.12047],[-1.96575,10.12151],[-1.96169,10.12065],[-1.96186,10.11582],[-1.96084,10.10782],[-1.96007,10.10599],[-1.94665,10.1076],[-1.94194,10.10879],[-1.93878,10.10985],[-1.93382,10.11329],[-1.92844,10.11481]]}},{"type":"Feature","properties":{},"geometry":{"type":"LineString","coordinates":[[-0.89558,10.01987],[-0.89162,10.02105],[-0.89089,10.02196],[-0.89134,10.02319],[-0.8936,10.02406]]}},{"type":"Feature","properties":{},"geometry":{"type":"LineString","coordinates":[[-0.8936,10.02406],[-0.89392,10.02563],[-0.89336,10.02624],[-0.89221,10.02669],[-0.89088,10.02625],[-0.88972,10.02517],[-0.88936,10.02188],[-0.88837,10.02079],[-0.88901,10.01955],[-0.895,10.01908]]}},{"type":"Feature","properties":{"name":"Nasia"},"geometry":{"type":"LineString","coordinates":[[-0.97193,9.95621],[-0.97589,9.95787],[-0.98081,9.96257],[-0.98307,9.96238],[-0.98419,9.9611],[-0.98499,9.95837],[-0.98439,9.95505],[-0.98491,9.94995],[-0.98298,9.94789],[-0.9812,9.94409]]}},{"type":"Feature","properties":{},"geometry":{"type":"LineString","coordinates":[[-0.88669,10.02393],[-0.88742,10.02207]]}},{"type":"Feature","properties":{},"geometry":{"type":"LineString","coordinates":[[-0.88669,10.02393],[-0.88605,10.02493],[-0.88502,10.02528],[-0.88414,10.02481],[-0.88352,10.02306],[-0.88419,10.02031],[-0.88901,10.01955]]}},{"type":"Feature","properties":{"name":"White Volta"},"geometry":{"type":"LineString","coordinates":[[-1.15985,9.71965],[-1.1668,9.72132],[-1.18438,9.72234],[-1.19918,9.71986],[-1.20727,9.7172],[-1.21,9.71587],[-1.2124,9.71385],[-1.21369,9.71183],[-1.21397,9.70517],[-1.21536,9.70326],[-1.21907,9.70172],[-1.22227,9.70163],[-1.22646,9.70032],[-1.23478,9.69594],[-1.236,9.69283],[-1.23585,9.69142],[-1.23407,9.6892],[-1.23163,9.68843],[-1.23073,9.68602],[-1.23148,9.68251],[-1.2339,9.68002],[-1.23553,9.67911],[-1.23995,9.67835],[-1.24418,9.6808],[-1.24643,9.68088],[-1.25019,9.67993],[-1.25199,9.6805],[-1.25463,9.6827],[-1.25952,9.68325],[-1.26158,9.6809],[-1.26199,9.67718],[-1.25918,9.6756],[-1.2562,9.67557],[-1.25557,9.67254],[-1.26386,9.66474],[-1.26821,9.66294],[-1.27587,9.66301],[-1.2801,9.661],[-1.28381,9.66022],[-1.28732,9.66035],[-1.29086,9.66139],[-1.29439,9.66352],[-1.29694,9.66385],[-1.30879,9.66168],[-1.31083,9.66034],[-1.31256,9.65807],[-1.31436,9.65336]]}},{"type":"Feature","properties":{},"geometry":{"type":"LineString","coordinates":[[-0.99143,9.68547],[-0.99779,9.68086]]}},{"type":"Feature","properties":{"name":"River Butre"},"geometry":{"type":"LineString","coordinates":[[-1.8756,4.96007],[-1.8768,4.95796],[-1.8807,4.95488],[-1.88214,4.95251],[-1.88333,4.95218],[-1.8839,4.94869],[-1.88308,4.94361],[-1.88589,4.94276],[-1.88947,4.93599],[-1.88781,4.93523],[-1.88795,4.93315],[-1.88573,4.93299],[-1.88578,4.93221],[-1.88492,4.9315],[-1.88552,4.93013],[-1.88642,4.9299],[-1.8863,4.92875],[-1.88712,4.92806],[-1.8856,4.9273],[-1.88694,4.92628],[-1.88663,4.92364],[-1.88702,4.92156],[-1.88851,4.91969],[-1.8884,4.91811],[-1.89268,4.91624],[-1.89397,4.91333],[-1.89544,4.91213],[-1.89732,4.91152],[-1.89768,4.91208],[-1.89851,4.9113],[-1.89759,4.91087],[-1.89837,4.90995],[-1.89773,4.90943],[-1.89875,4.90952],[-1.89927,4.90861],[-1.89821,4.90753],[-1.90057,4.90645],[-1.90098,4.90539],[-1.89857,4.90267],[-1.90045,4.90135],[-1.90164,4.89949],[-1.90455,4.89839],[-1.90541,4.89738],[-1.90437,4.89503],[-1.9062,4.89449],[-1.90645,4.89186],[-1.90468,4.8912],[-1.90743,4.8885],[-1.90562,4.88713],[-1.90571,4.88637],[-1.90658,4.88598],[-1.90778,4.88386],[-1.9089,4.88499],[-1.91075,4.88416],[-1.91215,4.88196],[-1.91209,4.87987],[-1.91325,4.87913],[-1.91333,4.87728],[-1.91516,4.87613],[-1.91547,4.87416],[-1.91733,4.87393],[-1.91938,4.87258],[-1.91889,4.87136],[-1.91927,4.87015],[-1.91803,4.86846],[-1.91878,4.86778],[-1.92007,4.86856],[-1.92062,4.86817],[-1.92077,4.86719],[-1.919,4.86626],[-1.91931,4.8645],[-1.92258,4.86247],[-1.92235,4.86134],[-1.9216,4.86102],[-1.91751,4.86036],[-1.91692,4.85861],[-1.91768,4.85726],[-1.91841,4.85892],[-1.91967,4.85833],[-1.9205,4.85544],[-1.92235,4.85413],[-1.92263,4.85306],[-1.9219,4.8522],[-1.91755,4.8533],[-1.91671,4.85112],[-1.91677,4.8468],[-1.91827,4.84316],[-1.92097,4.84393],[-1.92179,4.84348],[-1.92143,4.84236],[-1.91761,4.8388],[-1.9175,4.83781],[-1.91895,4.83691],[-1.91909,4.83601],[-1.91768,4.83494],[-1.91305,4.83622],[-1.90935,4.83401],[-1.90956,4.83301],[-1.91087,4.83231],[-1.91222,4.83327],[-1.91425,4.83291],[-1.91369,4.82992],[-1.91503,4.82825],[-1.91565,4.82434]]}},{"type":"Feature","properties":{"name":"River Bonsa"},"geometry":{"type":"LineString","coordinates":[[-1.94984,5.20616],[-1.95111,5.20633],[-1.95232,5.20546],[-1.95368,5.20593],[-1.95295,5.20866],[-1.95572,5.21077],[-1.957,5.21007],[-1.95688,5.20871],[-1.95837,5.20849],[-1.95917,5.20911],[-1.96134,5.20855],[-1.96185,5.20684],[-1.96507,5.20614],[-1.96603,5.20729],[-1.96575,5.2098],[-1.96639,5.21182],[-1.96698,5.21201],[-1.9683,5.21053],[-1.96963,5.21023],[-1.97418,5.2112],[-1.97634,5.21213],[-1.97649,5.21349],[-1.97815,5.21451],[-1.98057,5.21451],[-1.98243,5.2155],[-1.98486,5.20998],[-1.98911,5.20714],[-1.98825,5.20502],[-1.99543,5.20454],[-1.99551,5.20703],[-1.99742,5.20904],[-1.99729,5.20534],[-2.00214,5.19891],[-2.00772,5.19926],[-2.00905,5.19868],[-2.01074,5.19998],[-2.01286,5.20041],[-2.0149,5.19876],[-2.01348,5.19688],[-2.01402,5.19562],[-2.01864,5.19822],[-2.0192,5.19677],[-2.01843,5.19564],[-2.02149,5.1919],[-2.02217,5.19152],[-2.02589,5.19339],[-2.02822,5.19184],[-2.02857,5.19118],[-2.02785,5.18803],[-2.02961,5.18222],[-2.03203,5.18327],[-2.03523,5.1813],[-2.03631,5.17942],[-2.03798,5.17956],[-2.04068,5.17786],[-2.04289,5.17811],[-2.04206,5.17924],[-2.04229,5.1798],[-2.04634,5.18081],[-2.0488,5.18224],[-2.05078,5.18204],[-2.0518,5.18267],[-2.05419,5.18121],[-2.05626,5.17815],[-2.06049,5.17969],[-2.06253,5.1783],[-2.06433,5.18163],[-2.06577,5.18078],[-2.06664,5.18259],[-2.06629,5.18445],[-2.06489,5.1836],[-2.06453,5.18406],[-2.06493,5.18532],[-2.06446,5.18718],[-2.06767,5.18844],[-2.06901,5.18793],[-2.06896,5.18937],[-2.07157,5.1904],[-2.07147,5.19224],[-2.07374,5.19043],[-2.07554,5.1902],[-2.07837,5.18825],[-2.08257,5.18938],[-2.08168,5.19083],[-2.08426,5.19304],[-2.08499,5.19302],[-2.08807,5.19021],[-2.08804,5.19144],[-2.08903,5.19183],[-2.08921,5.19372],[-2.09159,5.19512],[-2.0929,5.19853],[-2.09601,5.19982],[-2.09497,5.20201],[-2.09663,5.20292],[-2.09759,5.20618],[-2.09968,5.20525],[-2.10198,5.20878],[-2.10361,5.20931],[-2.10439,5.20585],[-2.10564,5.2048],[-2.10678,5.20507]]}},{"type":"Feature","properties":{"name":"Tano River"},"geometry":{"type":"LineString","coordinates":[[-2.32484,6.93279],[-2.32624,6.93019],[-2.32744,6.93004],[-2.32635,6.92965],[-2.32658,6.9288],[-2.33154,6.92892],[-2.33296,6.92614],[-2.33215,6.92582],[-2.33204,6.92485],[-2.33391,6.92441],[-2.33333,6.92379],[-2.33213,6.92388],[-2.33243,6.92256],[-2.33329,6.9234],[-2.3339,6.92259],[-2.33226,6.92124],[-2.33354,6.9208],[-2.3332,6.91974],[-2.33463,6.92008],[-2.33449,6.92115],[-2.33522,6.92096],[-2.33612,6.91874],[-2.3364,6.9202],[-2.33745,6.91981],[-2.33834,6.91661],[-2.33611,6.91669],[-2.33637,6.91568],[-2.33747,6.9161],[-2.33797,6.9151],[-2.33596,6.91503],[-2.33501,6.91385],[-2.33609,6.91322],[-2.33633,6.9121],[-2.33748,6.91208],[-2.33788,6.91285],[-2.33841,6.9125],[-2.3382,6.91097],[-2.33939,6.91022],[-2.33909,6.90865],[-2.34054,6.90785],[-2.3412,6.90866],[-2.34207,6.9089],[-2.34253,6.90814],[-2.34351,6.90874],[-2.34469,6.90793],[-2.34485,6.91009],[-2.34605,6.9084],[-2.3462,6.9099],[-2.34669,6.90995],[-2.34709,6.90779],[-2.3486,6.90887],[-2.3491,6.90746],[-2.34834,6.90663],[-2.34986,6.90586],[-2.34912,6.90422],[-2.34741,6.90317],[-2.34831,6.90227],[-2.34754,6.90171],[-2.34926,6.9009],[-2.34981,6.90229],[-2.34997,6.90041],[-2.35123,6.90089],[-2.35147,6.9001],[-2.35015,6.89895],[-2.3503,6.89837],[-2.35129,6.8981],[-2.35234,6.89949],[-2.35321,6.89666],[-2.35443,6.89718],[-2.3546,6.89587],[-2.35703,6.89586],[-2.3576,6.89676],[-2.35811,6.89529],[-2.35986,6.8947],[-2.36067,6.89581],[-2.36165,6.89473],[-2.36141,6.89345],[-2.36245,6.89348],[-2.36311,6.89424],[-2.36372,6.89353],[-2.36249,6.89268],[-2.36456,6.89257],[-2.36355,6.89177],[-2.36466,6.8903],[-2.36693,6.88993],[-2.3664,6.88917],[-2.36752,6.88751],[-2.36417,6.88658],[-2.36481,6.88567],[-2.36285,6.88481],[-2.36408,6.88411],[-2.36401,6.88288],[-2.36517,6.88348],[-2.36486,6.88254],[-2.36534,6.882],[-2.36691,6.88262],[-2.3674,6.88175],[-2.36856,6.88206],[-2.36857,6.88103],[-2.36763,6.88082],[-2.36776,6.87945],[-2.36894,6.87889],[-2.37013,6.87931],[-2.37074,6.87845],[-2.37114,6.87958],[-2.3715,6.87816],[-2.37271,6.87932],[-2.37316,6.87756],[-2.37479,6.87905],[-2.37547,6.87866],[-2.37649,6.87911],[-2.37733,6.87805],[-2.37709,6.87721],[-2.37771,6.87712],[-2.37911,6.87702],[-2.37871,6.878],[-2.38005,6.87774],[-2.38002,6.87874],[-2.38213,6.87841],[-2.38314,6.87646],[-2.38279,6.87543],[-2.38375,6.87588],[-2.38426,6.87548],[-2.38314,6.87386],[-2.38399,6.87275],[-2.38498,6.87286],[-2.38419,6.87188],[-2.38577,6.87046],[-2.38794,6.87007],[-2.38736,6.86754],[-2.38902,6.86798],[-2.38882,6.86739],[-2.38695,6.86683],[-2.38714,6.8652],[-2.38624,6.86597],[-2.38667,6.8636],[-2.38558,6.86343],[-2.38797,6.8616],[-2.38648,6.86061],[-2.38814,6.85983],[-2.38654,6.85874],[-2.38672,6.85807],[-2.38533,6.85826],[-2.38744,6.8569],[-2.38687,6.85576],[-2.38837,6.85526],[-2.38894,6.8572],[-2.38951,6.85546],[-2.39143,6.8554],[-2.39146,6.85667],[-2.39071,6.85725],[-2.39161,6.85807],[-2.39399,6.85738],[-2.39484,6.85867],[-2.39539,6.85747],[-2.39686,6.85742],[-2.39711,6.85696],[-2.39593,6.85528],[-2.3987,6.85441],[-2.39797,6.85367],[-2.39912,6.85294],[-2.39918,6.85182],[-2.39864,6.85054],[-2.39801,6.8509],[-2.39785,6.85029],[-2.39987,6.84985],[-2.40014,6.84821],[-2.39993,6.84657],[-2.39884,6.84677],[-2.40016,6.84561],[-2.39998,6.84466],[-2.39918,6.84569],[-2.39845,6.84507],[-2.3999,6.84338],[-2.39888,6.84216],[-2.39984,6.84178],[-2.39845,6.84098],[-2.39924,6.84011],[-2.39854,6.83925],[-2.39988,6.84015],[-2.40081,6.83915],[-2.40195,6.84061],[-2.40189,6.8417],[-2.40306,6.841],[-2.40474,6.84219],[-2.40487,6.84109],[-2.4054,6.84242],[-2.40573,6.84115],[-2.40657,6.84238],[-2.40772,6.84156],[-2.40739,6.84063],[-2.40896,6.84164],[-2.40852,6.84017],[-2.41003,6.83877],[-2.41049,6.83887],[-2.41042,6.83999],[-2.41155,6.83927],[-2.41159,6.83817],[-2.41234,6.83914],[-2.41355,6.83791],[-2.41278,6.83707],[-2.41326,6.8364],[-2.41465,6.83688],[-2.4152,6.83573],[-2.41596,6.83666],[-2.41651,6.83489],[-2.41578,6.83465],[-2.41583,6.83401],[-2.41815,6.8335],[-2.41837,6.8325],[-2.41943,6.83209],[-2.4193,6.83123],[-2.41993,6.83216],[-2.42097,6.8304],[-2.41962,6.83053],[-2.41967,6.82937],[-2.41808,6.82925],[-2.41973,6.82838],[-2.42007,6.82679],[-2.41859,6.82644],[-2.41806,6.82401]]}},{"type":"Feature","properties":{"name":"Tano River"},"geometry":{"type":"LineString","coordinates":[[-2.41543,6.65906],[-2.41687,6.65936],[-2.41733,6.65866],[-2.41698,6.65772],[-2.41786,6.65694],[-2.415,6.65512],[-2.41443,6.65363],[-2.41584,6.65331],[-2.41367,6.6533],[-2.4149,6.65207],[-2.4132,6.65236],[-2.41289,6.65062],[-2.41242,6.65263],[-2.41139,6.65031],[-2.41061,6.65063],[-2.41064,6.65226],[-2.40885,6.65099],[-2.40829,6.652],[-2.40767,6.65181],[-2.40758,6.64988],[-2.40658,6.64926],[-2.40723,6.64893],[-2.40658,6.64822],[-2.40351,6.64872],[-2.39994,6.65086],[-2.3981,6.64886],[-2.39674,6.64912],[-2.39674,6.64757],[-2.39545,6.64849],[-2.39564,6.64734],[-2.39648,6.6467],[-2.39634,6.64499],[-2.39731,6.64521],[-2.39784,6.6441],[-2.39682,6.64329],[-2.39501,6.64394],[-2.39593,6.64197],[-2.39548,6.64098],[-2.39634,6.64028],[-2.39752,6.64098],[-2.39833,6.6406],[-2.39628,6.63978],[-2.39618,6.63909],[-2.39733,6.63834],[-2.39869,6.63926],[-2.39987,6.6378],[-2.4004,6.63882],[-2.39929,6.63954],[-2.40021,6.6403],[-2.40139,6.63847],[-2.40042,6.63668],[-2.4022,6.63812],[-2.40291,6.63778],[-2.40326,6.63724],[-2.40194,6.6358],[-2.40345,6.63517],[-2.40106,6.63494],[-2.40226,6.63379],[-2.4017,6.63257],[-2.40292,6.63188],[-2.40078,6.63061],[-2.40126,6.62897],[-2.3999,6.62819],[-2.39966,6.62711],[-2.39863,6.62684],[-2.39892,6.62581],[-2.39483,6.62591],[-2.39351,6.6244],[-2.39233,6.62452],[-2.3925,6.62307],[-2.39364,6.62241],[-2.39244,6.6219],[-2.39344,6.62112],[-2.39357,6.61892],[-2.39496,6.61992],[-2.3942,6.61757],[-2.39469,6.61719],[-2.39553,6.61794],[-2.39578,6.61753],[-2.39518,6.61629],[-2.39262,6.61516],[-2.39201,6.61421],[-2.39359,6.61314],[-2.39423,6.6144],[-2.39468,6.61419],[-2.39483,6.61225],[-2.39339,6.61237],[-2.39305,6.61142],[-2.39133,6.61122],[-2.39196,6.61031],[-2.39164,6.60972],[-2.38954,6.60933],[-2.38764,6.61113],[-2.38619,6.61054],[-2.38536,6.61149],[-2.38387,6.61096],[-2.38346,6.61033],[-2.38446,6.6073],[-2.38564,6.60792],[-2.38426,6.60562],[-2.38566,6.60459],[-2.38513,6.6031],[-2.38402,6.60463],[-2.38317,6.60419],[-2.38303,6.60229],[-2.38411,6.60153],[-2.38309,6.60089],[-2.38392,6.59849],[-2.38024,6.5994],[-2.3786,6.59837],[-2.37769,6.5994],[-2.37725,6.59831],[-2.37845,6.59732],[-2.37647,6.5964],[-2.37323,6.59647],[-2.37107,6.59479],[-2.37128,6.59197],[-2.37251,6.59083],[-2.37281,6.58915],[-2.37752,6.58736],[-2.37821,6.5859],[-2.38023,6.58521],[-2.38127,6.58245],[-2.38024,6.57964],[-2.38086,6.57454],[-2.37969,6.57249],[-2.38016,6.57176],[-2.38251,6.57111],[-2.38569,6.56844],[-2.38571,6.56023],[-2.38381,6.55356],[-2.3823,6.55059],[-2.37681,6.54843],[-2.37644,6.54683],[-2.37717,6.54579],[-2.37598,6.5454],[-2.37852,6.54438],[-2.37814,6.54171],[-2.37694,6.54085],[-2.37609,6.53913],[-2.37495,6.53966],[-2.37474,6.53892],[-2.37644,6.53817],[-2.37675,6.53728],[-2.37728,6.53953],[-2.37986,6.53877],[-2.38048,6.53746],[-2.38112,6.53786],[-2.38321,6.53464],[-2.38259,6.53343],[-2.38417,6.53261],[-2.38196,6.53041],[-2.38347,6.52781],[-2.38287,6.52711],[-2.38182,6.52734],[-2.38183,6.52678],[-2.38356,6.5264],[-2.38442,6.52505],[-2.38514,6.52599],[-2.38592,6.52341],[-2.38909,6.52246],[-2.3897,6.52393],[-2.39193,6.52308],[-2.39075,6.52437],[-2.39212,6.52465],[-2.39455,6.52293],[-2.39556,6.52142],[-2.39745,6.52167],[-2.3967,6.51963],[-2.39784,6.51851],[-2.39775,6.51482],[-2.39862,6.51375],[-2.39722,6.51201],[-2.39836,6.51114],[-2.397,6.50984],[-2.3962,6.50654],[-2.39651,6.50558],[-2.39595,6.50493],[-2.39658,6.50414],[-2.39772,6.50416],[-2.39683,6.50284],[-2.39934,6.5037]]}},{"type":"Feature","properties":{"name":"Birim"},"geometry":{"type":"LineString","coordinates":[[-0.87185,5.99726],[-0.87253,5.99754],[-0.874,6.00062],[-0.87746,5.99914],[-0.88097,5.9995],[-0.88227,5.99854],[-0.8848,5.99876],[-0.88653,5.99806],[-0.89128,5.99899],[-0.89703,5.99603],[-0.90317,5.99444],[-0.90602,5.99684],[-0.90685,5.99676],[-0.90687,5.99497],[-0.90843,5.99416],[-0.91011,5.99111],[-0.91149,5.99006],[-0.91179,5.98721],[-0.91765,5.98328],[-0.918,5.97991],[-0.91643,5.97717],[-0.91636,5.9759],[-0.91836,5.97176],[-0.91817,5.96708],[-0.91901,5.96493],[-0.92025,5.96502],[-0.92152,5.96402],[-0.92423,5.96458],[-0.92501,5.9607],[-0.92878,5.95858],[-0.93002,5.95997],[-0.92877,5.96172],[-0.93117,5.96312],[-0.93292,5.96215],[-0.93529,5.962],[-0.93709,5.96276],[-0.93808,5.96411],[-0.93976,5.96406],[-0.94106,5.96222],[-0.94079,5.95968],[-0.94483,5.9604],[-0.94616,5.95867],[-0.94928,5.95798],[-0.94982,5.95574],[-0.95057,5.95503],[-0.94901,5.95224]]}},{"type":"Feature","properties":{},"geometry":{"type":"LineString","coordinates":[[-0.9294,9.33519],[-0.92874,9.33454],[-0.9293,9.33253],[-0.92854,9.33263],[-0.92867,9.33042],[-0.92789,9.32933],[-0.92841,9.32686],[-0.92978,9.32727],[-0.92892,9.32515],[-0.92933,9.32384],[-0.92757,9.32327],[-0.92695,9.32397],[-0.92665,9.32365],[-0.9274,9.32134],[-0.92802,9.32179],[-0.92849,9.32136],[-0.92667,9.32041],[-0.92755,9.31996],[-0.9274,9.31912],[-0.92819,9.31823],[-0.92777,9.31761],[-0.92886,9.31702],[-0.92892,9.316],[-0.92807,9.31567],[-0.9265,9.31689],[-0.92704,9.3156],[-0.92596,9.31533],[-0.92579,9.31467],[-0.92525,9.31518],[-0.92407,9.31465],[-0.92401,9.31397],[-0.92547,9.31298],[-0.92422,9.31139],[-0.9244,9.31082],[-0.92307,9.30997],[-0.92425,9.30874],[-0.9236,9.30836],[-0.92495,9.30806],[-0.92459,9.30737],[-0.923,9.30749],[-0.92253,9.30622],[-0.9218,9.3066],[-0.9212,9.30544],[-0.9206,9.30584],[-0.92144,9.3044],[-0.91998,9.30459],[-0.91869,9.304],[-0.91862,9.30273],[-0.91955,9.30226],[-0.91854,9.30209],[-0.91946,9.29953],[-0.91912,9.29858],[-0.91985,9.29856],[-0.91993,9.29955],[-0.92094,9.2989],[-0.9183,9.29582],[-0.91873,9.29324],[-0.91702,9.29138],[-0.91774,9.29081],[-0.91877,9.29127],[-0.91935,9.29062],[-0.91787,9.28983],[-0.9185,9.28893],[-0.9171,9.28756],[-0.91617,9.28805],[-0.915,9.28736],[-0.91631,9.28544],[-0.91563,9.28316],[-0.91681,9.28221],[-0.91604,9.28182],[-0.91625,9.28075],[-0.91555,9.28026],[-0.91453,9.28064],[-0.91349,9.2781],[-0.91256,9.27841],[-0.91303,9.27725],[-0.91107,9.27856],[-0.91044,9.27745],[-0.91116,9.27697],[-0.9093,9.27699],[-0.90911,9.27604],[-0.90535,9.2756],[-0.90589,9.27482],[-0.90425,9.27514],[-0.90429,9.27444],[-0.90255,9.27406],[-0.90293,9.27329],[-0.90195,9.27321],[-0.90214,9.27248],[-0.90121,9.27245],[-0.90144,9.2716],[-0.90016,9.27107],[-0.90163,9.26946],[-0.90248,9.26615],[-0.90217,9.26494],[-0.90019,9.26537],[-0.89853,9.26386],[-0.89593,9.26302],[-0.89571,9.26414],[-0.89414,9.26432],[-0.89389,9.26291],[-0.8945,9.26224],[-0.89238,9.26045],[-0.89295,9.25926],[-0.89109,9.25894],[-0.88998,9.257],[-0.88894,9.25771],[-0.88852,9.25735],[-0.88883,9.25609],[-0.88758,9.2551],[-0.88805,9.25434],[-0.88685,9.25451],[-0.88635,9.25411],[-0.88682,9.25356],[-0.88517,9.25385],[-0.88549,9.25199],[-0.88624,9.25222],[-0.88624,9.25097],[-0.88487,9.2512],[-0.88449,9.24991],[-0.8832,9.2501],[-0.88339,9.24879],[-0.88266,9.24854],[-0.88399,9.24771],[-0.88378,9.24481],[-0.88176,9.24184],[-0.87989,9.24165],[-0.88034,9.24074],[-0.87886,9.24023],[-0.87884,9.23941],[-0.88031,9.23903],[-0.87952,9.23753],[-0.88049,9.23675],[-0.87956,9.23454],[-0.87725,9.23403],[-0.87652,9.23307],[-0.87614,9.23176],[-0.87659,9.23077],[-0.87492,9.23009],[-0.87575,9.22926],[-0.87517,9.22831],[-0.87324,9.22753],[-0.87223,9.22784],[-0.87174,9.22693],[-0.87022,9.22753],[-0.86981,9.2264],[-0.87092,9.22638],[-0.87097,9.22577],[-0.86865,9.22564],[-0.86953,9.22513],[-0.86931,9.22371],[-0.86657,9.22348],[-0.8664,9.22439],[-0.86524,9.22293],[-0.86425,9.22367],[-0.86331,9.22354],[-0.86271,9.22437],[-0.86041,9.22469],[-0.86052,9.22376],[-0.85981,9.22433],[-0.85951,9.22304],[-0.85835,9.22393],[-0.85751,9.22367],[-0.8573,9.22011],[-0.85584,9.22003],[-0.8541,9.21855],[-0.85303,9.21895],[-0.85271,9.21992],[-0.85238,9.2191],[-0.8517,9.21907],[-0.85005,9.22018],[-0.8476,9.21871],[-0.84723,9.2202],[-0.84638,9.21975],[-0.84648,9.22104],[-0.84569,9.22153],[-0.84354,9.22064],[-0.84329,9.21946],[-0.84251,9.21905],[-0.842,9.22056],[-0.84075,9.21959],[-0.84109,9.21865],[-0.83969,9.21964],[-0.83781,9.21799],[-0.83831,9.21768],[-0.83796,9.21727],[-0.83902,9.21732],[-0.83854,9.21643],[-0.84013,9.21588],[-0.83966,9.21494],[-0.83781,9.21463],[-0.83736,9.21357],[-0.83548,9.21365],[-0.83389,9.21482],[-0.83254,9.21425],[-0.83415,9.21202],[-0.83314,9.211],[-0.8335,9.20984],[-0.8326,9.20874],[-0.82919,9.2102],[-0.82824,9.21238],[-0.82713,9.21158],[-0.8243,9.21323],[-0.82277,9.21312],[-0.82288,9.21052],[-0.82352,9.21012],[-0.8223,9.20666],[-0.82082,9.20488],[-0.81998,9.20486],[-0.82005,9.20202],[-0.81665,9.20253],[-0.81584,9.20146],[-0.8157,9.2008],[-0.81673,9.20023],[-0.81648,9.19901],[-0.8174,9.19799],[-0.81664,9.19659],[-0.81793,9.19569],[-0.81767,9.19447],[-0.81571,9.19477],[-0.81547,9.19581],[-0.8148,9.1953],[-0.81428,9.19602],[-0.81358,9.19475],[-0.81469,9.19424],[-0.81336,9.19363],[-0.81179,9.19407],[-0.81171,9.1953],[-0.81118,9.1953],[-0.81003,9.19402],[-0.80954,9.19145],[-0.80719,9.19047],[-0.80843,9.18993],[-0.80777,9.18825],[-0.80821,9.18735],[-0.80783,9.18587],[-0.80622,9.18608],[-0.80515,9.18327],[-0.80546,9.18282],[-0.80429,9.18217],[-0.80376,9.18253],[-0.80194,9.18106],[-0.79908,9.18169],[-0.79898,9.18043],[-0.79755,9.18042],[-0.79709,9.17841],[-0.79797,9.17632],[-0.79913,9.17549],[-0.79792,9.17511],[-0.79745,9.17403],[-0.79627,9.17426],[-0.7952,9.17365],[-0.7949,9.17255],[-0.79313,9.17285],[-0.7944,9.17072],[-0.79289,9.17014],[-0.79287,9.16885],[-0.7911,9.16936],[-0.78878,9.16894],[-0.7866,9.17129],[-0.78511,9.16934],[-0.78477,9.17086],[-0.7834,9.17211],[-0.78355,9.17114],[-0.78042,9.16917],[-0.7808,9.16737],[-0.77919,9.16608],[-0.7796,9.1651],[-0.77878,9.16559],[-0.77853,9.16491],[-0.77745,9.165],[-0.77806,9.16135],[-0.77683,9.16059],[-0.77621,9.15703],[-0.77465,9.15617],[-0.7752,9.15497],[-0.77476,9.15403],[-0.77535,9.1534],[-0.77509,9.15232],[-0.773,9.15278],[-0.77224,9.15148],[-0.77143,9.15351],[-0.77019,9.15182],[-0.7693,9.15171],[-0.7685,9.15071],[-0.76977,9.15041],[-0.77024,9.14922],[-0.76833,9.14933],[-0.76704,9.1475],[-0.76517,9.14725],[-0.7643,9.14569],[-0.76273,9.1456],[-0.76242,9.14359],[-0.76026,9.1432],[-0.75938,9.14087],[-0.75969,9.13987],[-0.75847,9.13926],[-0.75953,9.13804],[-0.75884,9.13698],[-0.75955,9.13634],[-0.75939,9.13356],[-0.75804,9.13415],[-0.75749,9.13305],[-0.75443,9.13403],[-0.75393,9.13248],[-0.75243,9.13253],[-0.75159,9.13175],[-0.75228,9.1301],[-0.75033,9.13017],[-0.75162,9.12872],[-0.75161,9.12787],[-0.74794,9.12807],[-0.7482,9.12679],[-0.74653,9.12636],[-0.74662,9.12456],[-0.74851,9.12342],[-0.74831,9.12212],[-0.74625,9.1217],[-0.7428,9.11917],[-0.74291,9.11774],[-0.7414,9.1161],[-0.74191,9.11506],[-0.73991,9.11327],[-0.74016,9.11186],[-0.73888,9.11072],[-0.73955,9.11043],[-0.73916,9.10892],[-0.74044,9.10808],[-0.74074,9.10707],[-0.73969,9.10594],[-0.7396,9.10441],[-0.73742,9.10332],[-0.73753,9.10232],[-0.73576,9.1015],[-0.73704,9.10024],[-0.7363,9.09801],[-0.73665,9.09664],[-0.7353,9.09559],[-0.73413,9.09563],[-0.73395,9.0939],[-0.73081,9.09463],[-0.73032,9.0937],[-0.73135,9.09297],[-0.7311,9.09218],[-0.72835,9.08998],[-0.72811,9.08848],[-0.72671,9.08784],[-0.72602,9.08637],[-0.72407,9.08603],[-0.72577,9.08501],[-0.72599,9.08392],[-0.72288,9.08422],[-0.72426,9.08025],[-0.72344,9.07993],[-0.72362,9.07698],[-0.72257,9.07677],[-0.72254,9.07623],[-0.72469,9.07519],[-0.72374,9.07431],[-0.72478,9.07176],[-0.72638,9.07168],[-0.7261,9.07072],[-0.72826,9.0696],[-0.72838,9.06821],[-0.72746,9.06813],[-0.72728,9.06632],[-0.72919,9.06545],[-0.72938,9.0628],[-0.72857,9.05887],[-0.72563,9.05689],[-0.72486,9.05848],[-0.72392,9.05692],[-0.72239,9.05725],[-0.72267,9.0557],[-0.7217,9.05445],[-0.72269,9.05283],[-0.72161,9.04858],[-0.72337,9.04443],[-0.72191,9.04427],[-0.72164,9.04291],[-0.723,9.04305],[-0.72439,9.04212],[-0.72407,9.0404],[-0.72506,9.04083],[-0.72464,9.03722],[-0.7238,9.03699],[-0.72393,9.0356],[-0.72322,9.0353],[-0.72405,9.03385],[-0.72256,9.03156],[-0.72299,9.03035],[-0.72154,9.02905],[-0.72145,9.02673],[-0.7182,9.02478],[-0.71716,9.02479],[-0.71532,9.02174],[-0.71677,9.01951],[-0.71949,9.01815],[-0.71934,9.01614],[-0.72091,9.01325],[-0.72349,9.01151],[-0.72614,9.01101],[-0.72743,9.00948],[-0.72663,9.00917],[-0.72672,9.00747],[-0.72456,9.00667],[-0.72488,9.00427],[-0.72363,9.00296],[-0.72436,8.99751],[-0.72244,8.99663],[-0.72161,8.99451],[-0.72025,8.99586],[-0.71907,8.9948]]}},{"type":"Feature","properties":{"name":"White Volta"},"geometry":{"type":"LineString","coordinates":[[-1.08227,10.33094],[-1.07213,10.32811],[-1.06769,10.32842],[-1.0651,10.32744],[-1.06323,10.32501],[-1.06234,10.32139],[-1.06234,10.31937],[-1.06384,10.31584],[-1.0637,10.31188],[-1.0623,10.30985],[-1.06091,10.30907],[-1.05731,10.30762],[-1.05391,10.30853],[-1.04898,10.30882],[-1.04392,10.31065],[-1.04133,10.31036],[-1.03831,10.30892],[-1.03421,10.30434],[-1.02785,10.30198],[-1.02494,10.29938],[-1.02368,10.29717],[-1.02372,10.29526],[-1.02936,10.29209],[-1.03403,10.29199],[-1.03598,10.29265],[-1.04235,10.29647],[-1.04326,10.29762],[-1.04584,10.29755],[-1.04776,10.29653],[-1.04886,10.29321],[-1.04722,10.28258],[-1.043,10.27899],[-1.03661,10.27526],[-1.03499,10.27261],[-1.03431,10.27006],[-1.03182,10.26823],[-1.02713,10.26624],[-1.02278,10.26529],[-1.01307,10.26589],[-1.00922,10.26349],[-1.00825,10.2618],[-1.00945,10.25835],[-1.01385,10.2554],[-1.01518,10.25013],[-1.01483,10.24322],[-1.0137,10.24137],[-1.01048,10.23894],[-1.00974,10.23624],[-1.00931,10.23262],[-1.01056,10.22667],[-1.01169,10.22443],[-1.01418,10.22213],[-1.02118,10.22289],[-1.0247,10.22266],[-1.02607,10.22189],[-1.0289,10.21513],[-1.02878,10.20694],[-1.0283,10.20473],[-1.02751,10.20402],[-1.02591,10.20371],[-1.02207,10.20448],[-1.02098,10.20556],[-1.01733,10.21284],[-1.0155,10.21445],[-1.0127,10.21451],[-1.01079,10.21122],[-1.01144,10.20641],[-1.0102,10.20056],[-1.00895,10.19913],[-1.00502,10.19867],[-1.00433,10.19738],[-1.00868,10.19395],[-1.00918,10.19259],[-1.01896,10.18931],[-1.02744,10.18472],[-1.03043,10.18381],[-1.03432,10.18442],[-1.04138,10.18733],[-1.04568,10.18692],[-1.04711,10.18572],[-1.052,10.17698],[-1.05065,10.17187],[-1.05074,10.16962],[-1.05577,10.15857],[-1.0578,10.15729]]}},{"type":"Feature","properties":{"name":"Sissili River"},"geometry":{"type":"LineString","coordinates":[[-1.41339,10.47565],[-1.40894,10.47983],[-1.40635,10.48131],[-1.40421,10.48504],[-1.40316,10.48534],[-1.40086,10.48468],[-1.39904,10.48334],[-1.39798,10.48227],[-1.39701,10.47968],[-1.39365,10.47682],[-1.39201,10.47412],[-1.38641,10.47249],[-1.38236,10.46837],[-1.37826,10.46694],[-1.37466,10.46458],[-1.37325,10.46092],[-1.37361,10.45867],[-1.37589,10.45742],[-1.38042,10.45733],[-1.38042,10.45597],[-1.37755,10.45207],[-1.37308,10.449],[-1.36335,10.43868],[-1.36287,10.43431],[-1.36604,10.42809],[-1.37071,10.42662],[-1.37308,10.42697],[-1.37354,10.42651],[-1.37176,10.42358],[-1.36992,10.42227],[-1.36479,10.42333],[-1.3639,10.42286],[-1.36416,10.4203],[-1.36791,10.41145],[-1.36897,10.41054],[-1.37245,10.40995],[-1.37542,10.40521],[-1.38528,10.4052],[-1.38537,10.40283],[-1.38405,10.39982],[-1.38364,10.39609],[-1.38151,10.39226],[-1.38159,10.38992],[-1.38035,10.38884],[-1.37818,10.38826],[-1.3771,10.38698]]}},{"type":"Feature","properties":{},"geometry":{"type":"LineString","coordinates":[[-1.41313,10.37537],[-1.41086,10.37536],[-1.40941,10.37417],[-1.40729,10.37478],[-1.39999,10.38175],[-1.39671,10.38283],[-1.3935,10.38291],[-1.39235,10.38469],[-1.3916,10.38449],[-1.39056,10.37925],[-1.38888,10.37791],[-1.38797,10.37808],[-1.38481,10.37997],[-1.38258,10.38231],[-1.37967,10.38286],[-1.37849,10.38583],[-1.3771,10.38698]]}},{"type":"Feature","properties":{},"geometry":{"type":"LineString","coordinates":[[-1.26886,11.08061],[-1.26889,11.07713],[-1.27046,11.07644],[-1.2708,11.07422],[-1.27163,11.07429],[-1.27191,11.07215],[-1.27141,11.07075],[-1.27215,11.06943],[-1.27187,11.06649],[-1.27123,11.06569],[-1.27284,11.06327],[-1.27271,11.06234],[-1.27394,11.06219],[-1.27324,11.05945],[-1.27395,11.05751],[-1.27554,11.05607],[-1.27521,11.0555],[-1.27616,11.0528],[-1.27595,11.05172],[-1.27499,11.05121],[-1.27483,11.04905],[-1.27369,11.04666],[-1.27454,11.04577],[-1.27411,11.04136],[-1.27459,11.03998],[-1.27695,11.03809],[-1.27589,11.03465],[-1.27666,11.03068],[-1.2764,11.0279],[-1.27668,11.02688],[-1.27791,11.02631],[-1.2781,11.02351],[-1.27684,11.02025],[-1.27901,11.01397],[-1.27743,11.01259],[-1.2757,11.01233],[-1.27581,11.00855],[-1.27451,11.00587],[-1.27345,11.00509],[-1.27087,11.00477],[-1.26978,11.00288],[-1.2678,11.00149],[-1.2683,10.9998],[-1.26918,10.99949],[-1.26929,10.99812],[-1.26674,10.99699],[-1.26622,10.99285],[-1.26328,10.9899],[-1.26365,10.98896],[-1.26456,10.98959],[-1.26587,10.98858],[-1.26588,10.98735],[-1.26343,10.98518],[-1.26395,10.98252],[-1.26255,10.97999],[-1.2542,10.97926],[-1.25307,10.97546],[-1.24827,10.9723],[-1.24816,10.96935],[-1.24571,10.9698],[-1.24609,10.96698],[-1.24506,10.96656],[-1.24399,10.96761],[-1.23931,10.96344],[-1.23834,10.96036],[-1.23946,10.95907],[-1.24221,10.95792],[-1.24274,10.95685],[-1.24006,10.95174],[-1.24139,10.9497],[-1.24202,10.94669],[-1.23843,10.94541],[-1.23858,10.94385],[-1.23748,10.94283],[-1.23716,10.94048],[-1.2357,10.93929],[-1.23583,10.93584],[-1.23512,10.93561],[-1.23285,10.9319],[-1.23094,10.93057],[-1.22879,10.93103],[-1.22781,10.93064],[-1.22607,10.92703],[-1.22455,10.92807],[-1.22358,10.92792],[-1.2221,10.92935],[-1.2188,10.92969]]}},{"type":"Feature","properties":{},"geometry":{"type":"LineString","coordinates":[[-0.17327,9.72644],[-0.17395,9.72314],[-0.17249,9.72268],[-0.17221,9.72175],[-0.17379,9.72066],[-0.17293,9.71929],[-0.17375,9.71726],[-0.17255,9.71539],[-0.17357,9.71504],[-0.17345,9.71361],[-0.17077,9.71179],[-0.1674,9.71312],[-0.16661,9.7092],[-0.16439,9.70852],[-0.16266,9.70587],[-0.16317,9.70446],[-0.16465,9.70417],[-0.16631,9.70035],[-0.16269,9.6996],[-0.1624,9.69499],[-0.15857,9.69361],[-0.15777,9.69502],[-0.15523,9.69284],[-0.15668,9.69054],[-0.15928,9.68894],[-0.15959,9.68675],[-0.15856,9.68484]]}},{"type":"Feature","properties":{},"geometry":{"type":"LineString","coordinates":[[-0.07164,9.32747],[-0.07319,9.32761],[-0.07476,9.32651],[-0.07343,9.32174],[-0.07171,9.31935],[-0.06884,9.31755],[-0.06341,9.31677],[-0.06237,9.31502],[-0.0643,9.31344],[-0.06504,9.31027],[-0.06716,9.30853],[-0.06699,9.30768],[-0.06171,9.30478],[-0.05991,9.3026],[-0.05646,9.30154],[-0.05452,9.302],[-0.05342,9.30571],[-0.04779,9.30446],[-0.04442,9.30561],[-0.043,9.30473],[-0.04244,9.30211],[-0.04375,9.29866],[-0.04126,9.29475],[-0.04128,9.29375],[-0.04407,9.29269],[-0.0497,9.28848],[-0.05036,9.28771],[-0.05064,9.2853],[-0.04944,9.28267],[-0.04673,9.28066],[-0.04515,9.28022],[-0.04167,9.2832],[-0.03813,9.28344],[-0.03536,9.28073],[-0.03358,9.27732],[-0.02922,9.27348],[-0.03006,9.27145],[-0.0336,9.27067],[-0.03811,9.26747]]}},{"type":"Feature","properties":{},"geometry":{"type":"LineString","coordinates":[[-2.36809,4.96456],[-2.36783,4.96254],[-2.36872,4.95926],[-2.36903,4.95369],[-2.36711,4.95239],[-2.36742,4.9509],[-2.3695,4.94891],[-2.37195,4.94867],[-2.37339,4.94762],[-2.37685,4.94663],[-2.38149,4.94307]]}},{"type":"Feature","properties":{"name":"Amansuri"},"geometry":{"type":"LineString","coordinates":[[-2.58833,5.02142],[-2.58488,5.02301],[-2.58439,5.02396],[-2.58153,5.02355],[-2.57958,5.02522],[-2.57625,5.02488],[-2.57306,5.02343],[-2.57121,5.02342],[-2.56966,5.02417],[-2.56627,5.02257],[-2.56385,5.02306],[-2.56179,5.0212],[-2.562,5.01844],[-2.56016,5.01718],[-2.55889,5.0172],[-2.55868,5.01573],[-2.5581,5.01547],[-2.55621,5.0165],[-2.55486,5.0153],[-2.54967,5.01391],[-2.54722,5.01415],[-2.54361,5.01107],[-2.54203,5.01047],[-2.53806,5.01085],[-2.53198,5.01041],[-2.52915,5.00944],[-2.52675,5.011],[-2.52447,5.01064],[-2.52314,5.01167],[-2.51748,5.01346],[-2.51001,5.01265],[-2.50589,5.01321],[-2.50497,5.01252],[-2.50261,5.01432],[-2.50246,5.0112],[-2.50141,5.00991],[-2.49203,5.00445],[-2.49157,5.00262],[-2.49039,5.00167],[-2.48615,5.00177],[-2.48259,5.00436],[-2.47971,5.00367],[-2.47153,4.99737],[-2.46326,4.9969],[-2.46085,4.99592],[-2.45915,4.99422],[-2.4564,4.99307],[-2.45596,4.9903],[-2.45475,4.98904],[-2.45112,4.98973],[-2.44903,4.98764],[-2.44771,4.98714],[-2.44443,4.98889],[-2.44335,4.98874],[-2.44142,4.98633],[-2.43974,4.9818],[-2.43682,4.98183],[-2.43369,4.98343],[-2.4322,4.98147],[-2.42892,4.98017],[-2.42857,4.97851],[-2.4272,4.97757],[-2.42586,4.9722],[-2.42318,4.97206],[-2.42262,4.96985],[-2.42369,4.96864],[-2.42761,4.96783],[-2.42879,4.96343],[-2.43158,4.96126],[-2.43162,4.96059],[-2.43133,4.96001],[-2.4269,4.9585],[-2.42471,4.95685],[-2.42477,4.95378],[-2.42397,4.95267],[-2.41493,4.95096],[-2.40306,4.9474],[-2.39124,4.94682],[-2.38688,4.94461],[-2.38149,4.94307]]}},{"type":"Feature","properties":{},"geometry":{"type":"LineString","coordinates":[[-2.16312,4.81837],[-2.16518,4.81696],[-2.16523,4.81626],[-2.16507,4.81444],[-2.16303,4.80927],[-2.15922,4.80808],[-2.15938,4.80718],[-2.15851,4.80605],[-2.1576,4.80711],[-2.15698,4.80654],[-2.15746,4.80561],[-2.15534,4.80516],[-2.15413,4.80573],[-2.15198,4.80463],[-2.14981,4.8018],[-2.14973,4.80023],[-2.14755,4.8002],[-2.14676,4.79966],[-2.14681,4.79827],[-2.14622,4.79792],[-2.14382,4.79819],[-2.14252,4.79737],[-2.14292,4.79578]]}},{"type":"Feature","properties":{},"geometry":{"type":"LineString","coordinates":[[-2.07038,4.87343],[-2.06957,4.86933],[-2.07113,4.86789],[-2.0704,4.86574],[-2.072,4.86412],[-2.0716,4.86332],[-2.07305,4.86093],[-2.07284,4.85814],[-2.075,4.85674],[-2.07574,4.85542],[-2.07813,4.85565],[-2.08173,4.85347],[-2.08454,4.8507],[-2.08511,4.84792],[-2.08636,4.84699],[-2.08475,4.84547],[-2.08443,4.8436],[-2.08622,4.83957],[-2.08628,4.83756],[-2.08499,4.83359],[-2.08601,4.83183],[-2.08595,4.83095],[-2.08499,4.83023],[-2.08574,4.82926],[-2.08415,4.8264],[-2.08241,4.82489],[-2.08376,4.82311],[-2.08308,4.82146],[-2.08509,4.82176],[-2.08513,4.81821],[-2.08677,4.81399],[-2.08836,4.8134],[-2.08851,4.81559],[-2.0894,4.81599],[-2.09107,4.81361],[-2.09282,4.81251],[-2.09207,4.80908],[-2.09427,4.8076],[-2.09579,4.80827],[-2.09685,4.81014],[-2.09978,4.807],[-2.1021,4.80723],[-2.10567,4.80623],[-2.10852,4.80706],[-2.10937,4.80589],[-2.10838,4.80354],[-2.11256,4.80158],[-2.11781,4.80424],[-2.11886,4.80377],[-2.11873,4.80225],[-2.11922,4.80176],[-2.12043,4.80466],[-2.12372,4.80399],[-2.12507,4.80543],[-2.12661,4.80265],[-2.12894,4.80148],[-2.12977,4.79999],[-2.13151,4.80024],[-2.13279,4.79893],[-2.1374,4.79823],[-2.13809,4.79775],[-2.13812,4.79636],[-2.1394,4.79608],[-2.14063,4.79789],[-2.14247,4.79677]]}},{"type":"Feature","properties":{},"geometry":{"type":"LineString","coordinates":[[0.04071,5.71282],[0.04273,5.71078],[0.0429,5.70946],[0.04551,5.70525],[0.04681,5.70371],[0.04853,5.70315],[0.04854,5.70138],[0.05038,5.6995],[0.05141,5.6968],[0.05002,5.69072],[0.04801,5.68623],[0.0469,5.68471],[0.04422,5.68376],[0.04475,5.68174],[0.04227,5.68209],[0.04362,5.67965],[0.04389,5.67767],[0.04272,5.6764],[0.03963,5.67478],[0.04013,5.67334],[0.04231,5.67248],[0.0429,5.67097],[0.04347,5.6711]]}},{"type":"Feature","properties":{"name":"Chemu Lagoon"},"geometry":{"type":"LineString","coordinates":[[-0.00172,5.67851],[0.00977,5.65119],[0.01264,5.64993],[0.01322,5.64795],[0.01495,5.64655],[0.01681,5.64599],[0.01917,5.64637],[0.02213,5.64383]]}},{"type":"Feature","properties":{"name":"Mouhoun River"},"geometry":{"type":"LineString","coordinates":[[-2.772,9.14435],[-2.77385,9.14089],[-2.77381,9.13683],[-2.77281,9.13418],[-2.76758,9.12761],[-2.76521,9.12193],[-2.76482,9.11795],[-2.76554,9.11515],[-2.76499,9.11011],[-2.76076,9.09489],[-2.76094,9.09061],[-2.76364,9.08328],[-2.76877,9.07571],[-2.77962,9.06577],[-2.78029,9.06316],[-2.77966,9.06059],[-2.77791,9.05834],[-2.77268,9.04731],[-2.76652,9.04543],[-2.76339,9.03851],[-2.76193,9.03745],[-2.75463,9.03564],[-2.75265,9.03471],[-2.7514,9.03294],[-2.74828,9.03161],[-2.74023,9.03199],[-2.73226,9.03003],[-2.72884,9.02994],[-2.72619,9.03201],[-2.7221,9.0323],[-2.70818,9.02737],[-2.70049,9.02683],[-2.69085,9.02368],[-2.67618,9.02445],[-2.67364,9.02391],[-2.6697,9.02238],[-2.66893,9.02013],[-2.66406,9.01906],[-2.66112,9.01619],[-2.65559,9.00901],[-2.6545,9.00621],[-2.65575,8.99478],[-2.65809,8.98884],[-2.65845,8.98367],[-2.6566,8.97755],[-2.65599,8.97243]]}},{"type":"Feature","properties":{},"geometry":{"type":"LineString","coordinates":[[-0.34658,7.78699],[-0.3449,7.781],[-0.3456,7.76811],[-0.3368,7.75971],[-0.32768,7.74837],[-0.32437,7.74538],[-0.31908,7.74529],[-0.31218,7.74356],[-0.30861,7.74555],[-0.30426,7.74577],[-0.29964,7.74487]]}},{"type":"Feature","properties":{},"geometry":{"type":"LineString","coordinates":[[-0.12955,5.66712],[-0.12941,5.66701]]}},{"type":"Feature","properties":{},"geometry":{"type":"LineString","coordinates":[[-0.14568,5.67803],[-0.14162,5.67607],[-0.13568,5.67473],[-0.13457,5.67398],[-0.13125,5.66832],[-0.12955,5.66712]]}},{"type":"Feature","properties":{"name":"River Dayi"},"geometry":{"type":"LineString","coordinates":[[0.40577,7.08072],[0.40726,7.07984],[0.40843,7.08028],[0.41023,7.08416],[0.41126,7.08386],[0.41135,7.0845],[0.4129,7.08444],[0.41316,7.08535],[0.41395,7.08518],[0.41374,7.08594],[0.41451,7.08638],[0.41481,7.08777],[0.41612,7.08818],[0.41611,7.08908],[0.41695,7.08987],[0.4206,7.09131],[0.42077,7.09076],[0.42279,7.09041],[0.42487,7.09281],[0.42432,7.09296],[0.42487,7.09353],[0.42423,7.09406],[0.42472,7.0942],[0.42448,7.09595],[0.4252,7.09595],[0.42539,7.09703],[0.4265,7.09757],[0.42613,7.09852],[0.42712,7.09967],[0.42767,7.09902],[0.43048,7.10017],[0.43163,7.09942],[0.43155,7.09888],[0.43293,7.09905],[0.43326,7.10059],[0.43401,7.10026],[0.43381,7.10142],[0.43565,7.10249],[0.4351,7.10377],[0.43588,7.10424],[0.43481,7.10471],[0.43557,7.10561],[0.43533,7.10661],[0.43615,7.10656],[0.43594,7.10747],[0.43786,7.10702],[0.4397,7.10814],[0.44011,7.1098],[0.44105,7.10966],[0.44211,7.11083],[0.4436,7.11037],[0.44591,7.11107],[0.44762,7.11048],[0.44938,7.11276],[0.44886,7.11394],[0.44926,7.11458],[0.45334,7.11572],[0.45383,7.11829],[0.45325,7.12196],[0.45379,7.12309],[0.45188,7.1237],[0.45142,7.12462],[0.45241,7.12643],[0.45137,7.12773],[0.45043,7.1277],[0.44837,7.1242],[0.44735,7.12515],[0.44765,7.12402],[0.44536,7.12393],[0.44561,7.12484],[0.44436,7.12547],[0.44379,7.12504],[0.44354,7.12567],[0.44467,7.12577],[0.44419,7.12676],[0.44355,7.12678],[0.44442,7.12764],[0.44383,7.12868],[0.44659,7.12908],[0.44599,7.12958],[0.4466,7.12975],[0.4461,7.13071],[0.44656,7.13278],[0.44574,7.13339],[0.44607,7.13386],[0.44756,7.13369],[0.44697,7.13436],[0.44724,7.1359],[0.44795,7.13625],[0.44845,7.13573],[0.44881,7.1366],[0.45076,7.1367],[0.45065,7.13741],[0.45385,7.13724],[0.45414,7.13835],[0.4527,7.14071],[0.45331,7.14081],[0.45294,7.14201],[0.45221,7.14241],[0.45299,7.14413],[0.4524,7.14804],[0.45004,7.15093],[0.45077,7.15218],[0.44883,7.1536],[0.446,7.15447],[0.44476,7.15608],[0.44405,7.15597],[0.44399,7.15775],[0.44464,7.15761],[0.44478,7.15856],[0.44649,7.15924],[0.44477,7.16139],[0.44948,7.1628],[0.44945,7.16397],[0.45024,7.16425],[0.45198,7.16373],[0.4532,7.1622],[0.45454,7.16351],[0.45564,7.16381],[0.45666,7.16329],[0.45866,7.16424],[0.45876,7.16515],[0.4603,7.16493],[0.46143,7.16354],[0.4619,7.16413],[0.46259,7.16349],[0.46345,7.16453],[0.46476,7.16288],[0.46589,7.16317],[0.47067,7.16133],[0.47224,7.16196],[0.47361,7.16044],[0.47464,7.16045],[0.47852,7.1625],[0.47959,7.16372],[0.48078,7.16353],[0.48096,7.16443],[0.48205,7.16465],[0.48281,7.1658],[0.48448,7.1659],[0.48584,7.16741],[0.48642,7.16652],[0.48939,7.16654],[0.48928,7.16728],[0.48799,7.16717],[0.48784,7.16772],[0.48904,7.16949],[0.48992,7.16937],[0.49014,7.17001],[0.48956,7.17045],[0.49127,7.17284],[0.4898,7.17428],[0.49086,7.1759],[0.49101,7.17813],[0.4925,7.17865],[0.49219,7.17811],[0.49278,7.17771],[0.4941,7.17958],[0.49441,7.17915],[0.49525,7.17999],[0.49517,7.18091],[0.4943,7.181],[0.49271,7.18285],[0.49651,7.18574],[0.49711,7.18704],[0.49714,7.1901],[0.49865,7.19256]]}},{"type":"Feature","properties":{},"geometry":{"type":"LineString","coordinates":[[-2.65214,5.22784],[-2.65772,5.21464],[-2.66362,5.21029]]}},{"type":"Feature","properties":{"name":"Kulupielegu"},"geometry":{"type":"LineString","coordinates":[[-0.0083,11.10932],[-0.00924,11.10953],[-0.00953,11.11042],[-0.01194,11.10978],[-0.0144,11.11077],[-0.01494,11.11303],[-0.01902,11.11432],[-0.02009,11.11384],[-0.02071,11.11212],[-0.02163,11.11162],[-0.02721,11.11131],[-0.03224,11.10931],[-0.03382,11.10799],[-0.03494,11.10806],[-0.03856,11.10592],[-0.04349,11.10115],[-0.04595,11.1002],[-0.04615,11.09737],[-0.04957,11.09409],[-0.0506,11.09211],[-0.05287,11.09035],[-0.05482,11.08584],[-0.05936,11.08563],[-0.06067,11.08629],[-0.06278,11.08589],[-0.06451,11.08634],[-0.06788,11.08451],[-0.0722,11.08621],[-0.07543,11.08451],[-0.08134,11.08417],[-0.08652,11.08718],[-0.09105,11.08584],[-0.09546,11.08622],[-0.10308,11.09011],[-0.10241,11.09298],[-0.10383,11.0944],[-0.11047,11.09602],[-0.11602,11.09952],[-0.1191,11.09959],[-0.12119,11.10291],[-0.12544,11.10545],[-0.13333,11.10559],[-0.13682,11.10676],[-0.14101,11.10478]]}},{"type":"Feature","properties":{},"geometry":{"type":"LineString","coordinates":[[-0.14101,11.10478],[-0.14379,11.10233],[-0.14874,11.10021],[-0.15053,11.10055],[-0.1538,11.10321],[-0.15576,11.10294],[-0.15781,11.10129],[-0.16002,11.10129],[-0.1617,11.10301],[-0.16263,11.10585],[-0.16976,11.10921],[-0.17258,11.11271],[-0.17424,11.11633],[-0.17895,11.11622],[-0.18255,11.12299],[-0.18822,11.12366],[-0.19625,11.13122],[-0.20194,11.1335],[-0.20487,11.13244],[-0.21773,11.13286]]}},{"type":"Feature","properties":{},"geometry":{"type":"LineString","coordinates":[[-0.03553,11.07155],[-0.0357,11.07076],[-0.0386,11.07191],[-0.04035,11.0716],[-0.04316,11.0733],[-0.04337,11.07415],[-0.04707,11.07492],[-0.05248,11.07247],[-0.05418,11.07324],[-0.05514,11.07285],[-0.05593,11.07385],[-0.05735,11.07403],[-0.05736,11.0761],[-0.05891,11.07715],[-0.05928,11.07871],[-0.0588,11.08074],[-0.05957,11.08374],[-0.06056,11.08507],[-0.05964,11.08571]]}},{"type":"Feature","properties":{"name":"Kulutamsi"},"geometry":{"type":"LineString","coordinates":[[-0.13533,11.14102],[-0.13625,11.13948],[-0.13481,11.13661],[-0.1338,11.13602],[-0.1344,11.13385],[-0.13351,11.13201],[-0.13387,11.12983],[-0.1364,11.12646],[-0.14078,11.12406],[-0.14284,11.12085],[-0.14275,11.11925],[-0.14403,11.11777],[-0.14298,11.11605],[-0.14216,11.11087],[-0.14235,11.10833],[-0.14333,11.10652],[-0.14255,11.10516],[-0.14101,11.10478]]}},{"type":"Feature","properties":{"name":"Anum River"},"geometry":{"type":"LineString","coordinates":[[-1.22998,6.28476],[-1.22877,6.28374],[-1.22827,6.28133],[-1.22767,6.2809],[-1.22769,6.27965],[-1.22868,6.27867],[-1.22794,6.2768],[-1.22703,6.27634],[-1.22883,6.27401],[-1.22862,6.27299],[-1.22939,6.27237],[-1.22907,6.27071],[-1.23048,6.26993],[-1.22854,6.26907],[-1.22919,6.26736],[-1.22997,6.26702],[-1.23068,6.26788],[-1.23104,6.2672],[-1.22877,6.26613],[-1.23046,6.26416],[-1.22699,6.26429],[-1.22661,6.26317],[-1.22462,6.26224],[-1.22464,6.25991],[-1.22564,6.2576]]}},{"type":"Feature","properties":{"name":"Anum River"},"geometry":{"type":"LineString","coordinates":[[-1.21204,6.23815],[-1.21273,6.23731],[-1.21465,6.23729],[-1.21342,6.23602],[-1.21385,6.23507],[-1.21337,6.23392],[-1.21437,6.23294],[-1.21335,6.23129],[-1.21482,6.23114],[-1.21402,6.22984],[-1.21418,6.22882],[-1.21326,6.22789],[-1.21112,6.22818],[-1.21173,6.2262],[-1.20962,6.22659],[-1.20857,6.22808],[-1.20761,6.22792],[-1.20866,6.22657],[-1.20458,6.22506],[-1.20441,6.22448],[-1.20524,6.22419],[-1.20429,6.22411],[-1.2032,6.22278],[-1.20226,6.22355],[-1.20201,6.22167],[-1.20108,6.22164]]}},{"type":"Feature","properties":{"name":"Anum River"},"geometry":{"type":"LineString","coordinates":[[-1.20108,6.22164],[-1.2023,6.221],[-1.20168,6.21967],[-1.20388,6.219],[-1.2029,6.21691],[-1.20125,6.21728],[-1.20343,6.21535],[-1.20311,6.21371],[-1.20193,6.21294],[-1.203,6.21124],[-1.20217,6.21052],[-1.20204,6.20935],[-1.20266,6.20832],[-1.20106,6.20637],[-1.20194,6.20397],[-1.20031,6.20509],[-1.19967,6.20435],[-1.20007,6.20279],[-1.19815,6.20352],[-1.19931,6.20185],[-1.19828,6.20102],[-1.19707,6.20173],[-1.19761,6.19958]]}},{"type":"Feature","properties":{"name":"Anum River"},"geometry":{"type":"LineString","coordinates":[[-1.22564,6.2576],[-1.22402,6.25633],[-1.22366,6.25463],[-1.22245,6.25314],[-1.22102,6.25285],[-1.22111,6.25156],[-1.21965,6.25095],[-1.21971,6.24968],[-1.21771,6.2488],[-1.2173,6.24746],[-1.21777,6.24628],[-1.21618,6.24602],[-1.21704,6.24281],[-1.21673,6.24133],[-1.21449,6.24161],[-1.21492,6.23956],[-1.21342,6.23968],[-1.21334,6.23817],[-1.21204,6.23815]]}},{"type":"Feature","properties":{"name":"Birim"},"geometry":{"type":"LineString","coordinates":[[-1.09314,5.9335],[-1.09515,5.93492],[-1.09481,5.93611],[-1.09592,5.93761],[-1.09736,5.93816],[-1.09687,5.93929],[-1.09769,5.94049],[-1.09597,5.9408],[-1.09577,5.94147],[-1.09863,5.94261],[-1.09863,5.94318],[-1.09607,5.94473],[-1.09607,5.94566],[-1.09538,5.94579],[-1.09466,5.94484],[-1.0943,5.94517],[-1.09615,5.948],[-1.09597,5.94991],[-1.09548,5.95005],[-1.09373,5.94798],[-1.09237,5.94931],[-1.09246,5.95031],[-1.09385,5.95159],[-1.09654,5.95655],[-1.09844,5.95716],[-1.09896,5.95819],[-1.10399,5.95665],[-1.10458,5.95843],[-1.10332,5.96004],[-1.10372,5.96185],[-1.10617,5.96007],[-1.10827,5.96019],[-1.10842,5.96122],[-1.10744,5.962],[-1.10628,5.96471],[-1.10551,5.96476],[-1.10484,5.96317],[-1.10421,5.96325],[-1.10448,5.96534],[-1.10662,5.96681],[-1.10815,5.96686],[-1.11093,5.96574],[-1.11177,5.96589],[-1.1124,5.96699],[-1.11342,5.96689],[-1.11329,5.96551],[-1.11222,5.96423],[-1.11267,5.96313],[-1.11563,5.96084],[-1.117,5.96263],[-1.11735,5.95992],[-1.11421,5.96004],[-1.1135,5.95974],[-1.11327,5.95871],[-1.11479,5.95788],[-1.11566,5.9557],[-1.11626,5.95582],[-1.11683,5.95745],[-1.11752,5.95768],[-1.11798,5.95688],[-1.11701,5.955],[-1.11519,5.95364],[-1.11596,5.95301],[-1.11752,5.95344],[-1.11951,5.95545],[-1.12056,5.95537],[-1.12161,5.95239],[-1.12215,5.9548],[-1.12429,5.957],[-1.12425,5.95821],[-1.12596,5.95768],[-1.12593,5.95919],[-1.12658,5.95931],[-1.1274,5.95816],[-1.12693,5.95587],[-1.12889,5.95544],[-1.13266,5.95735],[-1.13441,5.95698],[-1.13738,5.95463],[-1.13569,5.95312],[-1.13569,5.95084],[-1.14225,5.94927],[-1.14579,5.94776],[-1.14668,5.94651],[-1.14931,5.94698],[-1.15307,5.95044],[-1.15606,5.95023]]}},{"type":"Feature","properties":{"name":"Birim"},"geometry":{"type":"LineString","coordinates":[[-1.15606,5.95023],[-1.15647,5.9509],[-1.15457,5.95364],[-1.15357,5.95421],[-1.15061,5.95407],[-1.15037,5.95462],[-1.15381,5.95643],[-1.15929,5.96215],[-1.16008,5.96532],[-1.16275,5.96617],[-1.16442,5.96796],[-1.16707,5.96769],[-1.16907,5.96889],[-1.17352,5.96686],[-1.17459,5.96757],[-1.17479,5.9712],[-1.17687,5.97018],[-1.17742,5.97073],[-1.17729,5.97241],[-1.17877,5.97314],[-1.18021,5.97272],[-1.18156,5.96983],[-1.18391,5.96879],[-1.18525,5.96966],[-1.18543,5.97196],[-1.18732,5.97272],[-1.19028,5.96966],[-1.19215,5.9719],[-1.19902,5.96974],[-1.1999,5.97039],[-1.19973,5.97129],[-1.19602,5.97355],[-1.19552,5.97516],[-1.19834,5.97685],[-1.20086,5.97728],[-1.20484,5.97351],[-1.20624,5.97317],[-1.20675,5.97113],[-1.20836,5.96861],[-1.20896,5.96471],[-1.21037,5.96267],[-1.21169,5.96345],[-1.21306,5.96672],[-1.2146,5.96818],[-1.21605,5.96784],[-1.21649,5.96573],[-1.21749,5.96607],[-1.21596,5.97234],[-1.2139,5.97293],[-1.21247,5.97464],[-1.21276,5.97561],[-1.21753,5.974],[-1.21878,5.9767],[-1.2213,5.9746],[-1.22165,5.97353]]}},{"type":"Feature","properties":{"name":"Ofin"},"geometry":{"type":"LineString","coordinates":[[-1.79203,5.99029],[-1.79166,5.98826],[-1.79096,5.98768],[-1.79008,5.98864],[-1.7894,5.98721],[-1.78807,5.98681],[-1.78654,5.98532],[-1.78249,5.98603],[-1.77837,5.984],[-1.77438,5.98046],[-1.77396,5.97872],[-1.77505,5.977],[-1.77672,5.97587],[-1.77775,5.97179],[-1.77598,5.97016],[-1.77528,5.9677],[-1.77016,5.96091],[-1.76918,5.96057],[-1.76795,5.96137],[-1.76797,5.96408],[-1.76652,5.96768],[-1.7642,5.97006],[-1.76245,5.96931],[-1.7612,5.96636],[-1.75239,5.96203],[-1.75124,5.96216],[-1.75186,5.96384],[-1.75026,5.96602],[-1.74892,5.96623],[-1.74861,5.96534],[-1.74528,5.9672],[-1.74148,5.96749],[-1.7396,5.96975],[-1.73726,5.97013],[-1.73073,5.96704],[-1.73017,5.96541],[-1.73132,5.96351],[-1.73078,5.96245],[-1.7297,5.96198],[-1.72914,5.96238],[-1.72857,5.96151],[-1.72796,5.95829],[-1.7267,5.95708],[-1.72667,5.95488],[-1.72468,5.95285],[-1.72292,5.95254],[-1.71961,5.95607],[-1.71492,5.95716],[-1.71275,5.95659],[-1.70991,5.95463],[-1.70956,5.95389],[-1.71086,5.95152],[-1.71048,5.94862],[-1.711,5.94741],[-1.71384,5.94517],[-1.71365,5.94411],[-1.71224,5.94363],[-1.71203,5.94294],[-1.71378,5.93864],[-1.71288,5.93612],[-1.71091,5.93589],[-1.70781,5.93139],[-1.70746,5.92917],[-1.70366,5.92723],[-1.70237,5.93063],[-1.7001,5.93156],[-1.69763,5.93451],[-1.69668,5.93871],[-1.69578,5.93978]]}},{"type":"Feature","properties":{"name":"Ofin"},"geometry":{"type":"LineString","coordinates":[[-1.97525,6.09165],[-1.97616,6.09124],[-1.97583,6.0886],[-1.9764,6.08819],[-1.9774,6.08945],[-1.9784,6.08936],[-1.97747,6.08754],[-1.97789,6.08557],[-1.97649,6.08251],[-1.97632,6.08052],[-1.97493,6.0807],[-1.97376,6.08022],[-1.9735,6.07945],[-1.97549,6.07729],[-1.97534,6.07606],[-1.97417,6.07525],[-1.97404,6.07331],[-1.97267,6.07272],[-1.97396,6.07127],[-1.97181,6.07165],[-1.97004,6.06899],[-1.97057,6.06677],[-1.97244,6.0643],[-1.97202,6.06311],[-1.97249,6.06183],[-1.97088,6.05997],[-1.97021,6.05761],[-1.96842,6.05739],[-1.96937,6.05647],[-1.96938,6.05571],[-1.9678,6.05498],[-1.96874,6.05355],[-1.96858,6.05277],[-1.96643,6.05036],[-1.96523,6.05052],[-1.96507,6.05417],[-1.96301,6.05498],[-1.96549,6.05677],[-1.96532,6.05737],[-1.96314,6.05704],[-1.96096,6.05813],[-1.95973,6.05634],[-1.95907,6.05347],[-1.95757,6.05147],[-1.9531,6.0487],[-1.95217,6.04883],[-1.95101,6.05004],[-1.95092,6.05131],[-1.9531,6.0532],[-1.95313,6.05603],[-1.95055,6.05732],[-1.9499,6.05697],[-1.94776,6.04891],[-1.94603,6.0476],[-1.94356,6.04696],[-1.9396,6.04295],[-1.93955,6.04182],[-1.93567,6.0388],[-1.93432,6.03667],[-1.93276,6.03542],[-1.93058,6.0349],[-1.92492,6.03544],[-1.92698,6.02973],[-1.92576,6.0287],[-1.92576,6.02698],[-1.9224,6.02346],[-1.92058,6.01843],[-1.92109,6.01562],[-1.91874,6.01563],[-1.91625,6.01433],[-1.91477,6.01186],[-1.91356,6.01108],[-1.91171,6.01107],[-1.91073,6.013],[-1.90977,6.0123],[-1.90662,6.01306],[-1.90551,6.01477],[-1.90353,6.01159],[-1.90164,6.01456],[-1.89985,6.01491],[-1.8983,6.01632],[-1.89259,6.01605],[-1.89107,6.01941],[-1.8894,6.0202],[-1.89045,6.02247],[-1.88981,6.02502],[-1.88866,6.02502],[-1.88771,6.02632],[-1.88872,6.02748],[-1.88493,6.0295],[-1.88537,6.03042],[-1.88484,6.03142],[-1.88343,6.03029],[-1.88108,6.03124],[-1.87974,6.03004],[-1.87941,6.02835],[-1.88044,6.02663],[-1.88048,6.02532],[-1.87887,6.02426],[-1.87644,6.02426],[-1.87535,6.02129],[-1.87298,6.02043],[-1.87325,6.01741],[-1.87236,6.01614],[-1.87125,6.01643],[-1.87067,6.01556],[-1.8703,6.01394],[-1.87098,6.01203],[-1.86498,6.0103],[-1.86275,6.01138],[-1.86095,6.011],[-1.86044,6.0126],[-1.85868,6.01265],[-1.85699,6.01379],[-1.85599,6.01287],[-1.85475,6.01283],[-1.85044,6.01455],[-1.85061,6.01829],[-1.85177,6.0197],[-1.84972,6.02102],[-1.84879,6.02258],[-1.84716,6.02274],[-1.84678,6.02519],[-1.84478,6.02605],[-1.84385,6.02833],[-1.84412,6.03133],[-1.8436,6.03274],[-1.8415,6.03329],[-1.83929,6.03271],[-1.83923,6.03369],[-1.83772,6.03504],[-1.8325,6.03523],[-1.82877,6.03316],[-1.82551,6.03513],[-1.82493,6.0361],[-1.82337,6.0365],[-1.82273,6.03601],[-1.82404,6.03243],[-1.82372,6.02854],[-1.82056,6.02724],[-1.80925,6.03051],[-1.80764,6.0328],[-1.80539,6.03173],[-1.80557,6.03065],[-1.80369,6.02933]]}},{"type":"Feature","properties":{"name":"Ofin"},"geometry":{"type":"LineString","coordinates":[[-1.69578,5.93978],[-1.69338,5.94262],[-1.69205,5.94281],[-1.69061,5.9417],[-1.68995,5.94099],[-1.69025,5.93982],[-1.69142,5.93703],[-1.6931,5.93523],[-1.69268,5.93306],[-1.69155,5.93215],[-1.68853,5.93354],[-1.68775,5.93201],[-1.67902,5.924],[-1.67692,5.92465],[-1.67376,5.92323],[-1.67378,5.92215],[-1.67575,5.92198],[-1.67627,5.92127],[-1.67407,5.91861],[-1.67316,5.91609],[-1.67086,5.91502],[-1.66959,5.91515],[-1.66893,5.91601],[-1.66788,5.9193],[-1.66696,5.91919],[-1.66714,5.91817],[-1.6664,5.91684],[-1.66383,5.91893],[-1.66191,5.92453],[-1.66114,5.92493],[-1.65946,5.92323],[-1.65474,5.92203],[-1.65237,5.92374],[-1.64773,5.92443],[-1.64516,5.92829],[-1.64566,5.93054],[-1.64511,5.93206],[-1.64173,5.93254],[-1.63873,5.93385],[-1.63665,5.93228],[-1.63526,5.92758],[-1.62926,5.92917],[-1.62751,5.92881],[-1.6259,5.92673],[-1.62409,5.9266],[-1.62184,5.93057],[-1.61961,5.9324],[-1.61876,5.93131],[-1.61995,5.92727],[-1.6195,5.92659],[-1.61811,5.92783],[-1.61292,5.92914],[-1.60882,5.92529],[-1.60577,5.92783],[-1.60039,5.92912],[-1.59778,5.92814],[-1.59515,5.92364],[-1.58991,5.92764],[-1.591,5.9307],[-1.59056,5.93415],[-1.58998,5.93477],[-1.58921,5.93459],[-1.58206,5.92753],[-1.58214,5.92631],[-1.58378,5.92418],[-1.58415,5.92057],[-1.58341,5.91911],[-1.58124,5.91783],[-1.57956,5.91858],[-1.5778,5.92262],[-1.57201,5.92488],[-1.57373,5.93204],[-1.57151,5.93329],[-1.56947,5.93189],[-1.56692,5.93116],[-1.56777,5.92886],[-1.5672,5.92568],[-1.56602,5.92581],[-1.56506,5.92688],[-1.56127,5.92675],[-1.55923,5.92342]]}},{"type":"Feature","properties":{"name":"Pra River"},"geometry":{"type":"LineString","coordinates":[[-1.57312,5.75823],[-1.5755,5.75387],[-1.57836,5.75197],[-1.57972,5.74874],[-1.58336,5.74942],[-1.58758,5.74667],[-1.59068,5.74321],[-1.5936,5.73847],[-1.59658,5.73737],[-1.60113,5.73107],[-1.60199,5.72909],[-1.6016,5.72747],[-1.59924,5.7255],[-1.59319,5.72227],[-1.59101,5.72217],[-1.58959,5.72279],[-1.58441,5.72772],[-1.58267,5.72852],[-1.58117,5.72845],[-1.58041,5.72774],[-1.57936,5.72522],[-1.57968,5.72388],[-1.58355,5.7212],[-1.58469,5.71926],[-1.58571,5.71211],[-1.58959,5.71099],[-1.59607,5.7145],[-1.59873,5.71328],[-1.59948,5.70742],[-1.598,5.70531],[-1.59577,5.7054],[-1.59612,5.70338],[-1.59474,5.70122],[-1.59282,5.70053],[-1.59196,5.69944],[-1.59433,5.69525],[-1.59431,5.69176],[-1.59369,5.69075],[-1.58409,5.68761],[-1.58246,5.68643],[-1.58023,5.67465],[-1.57624,5.67209],[-1.57576,5.67115],[-1.57029,5.669],[-1.56895,5.66903],[-1.56141,5.67447],[-1.55965,5.67469],[-1.55508,5.67315],[-1.55351,5.67167],[-1.55098,5.66696],[-1.55068,5.66275],[-1.54935,5.66023],[-1.54461,5.66083],[-1.54393,5.66043],[-1.54118,5.64684],[-1.5389,5.64503],[-1.53893,5.64147],[-1.54058,5.64016],[-1.54289,5.63672],[-1.54311,5.63503],[-1.54207,5.63046],[-1.53976,5.6289],[-1.53832,5.62625],[-1.53864,5.62231],[-1.53982,5.61931],[-1.54213,5.61597],[-1.54401,5.6154],[-1.54671,5.61598],[-1.55065,5.61897],[-1.55495,5.61864],[-1.55626,5.6172],[-1.55677,5.61136],[-1.55562,5.6086],[-1.55632,5.60632],[-1.55442,5.60247],[-1.55311,5.60154],[-1.55317,5.59894],[-1.5543,5.59794],[-1.55766,5.5985],[-1.55934,5.59405],[-1.5588,5.59256],[-1.55722,5.59112],[-1.55516,5.59045],[-1.55529,5.58876],[-1.55943,5.58716],[-1.56333,5.58462],[-1.56558,5.57922],[-1.56345,5.57692],[-1.56305,5.56917],[-1.56586,5.56755],[-1.56762,5.56429],[-1.56826,5.5533],[-1.57108,5.55131],[-1.58127,5.54781],[-1.58802,5.55079],[-1.59058,5.55005],[-1.59281,5.5466]]}},{"type":"Feature","properties":{"name":"Pra River"},"geometry":{"type":"LineString","coordinates":[[-1.16442,6.2067],[-1.16474,6.20572],[-1.16564,6.20604],[-1.16698,6.20503],[-1.16694,6.20318],[-1.16856,6.20329],[-1.1683,6.20249],[-1.17023,6.20289],[-1.17118,6.20241],[-1.17326,6.20311],[-1.17297,6.20225],[-1.17379,6.20279],[-1.17545,6.20177],[-1.17511,6.20389],[-1.17572,6.20412],[-1.17676,6.20253],[-1.17856,6.20153],[-1.17923,6.20285],[-1.17959,6.20074],[-1.18041,6.20273],[-1.1799,6.20322],[-1.18197,6.20401],[-1.18092,6.20494],[-1.18294,6.20558],[-1.18309,6.20371],[-1.1855,6.20467],[-1.18451,6.20246],[-1.18626,6.20131],[-1.18988,6.2013],[-1.19188,6.19931]]}},{"type":"Feature","properties":{"name":"Pra River"},"geometry":{"type":"LineString","coordinates":[[-1.13095,6.19966],[-1.13281,6.19926],[-1.13287,6.19988],[-1.13196,6.20047],[-1.13277,6.20113],[-1.1345,6.19953],[-1.13428,6.19861],[-1.13521,6.19915],[-1.13575,6.19804],[-1.13644,6.19796],[-1.13617,6.19967],[-1.13686,6.20055],[-1.13827,6.19897],[-1.13873,6.20044],[-1.13935,6.19905],[-1.14052,6.19972],[-1.14039,6.19774],[-1.14175,6.19814],[-1.14315,6.19967],[-1.14585,6.19927],[-1.14626,6.19826],[-1.14893,6.19971],[-1.14935,6.20111],[-1.15032,6.20154],[-1.15077,6.20125],[-1.1502,6.19989],[-1.15357,6.19824],[-1.15365,6.2001],[-1.15586,6.1999],[-1.15488,6.20138],[-1.15596,6.2024],[-1.1549,6.20277],[-1.15486,6.20446],[-1.15584,6.20458],[-1.15649,6.2034],[-1.15772,6.20352],[-1.15718,6.20239],[-1.15984,6.20252],[-1.16054,6.20066],[-1.16247,6.20296],[-1.16257,6.20542],[-1.16442,6.2067]]}},{"type":"Feature","properties":{"name":"Pra River"},"geometry":{"type":"LineString","coordinates":[[-1.21441,6.06827],[-1.21432,6.06758],[-1.21296,6.06683],[-1.21281,6.06559],[-1.21128,6.06614],[-1.21065,6.06535],[-1.20943,6.06119],[-1.2121,6.05864],[-1.20923,6.05508],[-1.20812,6.05243],[-1.21015,6.05212],[-1.21256,6.05001],[-1.21563,6.04948],[-1.2188,6.04548],[-1.2215,6.04388],[-1.22302,6.04384],[-1.22341,6.04226],[-1.22583,6.042],[-1.22597,6.04012],[-1.22766,6.03851],[-1.23173,6.0384],[-1.23175,6.03771],[-1.23005,6.0373],[-1.22984,6.03604],[-1.23072,6.03517],[-1.23038,6.0342],[-1.22875,6.03364],[-1.22925,6.03296],[-1.23151,6.03298],[-1.23189,6.02912],[-1.23325,6.02893],[-1.23346,6.02796],[-1.23003,6.02736],[-1.23065,6.02444],[-1.2287,6.02418],[-1.22923,6.02278],[-1.23018,6.02215],[-1.22832,6.02054],[-1.22991,6.0196],[-1.22938,6.01891],[-1.22762,6.01961],[-1.22679,6.01882]]}},{"type":"Feature","properties":{"name":"Pra River"},"geometry":{"type":"LineString","coordinates":[[-1.22679,6.01882],[-1.22926,6.01773],[-1.22922,6.01595],[-1.2313,6.01556],[-1.22958,6.0142],[-1.2302,6.01331],[-1.23308,6.01409],[-1.23364,6.01377],[-1.23317,6.01197],[-1.23429,6.01145],[-1.23635,6.01274],[-1.23803,6.01162],[-1.24104,6.0116],[-1.24197,6.00963],[-1.24062,6.00624],[-1.24276,6.00487],[-1.24386,6.00309],[-1.24169,5.99844],[-1.24123,5.99601],[-1.24222,5.99367],[-1.2436,5.99466],[-1.24511,5.9946],[-1.24493,5.99194],[-1.24707,5.99077],[-1.2454,5.98798],[-1.24544,5.9863],[-1.24247,5.98729],[-1.24136,5.98685],[-1.24022,5.98474],[-1.23859,5.98444],[-1.23855,5.9833],[-1.24011,5.98208],[-1.23976,5.98065],[-1.2371,5.97932],[-1.23452,5.98083],[-1.23311,5.97989],[-1.23146,5.98174],[-1.22975,5.98124],[-1.22931,5.98291],[-1.22882,5.98297],[-1.22818,5.98161],[-1.22657,5.98166],[-1.22563,5.9792],[-1.22302,5.9771],[-1.22165,5.97353]]}},{"type":"Feature","properties":{"name":"Pra River"},"geometry":{"type":"LineString","coordinates":[[-1.12364,6.20666],[-1.12453,6.20705],[-1.12479,6.20821],[-1.12644,6.20749],[-1.1262,6.20689],[-1.12694,6.20657],[-1.12612,6.20533],[-1.12769,6.20464],[-1.12759,6.20389],[-1.12891,6.20439],[-1.12858,6.20196],[-1.12914,6.20115],[-1.12972,6.20088],[-1.13071,6.20283],[-1.13095,6.19966]]}},{"type":"Feature","properties":{"name":"Pra River"},"geometry":{"type":"LineString","coordinates":[[-1.22165,5.97353],[-1.22082,5.96917],[-1.21873,5.96447],[-1.21996,5.96137],[-1.22472,5.95756],[-1.22457,5.95676],[-1.22132,5.95602],[-1.22082,5.95505],[-1.22296,5.9488],[-1.22494,5.94612],[-1.22456,5.9452],[-1.21894,5.9423],[-1.22289,5.93892],[-1.2254,5.93483]]}},{"type":"Feature","properties":{"name":"Pra River"},"geometry":{"type":"LineString","coordinates":[[-1.18517,6.17047],[-1.18577,6.16738],[-1.1844,6.16502],[-1.1843,6.16286],[-1.18352,6.16263],[-1.18274,6.1636],[-1.18184,6.16066],[-1.17784,6.15728],[-1.17869,6.15586],[-1.18063,6.15721],[-1.18112,6.15722],[-1.18124,6.15629],[-1.17959,6.15535],[-1.18122,6.15312],[-1.18034,6.15037],[-1.1814,6.1491],[-1.17896,6.14814],[-1.18087,6.14683],[-1.18312,6.14948],[-1.18411,6.14838],[-1.18247,6.14393],[-1.18477,6.14267],[-1.18518,6.14448],[-1.18675,6.14501],[-1.18852,6.14368],[-1.19018,6.14416],[-1.19072,6.14185]]}},{"type":"Feature","properties":{"name":"Pra River"},"geometry":{"type":"LineString","coordinates":[[-1.55948,5.21779],[-1.56151,5.21398],[-1.56391,5.21315],[-1.56411,5.21194],[-1.56616,5.21024],[-1.56594,5.20768],[-1.57234,5.2027],[-1.57355,5.19964],[-1.57355,5.19698],[-1.57143,5.19203],[-1.57143,5.19055],[-1.57224,5.18962],[-1.57544,5.18953],[-1.57563,5.18851],[-1.57448,5.18739],[-1.57407,5.1856],[-1.57445,5.18483],[-1.57783,5.18535],[-1.57963,5.18458],[-1.58212,5.18136],[-1.58578,5.18133],[-1.58789,5.18285],[-1.58913,5.18724],[-1.58997,5.18816],[-1.59174,5.18847],[-1.59528,5.18702],[-1.5964,5.18043],[-1.5978,5.17938],[-1.59836,5.1775],[-1.59944,5.17728],[-1.60165,5.17845],[-1.60809,5.17652],[-1.61748,5.1711],[-1.62043,5.17115],[-1.62851,5.16528],[-1.6347,5.16558],[-1.638,5.16478],[-1.64459,5.16126],[-1.64691,5.15927],[-1.64994,5.15469],[-1.65301,5.14722],[-1.65233,5.14237],[-1.64472,5.13333],[-1.62378,5.12831],[-1.61705,5.12394],[-1.61713,5.11915],[-1.61485,5.11155],[-1.61507,5.10813],[-1.61648,5.1057],[-1.61588,5.09804],[-1.61742,5.09422],[-1.61663,5.08177],[-1.61544,5.06415],[-1.61228,5.05942],[-1.61244,5.05513],[-1.61303,5.05233],[-1.6145,5.04983],[-1.61909,5.0464],[-1.62181,5.04513],[-1.62489,5.04475],[-1.62518,5.04401],[-1.62171,5.03838],[-1.62068,5.03187],[-1.61697,5.02765],[-1.61652,5.02586]]}},{"type":"Feature","properties":{"name":"Pra River"},"geometry":{"type":"LineString","coordinates":[[-1.19188,6.19931],[-1.19228,6.19836],[-1.19141,6.19672],[-1.19328,6.19722],[-1.19267,6.19566],[-1.19091,6.19606],[-1.1897,6.19498],[-1.18631,6.19379],[-1.19016,6.19299],[-1.18766,6.19073],[-1.18772,6.18975],[-1.1898,6.18877],[-1.18955,6.18508],[-1.18835,6.18394],[-1.18364,6.18369],[-1.18131,6.18132],[-1.17881,6.18019],[-1.17872,6.17944],[-1.18003,6.17871],[-1.17855,6.17602],[-1.17879,6.17196],[-1.18248,6.17298],[-1.18246,6.1715],[-1.18111,6.17055],[-1.18217,6.16892],[-1.18059,6.16759],[-1.18109,6.16638],[-1.18373,6.16776],[-1.18517,6.17047]]}},{"type":"Feature","properties":{"name":"Pra River"},"geometry":{"type":"LineString","coordinates":[[-1.263,5.89032],[-1.26602,5.89108],[-1.27029,5.89437],[-1.27205,5.90095],[-1.27478,5.90287],[-1.27762,5.90087],[-1.28283,5.89958],[-1.28506,5.89641],[-1.28733,5.89444],[-1.28952,5.88969],[-1.29224,5.8876],[-1.29745,5.88554],[-1.30218,5.88728],[-1.30553,5.88741],[-1.3084,5.88944],[-1.30871,5.89086],[-1.30667,5.89319],[-1.30426,5.90105],[-1.3101,5.90435],[-1.31215,5.90634],[-1.31245,5.90749],[-1.31159,5.91097],[-1.31191,5.91625],[-1.31134,5.91768],[-1.30786,5.92089],[-1.30694,5.92287],[-1.30695,5.92443],[-1.30801,5.9261],[-1.30906,5.92624],[-1.31337,5.92398],[-1.31724,5.92427],[-1.31783,5.92356],[-1.31797,5.91741],[-1.32261,5.91427],[-1.32723,5.91375],[-1.33143,5.91572],[-1.33567,5.91679],[-1.3373,5.91585],[-1.3388,5.91261],[-1.34339,5.91074],[-1.34451,5.91384],[-1.3441,5.91471],[-1.341,5.91557],[-1.33604,5.92355],[-1.3355,5.92542],[-1.33671,5.92732],[-1.34162,5.92511],[-1.34216,5.924],[-1.34122,5.9218],[-1.3417,5.92094],[-1.34423,5.92195],[-1.34607,5.91904],[-1.34734,5.91897],[-1.34863,5.92144],[-1.34741,5.92375],[-1.34727,5.92573],[-1.34853,5.92826],[-1.34825,5.93171],[-1.3519,5.93123],[-1.35434,5.93406],[-1.3625,5.93318],[-1.36442,5.93367],[-1.36836,5.93267],[-1.37092,5.93335],[-1.37375,5.93288],[-1.37614,5.93477],[-1.37675,5.93466]]}},{"type":"Feature","properties":{"name":"Pra River"},"geometry":{"type":"LineString","coordinates":[[-1.37675,5.93466],[-1.3784,5.93064],[-1.37482,5.92893],[-1.37401,5.92323],[-1.37498,5.92115],[-1.37644,5.92085],[-1.38007,5.91619],[-1.38279,5.91618],[-1.38667,5.91911],[-1.3925,5.9189],[-1.39434,5.91959],[-1.39626,5.91708],[-1.39801,5.91657],[-1.40077,5.91758],[-1.40101,5.92006],[-1.40463,5.92193],[-1.40944,5.92119],[-1.41333,5.92204],[-1.41805,5.92167],[-1.41855,5.92123],[-1.41574,5.91525],[-1.4161,5.91404],[-1.41799,5.91225],[-1.41973,5.90806],[-1.42069,5.90345],[-1.42209,5.90323],[-1.42488,5.90488],[-1.4281,5.90969],[-1.42882,5.90979],[-1.4304,5.9071],[-1.43427,5.90465],[-1.43636,5.90153],[-1.43754,5.90109],[-1.45084,5.90621],[-1.45256,5.90471],[-1.45416,5.89402],[-1.45478,5.89364],[-1.45618,5.89351],[-1.46155,5.89583],[-1.46292,5.89756],[-1.46337,5.89951],[-1.46206,5.90412],[-1.46466,5.90538],[-1.4661,5.9045],[-1.46746,5.90241],[-1.46544,5.89892],[-1.46514,5.8943],[-1.46212,5.88944],[-1.45911,5.88711],[-1.45887,5.88579],[-1.46118,5.87787],[-1.46038,5.87494],[-1.46122,5.87027],[-1.46147,5.86212],[-1.46236,5.86159],[-1.46706,5.8622],[-1.46978,5.86153],[-1.47177,5.85827],[-1.47539,5.8552],[-1.47655,5.85524],[-1.4784,5.85695],[-1.47772,5.85954],[-1.47846,5.86315],[-1.48062,5.8642],[-1.48292,5.86693],[-1.48776,5.8691],[-1.48902,5.86734],[-1.48875,5.86674],[-1.48669,5.86645],[-1.48612,5.86515],[-1.48768,5.8625],[-1.48984,5.86246],[-1.49307,5.86422],[-1.49456,5.8676],[-1.4954,5.86812],[-1.5014,5.86823],[-1.50158,5.86932],[-1.49905,5.87355],[-1.49949,5.87528],[-1.50096,5.87689],[-1.50244,5.87538],[-1.50433,5.87519],[-1.50631,5.87532],[-1.50894,5.87653],[-1.51039,5.87629],[-1.51631,5.87239],[-1.51892,5.87305],[-1.5224,5.8753]]}},{"type":"Feature","properties":{"name":"Pra River"},"geometry":{"type":"LineString","coordinates":[[-1.19072,6.14185],[-1.19273,6.13878],[-1.19273,6.13514],[-1.1958,6.13555],[-1.19583,6.13403],[-1.19897,6.13247],[-1.20138,6.13367],[-1.20249,6.13295],[-1.19925,6.12999],[-1.19855,6.12567],[-1.19238,6.12318],[-1.19303,6.12133],[-1.19635,6.1222],[-1.20042,6.11836],[-1.20289,6.11742],[-1.20407,6.11573],[-1.20454,6.11543],[-1.20561,6.11621]]}},{"type":"Feature","properties":{"name":"Pra River"},"geometry":{"type":"LineString","coordinates":[[-1.18999,6.10983],[-1.18955,6.10638],[-1.19166,6.10192],[-1.18759,6.10048],[-1.187,6.09693],[-1.18934,6.09267],[-1.19026,6.09189],[-1.19181,6.09195],[-1.19711,6.09354],[-1.20019,6.09142],[-1.20163,6.09365],[-1.20248,6.09384],[-1.20335,6.09301],[-1.20486,6.09071],[-1.2033,6.08996],[-1.2018,6.09018],[-1.2006,6.08758],[-1.20091,6.08702],[-1.20255,6.087],[-1.20275,6.08642],[-1.19961,6.08603],[-1.19955,6.08286],[-1.19856,6.08094],[-1.19985,6.07983],[-1.20231,6.0801],[-1.20418,6.07955],[-1.20523,6.07785],[-1.2065,6.07748],[-1.20662,6.07558],[-1.20848,6.07421],[-1.20821,6.07327],[-1.20609,6.07192],[-1.20619,6.0714],[-1.21065,6.06978],[-1.21102,6.0686],[-1.21406,6.06872],[-1.21441,6.06827]]}},{"type":"Feature","properties":{},"geometry":{"type":"LineString","coordinates":[[0.29097,10.40884],[0.29458,10.41122],[0.29499,10.4091],[0.29599,10.4099],[0.29772,10.41009],[0.29855,10.40953],[0.29938,10.40564],[0.29851,10.40422],[0.30016,10.40318],[0.30043,10.40229],[0.29976,10.39914],[0.30092,10.39235],[0.29765,10.38936],[0.29649,10.38698],[0.29557,10.38637],[0.29568,10.38446],[0.29321,10.38424],[0.29023,10.38173],[0.29045,10.38073],[0.29144,10.38049],[0.29265,10.38111],[0.29331,10.38019],[0.29178,10.37848],[0.29017,10.37845],[0.29017,10.37671],[0.29688,10.37331],[0.30058,10.37338],[0.30132,10.3729],[0.30237,10.36948],[0.30392,10.36989],[0.30633,10.37173],[0.30761,10.37148],[0.30753,10.36885],[0.3092,10.36681],[0.31081,10.36709],[0.31264,10.36255],[0.31366,10.3619],[0.3146,10.35885],[0.31442,10.35217],[0.31612,10.35057],[0.31663,10.3492],[0.31583,10.34633],[0.31643,10.343],[0.31566,10.33797],[0.31777,10.33537],[0.32024,10.33421],[0.32209,10.335],[0.323,10.3376],[0.32497,10.34017],[0.32607,10.3406],[0.32846,10.3393],[0.32976,10.33686],[0.33187,10.33758],[0.33366,10.33695],[0.33469,10.33284],[0.33727,10.32875],[0.33705,10.32695],[0.33827,10.32549],[0.33761,10.32393],[0.33109,10.32362],[0.32284,10.31931],[0.3219,10.31257],[0.31906,10.31262],[0.31661,10.3116],[0.31628,10.31066],[0.31962,10.30832],[0.32108,10.31023],[0.32461,10.30684],[0.32767,10.30943],[0.32814,10.31114],[0.32903,10.31177],[0.33006,10.30979],[0.32993,10.30852],[0.33055,10.30835],[0.33123,10.30863],[0.33193,10.31144],[0.33309,10.31111],[0.33596,10.30847],[0.33746,10.30928],[0.33986,10.30807],[0.34514,10.30845],[0.34809,10.30771],[0.35003,10.30871],[0.3515,10.31236],[0.35342,10.31418],[0.35857,10.31141],[0.36777,10.31081],[0.37026,10.3121],[0.3728,10.31211],[0.37715,10.31376],[0.37929,10.31351],[0.38078,10.31258],[0.38318,10.31435],[0.38914,10.31575],[0.39116,10.31553],[0.3943,10.31403],[0.39559,10.31447],[0.39626,10.31402],[0.39787,10.30796],[0.39803,10.30637],[0.3973,10.30456],[0.39154,10.3024],[0.38849,10.30383],[0.38627,10.30157],[0.38584,10.3003],[0.38334,10.30032],[0.38264,10.29804],[0.38506,10.2976],[0.38488,10.29692],[0.38204,10.29584],[0.38161,10.29483],[0.37865,10.29463],[0.37861,10.29314],[0.3768,10.29056],[0.37868,10.28737],[0.37837,10.28653],[0.37689,10.28638],[0.37632,10.28789],[0.37314,10.28847],[0.37291,10.28689],[0.37471,10.28617],[0.37488,10.2855],[0.37292,10.28259],[0.37205,10.28376],[0.37242,10.28512],[0.37199,10.2859],[0.36953,10.28498],[0.36995,10.28371],[0.37217,10.2823],[0.37308,10.27996],[0.37459,10.28042],[0.37468,10.27962],[0.37987,10.27864],[0.37984,10.27711],[0.38207,10.27692],[0.3818,10.27318]]}},{"type":"Feature","properties":{},"geometry":{"type":"LineString","coordinates":[[0.19408,10.40293],[0.19646,10.40577],[0.20016,10.40549],[0.20185,10.40733],[0.20278,10.4068],[0.2046,10.40754],[0.20653,10.40729],[0.20656,10.4044],[0.20806,10.40545],[0.2095,10.40556],[0.20783,10.41017],[0.20672,10.41076],[0.20635,10.41577],[0.20523,10.41694],[0.2052,10.41842],[0.20622,10.41894],[0.20837,10.41876],[0.21101,10.41691],[0.21203,10.41695],[0.21042,10.4189],[0.2104,10.42162],[0.21621,10.42372],[0.21671,10.42624],[0.21778,10.42692],[0.22111,10.42488],[0.2203,10.4241],[0.21855,10.4242],[0.21747,10.42274],[0.22014,10.42233],[0.22296,10.42343],[0.22546,10.42189],[0.22639,10.42225],[0.22655,10.42088],[0.22936,10.41988],[0.22996,10.41846],[0.23271,10.41623],[0.23403,10.41376],[0.23481,10.4139],[0.23662,10.41254],[0.23721,10.41287],[0.2376,10.41618],[0.24002,10.41576],[0.24164,10.41468],[0.24386,10.41611],[0.24729,10.41315],[0.24943,10.41373],[0.25014,10.41294],[0.25072,10.40939],[0.25279,10.40971],[0.25489,10.40893],[0.25853,10.40991],[0.25911,10.40768],[0.26163,10.40858],[0.26374,10.41097],[0.26455,10.41026],[0.2638,10.4099],[0.26423,10.40879],[0.2668,10.41075],[0.26763,10.40985],[0.26861,10.41041],[0.26938,10.4123],[0.26806,10.41293],[0.26694,10.41246],[0.26719,10.41425],[0.26639,10.41594],[0.26798,10.41655],[0.26871,10.41543],[0.2703,10.41556],[0.27142,10.41767],[0.27093,10.41925],[0.27274,10.42106],[0.27663,10.41935],[0.27848,10.41974],[0.27941,10.42157],[0.28108,10.41982],[0.28243,10.42066],[0.28242,10.42163],[0.28458,10.42242],[0.28616,10.42146],[0.28616,10.42054],[0.28782,10.41873],[0.28755,10.4164],[0.28902,10.41428],[0.28796,10.41351],[0.288,10.41242],[0.28883,10.41093],[0.29018,10.41018],[0.29025,10.40903],[0.29097,10.40884]]}},{"type":"Feature","properties":{},"geometry":{"type":"LineString","coordinates":[[0.18207,10.3812],[0.18329,10.38115],[0.18261,10.38274],[0.18349,10.38321],[0.18511,10.3823],[0.18504,10.38083],[0.18566,10.38053],[0.18713,10.38177],[0.18769,10.38062],[0.18839,10.38086],[0.18871,10.38331],[0.18725,10.38398],[0.18719,10.38521]]}},{"type":"Feature","properties":{},"geometry":{"type":"LineString","coordinates":[[0.11669,10.34197],[0.11809,10.34179],[0.11875,10.34031],[0.12093,10.33997],[0.12252,10.3422],[0.12409,10.34231],[0.1251,10.34285],[0.12543,10.34432],[0.12703,10.34456],[0.12711,10.34507],[0.12594,10.34513],[0.12638,10.34629],[0.12836,10.34629],[0.12985,10.3454],[0.13106,10.34581],[0.13022,10.34677],[0.13012,10.34895],[0.13343,10.34877],[0.13453,10.34696],[0.13633,10.34615],[0.13667,10.34666],[0.13611,10.34798],[0.13669,10.34839],[0.13836,10.34863],[0.13913,10.34787],[0.14232,10.349],[0.1434,10.34855],[0.14366,10.35062],[0.14456,10.35149],[0.14455,10.35393],[0.14641,10.35537],[0.14745,10.35527],[0.14894,10.35678],[0.15218,10.35552],[0.15498,10.35604],[0.15642,10.3549],[0.15709,10.35504],[0.15569,10.35813],[0.1579,10.35873],[0.15892,10.35805],[0.16009,10.35868],[0.15978,10.35944],[0.15863,10.35916],[0.15607,10.36031],[0.15796,10.36298],[0.15598,10.36326],[0.15555,10.36462],[0.15693,10.36878],[0.15615,10.37031],[0.15741,10.37112],[0.158,10.37309],[0.15882,10.37325],[0.16033,10.37168],[0.16329,10.37436],[0.16567,10.37296],[0.16727,10.37352],[0.16826,10.37281],[0.1683,10.37416],[0.16909,10.37406],[0.16929,10.37486],[0.16933,10.37745],[0.17113,10.37714],[0.1718,10.37867],[0.17619,10.37893],[0.17872,10.38238],[0.18026,10.38276],[0.18092,10.3841],[0.18464,10.38594],[0.18553,10.38792],[0.18631,10.38777],[0.18719,10.38521]]}},{"type":"Feature","properties":{},"geometry":{"type":"LineString","coordinates":[[0.18719,10.38521],[0.18939,10.38452],[0.18942,10.38664],[0.19015,10.38683],[0.19017,10.38787],[0.19096,10.38841],[0.1918,10.38664],[0.19365,10.38666],[0.19325,10.38579],[0.19388,10.38479],[0.19528,10.38576],[0.19511,10.38753],[0.19807,10.38643],[0.19888,10.38804],[0.19721,10.39402],[0.19813,10.39449],[0.19719,10.39712],[0.19747,10.39833],[0.19485,10.40105],[0.19618,10.40202],[0.1954,10.4024],[0.19387,10.40165],[0.19408,10.40293]]}},{"type":"Feature","properties":{"name":"Border Upper East Region - Northern Region"},"geometry":{"type":"LineString","coordinates":[[-1.24148,10.27681],[-1.2396,10.27916],[-1.23995,10.28163],[-1.24107,10.28362],[-1.24042,10.28551],[-1.23796,10.28652],[-1.23524,10.28635],[-1.23361,10.28584],[-1.23209,10.2836],[-1.23052,10.28589],[-1.22759,10.28668],[-1.22769,10.28844],[-1.23111,10.29029],[-1.23225,10.29197],[-1.22797,10.29421],[-1.22336,10.29419],[-1.22193,10.29487],[-1.22264,10.30029],[-1.22394,10.30207],[-1.22378,10.30311],[-1.22101,10.30405],[-1.21616,10.30399]]}},{"type":"Feature","properties":{"name":"Morago"},"geometry":{"type":"LineString","coordinates":[[-0.08905,10.71354],[-0.09087,10.71187],[-0.09146,10.70995],[-0.09348,10.71007],[-0.0943,10.70924],[-0.09575,10.70907],[-0.09871,10.70647],[-0.1017,10.7052],[-0.10446,10.70508],[-0.10454,10.70289],[-0.10905,10.70132],[-0.11035,10.69913],[-0.11036,10.69586],[-0.11209,10.69419],[-0.11734,10.69224],[-0.12147,10.68891],[-0.12245,10.68564],[-0.12695,10.68622],[-0.13166,10.68533],[-0.13424,10.6837],[-0.14153,10.68174],[-0.14331,10.67939],[-0.1484,10.67648],[-0.14981,10.67428],[-0.1533,10.67178],[-0.15435,10.67149],[-0.15649,10.67262],[-0.15797,10.67164],[-0.15882,10.67224],[-0.16041,10.6715],[-0.16003,10.6734],[-0.16136,10.67548],[-0.16258,10.67424],[-0.16226,10.672],[-0.16368,10.67062],[-0.16912,10.67077],[-0.17025,10.66976],[-0.17266,10.67025],[-0.17309,10.67204],[-0.17482,10.672],[-0.17516,10.66937],[-0.17687,10.6687],[-0.17692,10.66763],[-0.17858,10.6674],[-0.17966,10.66803],[-0.17969,10.66896],[-0.18145,10.66961],[-0.18154,10.67047],[-0.18289,10.67028],[-0.18426,10.66883],[-0.18669,10.66873],[-0.18833,10.66592],[-0.18896,10.66692],[-0.19081,10.66636],[-0.19052,10.66471],[-0.19292,10.66488],[-0.19292,10.66386],[-0.19353,10.66322],[-0.19441,10.66364],[-0.19566,10.66176],[-0.19628,10.66227],[-0.19612,10.66332],[-0.19713,10.66374],[-0.19776,10.66303],[-0.1972,10.66183],[-0.19857,10.66232],[-0.19934,10.66134],[-0.20037,10.66166],[-0.20072,10.66054],[-0.20015,10.65941],[-0.20265,10.65918],[-0.20357,10.65766],[-0.20617,10.65763],[-0.20714,10.65838],[-0.20834,10.65694],[-0.2088,10.65784],[-0.21032,10.65738],[-0.21271,10.65792],[-0.21411,10.65482],[-0.21582,10.65587],[-0.21631,10.65712],[-0.2192,10.65769],[-0.22066,10.65765],[-0.22539,10.65564],[-0.22988,10.65576],[-0.23308,10.65374],[-0.23475,10.64977],[-0.2361,10.64812],[-0.23864,10.64809],[-0.23946,10.64624],[-0.24169,10.64646],[-0.24303,10.644],[-0.24431,10.64388]]}},{"type":"Feature","properties":{},"geometry":{"type":"LineString","coordinates":[[-2.90164,5.12096],[-2.90235,5.11852],[-2.90581,5.11438],[-2.90599,5.10981],[-2.90418,5.10692],[-2.907,5.10115],[-2.90963,5.09882]]}},{"type":"Feature","properties":{"name":"Mo River"},"geometry":{"type":"LineString","coordinates":[[0.38267,8.73954],[0.37804,8.73779],[0.37533,8.73581],[0.37197,8.73574],[0.36842,8.7365],[0.3593,8.74012],[0.35391,8.74084],[0.35072,8.74289],[0.34751,8.74268],[0.34695,8.73994],[0.34595,8.73853],[0.35007,8.73372],[0.35236,8.73342],[0.35525,8.73057],[0.35521,8.72686],[0.35958,8.72526],[0.36007,8.72114],[0.35879,8.71852],[0.34373,8.71873],[0.34259,8.72262],[0.34316,8.72776],[0.34213,8.72901],[0.33854,8.73039],[0.3326,8.73068],[0.32418,8.7283],[0.32327,8.72877],[0.32068,8.73298],[0.31432,8.73454],[0.31309,8.73433],[0.31012,8.73037],[0.30678,8.72809],[0.30176,8.72596],[0.30083,8.72607],[0.30004,8.72775],[0.30023,8.73104],[0.29811,8.73505],[0.29894,8.74153],[0.29829,8.74245],[0.29267,8.7412],[0.29299,8.73675],[0.29205,8.7329],[0.29114,8.73217],[0.2886,8.73352]]}},{"type":"Feature","properties":{"name":"Ankobra River"},"geometry":{"type":"LineString","coordinates":[[-2.13081,5.45687],[-2.12389,5.45594],[-2.1237,5.45497],[-2.12489,5.45251],[-2.12477,5.44978],[-2.12406,5.4482],[-2.12256,5.44798],[-2.1214,5.44281],[-2.11914,5.43983],[-2.11879,5.43818],[-2.11927,5.43643],[-2.11822,5.43489],[-2.11239,5.43073],[-2.11146,5.42931],[-2.10947,5.42807],[-2.10691,5.42762],[-2.10665,5.42662],[-2.10547,5.42581],[-2.10501,5.42332],[-2.10753,5.41731],[-2.10699,5.41597],[-2.10861,5.41246],[-2.10821,5.4103],[-2.11025,5.40768],[-2.114,5.39973],[-2.11698,5.39874],[-2.11828,5.39764],[-2.11827,5.39649],[-2.11645,5.39533],[-2.11639,5.39433],[-2.12229,5.38373],[-2.12243,5.38097],[-2.12427,5.37731],[-2.12784,5.37174],[-2.13062,5.37237],[-2.13126,5.3735],[-2.13246,5.37376],[-2.13324,5.3732],[-2.13351,5.37057],[-2.13247,5.36808],[-2.13493,5.36382],[-2.13399,5.36081],[-2.13719,5.35553],[-2.13372,5.35141],[-2.13338,5.34642],[-2.13524,5.33939],[-2.13461,5.33705],[-2.13379,5.33689],[-2.13201,5.33801],[-2.13176,5.33695],[-2.13442,5.33307],[-2.13472,5.33123],[-2.13389,5.32937],[-2.13135,5.32694],[-2.13115,5.32486],[-2.12941,5.32086],[-2.13022,5.3179],[-2.13261,5.31462],[-2.1325,5.31375],[-2.13082,5.31265],[-2.13065,5.31154],[-2.1341,5.30861],[-2.13477,5.30864],[-2.13745,5.31143],[-2.14841,5.30396],[-2.15276,5.3031],[-2.15336,5.3025],[-2.15281,5.29905],[-2.15414,5.29708],[-2.15434,5.29174],[-2.15147,5.28949],[-2.15239,5.28646],[-2.15174,5.28515],[-2.15188,5.28135],[-2.15069,5.27627],[-2.15145,5.27155],[-2.15226,5.27082]]}},{"type":"Feature","properties":{"name":"Ankobra River"},"geometry":{"type":"LineString","coordinates":[[-2.16773,5.27176],[-2.16761,5.26871],[-2.16663,5.26819],[-2.16594,5.26669],[-2.16563,5.26365],[-2.17546,5.25794],[-2.1772,5.25544],[-2.17797,5.25531],[-2.18007,5.25688],[-2.18252,5.25699],[-2.1829,5.25613],[-2.18179,5.25554],[-2.18154,5.25411],[-2.18279,5.25155],[-2.18286,5.24974],[-2.18546,5.24624],[-2.18904,5.24601],[-2.19034,5.24668],[-2.19117,5.24771],[-2.19096,5.2518],[-2.19434,5.25415],[-2.19649,5.25343],[-2.19666,5.25242],[-2.19441,5.25201],[-2.19406,5.25111],[-2.19593,5.24764],[-2.19562,5.24505],[-2.19434,5.24245],[-2.19699,5.23115],[-2.197,5.22839],[-2.201,5.22852],[-2.20419,5.23005],[-2.20579,5.22932],[-2.20752,5.22631]]}},{"type":"Feature","properties":{"name":"Ankobra River"},"geometry":{"type":"LineString","coordinates":[[-2.22058,5.15351],[-2.22146,5.15207],[-2.22186,5.14841],[-2.22361,5.14483],[-2.22587,5.14406],[-2.22769,5.14181],[-2.22786,5.13909],[-2.22533,5.13621],[-2.22476,5.13218],[-2.22537,5.12956],[-2.22385,5.12738],[-2.22439,5.12483],[-2.22607,5.12154],[-2.22493,5.11882],[-2.22651,5.11664],[-2.22857,5.11557],[-2.23021,5.11604],[-2.23266,5.11805],[-2.23394,5.11762],[-2.23451,5.11617],[-2.2337,5.11476],[-2.23377,5.11253],[-2.2366,5.10873],[-2.2398,5.10598],[-2.24404,5.10443],[-2.24357,5.10147],[-2.24505,5.09775],[-2.24465,5.09503],[-2.24211,5.09282],[-2.24043,5.08936],[-2.2407,5.0854],[-2.23963,5.08298],[-2.23906,5.07725],[-2.23574,5.07497],[-2.23236,5.07628],[-2.23048,5.07605],[-2.22719,5.07024],[-2.22688,5.06483],[-2.22591,5.06317],[-2.22623,5.06155],[-2.2267,5.06114],[-2.22748,5.06155],[-2.22876,5.06499],[-2.23046,5.06535],[-2.23548,5.0616],[-2.23556,5.06051],[-2.23213,5.05411],[-2.23224,5.04917]]}},{"type":"Feature","properties":{"name":"Ankobra River"},"geometry":{"type":"LineString","coordinates":[[-2.20752,5.22631],[-2.20579,5.22329],[-2.20447,5.21709],[-2.20036,5.2154],[-2.19773,5.21529],[-2.19373,5.21116],[-2.19555,5.20861],[-2.2033,5.21047],[-2.2045,5.20963],[-2.20461,5.20511],[-2.20252,5.20609],[-2.19936,5.20491],[-2.19687,5.20108],[-2.19749,5.19968],[-2.19943,5.19884],[-2.20314,5.2003],[-2.20456,5.19571],[-2.20551,5.19494],[-2.21181,5.19397],[-2.21528,5.19226],[-2.21525,5.19088],[-2.21319,5.1884],[-2.20628,5.18961],[-2.20696,5.18618],[-2.21247,5.17407],[-2.2118,5.17061],[-2.20752,5.16762],[-2.20721,5.16628],[-2.20897,5.1647],[-2.21005,5.16232],[-2.20951,5.1589],[-2.21089,5.15443],[-2.21283,5.15257],[-2.21229,5.15043],[-2.21499,5.14979],[-2.21543,5.15163],[-2.21671,5.15294],[-2.22058,5.15351]]}},{"type":"Feature","properties":{"name":"Ankobra River"},"geometry":{"type":"LineString","coordinates":[[-2.23224,5.04917],[-2.2313,5.04595],[-2.23158,5.04298],[-2.23005,5.04146],[-2.22869,5.04185],[-2.22764,5.04527],[-2.2256,5.04589],[-2.22369,5.04537],[-2.22105,5.0433],[-2.21694,5.04449],[-2.21589,5.04246],[-2.21464,5.04238],[-2.21234,5.04385],[-2.20956,5.04233],[-2.21003,5.03918],[-2.21486,5.03313],[-2.21496,5.03086],[-2.21405,5.0305],[-2.20887,5.03157],[-2.20594,5.02603],[-2.20325,5.02791],[-2.2017,5.02788],[-2.19728,5.02441],[-2.19241,5.02275],[-2.1924,5.0209],[-2.19445,5.01992],[-2.19401,5.01876],[-2.19297,5.01822],[-2.18693,5.01835],[-2.18543,5.01462],[-2.18055,5.00887],[-2.1804,5.00176],[-2.17954,4.99829],[-2.18102,4.98637],[-2.18399,4.98383],[-2.1845,4.98262],[-2.18516,4.97588],[-2.18936,4.96942],[-2.18903,4.9651],[-2.1897,4.96415],[-2.19215,4.96306],[-2.20158,4.96226],[-2.20508,4.95893],[-2.21032,4.96082],[-2.21225,4.96087],[-2.21452,4.95916]]}},{"type":"Feature","properties":{"name":"Ankobra"},"geometry":{"type":"LineString","coordinates":[[-2.22302,4.94078],[-2.22477,4.94362],[-2.23089,4.94774],[-2.23288,4.94838],[-2.23362,4.94774],[-2.23224,4.93973],[-2.23259,4.93831],[-2.23349,4.93831],[-2.23646,4.94234],[-2.2376,4.94293],[-2.24248,4.94166],[-2.24413,4.94093],[-2.24456,4.93607],[-2.24572,4.93262],[-2.24859,4.93094],[-2.25201,4.93391],[-2.25809,4.93393],[-2.25977,4.93303],[-2.26597,4.92662],[-2.27065,4.9237],[-2.27121,4.92279],[-2.27052,4.91972],[-2.27107,4.91789],[-2.27291,4.91678],[-2.27453,4.91428],[-2.27392,4.91315],[-2.26929,4.91491],[-2.26771,4.91439],[-2.2671,4.91353],[-2.26717,4.91262],[-2.26919,4.91029],[-2.2694,4.90893],[-2.26818,4.90567],[-2.26923,4.90258],[-2.26885,4.89839]]}},{"type":"Feature","properties":{"name":"Ankobra River"},"geometry":{"type":"LineString","coordinates":[[-2.13492,5.72949],[-2.13615,5.72942],[-2.1347,5.728],[-2.13564,5.72724],[-2.13548,5.72501],[-2.13655,5.72551],[-2.13715,5.72399],[-2.13809,5.72417],[-2.14131,5.72115],[-2.14104,5.71996],[-2.14251,5.71724],[-2.14343,5.71718],[-2.14403,5.71604],[-2.14464,5.71471],[-2.14438,5.71295],[-2.14602,5.71024],[-2.14738,5.70995],[-2.14899,5.70854],[-2.1487,5.70712],[-2.14942,5.70554],[-2.14821,5.70387],[-2.14808,5.70256],[-2.14678,5.7013],[-2.14549,5.69608],[-2.14418,5.69348],[-2.14286,5.69236],[-2.14071,5.69215],[-2.13979,5.69064],[-2.13983,5.68858],[-2.14121,5.6862],[-2.143,5.68682],[-2.14333,5.68813],[-2.14496,5.6859],[-2.14508,5.68444],[-2.14344,5.68321],[-2.14202,5.6804],[-2.14295,5.67915],[-2.14247,5.67847],[-2.14773,5.6759],[-2.14655,5.674],[-2.14729,5.67203],[-2.14536,5.67101],[-2.14576,5.66942],[-2.14686,5.66864],[-2.14849,5.66942],[-2.15058,5.66891],[-2.15068,5.6678],[-2.15002,5.66767],[-2.1499,5.66672],[-2.15233,5.66702],[-2.15355,5.66581],[-2.15704,5.6654],[-2.15729,5.66301],[-2.15634,5.66282],[-2.15595,5.66195],[-2.15675,5.65935],[-2.15573,5.65695],[-2.15791,5.65653],[-2.15874,5.65728],[-2.16039,5.65726],[-2.16099,5.65813],[-2.16304,5.65641],[-2.16437,5.65697],[-2.16387,5.65587],[-2.16441,5.65434],[-2.16302,5.65246],[-2.1632,5.64936],[-2.16235,5.64608],[-2.16063,5.64518],[-2.16068,5.64341],[-2.15992,5.64294],[-2.15948,5.64103],[-2.15826,5.6403],[-2.16057,5.6405],[-2.16357,5.6382],[-2.16412,5.63584],[-2.16269,5.63479],[-2.16558,5.63149],[-2.16546,5.6306],[-2.16634,5.63048],[-2.16452,5.62899],[-2.16666,5.62722],[-2.16575,5.62598],[-2.16415,5.62605],[-2.16344,5.62539],[-2.1635,5.6236],[-2.16216,5.62206]]}},{"type":"Feature","properties":{},"geometry":{"type":"LineString","coordinates":[[-2.19624,4.93405],[-2.1955,4.93359],[-2.19672,4.92886],[-2.19801,4.92679],[-2.1966,4.92582],[-2.19682,4.92415],[-2.19441,4.92308],[-2.1942,4.9211],[-2.19495,4.92048],[-2.19666,4.92134],[-2.19877,4.91967],[-2.19987,4.92162],[-2.20171,4.91835],[-2.20373,4.91797],[-2.20669,4.92134],[-2.20848,4.92117],[-2.20798,4.92446],[-2.20871,4.92575],[-2.2106,4.9265],[-2.21101,4.92507],[-2.21211,4.92461],[-2.21307,4.92628],[-2.2135,4.92514],[-2.21439,4.92491],[-2.21408,4.92745],[-2.21677,4.92609],[-2.21774,4.92761],[-2.21977,4.92827],[-2.21966,4.92941],[-2.2163,4.92943],[-2.21686,4.93058],[-2.2184,4.93071],[-2.2192,4.93159],[-2.21881,4.93246],[-2.21643,4.93354],[-2.21778,4.93432],[-2.22106,4.93258],[-2.22145,4.93363],[-2.22018,4.93576],[-2.21778,4.93658],[-2.21875,4.93776],[-2.22145,4.93839],[-2.22288,4.93971],[-2.22302,4.94078]]}},{"type":"Feature","properties":{"name":"Tano River"},"geometry":{"type":"LineString","coordinates":[[-2.42859,6.35045],[-2.43008,6.35015],[-2.4301,6.34833],[-2.43122,6.34693],[-2.43022,6.34607],[-2.43039,6.34446],[-2.433,6.34288],[-2.43313,6.34088],[-2.43418,6.339],[-2.43414,6.33701],[-2.4347,6.33649],[-2.43581,6.33692],[-2.4362,6.33625],[-2.43501,6.33428],[-2.43637,6.33314],[-2.43546,6.33092],[-2.43631,6.32901],[-2.43608,6.32731],[-2.43732,6.32586],[-2.43581,6.32418],[-2.43675,6.32379],[-2.43498,6.31912],[-2.43666,6.31648],[-2.43563,6.31368],[-2.43495,6.31501],[-2.43405,6.31512],[-2.43483,6.31307],[-2.43594,6.31203],[-2.43255,6.3104],[-2.43164,6.3082],[-2.43022,6.30868],[-2.42968,6.30824],[-2.43211,6.30561],[-2.42915,6.30435],[-2.42826,6.3049],[-2.43023,6.3058],[-2.42974,6.30692],[-2.42777,6.30594],[-2.42616,6.30598],[-2.42485,6.30192],[-2.42541,6.30139],[-2.42711,6.3027],[-2.42787,6.30256],[-2.42897,6.30083],[-2.42844,6.29947],[-2.42895,6.29839],[-2.42767,6.29721],[-2.42995,6.29692],[-2.43037,6.29613],[-2.42923,6.29476],[-2.42783,6.29637],[-2.42702,6.2954],[-2.4259,6.29521],[-2.42673,6.29406],[-2.42683,6.29239],[-2.42776,6.29217],[-2.42671,6.29092],[-2.42665,6.28947],[-2.43,6.2889],[-2.43007,6.28765],[-2.43117,6.28661],[-2.43223,6.28838],[-2.43327,6.28865],[-2.43566,6.28651],[-2.43439,6.28603],[-2.43469,6.2853],[-2.43726,6.2865],[-2.44261,6.28212],[-2.44503,6.2767],[-2.44617,6.27219],[-2.44292,6.27097],[-2.44256,6.27245],[-2.44092,6.27365],[-2.4368,6.27312],[-2.43672,6.27022],[-2.43844,6.26779],[-2.43963,6.26654],[-2.44238,6.26759],[-2.44537,6.26687],[-2.44861,6.26516],[-2.45114,6.26671],[-2.45179,6.26534],[-2.45081,6.26384],[-2.45252,6.26267],[-2.4534,6.26274],[-2.45396,6.26505],[-2.4562,6.26331],[-2.45558,6.26276],[-2.45391,6.26283],[-2.45393,6.26221],[-2.45697,6.262],[-2.45768,6.26377],[-2.46001,6.26084],[-2.46061,6.26107],[-2.46084,6.26312],[-2.4632,6.26122],[-2.4629,6.25915],[-2.46122,6.25872],[-2.46073,6.25768],[-2.46259,6.25525],[-2.46277,6.25399],[-2.4649,6.25363],[-2.46677,6.25554],[-2.46783,6.25508],[-2.46652,6.2527],[-2.46831,6.25237],[-2.46856,6.25156],[-2.4667,6.25143],[-2.46816,6.2499],[-2.46803,6.24833],[-2.469,6.24863],[-2.4695,6.24809],[-2.4671,6.24581],[-2.46749,6.24279],[-2.47075,6.23965],[-2.47161,6.23791],[-2.47386,6.23671],[-2.47398,6.23529],[-2.47526,6.23339],[-2.47962,6.23508],[-2.47995,6.2324],[-2.48387,6.23615],[-2.48185,6.23741],[-2.48193,6.23802],[-2.48339,6.23779],[-2.48503,6.23655],[-2.48671,6.23861],[-2.48752,6.23865],[-2.48987,6.23739],[-2.4898,6.23601],[-2.49332,6.23762],[-2.4942,6.23761],[-2.49498,6.23675],[-2.49463,6.23842],[-2.49685,6.23838],[-2.49716,6.23747],[-2.49609,6.23555],[-2.49662,6.23487],[-2.49822,6.23508],[-2.49888,6.23412],[-2.49933,6.23542],[-2.49997,6.23529],[-2.4995,6.23384],[-2.50002,6.23336],[-2.50087,6.23446],[-2.50283,6.23457],[-2.50283,6.23371],[-2.50187,6.23296],[-2.50339,6.23206],[-2.503,6.2299],[-2.50262,6.22946],[-2.50078,6.22968],[-2.50019,6.229],[-2.5017,6.22876],[-2.50233,6.22703],[-2.50408,6.22774],[-2.50495,6.22727],[-2.50462,6.22591],[-2.50576,6.22475],[-2.50476,6.22336],[-2.50538,6.22033],[-2.50458,6.21936],[-2.50543,6.21748],[-2.50859,6.21755],[-2.50884,6.22074],[-2.50971,6.22239],[-2.51061,6.22256],[-2.51424,6.21974],[-2.51456,6.21733],[-2.51639,6.21683],[-2.51603,6.21497],[-2.51725,6.21314],[-2.5193,6.21516],[-2.52124,6.21436],[-2.52085,6.21638],[-2.52232,6.21807],[-2.52498,6.21756],[-2.52564,6.21874],[-2.52308,6.22066],[-2.52329,6.22465],[-2.52015,6.2265],[-2.51844,6.22968],[-2.51568,6.23122],[-2.51604,6.2356],[-2.51717,6.2359],[-2.51945,6.23445],[-2.5213,6.23211],[-2.52165,6.23433],[-2.5231,6.23514],[-2.52357,6.23629],[-2.52344,6.23867],[-2.52481,6.2398],[-2.528,6.24021],[-2.52888,6.23924],[-2.5285,6.23728],[-2.52915,6.2365],[-2.53086,6.23744],[-2.53302,6.23645],[-2.53423,6.23854],[-2.53291,6.24001],[-2.53395,6.24125],[-2.53452,6.2442],[-2.53742,6.24572],[-2.54001,6.24561],[-2.54188,6.24464],[-2.5439,6.24602],[-2.54494,6.24464],[-2.54591,6.24609],[-2.54655,6.24568],[-2.54606,6.24409],[-2.5471,6.243],[-2.54901,6.24522],[-2.55002,6.24202],[-2.54776,6.24191],[-2.54619,6.24033],[-2.54767,6.2358],[-2.55172,6.23372],[-2.55021,6.23257],[-2.54989,6.23023],[-2.55316,6.22895],[-2.55281,6.23024],[-2.55367,6.23108],[-2.55565,6.22829],[-2.55744,6.22774],[-2.55855,6.22835],[-2.56042,6.22796],[-2.56052,6.22611],[-2.56172,6.22517],[-2.56031,6.22387],[-2.56055,6.22349],[-2.56176,6.22348],[-2.56262,6.22467],[-2.56392,6.22507],[-2.56409,6.22332],[-2.56551,6.22377],[-2.56692,6.22142],[-2.56827,6.22154],[-2.56953,6.22081],[-2.56994,6.22127],[-2.56883,6.22303],[-2.56993,6.22299],[-2.57124,6.22113],[-2.57094,6.21912],[-2.57165,6.21798],[-2.57265,6.2184],[-2.57372,6.22073],[-2.57462,6.22079],[-2.57589,6.21941],[-2.57752,6.21946],[-2.57644,6.21795],[-2.57379,6.21703],[-2.57585,6.21634],[-2.57646,6.21489],[-2.57723,6.21659],[-2.57783,6.21651],[-2.57898,6.21468],[-2.57771,6.21398],[-2.57803,6.21318],[-2.58044,6.21473],[-2.58092,6.21378],[-2.58034,6.21175],[-2.58222,6.21035],[-2.58014,6.21029],[-2.58055,6.20847],[-2.57898,6.20921],[-2.58157,6.20731],[-2.5796,6.20671],[-2.57948,6.20514],[-2.57835,6.20585],[-2.579,6.20728],[-2.57821,6.20812],[-2.57682,6.20627],[-2.5772,6.20466],[-2.57629,6.2044],[-2.57512,6.20539],[-2.5751,6.20707],[-2.57308,6.20495],[-2.5705,6.20503],[-2.57089,6.20205],[-2.56997,6.20251],[-2.56973,6.20365],[-2.56855,6.20316],[-2.56851,6.20237],[-2.56981,6.20112],[-2.56831,6.20091],[-2.56791,6.20004],[-2.56996,6.20001],[-2.57038,6.19878],[-2.56702,6.19846],[-2.56708,6.19765],[-2.56828,6.1971],[-2.56844,6.19505],[-2.56764,6.1932],[-2.56484,6.19226],[-2.56527,6.19146],[-2.56651,6.19141],[-2.56795,6.19018],[-2.568,6.18887],[-2.56682,6.18804],[-2.56769,6.18691],[-2.56777,6.1856],[-2.5709,6.18636],[-2.57125,6.18058],[-2.5731,6.18024],[-2.57481,6.18178],[-2.57827,6.18249],[-2.57894,6.18319],[-2.5808,6.18292],[-2.58125,6.18231],[-2.58042,6.1796],[-2.5807,6.17872],[-2.58301,6.18129],[-2.58454,6.18031],[-2.58345,6.17894],[-2.58428,6.17697],[-2.58412,6.17555],[-2.5807,6.17468],[-2.57807,6.17547],[-2.57658,6.17432],[-2.57706,6.17082],[-2.57782,6.16987],[-2.57928,6.17021],[-2.57448,6.16702],[-2.57582,6.16575],[-2.57726,6.16265],[-2.57598,6.15789],[-2.57701,6.15614],[-2.57954,6.15556],[-2.58057,6.15665],[-2.58119,6.15654],[-2.58472,6.1547],[-2.58898,6.15916],[-2.58993,6.15803],[-2.59364,6.15796],[-2.59406,6.15547],[-2.59988,6.15467],[-2.5998,6.15327],[-2.59882,6.15345]]}},{"type":"Feature","properties":{"name":"Tano River"},"geometry":{"type":"LineString","coordinates":[[-2.54939,5.9801],[-2.54399,5.98069],[-2.53881,5.97957],[-2.53758,5.97806],[-2.53691,5.97402],[-2.53496,5.97032],[-2.53492,5.96863],[-2.53603,5.96628],[-2.53534,5.96502],[-2.53107,5.9695],[-2.52224,5.96942],[-2.51485,5.96671],[-2.5165,5.95774],[-2.51615,5.95508],[-2.50803,5.95057],[-2.50751,5.94918],[-2.50797,5.94809],[-2.51032,5.94665],[-2.51056,5.9459],[-2.51001,5.94369],[-2.50945,5.94174],[-2.50348,5.93775],[-2.50306,5.93671],[-2.50393,5.9311],[-2.50162,5.92694],[-2.50162,5.92593],[-2.50616,5.92327],[-2.50656,5.92159],[-2.5006,5.92062],[-2.49851,5.91934],[-2.49655,5.91657],[-2.49901,5.91412],[-2.50073,5.91361],[-2.50513,5.91362],[-2.50941,5.91472],[-2.5099,5.91392],[-2.50919,5.90801],[-2.5102,5.90534],[-2.50863,5.90176],[-2.51046,5.89933],[-2.50919,5.89786],[-2.50706,5.8973],[-2.50036,5.8978],[-2.4978,5.89621],[-2.49686,5.89156],[-2.49824,5.88922],[-2.4982,5.88798],[-2.49567,5.88343],[-2.49541,5.88172],[-2.49029,5.87577],[-2.48603,5.86862],[-2.48719,5.86751],[-2.48969,5.86883],[-2.49558,5.86648],[-2.49855,5.87286],[-2.49959,5.87346],[-2.50484,5.87072],[-2.50527,5.86969],[-2.50501,5.86781],[-2.50204,5.86417],[-2.50243,5.86344],[-2.5041,5.86301],[-2.5057,5.86442],[-2.50849,5.8643],[-2.51056,5.86592],[-2.51194,5.86601],[-2.51318,5.86472],[-2.51637,5.85753],[-2.52033,5.83951],[-2.51998,5.83553],[-2.51934,5.8339],[-2.51607,5.83373],[-2.51168,5.8354],[-2.51133,5.83437],[-2.51207,5.83352],[-2.51241,5.83043],[-2.51396,5.82923],[-2.51697,5.82885],[-2.51813,5.82812],[-2.5171,5.82525],[-2.51594,5.82418],[-2.50978,5.82341],[-2.50694,5.82615],[-2.50548,5.82662],[-2.50053,5.82645],[-2.49842,5.8253],[-2.49739,5.82333],[-2.49558,5.8223],[-2.4936,5.82213],[-2.49003,5.82354],[-2.48788,5.82594],[-2.48616,5.82662],[-2.48525,5.82615],[-2.48525,5.8217],[-2.48379,5.81939],[-2.48607,5.81571],[-2.48663,5.81138],[-2.48569,5.80928],[-2.4831,5.80702],[-2.48319,5.80586],[-2.48629,5.80192],[-2.49162,5.79961],[-2.49421,5.80128],[-2.49554,5.80577],[-2.49808,5.80924],[-2.49971,5.80997],[-2.50238,5.80881],[-2.50273,5.80697],[-2.50139,5.80303],[-2.50161,5.80046],[-2.49644,5.79871],[-2.49481,5.79623],[-2.49718,5.79396],[-2.50161,5.79464],[-2.50268,5.79439],[-2.50311,5.79353],[-2.50243,5.79182],[-2.49765,5.7904],[-2.4961,5.78668],[-2.4986,5.78334],[-2.50187,5.78445],[-2.50462,5.78351],[-2.50643,5.78128],[-2.50664,5.78004],[-2.5057,5.77803],[-2.50677,5.77696],[-2.50884,5.77709],[-2.5109,5.77807],[-2.51374,5.778],[-2.5162,5.78013],[-2.51878,5.78056],[-2.52222,5.78372],[-2.52889,5.78544],[-2.52794,5.78972],[-2.52235,5.79173],[-2.52226,5.79331],[-2.52377,5.79524],[-2.53472,5.79524],[-2.53638,5.79708],[-2.53733,5.79721],[-2.53862,5.79635],[-2.53961,5.79391],[-2.54215,5.79336],[-2.54903,5.79468],[-2.55458,5.79353],[-2.55652,5.79439],[-2.56267,5.80183],[-2.56482,5.80299],[-2.56603,5.80462],[-2.56581,5.80761],[-2.56771,5.81065],[-2.56898,5.81093],[-2.57245,5.80683],[-2.57791,5.8086],[-2.57997,5.80851],[-2.58092,5.80796],[-2.58114,5.80697],[-2.58015,5.80599],[-2.58002,5.8035],[-2.57881,5.80162],[-2.57911,5.80068],[-2.57997,5.80046],[-2.58092,5.79807],[-2.58083,5.79541],[-2.57795,5.79357],[-2.57614,5.79413],[-2.57365,5.79387],[-2.57094,5.7922],[-2.57119,5.79015],[-2.5727,5.78908],[-2.57558,5.78865],[-2.57791,5.78732],[-2.57804,5.78488],[-2.577,5.78184],[-2.57079,5.77077],[-2.57094,5.76856],[-2.57326,5.76548],[-2.57444,5.76494],[-2.57707,5.76099],[-2.5813,5.76049],[-2.58562,5.75893],[-2.5884,5.75716],[-2.58918,5.75565],[-2.59143,5.75539],[-2.59376,5.75427],[-2.59435,5.75279],[-2.59304,5.75228],[-2.59306,5.75107],[-2.59365,5.75081],[-2.595,5.75197],[-2.59663,5.75184],[-2.59616,5.75023],[-2.59708,5.74974],[-2.59836,5.74721],[-2.59766,5.74621],[-2.60424,5.73953],[-2.60553,5.73943],[-2.60724,5.73733],[-2.60584,5.73394],[-2.60345,5.73402],[-2.60004,5.73313],[-2.59601,5.73393],[-2.59439,5.73339],[-2.5922,5.73497],[-2.59359,5.74037],[-2.59346,5.74171],[-2.59225,5.74278],[-2.58987,5.74217],[-2.58633,5.74017],[-2.58458,5.74001],[-2.58321,5.74086],[-2.58089,5.74037],[-2.57994,5.73956],[-2.57994,5.73819],[-2.57762,5.73566],[-2.57189,5.73219],[-2.57026,5.72919],[-2.56591,5.72448],[-2.56591,5.72273],[-2.56948,5.71802],[-2.56802,5.7116],[-2.56492,5.70911],[-2.5626,5.70847],[-2.56006,5.70907],[-2.55911,5.70783],[-2.55657,5.70731],[-2.55464,5.70569],[-2.55507,5.70462],[-2.55906,5.70434],[-2.56004,5.70244],[-2.55306,5.69193],[-2.5509,5.68982],[-2.55073,5.68837],[-2.55302,5.68551],[-2.5561,5.68456],[-2.55948,5.68456],[-2.56256,5.68621],[-2.56464,5.68609],[-2.56718,5.68688],[-2.57002,5.69094],[-2.57143,5.69114],[-2.57416,5.68617],[-2.5734,5.68196],[-2.57461,5.67889],[-2.57417,5.67807],[-2.57256,5.67858],[-2.57121,5.68071],[-2.56933,5.6814],[-2.5654,5.68144],[-2.56412,5.67852],[-2.56414,5.67523],[-2.56651,5.67511],[-2.5694,5.6766],[-2.57313,5.67685],[-2.57555,5.67196],[-2.57533,5.67013],[-2.57314,5.66764],[-2.57346,5.66616],[-2.57486,5.664],[-2.57629,5.66346],[-2.57924,5.66503],[-2.58124,5.66399],[-2.58079,5.66082],[-2.57921,5.65871],[-2.57688,5.65765],[-2.56874,5.66016],[-2.56003,5.6613],[-2.55633,5.65809],[-2.55789,5.65704],[-2.55611,5.64952],[-2.55358,5.64786],[-2.5531,5.64662],[-2.55524,5.64193],[-2.55713,5.64137],[-2.55762,5.64221],[-2.56016,5.64229],[-2.56366,5.64528],[-2.56845,5.6475],[-2.57353,5.64784],[-2.57516,5.64723],[-2.57593,5.64267],[-2.57482,5.6349],[-2.57501,5.63097],[-2.57336,5.62753],[-2.57365,5.6268],[-2.57531,5.62608],[-2.57858,5.62769],[-2.58067,5.62733],[-2.58242,5.62357],[-2.58106,5.62096],[-2.57809,5.61786],[-2.57404,5.61653],[-2.5691,5.60823],[-2.56909,5.60493],[-2.56584,5.5971],[-2.56838,5.59324],[-2.57126,5.59147],[-2.57129,5.59071],[-2.57005,5.58977],[-2.56876,5.58731],[-2.56286,5.58817],[-2.56179,5.58761],[-2.55885,5.58297],[-2.55966,5.58104],[-2.56083,5.58041],[-2.56389,5.58262],[-2.56521,5.58257],[-2.56636,5.58131],[-2.5671,5.57861],[-2.56609,5.5749],[-2.56791,5.56075],[-2.56991,5.55926],[-2.5736,5.56275],[-2.5762,5.56283],[-2.57713,5.56229],[-2.57586,5.55957],[-2.57065,5.5567],[-2.56902,5.55503],[-2.56875,5.55383],[-2.57038,5.55032],[-2.57257,5.54237],[-2.57424,5.54192],[-2.57909,5.54316],[-2.58079,5.54847],[-2.58661,5.54622],[-2.59107,5.54688],[-2.5927,5.54539],[-2.59261,5.54117],[-2.5991,5.53443],[-2.59912,5.53361],[-2.59747,5.53257],[-2.59645,5.53083],[-2.59547,5.52686],[-2.59728,5.5258],[-2.60242,5.52742],[-2.60418,5.52651],[-2.60408,5.52365],[-2.59958,5.51743],[-2.5988,5.51215],[-2.59132,5.5183],[-2.58684,5.51763],[-2.5825,5.51785],[-2.57941,5.51435],[-2.57865,5.51153],[-2.58445,5.49951],[-2.58398,5.49659],[-2.58056,5.4933],[-2.57964,5.48637],[-2.58048,5.48516],[-2.58414,5.48606],[-2.59134,5.48548],[-2.59636,5.48681],[-2.59741,5.48623],[-2.59824,5.48291],[-2.60104,5.47926],[-2.60097,5.47582],[-2.59933,5.46947],[-2.59827,5.46867],[-2.59433,5.46785],[-2.59134,5.46935],[-2.59076,5.4677],[-2.59102,5.4636],[-2.59194,5.46304],[-2.59418,5.46391],[-2.59966,5.46451],[-2.60304,5.46587],[-2.6077,5.46495],[-2.60701,5.46202],[-2.60491,5.46247],[-2.60373,5.46182],[-2.6012,5.4548],[-2.6031,5.45115],[-2.60445,5.44985],[-2.60599,5.44906],[-2.60842,5.44924],[-2.61111,5.44774],[-2.61156,5.44436],[-2.60893,5.43519],[-2.61112,5.42954],[-2.61728,5.42612],[-2.61846,5.42474],[-2.61844,5.42268],[-2.61672,5.41846],[-2.61805,5.41248]]}},{"type":"Feature","properties":{"name":"River Disue"},"geometry":{"type":"LineString","coordinates":[[-2.76111,5.83588],[-2.76053,5.83681],[-2.75859,5.83605],[-2.75809,5.835],[-2.75729,5.83588],[-2.75621,5.83534],[-2.75471,5.83593],[-2.75418,5.83459],[-2.75104,5.83436],[-2.75283,5.83251],[-2.75247,5.8317],[-2.74552,5.82948],[-2.74396,5.82471],[-2.74324,5.82494],[-2.74309,5.82762],[-2.74123,5.82805],[-2.74036,5.82619],[-2.74077,5.82365],[-2.73868,5.82229],[-2.73525,5.82174],[-2.73442,5.82044],[-2.73311,5.82024],[-2.73297,5.81972],[-2.73423,5.81854],[-2.73068,5.81805],[-2.72859,5.81438],[-2.72747,5.81531],[-2.7269,5.81508],[-2.72551,5.81166],[-2.72444,5.81104],[-2.72396,5.80974],[-2.72329,5.80972],[-2.72058,5.80435],[-2.72095,5.80299],[-2.72276,5.8021],[-2.72142,5.80386],[-2.72169,5.80444],[-2.72556,5.8043],[-2.72712,5.79981],[-2.73125,5.79977],[-2.73445,5.79731],[-2.73337,5.79444],[-2.72503,5.79422],[-2.72639,5.79012],[-2.72736,5.78911],[-2.72691,5.78859],[-2.72731,5.78749],[-2.72798,5.78706],[-2.72656,5.78359],[-2.72948,5.78374],[-2.73083,5.78274],[-2.7267,5.7813],[-2.72512,5.78157],[-2.72593,5.77912],[-2.72298,5.78042],[-2.72129,5.78237],[-2.72001,5.78173],[-2.71888,5.78279],[-2.71695,5.78203],[-2.71625,5.77807],[-2.71332,5.77893],[-2.71132,5.77763],[-2.70728,5.77748],[-2.70621,5.77861],[-2.70596,5.78062],[-2.70395,5.78013],[-2.70392,5.77573],[-2.7064,5.77403],[-2.70597,5.77305],[-2.70384,5.77319],[-2.70268,5.77215],[-2.70241,5.77053],[-2.70355,5.76567],[-2.70242,5.76643],[-2.70056,5.76944],[-2.69936,5.76988],[-2.69854,5.76792],[-2.70027,5.76406],[-2.69691,5.76206],[-2.69644,5.76248],[-2.6975,5.76507],[-2.69724,5.76591],[-2.69415,5.76828],[-2.69329,5.76803],[-2.69302,5.76705],[-2.69334,5.76419],[-2.69116,5.76643],[-2.68809,5.76554],[-2.68813,5.7669],[-2.6917,5.76902],[-2.69191,5.77168],[-2.69114,5.77305],[-2.68979,5.77358],[-2.68878,5.77202],[-2.68746,5.77221],[-2.68614,5.77401],[-2.6853,5.77695],[-2.68388,5.77734],[-2.68257,5.77465],[-2.68517,5.77419],[-2.68477,5.77137],[-2.68177,5.77268],[-2.67814,5.77234],[-2.67951,5.77104],[-2.68009,5.76601],[-2.67886,5.76563],[-2.67653,5.76748],[-2.676,5.7673],[-2.6761,5.76635],[-2.67759,5.76477],[-2.67924,5.75953],[-2.67852,5.7595],[-2.67808,5.76052],[-2.67543,5.76234],[-2.6762,5.75966],[-2.67213,5.75917],[-2.67102,5.75776],[-2.66874,5.75697],[-2.66693,5.75459],[-2.66276,5.75786],[-2.66388,5.75104],[-2.66233,5.75072],[-2.6609,5.75214],[-2.65904,5.75152],[-2.65724,5.75237],[-2.65639,5.74912],[-2.65446,5.74804],[-2.65421,5.75112],[-2.65333,5.75136],[-2.65125,5.74945],[-2.65156,5.75186],[-2.64872,5.75446],[-2.64787,5.75348],[-2.64748,5.7501],[-2.6465,5.7503],[-2.64658,5.7518],[-2.64608,5.75219],[-2.64345,5.75151],[-2.63444,5.75112],[-2.63188,5.75032],[-2.63131,5.7485],[-2.63061,5.74813],[-2.63031,5.74863],[-2.63155,5.75182],[-2.63419,5.75353],[-2.63502,5.75483],[-2.63448,5.75567],[-2.62892,5.75601],[-2.62714,5.75484],[-2.6264,5.75256],[-2.62559,5.75318],[-2.62574,5.75636],[-2.62454,5.75847],[-2.62352,5.75789],[-2.62375,5.75557],[-2.62164,5.75459],[-2.61728,5.75747],[-2.61678,5.75598],[-2.61847,5.7512],[-2.61487,5.74333],[-2.61444,5.74292],[-2.61048,5.74471],[-2.61011,5.74784],[-2.60459,5.74921],[-2.60372,5.74777],[-2.60439,5.74646],[-2.60416,5.7452],[-2.60127,5.74391],[-2.60495,5.73944]]}},{"type":"Feature","properties":{"name":"Black Volta"},"geometry":{"type":"LineString","coordinates":[[-1.85492,8.65433],[-1.85161,8.6557],[-1.84572,8.66005],[-1.8422,8.66142],[-1.8376,8.66211],[-1.82724,8.66116],[-1.81658,8.66262],[-1.81305,8.66211],[-1.78856,8.65268],[-1.7774,8.64582],[-1.77225,8.64362],[-1.76858,8.64096],[-1.76178,8.63435],[-1.75526,8.63061],[-1.74155,8.62695],[-1.737,8.62662],[-1.73225,8.62722],[-1.72058,8.63163],[-1.70746,8.63791],[-1.69575,8.64115],[-1.69305,8.64304],[-1.68591,8.65016],[-1.68247,8.65864],[-1.68161,8.66371],[-1.6831,8.67324],[-1.68247,8.6766],[-1.67931,8.68315],[-1.67682,8.68553],[-1.65673,8.6953],[-1.65457,8.69531],[-1.64665,8.69247],[-1.64461,8.69135],[-1.63894,8.68592],[-1.62855,8.67979],[-1.61185,8.67616],[-1.60867,8.67663],[-1.60099,8.67606],[-1.5902,8.67646],[-1.58422,8.67582],[-1.57522,8.67714],[-1.56592,8.67665],[-1.55456,8.67479],[-1.5515,8.67508],[-1.52775,8.68143],[-1.51207,8.68962],[-1.50961,8.69205],[-1.50814,8.69627],[-1.50755,8.70138],[-1.49961,8.73918],[-1.49127,8.75284],[-1.48472,8.76003],[-1.4778,8.76437],[-1.47459,8.7655],[-1.45049,8.76615],[-1.43879,8.76763],[-1.42151,8.77283],[-1.41049,8.77484],[-1.40404,8.77431],[-1.3941,8.77127],[-1.37555,8.76785],[-1.36613,8.76294],[-1.35814,8.76056],[-1.35408,8.75857],[-1.35089,8.75618],[-1.34034,8.74557],[-1.32986,8.73936],[-1.31761,8.72879],[-1.30939,8.72273],[-1.30394,8.72082],[-1.29243,8.7216],[-1.2873,8.72049],[-1.28452,8.71789],[-1.28047,8.71168],[-1.2704,8.70118],[-1.26455,8.69291],[-1.26216,8.69085],[-1.24586,8.68273],[-1.23051,8.67618],[-1.22183,8.67347],[-1.21159,8.66919],[-1.20932,8.66869],[-1.2038,8.66898],[-1.19764,8.67082],[-1.19515,8.67208],[-1.18712,8.67918],[-1.17961,8.68207],[-1.17537,8.683],[-1.16607,8.68311],[-1.14144,8.68102],[-1.13272,8.68092]]}},{"type":"Feature","properties":{"name":"Tain"},"geometry":{"type":"LineString","coordinates":[[-2.14995,7.99468],[-2.14921,7.99522],[-2.1482,7.9995],[-2.1476,8.00005],[-2.14594,7.99988],[-2.14647,8.00198],[-2.14442,8.00301],[-2.14386,8.00436],[-2.14356,8.00841],[-2.14441,8.0093],[-2.14265,8.0157],[-2.14092,8.01673],[-2.14006,8.01835],[-2.13565,8.01978],[-2.13545,8.02808],[-2.13278,8.03039],[-2.13084,8.02875],[-2.13124,8.0267],[-2.13084,8.02643],[-2.12602,8.02702],[-2.12447,8.02993],[-2.12143,8.03172],[-2.12094,8.0361],[-2.11921,8.03667],[-2.11687,8.03594],[-2.11656,8.03769],[-2.11411,8.03851],[-2.11284,8.04024],[-2.11379,8.04287],[-2.1209,8.04578],[-2.12284,8.04768],[-2.12465,8.04768],[-2.12519,8.04856],[-2.12669,8.04908],[-2.12849,8.04889],[-2.131,8.05218],[-2.13076,8.05464],[-2.12998,8.05605],[-2.12877,8.05671],[-2.12048,8.0517],[-2.11589,8.052],[-2.11507,8.0539],[-2.1179,8.05629],[-2.11739,8.05797],[-2.12137,8.05983],[-2.12294,8.06123],[-2.12331,8.06205],[-2.12163,8.06391],[-2.12133,8.06526],[-2.1224,8.06612],[-2.12262,8.07075],[-2.12441,8.07462],[-2.12916,8.07769],[-2.13443,8.07893],[-2.13569,8.08089],[-2.13484,8.08187],[-2.13171,8.08133],[-2.12738,8.08367],[-2.12661,8.08575],[-2.12895,8.0873],[-2.12875,8.08879],[-2.12438,8.08832],[-2.12327,8.08893],[-2.12177,8.09047],[-2.12098,8.09386],[-2.12172,8.09604],[-2.121,8.09763],[-2.11624,8.09968],[-2.11916,8.10738],[-2.11914,8.11069],[-2.11858,8.11248],[-2.11688,8.11409],[-2.11675,8.11724],[-2.11849,8.12304],[-2.12118,8.1252],[-2.12143,8.12729],[-2.12079,8.12858],[-2.12181,8.13072],[-2.12112,8.13213],[-2.11696,8.13408],[-2.11684,8.13581]]}},{"type":"Feature","properties":{"name":"Tain"},"geometry":{"type":"LineString","coordinates":[[-2.19557,7.79194],[-2.19615,7.79514],[-2.19576,7.79644],[-2.19426,7.79694],[-2.19427,7.79801],[-2.19335,7.79909],[-2.19063,7.79946],[-2.18797,7.8026],[-2.18519,7.80197],[-2.18142,7.80294],[-2.17983,7.80521],[-2.1779,7.80571],[-2.17659,7.80741],[-2.17538,7.80737],[-2.17495,7.80844],[-2.17353,7.80924],[-2.17355,7.81024],[-2.17111,7.81094],[-2.17066,7.81272],[-2.16617,7.81534],[-2.16597,7.81581],[-2.16684,7.81655],[-2.16652,7.81923],[-2.1678,7.8204],[-2.1679,7.82128],[-2.16705,7.8218],[-2.16731,7.82484],[-2.16592,7.82721],[-2.16691,7.82908],[-2.16618,7.83042],[-2.16738,7.83161],[-2.16642,7.8343],[-2.16512,7.83504],[-2.16325,7.83481],[-2.15951,7.83322],[-2.15875,7.83192],[-2.15509,7.83128],[-2.15291,7.83281],[-2.15321,7.83362],[-2.15185,7.8359],[-2.14994,7.83669],[-2.15125,7.83804],[-2.15431,7.83595],[-2.15502,7.8395],[-2.15709,7.84353],[-2.15641,7.84374],[-2.15565,7.84289],[-2.15435,7.8438],[-2.15416,7.84521],[-2.15188,7.8445],[-2.15071,7.84481],[-2.14739,7.84289],[-2.14672,7.84333],[-2.14681,7.8462],[-2.14903,7.85145],[-2.15039,7.85337],[-2.15233,7.85432],[-2.15235,7.85616],[-2.15022,7.85748],[-2.14983,7.86196],[-2.15301,7.86684],[-2.15299,7.86843],[-2.15063,7.86958],[-2.14526,7.86807],[-2.14356,7.86574],[-2.13901,7.86566],[-2.13727,7.86624],[-2.13737,7.86696],[-2.13585,7.86886],[-2.13651,7.87256],[-2.13885,7.87495],[-2.14097,7.87631],[-2.14452,7.87717],[-2.14822,7.88143],[-2.14795,7.8851],[-2.14713,7.8851],[-2.14463,7.8832],[-2.14122,7.88433],[-2.14134,7.88535],[-2.146,7.88997],[-2.149,7.89113],[-2.15059,7.89483],[-2.15043,7.8958],[-2.15304,7.9008],[-2.15765,7.90573],[-2.16036,7.90691],[-2.16056,7.91118],[-2.16424,7.91385],[-2.16246,7.91893],[-2.1616,7.91963],[-2.16025,7.91945],[-2.15738,7.92215],[-2.15628,7.93111],[-2.15762,7.93288],[-2.15811,7.93492],[-2.15773,7.93596],[-2.15254,7.9386],[-2.14927,7.93367],[-2.14723,7.93336],[-2.14497,7.93672],[-2.14816,7.94282],[-2.14702,7.94368],[-2.14514,7.94389],[-2.14412,7.9451],[-2.14245,7.94504],[-2.14022,7.94638],[-2.1389,7.95289],[-2.13779,7.95427],[-2.13731,7.95636],[-2.13781,7.95757],[-2.14115,7.95997],[-2.14335,7.96268],[-2.142,7.96554],[-2.14363,7.96866],[-2.14273,7.97151],[-2.14047,7.97197],[-2.13798,7.97718],[-2.13962,7.98025],[-2.14432,7.98314],[-2.14544,7.9846],[-2.14715,7.9887],[-2.14799,7.98916],[-2.14957,7.99198],[-2.15031,7.9938],[-2.14995,7.99468]]}},{"type":"Feature","properties":{"name":"Tombe"},"geometry":{"type":"LineString","coordinates":[[-2.2888,8.10193],[-2.28714,8.10213],[-2.28433,8.10095],[-2.28354,8.09899],[-2.28037,8.09874],[-2.27305,8.09253],[-2.27204,8.09255],[-2.27056,8.09505],[-2.26911,8.09534],[-2.26834,8.09778],[-2.2659,8.09656],[-2.26506,8.097],[-2.26271,8.09402],[-2.25822,8.094],[-2.25201,8.09136],[-2.25082,8.09343],[-2.24932,8.09423],[-2.24809,8.09732],[-2.23941,8.10098],[-2.23788,8.10007]]}},{"type":"Feature","properties":{"name":"Tombe"},"geometry":{"type":"LineString","coordinates":[[-2.23788,8.10007],[-2.23587,8.10278],[-2.2317,8.10497],[-2.23178,8.10588],[-2.23049,8.10736],[-2.23033,8.10849],[-2.22888,8.10967],[-2.22691,8.10957],[-2.22643,8.11024],[-2.22328,8.11087],[-2.22153,8.10974],[-2.22016,8.10985],[-2.2183,8.10836],[-2.21819,8.10757],[-2.21544,8.10739],[-2.216,8.10681],[-2.21498,8.10612],[-2.2148,8.1048],[-2.21208,8.10357],[-2.21261,8.10174],[-2.21124,8.09978],[-2.20895,8.09716],[-2.20649,8.0961],[-2.20544,8.09475],[-2.20428,8.09471],[-2.2013,8.09303],[-2.20036,8.09466],[-2.19865,8.09429],[-2.19443,8.09646]]}},{"type":"Feature","properties":{"name":"Tombe"},"geometry":{"type":"LineString","coordinates":[[-2.19443,8.09646],[-2.1914,8.09444],[-2.18406,8.09139],[-2.18231,8.092],[-2.18211,8.0936],[-2.17959,8.09835],[-2.17742,8.10024],[-2.17597,8.10055],[-2.17198,8.09787],[-2.16751,8.09635],[-2.15852,8.09722],[-2.15367,8.09527],[-2.15251,8.09544],[-2.15196,8.09619],[-2.15274,8.09749],[-2.14935,8.09876],[-2.14726,8.10137],[-2.14214,8.09713],[-2.13771,8.09901],[-2.13522,8.1019],[-2.12647,8.09815],[-2.12602,8.10002],[-2.12428,8.10222],[-2.12224,8.10093],[-2.11885,8.10034],[-2.11762,8.09909]]}},{"type":"Feature","properties":{"name":"Black Volta"},"geometry":{"type":"LineString","coordinates":[[-1.13272,8.68092],[-1.12442,8.68179],[-1.11511,8.68406],[-1.11144,8.68591],[-1.10363,8.69168],[-1.09187,8.69479],[-1.08211,8.70016],[-1.07645,8.70222],[-1.05175,8.70154],[-1.04372,8.70037],[-1.0287,8.69486],[-1.01748,8.68881],[-1.01027,8.68406],[-1.00089,8.67435],[-0.98896,8.655],[-0.98262,8.64782]]}},{"type":"Feature","properties":{"name":"Pra River"},"geometry":{"type":"LineString","coordinates":[[-1.2254,5.93483],[-1.22709,5.93284],[-1.22901,5.93252],[-1.23322,5.93447],[-1.23535,5.93394],[-1.23629,5.9334],[-1.23757,5.93102],[-1.23889,5.93074],[-1.24207,5.93225],[-1.24268,5.93193],[-1.24339,5.93039],[-1.24331,5.92626],[-1.24573,5.92232],[-1.24567,5.918],[-1.24531,5.91637],[-1.24366,5.91435],[-1.24406,5.91346],[-1.24758,5.91282],[-1.24969,5.91461],[-1.25271,5.91384],[-1.25539,5.91024],[-1.2564,5.91164],[-1.25553,5.91562],[-1.25609,5.91661],[-1.25859,5.91665],[-1.26118,5.91456],[-1.26325,5.90921],[-1.26227,5.9069],[-1.26241,5.90543],[-1.26109,5.90415],[-1.25794,5.90389],[-1.26074,5.90007],[-1.26068,5.89369],[-1.26121,5.89128],[-1.263,5.89032]]}},{"type":"Feature","properties":{},"geometry":{"type":"LineString","coordinates":[[-0.76741,9.40887],[-0.7659,9.40983],[-0.76506,9.40968],[-0.76476,9.40879],[-0.76411,9.40911],[-0.76446,9.40777],[-0.76598,9.40735],[-0.76454,9.40641],[-0.76564,9.40568],[-0.76445,9.40561],[-0.76388,9.40444],[-0.76437,9.40364],[-0.76291,9.40421],[-0.76317,9.40369],[-0.76248,9.40339],[-0.76198,9.40451],[-0.76064,9.4025],[-0.76053,9.40355],[-0.75975,9.40364],[-0.75955,9.4029],[-0.75908,9.40339],[-0.75925,9.40477],[-0.75879,9.40488],[-0.75666,9.40318],[-0.75571,9.40429],[-0.75526,9.40321],[-0.75436,9.4047],[-0.75364,9.40391],[-0.75279,9.40519],[-0.75167,9.40411],[-0.75252,9.40309],[-0.75184,9.40253],[-0.75086,9.40337],[-0.74928,9.40161],[-0.74939,9.40026],[-0.75024,9.40055],[-0.75006,9.3996],[-0.74889,9.39952],[-0.74775,9.40068],[-0.74739,9.39978],[-0.74652,9.40069],[-0.7467,9.39975],[-0.74421,9.40006],[-0.74491,9.39932],[-0.74263,9.39827],[-0.74085,9.39925],[-0.74215,9.39721],[-0.74138,9.3964],[-0.74107,9.39742],[-0.74028,9.39719],[-0.73972,9.39877],[-0.73916,9.39822],[-0.73903,9.39912],[-0.73799,9.39919],[-0.73717,9.40255],[-0.73596,9.4021],[-0.73609,9.40306],[-0.73458,9.40362],[-0.73431,9.40292]]}},{"type":"Feature","properties":{"name":"Bia"},"geometry":{"type":"LineString","coordinates":[[-2.85931,6.71085],[-2.86206,6.70564],[-2.86229,6.70412],[-2.86181,6.70418],[-2.86106,6.70228],[-2.85943,6.7013],[-2.85818,6.69784],[-2.85945,6.69729],[-2.86139,6.69756],[-2.8625,6.69686],[-2.86264,6.69594],[-2.86143,6.69242],[-2.85937,6.69159],[-2.85788,6.68933],[-2.85754,6.68816],[-2.85844,6.6885],[-2.85804,6.68738],[-2.85888,6.687],[-2.85812,6.68665],[-2.85796,6.68552],[-2.85726,6.68555],[-2.85783,6.68492],[-2.85661,6.68411],[-2.85574,6.68464],[-2.85561,6.68396],[-2.85494,6.68386],[-2.85636,6.68292],[-2.85435,6.68073],[-2.85246,6.68074],[-2.8518,6.67973],[-2.85112,6.68049],[-2.85066,6.67924],[-2.84936,6.67899],[-2.8494,6.67579],[-2.8488,6.67548],[-2.84938,6.67383],[-2.84826,6.67351],[-2.84805,6.67275],[-2.84867,6.67018],[-2.84949,6.66963],[-2.84822,6.66809],[-2.85084,6.66735],[-2.85112,6.66639],[-2.85031,6.66601],[-2.85199,6.66611],[-2.85303,6.66496],[-2.85224,6.6648],[-2.85211,6.66314],[-2.85372,6.66361],[-2.85502,6.66296],[-2.85777,6.65905],[-2.86133,6.65947],[-2.86272,6.66037],[-2.86538,6.65898],[-2.86925,6.65876],[-2.87339,6.65721],[-2.87729,6.65398]]}},{"type":"Feature","properties":{},"geometry":{"type":"LineString","coordinates":[[-1.40071,6.8601],[-1.40117,6.85871],[-1.40589,6.85814],[-1.41163,6.85008]]}},{"type":"Feature","properties":{},"geometry":{"type":"LineString","coordinates":[[-1.40021,6.85268],[-1.40175,6.85024],[-1.40321,6.84972],[-1.40781,6.84945],[-1.41119,6.85026],[-1.41398,6.84911],[-1.41491,6.84762],[-1.41598,6.84773]]}},{"type":"Feature","properties":{},"geometry":{"type":"LineString","coordinates":[[-2.90963,5.09882],[-2.91247,5.09737],[-2.91409,5.09901],[-2.9141,5.1018],[-2.91635,5.10606],[-2.91678,5.10822],[-2.92073,5.11245],[-2.92259,5.11311],[-2.92592,5.11278],[-2.92816,5.11088],[-2.93165,5.10578],[-2.93344,5.10436]]}},{"type":"Feature","properties":{"name":"Sissai"},"geometry":{"type":"LineString","coordinates":[[-1.60441,6.71824],[-1.60091,6.7171],[-1.60006,6.71513],[-1.60107,6.70772],[-1.60036,6.70408],[-1.60201,6.69617],[-1.59787,6.68955],[-1.59769,6.68814],[-1.59513,6.68368],[-1.59468,6.67672],[-1.59587,6.6663],[-1.59358,6.66389],[-1.59321,6.66234],[-1.59511,6.66002],[-1.59778,6.65297],[-1.60103,6.65015],[-1.60048,6.64295],[-1.60112,6.63844],[-1.60186,6.63722],[-1.60165,6.63412]]}},{"type":"Feature","properties":{},"geometry":{"type":"LineString","coordinates":[[-1.61238,6.66834],[-1.61094,6.66212],[-1.61299,6.65485],[-1.61274,6.64803],[-1.6148,6.64313],[-1.61172,6.63939],[-1.61182,6.6369],[-1.60857,6.63393],[-1.60723,6.63064],[-1.60485,6.62831],[-1.60394,6.62837],[-1.60349,6.62725]]}},{"type":"Feature","properties":{"name":"Sissili River"},"geometry":{"type":"LineString","coordinates":[[-1.42631,11.02103],[-1.42436,11.01913],[-1.42415,11.01437],[-1.42596,11.01235],[-1.42916,11.01255],[-1.43172,11.00978],[-1.43155,11.00791],[-1.42898,11.00343],[-1.42804,11.00016],[-1.42827,10.99797],[-1.42946,10.99582]]}},{"type":"Feature","properties":{},"geometry":{"type":"LineString","coordinates":[[-1.22269,11.07623],[-1.22176,11.07647],[-1.21963,11.07452],[-1.2175,11.07375],[-1.21526,11.07382],[-1.21315,11.07682],[-1.21181,11.07626],[-1.2077,11.07766],[-1.20714,11.07718],[-1.20756,11.07624],[-1.2069,11.07566],[-1.20175,11.07566],[-1.20112,11.07457],[-1.19892,11.07435],[-1.19874,11.07388],[-1.1965,11.0743],[-1.19579,11.07514],[-1.19264,11.07515],[-1.19052,11.07728],[-1.18681,11.07596],[-1.18156,11.07719],[-1.18053,11.0753],[-1.17783,11.07632],[-1.17684,11.07739],[-1.17572,11.07703],[-1.17598,11.07509],[-1.17492,11.07412],[-1.17456,11.06941],[-1.17307,11.06327],[-1.17204,11.06188],[-1.17292,11.057],[-1.17047,11.05456],[-1.17047,11.04931],[-1.16972,11.04645],[-1.17014,11.0458],[-1.17233,11.04575],[-1.17334,11.04186],[-1.17551,11.04002],[-1.17629,11.03796],[-1.17953,11.03514],[-1.17873,11.03209],[-1.18066,11.02676],[-1.17989,11.0248],[-1.17958,11.02011],[-1.17794,11.01921],[-1.17719,11.01786],[-1.17842,11.0167],[-1.17822,11.01399],[-1.17883,11.01185],[-1.1775,11.00589],[-1.17665,11.00454],[-1.17322,11.00194],[-1.17266,10.99987],[-1.16848,10.99724],[-1.16759,10.99586],[-1.16764,10.99162],[-1.16885,10.98929],[-1.17127,10.98686],[-1.17108,10.98043],[-1.17217,10.97978],[-1.17308,10.97719]]}},{"type":"Feature","properties":{},"geometry":{"type":"LineString","coordinates":[[-2.71386,10.49258],[-2.71394,10.49462],[-2.71512,10.49554],[-2.71475,10.49742],[-2.71576,10.49817],[-2.71547,10.49943],[-2.71633,10.50063],[-2.71637,10.50282],[-2.71537,10.50343],[-2.7166,10.50452],[-2.7161,10.50535],[-2.71685,10.50632],[-2.71612,10.50767],[-2.71649,10.50919],[-2.71514,10.51029],[-2.71513,10.51148],[-2.71396,10.5127],[-2.7127,10.51608],[-2.71346,10.51888],[-2.71515,10.52002],[-2.7166,10.51981],[-2.71858,10.52118],[-2.71859,10.5227],[-2.7208,10.52689],[-2.72058,10.52879],[-2.72312,10.53405],[-2.72432,10.53475],[-2.72383,10.53605]]}},{"type":"Feature","properties":{},"geometry":{"type":"LineString","coordinates":[[-2.71376,10.51912],[-2.71427,10.52226],[-2.71303,10.52656],[-2.71208,10.5274],[-2.7119,10.52949],[-2.70983,10.53033],[-2.70755,10.53009]]}},{"type":"Feature","properties":{},"geometry":{"type":"LineString","coordinates":[[-2.7119,10.52949],[-2.71455,10.53269],[-2.71388,10.53713]]}},{"type":"Feature","properties":{},"geometry":{"type":"LineString","coordinates":[[-0.42055,6.30084],[-0.42116,6.29856],[-0.41822,6.29696],[-0.41761,6.29219],[-0.4151,6.29084],[-0.41218,6.29207],[-0.41148,6.29166]]}},{"type":"Feature","properties":{"name":"White Volta"},"geometry":{"type":"LineString","coordinates":[[-0.36157,11.06917],[-0.36619,11.06235],[-0.37306,11.05493],[-0.37424,11.05181],[-0.37455,11.04718],[-0.37409,11.04529],[-0.37274,11.04399],[-0.3686,11.0427],[-0.36789,11.0417],[-0.36808,11.0396],[-0.36936,11.03696],[-0.37533,11.03172],[-0.38183,11.02856],[-0.38854,11.02417],[-0.38951,11.02148],[-0.38928,11.01693],[-0.38357,11.00958],[-0.38442,11.00182],[-0.3844,10.99333],[-0.38698,10.98911],[-0.3897,10.98612],[-0.39016,10.98449],[-0.38974,10.98248],[-0.38774,10.97953],[-0.38668,10.97666],[-0.38613,10.96931],[-0.38235,10.96572],[-0.37942,10.96442],[-0.37469,10.96371],[-0.3705,10.95997],[-0.36462,10.95838],[-0.3637,10.9566],[-0.36379,10.95535],[-0.36914,10.94446],[-0.37188,10.94377],[-0.37623,10.94542],[-0.37808,10.94551],[-0.38132,10.9426],[-0.3815,10.9385],[-0.37353,10.93164],[-0.371,10.92773],[-0.37113,10.92522],[-0.37194,10.92422],[-0.37358,10.92383],[-0.37886,10.92413],[-0.37976,10.92318],[-0.38003,10.91409],[-0.381,10.91102],[-0.38094,10.90904],[-0.37731,10.90293],[-0.37757,10.90091],[-0.38121,10.89597],[-0.38398,10.89489],[-0.38564,10.89568],[-0.3879,10.89989],[-0.38936,10.89961],[-0.38959,10.89733],[-0.38734,10.89006],[-0.3875,10.87772],[-0.38548,10.87244],[-0.38373,10.86991],[-0.38319,10.86748],[-0.38375,10.86479],[-0.38621,10.86123],[-0.38956,10.85826],[-0.39426,10.85755],[-0.39586,10.85543],[-0.39595,10.85373],[-0.39313,10.84298],[-0.38681,10.82798],[-0.3822,10.82384],[-0.37472,10.82106],[-0.37266,10.81592],[-0.36849,10.81099],[-0.36769,10.80699],[-0.36353,10.80534],[-0.36118,10.80293],[-0.35791,10.80319],[-0.35457,10.79948]]}},{"type":"Feature","properties":{},"geometry":{"type":"LineString","coordinates":[[-1.01055,6.41697],[-1.01095,6.41643],[-1.01041,6.4148],[-1.01204,6.41375],[-1.01309,6.41392],[-1.01335,6.41534],[-1.01427,6.41429],[-1.01985,6.41334],[-1.01989,6.40908],[-1.02155,6.40851],[-1.02485,6.4082],[-1.02781,6.40884],[-1.03079,6.40821],[-1.03234,6.40916],[-1.03368,6.41237],[-1.03491,6.41223],[-1.03528,6.41053],[-1.03706,6.4108],[-1.03796,6.4091],[-1.04107,6.40756],[-1.0387,6.40516],[-1.03812,6.40353],[-1.0396,6.40343],[-1.04136,6.4021],[-1.04182,6.40027],[-1.04556,6.40041],[-1.04579,6.39889],[-1.04671,6.39847],[-1.04829,6.39898],[-1.04903,6.40009],[-1.05235,6.39789],[-1.05529,6.39757],[-1.05627,6.3968],[-1.05607,6.39457],[-1.06043,6.39383],[-1.06333,6.39155],[-1.06719,6.39005],[-1.0674,6.38898],[-1.06865,6.38822],[-1.06914,6.38701],[-1.06817,6.38334],[-1.07024,6.38326],[-1.07174,6.3811],[-1.07336,6.38016],[-1.07641,6.38033],[-1.07663,6.37884],[-1.07912,6.37729],[-1.08199,6.37714],[-1.08287,6.37488],[-1.08459,6.37498],[-1.08636,6.3742],[-1.08818,6.37197],[-1.09017,6.37179],[-1.09149,6.37009],[-1.09335,6.36992],[-1.09521,6.36761],[-1.09701,6.36713],[-1.09866,6.36511],[-1.1027,6.36414],[-1.10483,6.36233],[-1.10537,6.36115],[-1.10502,6.35733],[-1.10783,6.35573],[-1.10987,6.35658],[-1.11079,6.3563],[-1.11174,6.35452],[-1.11406,6.35314],[-1.11299,6.35236],[-1.11344,6.35074],[-1.11202,6.34435],[-1.1106,6.34364],[-1.1105,6.34299],[-1.11257,6.34163],[-1.11269,6.34216],[-1.11343,6.34171],[-1.11326,6.34026],[-1.11237,6.34005],[-1.11225,6.33909],[-1.11458,6.33437],[-1.11437,6.33309],[-1.11579,6.33243],[-1.11791,6.33284],[-1.11853,6.33213],[-1.1193,6.32733],[-1.12009,6.32688],[-1.11938,6.32627],[-1.11784,6.32642],[-1.11709,6.32525],[-1.11605,6.32606],[-1.11587,6.32461],[-1.11485,6.32407],[-1.1165,6.32313],[-1.11552,6.32162],[-1.11716,6.32208],[-1.11807,6.32048],[-1.12091,6.31982],[-1.12242,6.32045],[-1.12369,6.31923],[-1.12566,6.3198],[-1.12615,6.31894],[-1.12737,6.31886],[-1.12716,6.31805],[-1.12863,6.3177],[-1.12873,6.31696],[-1.13108,6.31624],[-1.13109,6.3151],[-1.1324,6.31476],[-1.13137,6.31088],[-1.13066,6.31088],[-1.13005,6.30971],[-1.13157,6.30871],[-1.13003,6.30799],[-1.12931,6.30659],[-1.12972,6.30445]]}},{"type":"Feature","properties":{},"geometry":{"type":"LineString","coordinates":[[-1.12972,6.30445],[-1.13007,6.30292],[-1.12809,6.30187],[-1.12978,6.30024],[-1.12968,6.29939],[-1.13224,6.29952],[-1.13179,6.29834],[-1.13447,6.2996],[-1.13481,6.29831],[-1.13586,6.30011],[-1.13658,6.29997],[-1.13736,6.29931],[-1.13597,6.29867],[-1.13797,6.29864],[-1.13719,6.29791],[-1.13872,6.29647],[-1.13878,6.29465],[-1.1371,6.29371],[-1.13688,6.2925],[-1.13452,6.29306],[-1.13554,6.2916],[-1.13365,6.29023],[-1.13298,6.29018],[-1.13284,6.29119],[-1.13138,6.2908],[-1.13198,6.28958],[-1.13062,6.28999],[-1.13028,6.28895],[-1.1312,6.28767],[-1.12996,6.28818],[-1.12829,6.28763],[-1.12781,6.28549],[-1.12857,6.28511],[-1.12833,6.28331],[-1.12955,6.28288],[-1.12903,6.28247],[-1.13003,6.2816],[-1.13015,6.27986],[-1.13158,6.27986],[-1.1305,6.27926],[-1.13023,6.27757],[-1.12886,6.27714],[-1.12958,6.27619],[-1.12947,6.27536],[-1.12837,6.27533],[-1.12806,6.27391],[-1.12861,6.27246],[-1.12773,6.27205],[-1.12821,6.27111],[-1.12544,6.26961],[-1.12485,6.27106],[-1.12291,6.27068],[-1.12345,6.26978],[-1.12242,6.27104],[-1.12093,6.26993],[-1.11889,6.27073],[-1.11794,6.26973],[-1.11655,6.26961],[-1.11658,6.26873],[-1.11815,6.26784],[-1.11764,6.26566],[-1.11686,6.26536],[-1.11769,6.26394],[-1.1192,6.26349],[-1.11884,6.26269],[-1.11968,6.26148],[-1.12155,6.26151],[-1.12013,6.25698],[-1.1222,6.25648],[-1.12194,6.25534],[-1.12364,6.25405],[-1.12336,6.25017],[-1.12237,6.24945],[-1.12352,6.24872],[-1.12354,6.24729],[-1.12417,6.24664],[-1.12355,6.24622],[-1.12435,6.24578],[-1.12399,6.2449],[-1.12537,6.24322],[-1.12383,6.24255],[-1.12297,6.2412],[-1.12366,6.24068],[-1.12286,6.23958],[-1.12155,6.23995],[-1.12249,6.23914],[-1.12094,6.23775],[-1.12221,6.23787],[-1.12109,6.23691],[-1.12277,6.23627],[-1.12279,6.23526],[-1.12561,6.23305],[-1.12343,6.23245],[-1.12279,6.23101],[-1.12417,6.22968],[-1.12302,6.22913],[-1.12312,6.22863],[-1.12269,6.22837],[-1.12244,6.22897],[-1.12193,6.22808],[-1.12016,6.22797]]}},{"type":"Feature","properties":{},"geometry":{"type":"LineString","coordinates":[[-0.86563,5.3845],[-0.86365,5.38156],[-0.86492,5.3804],[-0.86461,5.37964],[-0.86559,5.37793],[-0.86621,5.37778],[-0.86576,5.37524],[-0.86617,5.37334],[-0.86521,5.37331],[-0.86486,5.37226],[-0.86294,5.37107],[-0.86297,5.36793],[-0.86354,5.36775],[-0.86333,5.36728],[-0.86446,5.36737],[-0.86315,5.36618],[-0.86564,5.36681],[-0.86516,5.36516],[-0.86665,5.36533],[-0.86667,5.36385],[-0.86604,5.36398],[-0.86636,5.36303],[-0.86946,5.36069],[-0.87048,5.3607],[-0.87091,5.35917],[-0.86968,5.35797],[-0.8695,5.35692],[-0.86996,5.35596],[-0.87148,5.35518],[-0.86984,5.3545],[-0.87033,5.35352],[-0.86967,5.35279],[-0.87097,5.35163],[-0.87054,5.35059],[-0.87121,5.34989],[-0.87215,5.3501],[-0.87251,5.34893],[-0.87099,5.3486],[-0.87204,5.34686],[-0.87093,5.34623],[-0.87067,5.34501],[-0.87149,5.34502],[-0.87102,5.34418],[-0.87177,5.3421],[-0.87151,5.34115],[-0.87319,5.34103],[-0.8724,5.33914],[-0.8736,5.33906],[-0.87338,5.33807],[-0.87439,5.33773],[-0.87393,5.33548],[-0.87228,5.33512],[-0.87382,5.33492],[-0.87321,5.33359],[-0.87381,5.33358],[-0.87392,5.33291],[-0.87334,5.3325],[-0.875,5.33219],[-0.87544,5.32942],[-0.87786,5.32926],[-0.88134,5.32781],[-0.88097,5.32575],[-0.8817,5.32501],[-0.88273,5.32551],[-0.8834,5.32483],[-0.88299,5.32377],[-0.88481,5.32321],[-0.88678,5.32058],[-0.88666,5.31963],[-0.88736,5.31985],[-0.88777,5.31767],[-0.8871,5.31606],[-0.88944,5.31586],[-0.88966,5.31481],[-0.89179,5.31325],[-0.89153,5.31242],[-0.89256,5.31283],[-0.89489,5.3112],[-0.89674,5.3121],[-0.89619,5.31101],[-0.89705,5.311],[-0.89763,5.31015],[-0.89914,5.31093],[-0.90022,5.31043],[-0.90051,5.30811],[-0.90124,5.30798],[-0.90185,5.30889],[-0.90319,5.30796],[-0.90462,5.3079],[-0.90523,5.30695],[-0.90458,5.30563],[-0.90567,5.30612],[-0.90592,5.30457],[-0.90728,5.30373],[-0.90688,5.30255],[-0.90774,5.30242],[-0.90715,5.30152],[-0.90811,5.30087],[-0.90782,5.2996],[-0.90903,5.299],[-0.90837,5.2986],[-0.91013,5.29398],[-0.90884,5.2928],[-0.9089,5.29193],[-0.90788,5.29139],[-0.90753,5.29038],[-0.90801,5.28924],[-0.90673,5.28979],[-0.9071,5.28613],[-0.90643,5.28536],[-0.90719,5.28422],[-0.90631,5.28339],[-0.90593,5.28164],[-0.90486,5.28048],[-0.90369,5.28036],[-0.904,5.27904],[-0.9031,5.27913],[-0.90172,5.27743],[-0.89982,5.27739],[-0.90016,5.2782],[-0.89949,5.27842],[-0.89906,5.27611],[-0.89714,5.27716],[-0.89643,5.27621],[-0.8975,5.27507],[-0.89583,5.27454],[-0.89638,5.2724],[-0.89581,5.27238],[-0.89658,5.27159],[-0.89631,5.27012],[-0.89719,5.26953],[-0.89605,5.2679],[-0.89697,5.26768],[-0.89685,5.26583],[-0.89831,5.26527],[-0.89894,5.26569],[-0.89925,5.26512],[-0.89874,5.26322],[-0.89917,5.2625],[-0.89831,5.26105],[-0.89893,5.25873],[-0.89972,5.25849],[-0.89876,5.25492],[-0.89982,5.25472],[-0.89878,5.25286],[-0.9015,5.24967],[-0.90086,5.24866],[-0.90142,5.24557],[-0.90248,5.24575],[-0.90278,5.2452],[-0.90215,5.24469],[-0.90209,5.24166],[-0.90461,5.24117],[-0.90319,5.23967],[-0.90366,5.23688],[-0.9052,5.23584],[-0.90496,5.23528],[-0.90655,5.23565],[-0.90716,5.23643],[-0.90639,5.23703],[-0.90871,5.23833],[-0.90902,5.23705],[-0.90995,5.23793],[-0.91112,5.23711],[-0.9105,5.23575],[-0.91366,5.23599],[-0.91358,5.2346],[-0.91216,5.23549],[-0.91102,5.23345],[-0.90993,5.23303],[-0.91154,5.23224],[-0.91262,5.23294],[-0.91361,5.22767],[-0.91851,5.22612],[-0.91855,5.22292],[-0.91377,5.22121],[-0.91359,5.21829],[-0.91258,5.21768],[-0.9112,5.21405],[-0.90889,5.21055],[-0.90882,5.2092],[-0.91058,5.20804],[-0.91828,5.20716],[-0.92066,5.20633],[-0.9279,5.20627],[-0.92803,5.20532]]}},{"type":"Feature","properties":{},"geometry":{"type":"LineString","coordinates":[[-1.01603,5.65239],[-1.0155,5.65018],[-1.01661,5.64931],[-1.01339,5.64627],[-1.01335,5.64505],[-1.01438,5.64447],[-1.01439,5.64337],[-1.0134,5.64166],[-1.01245,5.64176],[-1.01008,5.63934],[-1.01232,5.63735],[-1.01231,5.63532],[-1.01057,5.6342],[-1.01226,5.63137],[-1.01195,5.6295],[-1.01103,5.62921],[-1.01044,5.62753],[-1.00798,5.62689],[-1.0066,5.62524],[-1.00401,5.62616],[-1.00339,5.62238],[-1.00007,5.62296],[-1.00012,5.62125],[-0.99875,5.62121],[-0.99766,5.61864],[-0.99424,5.61625],[-0.99442,5.61422],[-0.99377,5.61356],[-0.99466,5.61279],[-0.99469,5.61127],[-0.99172,5.60923],[-0.99145,5.60799],[-0.99503,5.6039],[-0.99521,5.6005],[-0.99352,5.5964],[-0.99237,5.59545],[-0.99178,5.59198],[-0.98844,5.59206],[-0.98797,5.59122],[-0.98843,5.58948],[-0.98976,5.58874],[-0.98867,5.58755],[-0.99175,5.5862],[-0.9922,5.58415],[-0.99103,5.58442],[-0.99038,5.58366],[-0.9901,5.58216],[-0.99061,5.58121],[-0.98927,5.57866],[-0.98751,5.57842],[-0.98629,5.5767],[-0.9852,5.57655],[-0.98533,5.57421],[-0.98291,5.57135],[-0.984,5.56982],[-0.98481,5.56968],[-0.98527,5.56692],[-0.98344,5.56727],[-0.98349,5.56628],[-0.982,5.56585],[-0.9812,5.56361],[-0.98199,5.56276],[-0.98098,5.56196],[-0.98164,5.56188],[-0.9814,5.56028],[-0.9804,5.56046],[-0.97998,5.5599],[-0.97886,5.56134],[-0.9772,5.56175],[-0.97715,5.56265],[-0.9745,5.56312],[-0.97409,5.56245],[-0.97339,5.56291],[-0.97202,5.56096],[-0.97072,5.56038],[-0.97029,5.55537],[-0.97082,5.55476],[-0.96918,5.55358],[-0.96958,5.55274],[-0.96766,5.55349],[-0.96814,5.55482],[-0.96701,5.55519],[-0.96478,5.55376],[-0.96401,5.55283],[-0.96427,5.55227],[-0.96306,5.55199],[-0.96293,5.55117],[-0.9617,5.55225],[-0.95914,5.55084],[-0.95836,5.55122],[-0.95805,5.5504],[-0.95225,5.54841],[-0.95132,5.546],[-0.95024,5.54701],[-0.94921,5.54632],[-0.94645,5.54643],[-0.94638,5.54554],[-0.94577,5.54537],[-0.94655,5.54472]]}},{"type":"Feature","properties":{},"geometry":{"type":"LineString","coordinates":[[-0.9243,5.50071],[-0.92476,5.49671],[-0.92376,5.49497],[-0.92427,5.49415],[-0.92425,5.49277],[-0.92347,5.4921],[-0.92376,5.49015],[-0.92282,5.49054],[-0.92293,5.48881],[-0.92197,5.48916],[-0.92157,5.4876],[-0.92069,5.48768],[-0.91977,5.4863],[-0.91928,5.48631],[-0.91966,5.48706],[-0.9163,5.48639],[-0.91506,5.48475],[-0.91489,5.48326],[-0.91659,5.48081],[-0.91547,5.47917],[-0.91605,5.47829],[-0.91526,5.4764],[-0.91547,5.47269],[-0.91449,5.47086],[-0.91384,5.47085],[-0.91411,5.46975],[-0.91166,5.469],[-0.90993,5.46712],[-0.90754,5.46818],[-0.90514,5.46626],[-0.90284,5.46536],[-0.90294,5.46387],[-0.90131,5.4633],[-0.90133,5.46213],[-0.90197,5.46163],[-0.90319,5.46201],[-0.90342,5.46059],[-0.90425,5.46067],[-0.90303,5.45866],[-0.90369,5.45847],[-0.90251,5.45789],[-0.8972,5.45752],[-0.89626,5.45644],[-0.89664,5.45454],[-0.89615,5.4538],[-0.89146,5.45246],[-0.89135,5.45333],[-0.8908,5.45315],[-0.8912,5.45171],[-0.89323,5.45115],[-0.89294,5.45018],[-0.89405,5.44966],[-0.89335,5.44866],[-0.89389,5.44614],[-0.89295,5.44554],[-0.89001,5.44608],[-0.88883,5.44738],[-0.88783,5.44759],[-0.88718,5.44699],[-0.88696,5.4465],[-0.888,5.4455],[-0.88649,5.44485],[-0.88646,5.44184],[-0.88695,5.44124],[-0.88639,5.44024],[-0.8854,5.44043],[-0.88573,5.43888],[-0.88495,5.43919],[-0.88601,5.43674],[-0.88485,5.43723],[-0.88475,5.43583],[-0.88571,5.43512],[-0.88507,5.43464],[-0.88549,5.43418],[-0.88328,5.43262],[-0.88003,5.43201],[-0.87999,5.43091],[-0.87942,5.43078],[-0.87974,5.42954],[-0.87817,5.42894],[-0.87835,5.42814],[-0.87748,5.42768],[-0.87826,5.4272],[-0.87576,5.42789],[-0.87505,5.4267],[-0.87139,5.42595],[-0.87089,5.42338]]}},{"type":"Feature","properties":{},"geometry":{"type":"LineString","coordinates":[[-1.81429,5.33647],[-1.81431,5.33498],[-1.81613,5.33424],[-1.81663,5.33351],[-1.81633,5.33273],[-1.8172,5.33262],[-1.81635,5.33233],[-1.81722,5.33096],[-1.81699,5.32975],[-1.82082,5.32643],[-1.81979,5.32621],[-1.82091,5.32388],[-1.81967,5.322],[-1.81903,5.32234],[-1.81781,5.32118],[-1.81751,5.32169],[-1.81578,5.32091],[-1.81683,5.31994],[-1.81609,5.31921],[-1.81726,5.3187],[-1.81624,5.31794],[-1.81678,5.31729],[-1.81494,5.31705],[-1.81483,5.31654],[-1.81539,5.31547],[-1.81696,5.31542],[-1.81716,5.31454],[-1.81873,5.31404],[-1.81835,5.31314],[-1.81966,5.31187],[-1.81981,5.31072],[-1.82045,5.31071],[-1.82021,5.30915],[-1.82204,5.30802],[-1.8225,5.30676],[-1.82409,5.30721],[-1.82498,5.3065],[-1.82474,5.30353],[-1.82596,5.30136],[-1.82516,5.30099],[-1.82444,5.29936],[-1.82441,5.29431],[-1.82536,5.29339],[-1.82697,5.29324],[-1.82709,5.29192],[-1.82866,5.29156],[-1.82879,5.28948],[-1.83005,5.29077],[-1.83107,5.28871],[-1.83161,5.28873],[-1.83193,5.28995],[-1.83315,5.28979],[-1.83462,5.28884],[-1.83474,5.2864],[-1.83718,5.28564],[-1.83682,5.28494],[-1.83737,5.28494],[-1.83738,5.2841],[-1.83504,5.28284],[-1.83508,5.28019],[-1.83675,5.28029],[-1.83591,5.28109],[-1.83649,5.28133],[-1.83874,5.28038],[-1.83883,5.27869],[-1.84099,5.27888],[-1.8419,5.27802],[-1.84241,5.27922],[-1.84331,5.27919],[-1.84373,5.27982],[-1.84538,5.27828],[-1.84778,5.2783],[-1.84866,5.27917],[-1.84924,5.27869],[-1.849,5.27789],[-1.84991,5.27776],[-1.84982,5.2756],[-1.85219,5.27342],[-1.85325,5.27318],[-1.85431,5.27009],[-1.85497,5.27069],[-1.85538,5.26989],[-1.85756,5.26972],[-1.85759,5.26773],[-1.8586,5.26664],[-1.86284,5.2661],[-1.86365,5.26433],[-1.86345,5.26068],[-1.86495,5.26108],[-1.86588,5.25994],[-1.86596,5.26079],[-1.86699,5.26062],[-1.86819,5.25777],[-1.87151,5.25765],[-1.87062,5.25678],[-1.87143,5.25534],[-1.87445,5.25428],[-1.87454,5.25364],[-1.87372,5.25313],[-1.87494,5.25246],[-1.87486,5.25152],[-1.87658,5.2505],[-1.87692,5.24939],[-1.87629,5.24798],[-1.87648,5.24592],[-1.87554,5.24582],[-1.87544,5.24469],[-1.87433,5.24356],[-1.87436,5.24203],[-1.87591,5.24207],[-1.87644,5.2407],[-1.87722,5.24106],[-1.87831,5.23953],[-1.87829,5.23846],[-1.87939,5.23841],[-1.88079,5.23698],[-1.8808,5.23579],[-1.87906,5.23472],[-1.87872,5.23334]]}},{"type":"Feature","properties":{},"geometry":{"type":"LineString","coordinates":[[-0.74415,8.93512],[-0.74492,8.9338],[-0.74449,8.92835],[-0.7413,8.92821],[-0.74093,8.92911],[-0.74139,8.93059],[-0.74304,8.93137],[-0.74346,8.93221],[-0.7426,8.93389],[-0.74122,8.93462],[-0.73836,8.93278],[-0.73413,8.93256],[-0.73275,8.93178],[-0.73266,8.9237],[-0.73637,8.91644],[-0.73725,8.9119],[-0.7369,8.90816],[-0.73804,8.90461],[-0.73592,8.89708],[-0.73337,8.89385],[-0.73585,8.89201],[-0.74003,8.89025],[-0.74293,8.89082],[-0.74438,8.89004],[-0.74298,8.88743],[-0.74417,8.8863],[-0.74578,8.88598],[-0.74617,8.88502],[-0.74106,8.876],[-0.73428,8.8719],[-0.73275,8.86993],[-0.73465,8.86791],[-0.73878,8.86588],[-0.74103,8.8636],[-0.74299,8.86288],[-0.7474,8.86413],[-0.74802,8.86495],[-0.75025,8.86457],[-0.75495,8.86545],[-0.75807,8.86464],[-0.75967,8.86217],[-0.76158,8.86394],[-0.76312,8.86284],[-0.7648,8.8567],[-0.76485,8.85159],[-0.7632,8.84844],[-0.75891,8.84666],[-0.75826,8.8455],[-0.76647,8.84088],[-0.76943,8.84192],[-0.77063,8.84167],[-0.77052,8.84002],[-0.77183,8.83892],[-0.76842,8.83807],[-0.76793,8.83742],[-0.76853,8.83552],[-0.77224,8.83535],[-0.77305,8.83475],[-0.77334,8.83402],[-0.7722,8.8333],[-0.77218,8.83245],[-0.77362,8.83208],[-0.77379,8.83307],[-0.77466,8.83303],[-0.77422,8.83141],[-0.77291,8.83017],[-0.77364,8.8268],[-0.77606,8.82804],[-0.78559,8.82781],[-0.78723,8.82673],[-0.79097,8.82186],[-0.79134,8.81988],[-0.78934,8.81636],[-0.79099,8.81276],[-0.78788,8.80863],[-0.78586,8.8047],[-0.78474,8.80117],[-0.78496,8.79983],[-0.78333,8.79691],[-0.78304,8.79509],[-0.78647,8.79133],[-0.79016,8.78895],[-0.7924,8.78824],[-0.7964,8.78849],[-0.79858,8.78755],[-0.79957,8.77977],[-0.79774,8.7764],[-0.79485,8.77451],[-0.79178,8.77365],[-0.79172,8.7726],[-0.79375,8.77218],[-0.79434,8.77098],[-0.79277,8.76844],[-0.7941,8.76669],[-0.79256,8.76436],[-0.79284,8.761],[-0.79059,8.75657],[-0.78694,8.75289],[-0.78614,8.74989],[-0.78818,8.74895],[-0.79182,8.74515],[-0.79463,8.74426],[-0.79852,8.74503],[-0.80027,8.7442],[-0.8007,8.73883],[-0.80311,8.73549],[-0.80595,8.73525],[-0.81125,8.73639],[-0.81258,8.73596],[-0.8122,8.7265],[-0.81041,8.72386],[-0.80815,8.72715],[-0.80634,8.72553],[-0.80625,8.71998],[-0.8079,8.71715],[-0.81737,8.7167],[-0.82416,8.71499],[-0.82721,8.71538],[-0.8299,8.71769],[-0.83283,8.71776],[-0.83882,8.71434],[-0.84015,8.70955],[-0.84226,8.70904],[-0.84617,8.7067],[-0.84758,8.70355],[-0.84675,8.70179],[-0.84478,8.70028],[-0.83936,8.68947],[-0.83805,8.68816],[-0.83445,8.68805],[-0.8313,8.68985],[-0.82904,8.68656],[-0.81731,8.68593],[-0.81621,8.68149],[-0.8137,8.68045],[-0.80975,8.68022],[-0.80393,8.68098],[-0.79737,8.6806],[-0.79187,8.67869],[-0.78917,8.6764],[-0.78672,8.67343],[-0.78368,8.6672],[-0.77861,8.65031],[-0.77694,8.63966]]}},{"type":"Feature","properties":{},"geometry":{"type":"LineString","coordinates":[[-0.78607,8.75047],[-0.78699,8.7504],[-0.78734,8.7493]]}},{"type":"Feature","properties":{},"geometry":{"type":"LineString","coordinates":[[-0.636,9.27812],[-0.63765,9.27682],[-0.63752,9.27499]]}},{"type":"Feature","properties":{},"geometry":{"type":"LineString","coordinates":[[-0.63439,9.30873],[-0.63536,9.30781],[-0.63658,9.30414],[-0.63818,9.30468],[-0.63859,9.30367],[-0.64093,9.30263],[-0.64079,9.30186],[-0.63973,9.30136],[-0.64095,9.29864],[-0.63858,9.29629],[-0.63913,9.29457],[-0.63804,9.2928],[-0.63927,9.29197],[-0.63493,9.29002],[-0.6347,9.28841],[-0.6369,9.28557],[-0.636,9.28547],[-0.63543,9.28402],[-0.63456,9.2841],[-0.6313,9.28153],[-0.63262,9.27904],[-0.636,9.27812],[-0.63659,9.27715],[-0.63619,9.27594],[-0.63752,9.27499],[-0.63478,9.27191],[-0.63579,9.27152],[-0.63553,9.27047],[-0.6363,9.2701],[-0.63626,9.26817],[-0.63724,9.26754],[-0.63747,9.26412],[-0.6363,9.26233],[-0.63707,9.26117],[-0.63707,9.25955],[-0.63778,9.25838],[-0.63868,9.25823],[-0.63872,9.25604],[-0.63804,9.25536],[-0.63917,9.25357],[-0.6394,9.25183],[-0.64048,9.25103],[-0.64173,9.25172],[-0.64236,9.25115],[-0.64211,9.2494],[-0.64502,9.24803],[-0.64497,9.2463],[-0.64408,9.24519],[-0.6445,9.24439],[-0.64318,9.24449],[-0.64298,9.24387],[-0.64383,9.24189],[-0.64285,9.24133],[-0.64279,9.24066],[-0.64368,9.24009],[-0.64288,9.23814],[-0.64407,9.23714],[-0.64304,9.23563],[-0.64329,9.23439],[-0.64428,9.2341],[-0.64554,9.23221],[-0.64508,9.23165],[-0.64565,9.23041],[-0.64712,9.22917],[-0.64711,9.22725],[-0.64897,9.22463],[-0.64916,9.2233],[-0.64647,9.22229],[-0.64761,9.21965],[-0.64538,9.21808],[-0.64486,9.21656],[-0.64528,9.21316],[-0.64392,9.21218],[-0.64381,9.21089],[-0.64238,9.21017],[-0.64118,9.2076],[-0.64514,9.20318],[-0.64525,9.19944],[-0.64628,9.19922],[-0.64686,9.19833],[-0.64523,9.19562],[-0.64639,9.19512],[-0.64632,9.19421],[-0.64406,9.19255],[-0.64357,9.19149],[-0.64333,9.18816],[-0.64163,9.18817],[-0.64295,9.18548],[-0.64254,9.18428],[-0.64317,9.18183],[-0.64215,9.18131],[-0.64111,9.17868],[-0.64253,9.17698],[-0.64378,9.17764],[-0.64471,9.17633],[-0.64446,9.1754],[-0.64298,9.17543],[-0.64328,9.17309],[-0.64412,9.17285],[-0.64621,9.17377],[-0.64777,9.17288],[-0.64695,9.17028],[-0.64753,9.16924],[-0.64716,9.1676],[-0.6495,9.16557],[-0.64904,9.16411],[-0.64776,9.1632],[-0.64851,9.16207],[-0.64784,9.16133],[-0.64817,9.15945],[-0.64924,9.15868],[-0.64703,9.1566],[-0.6491,9.15264],[-0.65071,9.15209],[-0.65109,9.1477],[-0.6519,9.1464],[-0.65096,9.14328],[-0.65087,9.1367],[-0.64946,9.13456],[-0.64756,9.13419],[-0.64801,9.13042],[-0.64598,9.12897],[-0.64671,9.12757],[-0.64828,9.12708],[-0.65064,9.12437],[-0.65206,9.12412],[-0.65131,9.12167],[-0.65231,9.12053],[-0.65354,9.12066],[-0.65433,9.11985],[-0.65495,9.11785],[-0.65432,9.11325],[-0.65553,9.11129],[-0.65594,9.10903],[-0.65515,9.10729],[-0.65641,9.10637],[-0.65718,9.10441],[-0.6592,9.10342],[-0.6586,9.10254],[-0.65953,9.10051],[-0.66209,9.1007],[-0.66279,9.10024],[-0.66297,9.09589],[-0.66193,9.09402],[-0.665,9.09102],[-0.66275,9.09016],[-0.66373,9.08888],[-0.66431,9.08683],[-0.66397,9.08532],[-0.66476,9.08402],[-0.66452,9.08084],[-0.66359,9.07999],[-0.66372,9.07924],[-0.66651,9.07587],[-0.66683,9.07381],[-0.66877,9.07066],[-0.66832,9.069],[-0.66997,9.06655],[-0.66881,9.06546],[-0.6636,9.06538],[-0.66079,9.0633],[-0.65931,9.06084],[-0.66131,9.05879],[-0.66454,9.05784],[-0.66611,9.05819],[-0.66831,9.05576],[-0.66989,9.05087],[-0.67157,9.05003],[-0.67026,9.04801],[-0.67098,9.04719],[-0.66992,9.04551],[-0.67112,9.04415],[-0.67443,9.04297],[-0.67719,9.03985],[-0.6786,9.03638],[-0.6766,9.0329],[-0.67871,9.03141],[-0.68075,9.02859],[-0.68179,9.02898],[-0.68322,9.0278],[-0.68265,9.02627],[-0.68298,9.02506],[-0.68652,9.02174],[-0.68673,9.01873],[-0.6884,9.01856],[-0.68973,9.01964],[-0.69001,9.01723],[-0.69078,9.01622],[-0.69395,9.01506],[-0.69618,9.01496],[-0.69841,9.01199],[-0.69675,9.01034],[-0.69701,9.00987],[-0.70104,9.00858],[-0.70655,9.00875],[-0.7084,9.00732],[-0.70926,9.00509],[-0.71541,9.00243],[-0.71977,9.00163],[-0.71992,8.99899],[-0.71824,9.00063],[-0.71592,8.99783],[-0.71612,8.99711],[-0.7183,8.99622],[-0.71892,8.99533],[-0.71895,8.99159],[-0.72103,8.99101],[-0.7217,8.98979],[-0.72498,8.98718],[-0.72774,8.98614],[-0.7276,8.98526],[-0.7254,8.98443],[-0.72451,8.98182],[-0.7256,8.97982],[-0.72804,8.98013],[-0.7285,8.97926],[-0.72712,8.97686],[-0.72678,8.97369],[-0.72424,8.96763],[-0.72442,8.96699],[-0.72579,8.96704],[-0.72842,8.96547],[-0.72915,8.96298],[-0.72719,8.96225],[-0.72545,8.95968],[-0.72585,8.95802],[-0.72867,8.95567],[-0.73001,8.95294],[-0.73153,8.95158],[-0.73627,8.9495],[-0.73736,8.94602],[-0.73738,8.9447],[-0.73682,8.94445],[-0.73583,8.94649],[-0.73228,8.9486],[-0.73059,8.94769],[-0.72832,8.94446],[-0.73433,8.94113],[-0.7422,8.93825],[-0.74443,8.93607],[-0.74415,8.93512]]}},{"type":"Feature","properties":{"name":"River Pru"},"geometry":{"type":"LineString","coordinates":[[-0.89238,7.93024],[-0.89114,7.9297],[-0.89153,7.93071],[-0.89053,7.93089],[-0.89078,7.93165],[-0.88907,7.93227],[-0.88969,7.93359],[-0.88839,7.93398],[-0.88853,7.93497],[-0.88735,7.9359],[-0.88647,7.93561],[-0.88563,7.93785],[-0.88597,7.93858],[-0.8847,7.93971],[-0.88288,7.9392],[-0.88221,7.93744],[-0.87912,7.93646],[-0.87857,7.93746],[-0.87765,7.93684],[-0.87697,7.93738],[-0.87602,7.9364],[-0.87552,7.93726],[-0.87415,7.93697],[-0.87283,7.93795],[-0.87222,7.93633],[-0.87048,7.93606],[-0.87039,7.93709],[-0.86974,7.93737],[-0.86891,7.93577],[-0.86921,7.93742],[-0.8683,7.93753],[-0.86828,7.93692],[-0.86796,7.93814],[-0.86663,7.93833],[-0.86594,7.9376],[-0.86375,7.93993],[-0.85904,7.9392],[-0.85902,7.94127],[-0.85814,7.94121],[-0.85741,7.94206],[-0.85761,7.94286],[-0.85654,7.94294],[-0.85605,7.94229],[-0.85496,7.9453],[-0.85545,7.94597],[-0.8569,7.94578],[-0.85588,7.94752],[-0.85606,7.94894],[-0.85484,7.94846],[-0.85479,7.95014],[-0.85373,7.95015],[-0.85407,7.95088],[-0.85295,7.95167],[-0.85312,7.95257],[-0.85171,7.95338],[-0.85095,7.95304],[-0.85004,7.95369],[-0.84941,7.95168],[-0.84692,7.95111],[-0.84291,7.94649],[-0.83893,7.94981],[-0.83581,7.95116],[-0.83554,7.95183],[-0.83644,7.95257],[-0.83546,7.95442],[-0.83424,7.95475],[-0.8341,7.95558],[-0.83376,7.95486],[-0.83257,7.95539],[-0.83343,7.95651],[-0.83126,7.9567],[-0.83007,7.95747],[-0.83027,7.95599],[-0.82967,7.95573],[-0.82948,7.95668],[-0.82861,7.95689],[-0.82872,7.95764],[-0.82745,7.95668],[-0.82661,7.95832],[-0.8253,7.95773],[-0.82467,7.95963],[-0.82537,7.96016],[-0.8246,7.96189],[-0.8238,7.96185],[-0.82397,7.96274],[-0.82344,7.96281],[-0.8231,7.96432],[-0.82255,7.96439]]}},{"type":"Feature","properties":{},"geometry":{"type":"LineString","coordinates":[[0.27998,8.11916],[0.27873,8.11812]]}},{"type":"Feature","properties":{"name":"Yariga"},"geometry":{"type":"LineString","coordinates":[[0.41008,8.1026],[0.40681,8.1034],[0.40496,8.10241],[0.40205,8.10417],[0.39775,8.10383],[0.39715,8.10538],[0.39311,8.10694],[0.39015,8.10714],[0.3883,8.10606],[0.38603,8.10677],[0.37976,8.11263],[0.37792,8.11174],[0.37712,8.11501],[0.37443,8.11837],[0.37474,8.11961],[0.37119,8.11974],[0.37112,8.11908],[0.3696,8.11846],[0.36858,8.11922],[0.36714,8.11677],[0.36616,8.11651],[0.36549,8.11819],[0.366,8.12013],[0.3648,8.12083],[0.36228,8.12053],[0.35908,8.1236],[0.35776,8.12179],[0.35744,8.11902],[0.35639,8.11939],[0.35286,8.11866],[0.3504,8.11981],[0.34897,8.1192],[0.34805,8.1196],[0.34855,8.11873],[0.34706,8.11849],[0.34551,8.11894],[0.34531,8.11986],[0.344,8.1197],[0.34308,8.11834],[0.34125,8.11851],[0.34133,8.11795],[0.33995,8.11773],[0.33913,8.11666],[0.3356,8.11628],[0.3349,8.11403],[0.3322,8.11307],[0.32891,8.11377],[0.32842,8.11304],[0.32846,8.11367],[0.3276,8.11326],[0.32782,8.11416],[0.32681,8.11408],[0.32545,8.11567],[0.32441,8.11536],[0.32387,8.11664],[0.32271,8.11657],[0.32166,8.11836],[0.31983,8.11831],[0.32055,8.11893],[0.32017,8.11956],[0.31893,8.1203],[0.31611,8.12062],[0.31554,8.12023],[0.31548,8.11842],[0.31341,8.1175],[0.31246,8.11608],[0.31135,8.11664],[0.31128,8.11572],[0.30946,8.11505],[0.30932,8.11431],[0.30841,8.11469],[0.30663,8.11409],[0.30654,8.11244],[0.30476,8.11189],[0.30375,8.11078],[0.30203,8.11125],[0.30199,8.10942],[0.30057,8.10836],[0.29954,8.10882],[0.29882,8.10826],[0.29515,8.10806],[0.29543,8.10929],[0.29486,8.10968],[0.29109,8.10768],[0.28789,8.10815],[0.28705,8.10885],[0.28699,8.10982],[0.28584,8.10958],[0.2854,8.11025],[0.28607,8.1124],[0.28505,8.11274],[0.28453,8.11217],[0.28438,8.11286],[0.28549,8.11451],[0.28373,8.11613],[0.28375,8.11705],[0.27939,8.1175],[0.27849,8.11814],[0.27642,8.11686],[0.27437,8.11688],[0.27188,8.11573],[0.26894,8.11613],[0.2655,8.11446],[0.26492,8.11346],[0.23846,8.11045],[0.23273,8.10728],[0.23041,8.10673],[0.22604,8.10677],[0.22204,8.10771],[0.21788,8.11226],[0.21604,8.11287],[0.19179,8.1075]]}},{"type":"Feature","properties":{"name":"Oda"},"geometry":{"type":"LineString","coordinates":[[-1.5848,6.50127],[-1.58476,6.49971],[-1.58577,6.49952],[-1.58542,6.49848],[-1.58618,6.49758],[-1.58598,6.49643],[-1.5878,6.49598],[-1.58825,6.49506],[-1.58888,6.49524],[-1.58844,6.49466],[-1.58935,6.49472],[-1.5897,6.49383],[-1.59065,6.4942],[-1.59059,6.49342],[-1.5918,6.49372],[-1.59193,6.49438],[-1.59324,6.49336],[-1.59386,6.49376],[-1.59434,6.49212],[-1.59382,6.49192],[-1.5945,6.49116],[-1.59411,6.4898],[-1.59505,6.48987],[-1.59536,6.4884],[-1.59643,6.48894],[-1.59669,6.48759],[-1.5976,6.48729],[-1.59863,6.48787],[-1.59974,6.4871],[-1.60397,6.48202],[-1.60428,6.4799],[-1.60626,6.47916],[-1.60723,6.48025],[-1.60745,6.47957],[-1.60926,6.47867],[-1.60945,6.47687],[-1.61117,6.47484],[-1.61365,6.47362],[-1.61523,6.47424],[-1.61678,6.47381],[-1.61665,6.47274],[-1.61782,6.47264],[-1.61908,6.47038],[-1.62087,6.47039],[-1.62094,6.46945],[-1.62225,6.46873],[-1.62309,6.46946],[-1.62394,6.46794],[-1.626,6.46719],[-1.62703,6.46572],[-1.62884,6.46488],[-1.62981,6.46379],[-1.63007,6.46207],[-1.63168,6.4616],[-1.63252,6.46204],[-1.6347,6.46054],[-1.63538,6.45918],[-1.63455,6.45853],[-1.63528,6.45555],[-1.63511,6.45416],[-1.63399,6.4535],[-1.63515,6.45208],[-1.64178,6.4492],[-1.64125,6.44605],[-1.64366,6.44421],[-1.6429,6.44382],[-1.64363,6.44307],[-1.64527,6.44337],[-1.64471,6.44212],[-1.64588,6.44199],[-1.64509,6.44122],[-1.64687,6.44029],[-1.64732,6.44083],[-1.64775,6.43976],[-1.65086,6.43894],[-1.65051,6.43622],[-1.65109,6.4354],[-1.65214,6.43536],[-1.65207,6.43199],[-1.65324,6.43266],[-1.65379,6.43218],[-1.65399,6.43294],[-1.65556,6.43223],[-1.65465,6.43163],[-1.65535,6.43088],[-1.65471,6.43035],[-1.65602,6.42974],[-1.6565,6.42839],[-1.6546,6.42676],[-1.65464,6.42587],[-1.65402,6.42604],[-1.65311,6.42236],[-1.65813,6.41861],[-1.6585,6.41772],[-1.65968,6.41782],[-1.6592,6.41688],[-1.66029,6.41678],[-1.66008,6.41601],[-1.66108,6.41612],[-1.66094,6.4151],[-1.66213,6.41425],[-1.66306,6.41452],[-1.6631,6.41353],[-1.66533,6.41253],[-1.66736,6.41477],[-1.67158,6.41572],[-1.67278,6.4118],[-1.67419,6.41155],[-1.6738,6.41064],[-1.67504,6.40994],[-1.67564,6.41046],[-1.67608,6.41],[-1.6759,6.40917],[-1.67499,6.40929],[-1.67604,6.40786],[-1.67512,6.40652],[-1.6745,6.40669],[-1.67571,6.40374]]}},{"type":"Feature","properties":{"name":"River Offin"},"geometry":{"type":"LineString","coordinates":[[-1.61242,6.58776],[-1.6119,6.58765],[-1.61257,6.58731],[-1.61256,6.58617],[-1.61189,6.58611],[-1.6123,6.58504],[-1.61124,6.58387],[-1.61188,6.58207],[-1.6128,6.58146],[-1.61075,6.58134],[-1.61126,6.57821],[-1.60984,6.57595],[-1.61058,6.57539],[-1.60979,6.57538],[-1.61022,6.57429],[-1.6095,6.5744],[-1.60945,6.57353],[-1.60894,6.57359],[-1.60949,6.57175],[-1.60895,6.57174],[-1.6077,6.56904],[-1.60717,6.56918],[-1.60647,6.56819],[-1.60621,6.56856],[-1.60456,6.56504],[-1.6038,6.56459],[-1.60431,6.56402],[-1.6035,6.56307],[-1.60388,6.56202],[-1.60253,6.56035],[-1.60304,6.55937],[-1.60252,6.55904],[-1.6027,6.55748],[-1.60164,6.55748],[-1.60167,6.55595],[-1.60105,6.55563],[-1.60153,6.55533],[-1.6011,6.55476],[-1.60146,6.55337],[-1.59819,6.55052],[-1.59808,6.5496],[-1.60032,6.54875],[-1.60079,6.54696],[-1.60017,6.54605]]}},{"type":"Feature","properties":{"name":"Sissai"},"geometry":{"type":"LineString","coordinates":[[-1.60165,6.63412],[-1.6016,6.633],[-1.60292,6.63037],[-1.60264,6.62837],[-1.60349,6.62725]]}},{"type":"Feature","properties":{"name":"Oda"},"geometry":{"type":"LineString","coordinates":[[-1.90262,6.26675],[-1.90485,6.26576],[-1.90529,6.26452],[-1.90615,6.26445],[-1.90703,6.26228],[-1.90712,6.25838],[-1.90884,6.25688],[-1.90863,6.25485],[-1.91101,6.25198],[-1.90988,6.25125],[-1.90687,6.25192],[-1.90667,6.25097],[-1.9053,6.25143],[-1.90669,6.2526],[-1.90529,6.25221],[-1.904,6.2487],[-1.90488,6.24756],[-1.90359,6.24705],[-1.9039,6.24574],[-1.90333,6.24471],[-1.90471,6.24366],[-1.90329,6.24298],[-1.90323,6.24149],[-1.90156,6.23965],[-1.90114,6.23704],[-1.89972,6.23752],[-1.90053,6.23579],[-1.89911,6.23568],[-1.89922,6.23494],[-1.89771,6.23317],[-1.89949,6.23244],[-1.89847,6.23172],[-1.90158,6.2282],[-1.90027,6.22762],[-1.90004,6.22613],[-1.89826,6.2272],[-1.89754,6.22463],[-1.89652,6.22472],[-1.89626,6.2257],[-1.89563,6.22548],[-1.89617,6.22425],[-1.8947,6.22362],[-1.89293,6.21835],[-1.89062,6.2179],[-1.89229,6.21437],[-1.8914,6.21371],[-1.88744,6.21316],[-1.88703,6.21194],[-1.8854,6.21164],[-1.88522,6.20982],[-1.88335,6.20952],[-1.88342,6.20876],[-1.88881,6.20567],[-1.88963,6.20449],[-1.8893,6.20345],[-1.89044,6.20281],[-1.88911,6.20157],[-1.89372,6.19724],[-1.89395,6.19528],[-1.89503,6.19512],[-1.89537,6.19264],[-1.89628,6.19179],[-1.89741,6.19189],[-1.89721,6.1909],[-1.89836,6.18976],[-1.89987,6.18941],[-1.90004,6.18869],[-1.89937,6.18806],[-1.90136,6.18746],[-1.90073,6.18572],[-1.90166,6.18538],[-1.90211,6.18361],[-1.90599,6.18163],[-1.90637,6.18037],[-1.90897,6.17975],[-1.90994,6.17886],[-1.90874,6.18127],[-1.90972,6.18218],[-1.90911,6.18355],[-1.90992,6.18456],[-1.91,6.18327],[-1.91052,6.18308],[-1.91207,6.18393],[-1.91266,6.18301],[-1.91183,6.18262],[-1.91227,6.18187],[-1.9133,6.18264],[-1.9151,6.17962],[-1.91626,6.17956],[-1.91628,6.17856],[-1.91723,6.17911],[-1.91771,6.18035],[-1.92143,6.1803],[-1.92382,6.17768],[-1.92111,6.17652],[-1.92039,6.17449],[-1.92228,6.17261],[-1.92391,6.17382],[-1.92483,6.17376],[-1.92585,6.17222],[-1.92556,6.16998],[-1.92955,6.16825],[-1.93397,6.1631],[-1.93517,6.16264],[-1.93537,6.16134],[-1.93985,6.15929],[-1.94102,6.15761],[-1.94587,6.158],[-1.9472,6.15845],[-1.9479,6.15978],[-1.95051,6.15976],[-1.9493,6.15806],[-1.94974,6.15672],[-1.95021,6.1575],[-1.95083,6.15713],[-1.95089,6.15492],[-1.94699,6.15436],[-1.9472,6.15283],[-1.94595,6.15154],[-1.94567,6.14875],[-1.94436,6.1479],[-1.9461,6.14581],[-1.94842,6.14537],[-1.94899,6.14439],[-1.94932,6.14199],[-1.94639,6.13892],[-1.94667,6.13711],[-1.94999,6.13357],[-1.94984,6.13107],[-1.95126,6.13056],[-1.95027,6.12601],[-1.94916,6.12529],[-1.94993,6.12432],[-1.94895,6.12064],[-1.9525,6.11926],[-1.9545,6.11672],[-1.95495,6.1145],[-1.95635,6.11458],[-1.95658,6.11371],[-1.95568,6.11249],[-1.95703,6.1118],[-1.95765,6.1096],[-1.96036,6.10958],[-1.96039,6.10854],[-1.96121,6.1079],[-1.9635,6.10907],[-1.96301,6.10746],[-1.96462,6.10631],[-1.96367,6.10479],[-1.96246,6.10465],[-1.96043,6.10694],[-1.95984,6.10478],[-1.96374,6.09977],[-1.96795,6.09709],[-1.9679,6.09244],[-1.97023,6.09261],[-1.9713,6.09056],[-1.97195,6.09195],[-1.97289,6.09193],[-1.97418,6.09123],[-1.97446,6.0902],[-1.97525,6.09165]]}},{"type":"Feature","properties":{},"geometry":{"type":"LineString","coordinates":[[0.27546,8.18751],[0.27632,8.19055],[0.27804,8.19134],[0.27562,8.19299],[0.27419,8.19592],[0.27701,8.19679],[0.27736,8.19494],[0.27893,8.19517],[0.2794,8.19643],[0.27689,8.19871],[0.27302,8.19938],[0.27224,8.2007],[0.27218,8.20448],[0.26991,8.20399],[0.26849,8.20216],[0.26781,8.203],[0.2657,8.2017],[0.2635,8.20134],[0.2607,8.20295],[0.26002,8.20182],[0.25939,8.20304],[0.25838,8.2029],[0.25846,8.20202],[0.25751,8.20225],[0.25663,8.20393],[0.25547,8.20389],[0.25321,8.20609],[0.24969,8.20624],[0.2484,8.20523],[0.24744,8.20649],[0.24637,8.20481],[0.2439,8.20545],[0.24329,8.20496],[0.24336,8.20383],[0.24137,8.20302],[0.24068,8.20343],[0.24079,8.20499],[0.23959,8.20406],[0.23859,8.20463],[0.23741,8.2042],[0.23864,8.20233],[0.23833,8.20121],[0.23723,8.20085],[0.23863,8.19992],[0.23335,8.19825],[0.23228,8.199],[0.23151,8.19742],[0.23038,8.19721],[0.22759,8.19726],[0.22426,8.19826],[0.22139,8.20178],[0.21883,8.20263],[0.2174,8.20233],[0.21365,8.19975],[0.21246,8.1962],[0.21286,8.1931],[0.21225,8.19252],[0.20875,8.19326],[0.20707,8.19494],[0.20472,8.19569],[0.2036,8.19719],[0.20297,8.19968],[0.20157,8.20013],[0.19634,8.19357],[0.19258,8.19108],[0.18758,8.1901],[0.182,8.19029]]}},{"type":"Feature","properties":{},"geometry":{"type":"LineString","coordinates":[[0.24633,8.20691],[0.24538,8.20539]]}},{"type":"Feature","properties":{},"geometry":{"type":"LineString","coordinates":[[-0.08537,5.61747],[-0.08269,5.61678],[-0.07525,5.60655],[-0.07192,5.60642],[-0.06788,5.60866],[-0.06639,5.6085],[-0.06463,5.61072],[-0.06277,5.61116],[-0.06029,5.61066],[-0.0572,5.61131],[-0.0549,5.60794]]}},{"type":"Feature","properties":{"name":"Sissili River"},"geometry":{"type":"LineString","coordinates":[[-1.42946,10.99582],[-1.43099,10.9947],[-1.43377,10.99425],[-1.43515,10.99217],[-1.43838,10.99066],[-1.44173,10.9811],[-1.44146,10.97705],[-1.44375,10.97542],[-1.44487,10.97329],[-1.44511,10.96885],[-1.44768,10.9646],[-1.44679,10.96124],[-1.4477,10.95947],[-1.44724,10.95743],[-1.44777,10.95615],[-1.44517,10.95277],[-1.4441,10.95024],[-1.44514,10.94955],[-1.44542,10.94499],[-1.44664,10.94296],[-1.44617,10.94184],[-1.44677,10.93912],[-1.44573,10.93813],[-1.44716,10.93562],[-1.44737,10.93228],[-1.44898,10.92989],[-1.44848,10.92895],[-1.44904,10.92733],[-1.45002,10.92674],[-1.4497,10.92537],[-1.45189,10.92086],[-1.45194,10.91822],[-1.45296,10.91691],[-1.45473,10.91646],[-1.45529,10.91522],[-1.45493,10.91358],[-1.45625,10.91163],[-1.45522,10.91068],[-1.45438,10.91094],[-1.45172,10.9079],[-1.45359,10.90481],[-1.45256,10.89528],[-1.45305,10.89094],[-1.45198,10.88877],[-1.45474,10.88409],[-1.45487,10.88258],[-1.45835,10.87942],[-1.45741,10.87556],[-1.45471,10.87375],[-1.45425,10.87211],[-1.45481,10.86887],[-1.45332,10.86581],[-1.45373,10.86454],[-1.45483,10.8642],[-1.45667,10.86166],[-1.45745,10.85395],[-1.45868,10.84909],[-1.46056,10.84984],[-1.4629,10.84931],[-1.46319,10.84854],[-1.46238,10.84773],[-1.46239,10.84667],[-1.46586,10.84465],[-1.46895,10.84434],[-1.46987,10.84481],[-1.4725,10.84418],[-1.4727,10.84192],[-1.47608,10.84055],[-1.47766,10.83888],[-1.47692,10.83654],[-1.47873,10.83061],[-1.48206,10.83169],[-1.48683,10.83128],[-1.49068,10.83303],[-1.49407,10.82987],[-1.49432,10.82891],[-1.49328,10.82765],[-1.49342,10.82694],[-1.49446,10.82582],[-1.49616,10.82172],[-1.49776,10.82054],[-1.49838,10.81798],[-1.50046,10.81458],[-1.50005,10.81318],[-1.49099,10.80731],[-1.49588,10.78657],[-1.49916,10.78568],[-1.49867,10.78461],[-1.4997,10.78243],[-1.50177,10.78177],[-1.50567,10.77916],[-1.51091,10.77993],[-1.51268,10.77891],[-1.51849,10.77859],[-1.52239,10.77796],[-1.52347,10.77724],[-1.5253,10.77489],[-1.52527,10.7734],[-1.52648,10.7729],[-1.52785,10.77047],[-1.52799,10.76715],[-1.52894,10.76522],[-1.52809,10.76236],[-1.52633,10.76137]]}},{"type":"Feature","properties":{"name":"Ofin"},"geometry":{"type":"LineString","coordinates":[[-2.03337,6.44244],[-2.03033,6.44094],[-2.02992,6.44193],[-2.028,6.44088],[-2.02811,6.44208],[-2.02762,6.44237],[-2.02203,6.44175],[-2.02223,6.44081],[-2.02125,6.44065],[-2.02158,6.43968],[-2.02065,6.43924],[-2.02111,6.4386],[-2.02009,6.43868],[-2.02019,6.43753],[-2.01944,6.437],[-2.02152,6.43717],[-2.02104,6.43562],[-2.02313,6.43608],[-2.02282,6.43507],[-2.02403,6.43559],[-2.02458,6.43399],[-2.02573,6.43418],[-2.0256,6.43325],[-2.02766,6.43201],[-2.02825,6.43319],[-2.02683,6.43375],[-2.02805,6.43419],[-2.02895,6.43327],[-2.02899,6.43205],[-2.028,6.43029],[-2.03093,6.42971],[-2.03296,6.43121],[-2.03389,6.43122],[-2.03438,6.43094],[-2.0337,6.42896],[-2.0344,6.42879],[-2.03498,6.42948],[-2.03701,6.42903],[-2.03646,6.42825],[-2.03702,6.42787],[-2.03818,6.42876],[-2.03826,6.42968],[-2.0401,6.43056],[-2.04153,6.42974],[-2.04211,6.42796],[-2.04455,6.42861],[-2.04577,6.42733],[-2.04614,6.42536],[-2.04695,6.42537],[-2.04609,6.42411],[-2.04508,6.42426],[-2.04523,6.42218],[-2.04456,6.42041],[-2.04497,6.41925],[-2.04354,6.41858],[-2.04299,6.41707],[-2.04206,6.41701],[-2.04116,6.41394],[-2.04332,6.41216],[-2.04228,6.41134],[-2.0447,6.41098],[-2.04404,6.40874],[-2.04538,6.40845],[-2.04648,6.40646],[-2.04613,6.40601],[-2.0486,6.40422],[-2.04795,6.40293],[-2.04835,6.40234],[-2.04916,6.40265],[-2.04807,6.40094],[-2.0496,6.40078],[-2.04927,6.39923],[-2.05018,6.39873],[-2.04833,6.39732],[-2.04668,6.39705],[-2.04579,6.3977],[-2.04568,6.3963],[-2.04436,6.39718],[-2.0437,6.39639],[-2.04385,6.39536],[-2.04245,6.39598],[-2.04175,6.39514],[-2.04225,6.39427],[-2.04147,6.39415],[-2.04179,6.39365],[-2.04498,6.39274],[-2.04438,6.39242],[-2.04482,6.39097],[-2.04441,6.39057],[-2.0452,6.38974],[-2.04451,6.38957],[-2.04491,6.38881]]}},{"type":"Feature","properties":{"name":"Ofin"},"geometry":{"type":"LineString","coordinates":[[-1.79123,6.74059],[-1.79055,6.7396],[-1.79197,6.73793],[-1.79428,6.73768],[-1.79415,6.73369],[-1.79472,6.73391],[-1.79434,6.73248],[-1.79544,6.73151],[-1.79529,6.73086],[-1.79801,6.72912],[-1.79795,6.72836],[-1.79909,6.72835],[-1.79958,6.72929],[-1.80033,6.72905],[-1.80057,6.72781],[-1.80142,6.72801],[-1.80132,6.7263],[-1.80204,6.72625],[-1.80247,6.72521],[-1.80108,6.72241],[-1.80237,6.72144],[-1.80283,6.71965],[-1.80538,6.71974],[-1.80471,6.71726],[-1.8059,6.71526],[-1.80499,6.7149],[-1.80561,6.71124],[-1.80621,6.71132],[-1.80725,6.70904],[-1.80867,6.70772],[-1.81154,6.71055],[-1.81199,6.70951],[-1.81358,6.71085],[-1.8143,6.71035],[-1.81682,6.71126],[-1.8181,6.70929],[-1.81866,6.71044],[-1.81924,6.70973],[-1.82023,6.71079],[-1.82086,6.71045],[-1.82214,6.71102],[-1.82116,6.70993],[-1.82289,6.70951],[-1.8222,6.70875],[-1.82372,6.70872],[-1.82385,6.70739],[-1.8249,6.70712],[-1.82726,6.70829],[-1.82952,6.71058],[-1.83173,6.71027],[-1.83183,6.70883],[-1.83289,6.7077],[-1.83202,6.70559],[-1.83427,6.70579],[-1.83628,6.70743],[-1.83753,6.70606],[-1.83857,6.70783],[-1.83916,6.70756],[-1.83903,6.70882],[-1.83972,6.70901],[-1.84232,6.70829],[-1.84197,6.70733],[-1.84274,6.70654],[-1.84362,6.70717],[-1.84402,6.70652],[-1.84408,6.70741],[-1.84557,6.7066],[-1.84747,6.7076],[-1.84798,6.70886],[-1.84919,6.70796],[-1.84867,6.7095],[-1.8506,6.7101],[-1.84999,6.71142],[-1.85127,6.71112],[-1.85068,6.71352],[-1.85221,6.71446],[-1.85196,6.71539],[-1.85349,6.71593],[-1.85357,6.7153],[-1.85514,6.71633],[-1.85532,6.71563],[-1.85727,6.71703],[-1.85658,6.71752],[-1.85684,6.71801],[-1.86065,6.71842],[-1.86098,6.71721],[-1.86228,6.71699],[-1.8622,6.71613],[-1.863,6.71655],[-1.86404,6.71548],[-1.86583,6.71509],[-1.86564,6.71427],[-1.86728,6.71405],[-1.86769,6.71298],[-1.8683,6.71296],[-1.8682,6.71211],[-1.86732,6.71191],[-1.86802,6.71097],[-1.86954,6.71137],[-1.87008,6.71232],[-1.87093,6.71132],[-1.87104,6.71252],[-1.87198,6.7127],[-1.87263,6.71478],[-1.8738,6.71486],[-1.87429,6.71602],[-1.87615,6.71671],[-1.87718,6.71872],[-1.87775,6.71831],[-1.87872,6.7194],[-1.87922,6.71892],[-1.88038,6.71965],[-1.88188,6.71901],[-1.8833,6.72086],[-1.88442,6.71964],[-1.88528,6.72]]}},{"type":"Feature","properties":{},"geometry":{"type":"LineString","coordinates":[[-1.95042,4.81071],[-1.94878,4.81172],[-1.94898,4.81219],[-1.94824,4.81122],[-1.94772,4.81202],[-1.94694,4.81131],[-1.9465,4.81189],[-1.94702,4.8105],[-1.94555,4.8111],[-1.94579,4.80962],[-1.943,4.80847],[-1.94211,4.80867],[-1.94257,4.8075],[-1.94152,4.80657],[-1.94127,4.80498],[-1.94002,4.80383],[-1.93905,4.80431]]}},{"type":"Feature","properties":{},"geometry":{"type":"LineString","coordinates":[[-1.72409,4.93933],[-1.72319,4.93577],[-1.7205,4.93301],[-1.72028,4.93017]]}},{"type":"Feature","properties":{"name":"Todzie"},"geometry":{"type":"LineString","coordinates":[[0.68415,6.59762],[0.68068,6.5977],[0.68041,6.59621],[0.67842,6.59534],[0.67814,6.59453],[0.67877,6.59361],[0.68185,6.59158],[0.68089,6.58976],[0.68108,6.58756],[0.68014,6.58581],[0.6771,6.58502],[0.67796,6.58241],[0.67738,6.58105],[0.67669,6.58066],[0.67409,6.58152],[0.67342,6.57964],[0.67408,6.57843],[0.6738,6.57776],[0.67209,6.57602],[0.66917,6.57536],[0.66906,6.57401],[0.66949,6.57226],[0.67671,6.56867],[0.68043,6.56532],[0.68393,6.5632],[0.68458,6.55958],[0.68127,6.55719],[0.68114,6.55471],[0.68385,6.55154],[0.68807,6.54947],[0.68867,6.54827],[0.69114,6.54664],[0.69214,6.54481],[0.69204,6.54339],[0.68978,6.54182],[0.68675,6.54317],[0.68636,6.54285],[0.68709,6.5394],[0.68892,6.53812],[0.68932,6.53684],[0.68611,6.53202],[0.68581,6.5287],[0.68365,6.52768],[0.68284,6.52607],[0.68125,6.52616],[0.68051,6.52441],[0.68077,6.52294],[0.67962,6.52198],[0.68082,6.52005],[0.68245,6.52094],[0.68294,6.52058],[0.68382,6.51843],[0.68335,6.51494],[0.6803,6.51269],[0.68037,6.51209],[0.68537,6.50874],[0.68787,6.50569],[0.68236,6.50233],[0.68447,6.50011],[0.68475,6.49856],[0.68066,6.49564],[0.67817,6.49562],[0.67679,6.49659],[0.67631,6.49619],[0.67659,6.49486],[0.675,6.49381],[0.67505,6.49223],[0.67342,6.49134],[0.67445,6.4876],[0.6698,6.48577],[0.67043,6.4841],[0.6727,6.48275],[0.67294,6.48198],[0.67108,6.47797],[0.67138,6.47312],[0.66882,6.4718],[0.66251,6.47165],[0.66133,6.47],[0.66113,6.4674],[0.65814,6.46731],[0.65759,6.46819],[0.65675,6.46829],[0.65405,6.46591],[0.65103,6.46554],[0.6503,6.46629],[0.65058,6.46734],[0.64757,6.46679],[0.64709,6.46389],[0.64746,6.46327],[0.64896,6.46309],[0.64876,6.46175],[0.64608,6.46165],[0.64497,6.45944],[0.6411,6.45892],[0.64072,6.45748],[0.64146,6.45587],[0.63934,6.45588],[0.63859,6.45476],[0.63858,6.45363],[0.63977,6.45313],[0.64005,6.452],[0.6386,6.45069],[0.63786,6.44886],[0.63628,6.4478],[0.63675,6.44588],[0.63866,6.44344],[0.63631,6.43768],[0.63651,6.43523],[0.63793,6.43328],[0.63931,6.43267],[0.63929,6.43186],[0.63735,6.42802],[0.63462,6.42646],[0.63384,6.42381],[0.63479,6.41965],[0.63375,6.41809],[0.6343,6.41649],[0.63712,6.41619],[0.63869,6.41447],[0.64246,6.41359],[0.64339,6.41107],[0.64466,6.41012],[0.65006,6.40951],[0.65158,6.40744],[0.65339,6.4079],[0.65421,6.40667],[0.65287,6.40548],[0.65304,6.40489],[0.65584,6.4029],[0.65307,6.40109],[0.65159,6.40242],[0.65138,6.39909],[0.65014,6.39865],[0.64975,6.3974],[0.65121,6.39442],[0.65207,6.394],[0.65524,6.39442],[0.65594,6.39294],[0.6547,6.39059],[0.6535,6.3859],[0.65193,6.38428],[0.65093,6.38203],[0.65162,6.38109],[0.65277,6.38232],[0.65468,6.38181],[0.65489,6.38126],[0.65328,6.381],[0.65261,6.38011],[0.65333,6.3784],[0.65485,6.37697],[0.65348,6.37543],[0.65483,6.37486],[0.65523,6.37328],[0.6561,6.37421],[0.65667,6.37364],[0.65444,6.36963],[0.65341,6.37203],[0.65174,6.3731],[0.65077,6.3706],[0.64896,6.37096],[0.64827,6.36855],[0.64733,6.36887],[0.64623,6.36591],[0.64485,6.3654],[0.645,6.36442],[0.64422,6.36464],[0.64337,6.3668],[0.64118,6.36618],[0.64017,6.36487],[0.64004,6.36282],[0.63836,6.36202],[0.63906,6.35815],[0.63795,6.35565],[0.63669,6.355],[0.63658,6.35377],[0.63721,6.35303],[0.63781,6.35372],[0.64057,6.35325],[0.64074,6.3514],[0.64166,6.35198],[0.64328,6.35176],[0.64364,6.3482],[0.64594,6.34603],[0.64566,6.34272],[0.64871,6.33974],[0.65017,6.33891],[0.65276,6.33876],[0.661,6.33942],[0.65851,6.33466],[0.66002,6.33044],[0.66024,6.32731],[0.66213,6.32417],[0.66232,6.3221],[0.66056,6.31907],[0.66053,6.31635]]}},{"type":"Feature","properties":{},"geometry":{"type":"LineString","coordinates":[[-0.32056,10.84044],[-0.32164,10.83844]]}},{"type":"Feature","properties":{"name":"Mo River"},"geometry":{"type":"LineString","coordinates":[[0.2886,8.73352],[0.28715,8.73354],[0.2863,8.73261],[0.28501,8.72643],[0.28388,8.72441],[0.28236,8.72397],[0.28102,8.72437],[0.26925,8.73175],[0.26809,8.73397],[0.26988,8.73984],[0.26699,8.74073],[0.26298,8.74098],[0.26111,8.74517],[0.25934,8.74662],[0.25533,8.74695],[0.25131,8.7461],[0.24734,8.74376],[0.24668,8.74123],[0.24451,8.74079],[0.24193,8.74227],[0.24083,8.74503],[0.24024,8.74912],[0.23756,8.75208],[0.23182,8.7535],[0.2296,8.75293],[0.22516,8.75046],[0.22121,8.74958],[0.21912,8.75095],[0.21547,8.75569],[0.21058,8.75405],[0.20767,8.75159],[0.20427,8.75083],[0.20133,8.74886],[0.20027,8.74767],[0.20038,8.74454],[0.19989,8.74382],[0.19846,8.7448],[0.18981,8.74405],[0.18541,8.74549],[0.18412,8.74402],[0.18564,8.74158],[0.18514,8.74104],[0.1815,8.74403],[0.18056,8.74603],[0.18208,8.75751],[0.18137,8.76181],[0.17825,8.76515],[0.17549,8.7637],[0.17389,8.76389],[0.17006,8.7658],[0.16964,8.76759],[0.17073,8.77105],[0.17295,8.77142],[0.17559,8.77012],[0.17517,8.77152],[0.17305,8.77361],[0.16947,8.77531],[0.16721,8.77453],[0.1658,8.77305],[0.16542,8.76871],[0.16615,8.76028],[0.16732,8.7572],[0.16835,8.74997]]}},{"type":"Feature","properties":{},"geometry":{"type":"LineString","coordinates":[[0.50192,7.89268],[0.50252,7.89235],[0.5033,7.89464],[0.50394,7.89461],[0.505,7.89302],[0.50496,7.89122],[0.50669,7.89067],[0.50582,7.88667],[0.50477,7.8856],[0.50517,7.88455],[0.50474,7.88283],[0.50715,7.87896],[0.50601,7.87741],[0.5079,7.87476],[0.50748,7.87392],[0.50411,7.87438],[0.50243,7.87281],[0.50162,7.87291],[0.50255,7.87063],[0.50071,7.86853],[0.49802,7.87075],[0.49689,7.87023],[0.49766,7.86794],[0.49698,7.86227],[0.49509,7.86371],[0.49067,7.86322],[0.48855,7.86004],[0.48908,7.85701],[0.48835,7.8555],[0.48558,7.8563],[0.48654,7.85355],[0.48648,7.85136],[0.48455,7.8479],[0.48451,7.84449],[0.48191,7.84343],[0.4817,7.84199],[0.48243,7.84075],[0.47936,7.83839],[0.47738,7.83839],[0.47707,7.83658],[0.47713,7.8352],[0.48029,7.83419],[0.48202,7.83178],[0.48406,7.83097],[0.48398,7.83038],[0.48085,7.82962],[0.48019,7.82843],[0.47755,7.82822],[0.47328,7.82998],[0.46873,7.82979],[0.46792,7.83165],[0.46666,7.83246],[0.46595,7.83125],[0.46636,7.82748],[0.46461,7.82611],[0.46232,7.82536],[0.45662,7.82994],[0.45485,7.82992],[0.45389,7.83057],[0.45265,7.83706],[0.45039,7.83766],[0.44973,7.83716],[0.44963,7.83367],[0.44768,7.83166],[0.44631,7.82898],[0.44441,7.82771],[0.44222,7.82799],[0.44201,7.82735],[0.44402,7.82574],[0.44319,7.82346],[0.44347,7.82212],[0.44473,7.8207],[0.44452,7.81912],[0.44623,7.81776],[0.44608,7.8167],[0.44327,7.8137],[0.44389,7.81268],[0.45044,7.80867],[0.45014,7.80486],[0.44832,7.8006],[0.45204,7.8002],[0.45365,7.79433],[0.45283,7.7887],[0.4495,7.78484],[0.44899,7.77854],[0.44946,7.77498],[0.4481,7.77241],[0.44591,7.77181],[0.44406,7.76709],[0.4433,7.76656],[0.44265,7.76245],[0.44321,7.75842],[0.4446,7.75491],[0.44788,7.7534],[0.44733,7.75199],[0.44503,7.75159],[0.44348,7.74977],[0.44588,7.74775],[0.44588,7.74585],[0.44674,7.74457],[0.44735,7.74129],[0.44637,7.73991],[0.44607,7.73018],[0.44853,7.72877],[0.44827,7.7261],[0.44693,7.72355],[0.44703,7.72183],[0.44484,7.72006],[0.44347,7.71774],[0.44373,7.71435],[0.44279,7.71311],[0.44224,7.71032],[0.4435,7.70925],[0.44269,7.70626],[0.44491,7.70307],[0.44299,7.69977],[0.44458,7.69103],[0.44401,7.69037],[0.44053,7.68992],[0.44003,7.68805]]}},{"type":"Feature","properties":{},"geometry":{"type":"LineString","coordinates":[[0.59037,7.7031],[0.58319,7.70361],[0.58195,7.70259],[0.57931,7.70261],[0.57847,7.70496],[0.57871,7.70733],[0.57508,7.71075],[0.5698,7.71231],[0.56884,7.71398],[0.56573,7.71326],[0.56271,7.71587],[0.55809,7.71505],[0.55502,7.71361],[0.55383,7.71542],[0.55228,7.7156],[0.55375,7.7176],[0.55016,7.72207],[0.54617,7.72142],[0.54781,7.71972],[0.54735,7.71885],[0.54412,7.71865],[0.54253,7.71992],[0.53876,7.71948],[0.53952,7.71721],[0.53736,7.71648],[0.53607,7.71825],[0.53468,7.7187],[0.5327,7.71591],[0.52857,7.71804],[0.5236,7.71862],[0.52095,7.71558],[0.51988,7.71675],[0.52143,7.71688],[0.52156,7.71739],[0.5213,7.7184],[0.51955,7.71942],[0.52002,7.72137],[0.518,7.72193],[0.51289,7.72068],[0.51226,7.71878],[0.5068,7.715],[0.50752,7.71367],[0.50657,7.71293],[0.5052,7.71412],[0.50296,7.71461],[0.50246,7.71318],[0.50365,7.71246],[0.50288,7.71112],[0.50342,7.70693],[0.5042,7.70611],[0.50292,7.70426],[0.50201,7.70468],[0.50226,7.7055],[0.50047,7.70718],[0.50027,7.7085],[0.50101,7.70923],[0.50009,7.71027],[0.49861,7.71047],[0.49873,7.70907],[0.49372,7.71121],[0.49206,7.71043],[0.4914,7.70825],[0.49214,7.70698],[0.49144,7.70529],[0.49185,7.70369],[0.49111,7.70077],[0.48866,7.70032],[0.48717,7.69814],[0.48613,7.69773],[0.48705,7.69589],[0.48568,7.69445],[0.48423,7.69437],[0.48307,7.69087],[0.48,7.68903],[0.47988,7.68751],[0.47859,7.68677],[0.47814,7.68784],[0.47279,7.68771],[0.47332,7.68079],[0.47171,7.68114],[0.47044,7.67986],[0.47003,7.67706],[0.46568,7.67232],[0.46299,7.67392],[0.46165,7.67567],[0.46104,7.67513],[0.46264,7.67108],[0.46079,7.67055],[0.4594,7.66909],[0.45951,7.66829],[0.46096,7.66711],[0.45904,7.66546]]}},{"type":"Feature","properties":{"name":"Asibelika"},"geometry":{"type":"LineString","coordinates":[[-1.14847,10.86931],[-1.14721,10.86759],[-1.14477,10.86601],[-1.1459,10.86252],[-1.14329,10.8579],[-1.13938,10.85428],[-1.13197,10.84909],[-1.1305,10.84858],[-1.12884,10.84904],[-1.12455,10.85227],[-1.12221,10.85114],[-1.11881,10.85311],[-1.11777,10.85279],[-1.11795,10.85007],[-1.11557,10.84925],[-1.11678,10.84686],[-1.11648,10.84573],[-1.11387,10.84403],[-1.11501,10.84022],[-1.11413,10.83981],[-1.11252,10.84054],[-1.11201,10.83974],[-1.11243,10.83609],[-1.10932,10.83547],[-1.10969,10.83446],[-1.11085,10.83399],[-1.1116,10.83218],[-1.11385,10.83246],[-1.11517,10.82983],[-1.1136,10.82811],[-1.11386,10.82589],[-1.11285,10.82327],[-1.11384,10.82279],[-1.11573,10.82334],[-1.1167,10.8225],[-1.11307,10.82011],[-1.11225,10.81863],[-1.11255,10.81806],[-1.11519,10.81794],[-1.11592,10.81673],[-1.11777,10.81705],[-1.11787,10.81554],[-1.11515,10.81419],[-1.11739,10.8131],[-1.11848,10.8113],[-1.12092,10.81023],[-1.1212,10.80875],[-1.1235,10.80854],[-1.12076,10.80596],[-1.12196,10.80425],[-1.12094,10.80321],[-1.1229,10.80191],[-1.12302,10.80084],[-1.12643,10.80152],[-1.12744,10.80115],[-1.12797,10.79721],[-1.12893,10.79674],[-1.13025,10.79785],[-1.13087,10.79754],[-1.13089,10.79418],[-1.13175,10.79414],[-1.13284,10.79527],[-1.13416,10.79432],[-1.13481,10.79332],[-1.13533,10.78838],[-1.13648,10.78696],[-1.13525,10.78484],[-1.13556,10.78332],[-1.13455,10.78295],[-1.13477,10.78171],[-1.13408,10.78124],[-1.13446,10.77725],[-1.13329,10.7745],[-1.13395,10.77125],[-1.13266,10.77045],[-1.13229,10.77276],[-1.1317,10.77264],[-1.13151,10.77031],[-1.13247,10.77006],[-1.1327,10.76917],[-1.13173,10.76881],[-1.13166,10.76774],[-1.12911,10.76724],[-1.13023,10.76526],[-1.1284,10.7648],[-1.12897,10.76413],[-1.1288,10.76119],[-1.13039,10.75682],[-1.13168,10.75565],[-1.13188,10.75451],[-1.13312,10.75392],[-1.13104,10.75113],[-1.13183,10.75071],[-1.1322,10.74852],[-1.13308,10.74735],[-1.13204,10.74595],[-1.13309,10.74562],[-1.13192,10.74506],[-1.13119,10.743],[-1.12818,10.74225],[-1.1264,10.74101],[-1.1253,10.73927],[-1.12204,10.74024],[-1.12117,10.74121],[-1.11896,10.74103],[-1.11675,10.74276],[-1.11613,10.7423],[-1.1157,10.74287],[-1.11481,10.74191],[-1.11374,10.74249],[-1.11261,10.74112],[-1.11177,10.74249],[-1.1107,10.74188],[-1.10943,10.74221],[-1.1082,10.74084],[-1.10834,10.74003],[-1.1054,10.7402],[-1.10539,10.73915],[-1.10447,10.73888],[-1.10402,10.73765],[-1.10306,10.73801],[-1.10195,10.7369],[-1.10136,10.73742],[-1.10068,10.73642],[-1.09873,10.7359],[-1.09751,10.73416],[-1.09729,10.73334],[-1.09775,10.7332],[-1.09601,10.73115],[-1.09643,10.73031],[-1.09488,10.72914],[-1.09514,10.72801],[-1.09783,10.72676],[-1.09839,10.72488],[-1.09989,10.72484],[-1.10101,10.72379],[-1.10097,10.72164],[-1.10194,10.72008],[-1.10449,10.71824],[-1.10485,10.71443],[-1.1059,10.71462],[-1.10832,10.71109],[-1.10923,10.71108],[-1.11013,10.71234],[-1.11237,10.71112],[-1.11242,10.70964],[-1.11469,10.71012],[-1.11541,10.70592],[-1.11617,10.7061],[-1.12011,10.70092],[-1.11973,10.69739],[-1.11808,10.69508],[-1.11855,10.69412],[-1.12036,10.69447],[-1.1208,10.69298],[-1.1201,10.69109],[-1.11852,10.69134],[-1.11743,10.69032],[-1.1177,10.68825],[-1.11665,10.68741],[-1.11583,10.68341],[-1.11638,10.68146],[-1.11622,10.67966],[-1.1155,10.67917],[-1.11568,10.67752]]}},{"type":"Feature","properties":{},"geometry":{"type":"LineString","coordinates":[[-0.28162,5.57582],[-0.28122,5.5754]]}},{"type":"Feature","properties":{},"geometry":{"type":"LineString","coordinates":[[-0.28113,5.57213],[-0.28005,5.56585],[-0.28305,5.56309]]}},{"type":"Feature","properties":{"name":"Lafa"},"geometry":{"type":"LineString","coordinates":[[-0.28119,5.58784],[-0.28287,5.58437],[-0.28255,5.58101],[-0.28123,5.57801],[-0.28162,5.57582]]}},{"type":"Feature","properties":{},"geometry":{"type":"LineString","coordinates":[[0.0585,5.77305],[0.0601,5.77119],[0.05833,5.76621],[0.06075,5.76099],[0.06347,5.75878],[0.0651,5.75939],[0.06598,5.7586],[0.06686,5.75928],[0.06809,5.75882],[0.06996,5.75638],[0.06991,5.75532],[0.07165,5.75467],[0.07059,5.75415],[0.07225,5.75192],[0.07311,5.74933],[0.07275,5.74855],[0.07171,5.74893],[0.07112,5.74834],[0.07318,5.74782],[0.07315,5.74616],[0.07223,5.74485],[0.07258,5.74351],[0.07564,5.74056],[0.07735,5.7379],[0.07901,5.73866],[0.07859,5.7374],[0.07961,5.73723],[0.08191,5.74027],[0.08143,5.74177],[0.08581,5.74015],[0.08782,5.74278],[0.08476,5.74293],[0.08495,5.74518],[0.08816,5.74461],[0.08885,5.743],[0.09052,5.74212]]}},{"type":"Feature","properties":{},"geometry":{"type":"LineString","coordinates":[[-0.74237,6.28943],[-0.74149,6.28651],[-0.74209,6.28608],[-0.74366,6.28776],[-0.74724,6.28636],[-0.74801,6.28467],[-0.74784,6.28303],[-0.74505,6.28258],[-0.74484,6.28169],[-0.74336,6.28122],[-0.74274,6.27955],[-0.74482,6.27556],[-0.74338,6.27597],[-0.74153,6.27787],[-0.74003,6.27791],[-0.7392,6.27687],[-0.73924,6.27635],[-0.74085,6.27637],[-0.74023,6.27563],[-0.74074,6.27503],[-0.74336,6.27396],[-0.74336,6.27228],[-0.74482,6.27002],[-0.74677,6.26959],[-0.74909,6.27249],[-0.75022,6.27347],[-0.75095,6.27326],[-0.75411,6.2697],[-0.75256,6.26695],[-0.75542,6.26652],[-0.75662,6.26545],[-0.75486,6.26375],[-0.75578,6.26281],[-0.759,6.26264],[-0.76104,6.26577],[-0.76207,6.26629],[-0.76241,6.26492],[-0.76119,6.2636],[-0.76342,6.26358],[-0.76484,6.26428],[-0.76658,6.26074],[-0.76628,6.2598],[-0.76711,6.25865],[-0.76861,6.25829],[-0.76988,6.25475],[-0.77136,6.25364],[-0.77576,6.25351],[-0.77567,6.25293],[-0.77441,6.25268],[-0.77572,6.25035],[-0.77913,6.24792],[-0.77979,6.24645],[-0.78181,6.24545],[-0.78233,6.24327],[-0.78288,6.24278],[-0.78711,6.24344],[-0.7893,6.2409],[-0.78962,6.2399],[-0.78904,6.23775],[-0.79154,6.23761],[-0.79244,6.23688],[-0.79263,6.23588],[-0.7908,6.23418],[-0.78927,6.23091],[-0.79301,6.22829],[-0.79403,6.22586],[-0.79315,6.22409],[-0.79134,6.22348],[-0.79051,6.22215],[-0.79318,6.22034],[-0.79583,6.2197],[-0.79656,6.21782],[-0.79877,6.21783],[-0.79991,6.20967],[-0.79934,6.20703],[-0.80081,6.20614],[-0.79972,6.20451],[-0.80129,6.20381],[-0.80069,6.20302],[-0.79907,6.20282],[-0.80083,6.20122],[-0.80018,6.19905],[-0.7978,6.19824],[-0.7979,6.19662],[-0.79526,6.19593],[-0.79526,6.19518],[-0.79718,6.19347],[-0.79682,6.19236],[-0.79729,6.19089],[-0.79335,6.18992],[-0.79284,6.18922],[-0.79348,6.18766],[-0.79129,6.18506],[-0.79194,6.18348],[-0.79417,6.18337],[-0.79466,6.18024],[-0.79582,6.17814],[-0.79503,6.17601],[-0.7925,6.17599],[-0.79196,6.17469],[-0.79666,6.17008],[-0.79509,6.16972],[-0.79398,6.17079],[-0.79258,6.16921],[-0.79147,6.16959],[-0.79335,6.1669],[-0.79286,6.16541],[-0.79602,6.16488],[-0.79619,6.16379],[-0.79372,6.16217],[-0.79329,6.1604],[-0.79511,6.15909],[-0.79567,6.15653],[-0.79827,6.15545],[-0.79975,6.15361],[-0.80327,6.15248],[-0.8046,6.15071],[-0.80752,6.14907],[-0.80734,6.14819],[-0.81039,6.14678],[-0.81209,6.1439],[-0.81269,6.14358],[-0.81443,6.14465],[-0.8138,6.14228],[-0.81507,6.1397],[-0.81428,6.13889],[-0.81458,6.13772],[-0.81271,6.13817],[-0.8087,6.13529],[-0.80717,6.13516],[-0.80559,6.13334],[-0.80436,6.13311],[-0.80256,6.13006],[-0.80226,6.12819],[-0.80294,6.12677],[-0.79619,6.12575],[-0.79569,6.12462],[-0.79389,6.125],[-0.79331,6.12389],[-0.79798,6.12086],[-0.79973,6.11731],[-0.80041,6.11736],[-0.80065,6.11993],[-0.80251,6.12061],[-0.80285,6.12226],[-0.80477,6.12209],[-0.80385,6.1214],[-0.80494,6.11905],[-0.80483,6.11773],[-0.80704,6.11738],[-0.80799,6.11523],[-0.8076,6.11092],[-0.81086,6.11088],[-0.81451,6.10911],[-0.81415,6.1084],[-0.81028,6.10866],[-0.81222,6.10584],[-0.80713,6.10198],[-0.80762,6.10055],[-0.81007,6.10143],[-0.81222,6.10076],[-0.81316,6.10187],[-0.81906,6.10428],[-0.82056,6.10578],[-0.82271,6.10512],[-0.82335,6.10211],[-0.82518,6.09906],[-0.82462,6.09844],[-0.82503,6.09786],[-0.82318,6.09756],[-0.82378,6.09669],[-0.82548,6.09705],[-0.82569,6.09665],[-0.82374,6.09596],[-0.82265,6.09481],[-0.82466,6.09315],[-0.82391,6.09244],[-0.82338,6.08914],[-0.82876,6.08779],[-0.83113,6.08803],[-0.83256,6.08931],[-0.83314,6.08909],[-0.83418,6.08157],[-0.83372,6.07984],[-0.8341,6.07849],[-0.83334,6.07679]]}},{"type":"Feature","properties":{},"geometry":{"type":"LineString","coordinates":[[-0.43813,5.44755],[-0.43908,5.45164],[-0.43997,5.45222],[-0.43914,5.45535],[-0.43983,5.45591],[-0.44055,5.45929]]}},{"type":"Feature","properties":{},"geometry":{"type":"LineString","coordinates":[[-0.4591,5.44432],[-0.45905,5.44345],[-0.45837,5.44384],[-0.45859,5.44328],[-0.45754,5.44282],[-0.45881,5.443],[-0.45901,5.44072],[-0.45955,5.44049],[-0.45865,5.4393],[-0.45978,5.43711],[-0.46133,5.43622],[-0.46221,5.43292],[-0.46454,5.43124],[-0.46414,5.43052]]}},{"type":"Feature","properties":{},"geometry":{"type":"LineString","coordinates":[[0.36081,10.23278],[0.36002,10.2321],[0.36123,10.22843],[0.36138,10.22552]]}},{"type":"Feature","properties":{},"geometry":{"type":"LineString","coordinates":[[0.35588,10.21403],[0.35504,10.21277],[0.35525,10.21173]]}},{"type":"Feature","properties":{},"geometry":{"type":"LineString","coordinates":[[0.35582,10.20203],[0.35752,10.20164],[0.35673,10.19925]]}},{"type":"Feature","properties":{},"geometry":{"type":"LineString","coordinates":[[-1.98822,5.30534],[-1.98809,5.30514]]}},{"type":"Feature","properties":{},"geometry":{"type":"LineString","coordinates":[[-1.98257,5.28202],[-1.98087,5.28116],[-1.97961,5.27945]]}},{"type":"Feature","properties":{"name":"Oti"},"geometry":{"type":"LineString","coordinates":[[0.07931,8.4611],[0.07825,8.45834],[0.07894,8.45619],[0.08921,8.4501],[0.09452,8.44496],[0.09608,8.44269],[0.0969,8.4397],[0.09677,8.43695],[0.09424,8.4298],[0.0918,8.41859],[0.0868,8.40774],[0.08502,8.40129],[0.08461,8.39677],[0.08562,8.39329],[0.08803,8.39179],[0.09896,8.39187],[0.10469,8.39061],[0.10811,8.3868],[0.11274,8.38341],[0.1186,8.38042],[0.1239,8.37924],[0.12934,8.37977],[0.15025,8.39344],[0.16175,8.39844],[0.17469,8.39923],[0.19599,8.40271],[0.21883,8.40541],[0.23155,8.40575],[0.23586,8.40485],[0.24254,8.40184],[0.24556,8.39851],[0.24887,8.39203],[0.25045,8.38719],[0.25054,8.38046],[0.24814,8.36378],[0.24535,8.35728],[0.23957,8.34945],[0.23627,8.34614],[0.23269,8.34395],[0.22968,8.34299],[0.21919,8.34202]]}},{"type":"Feature","properties":{"name":"Oti"},"geometry":{"type":"LineString","coordinates":[[0.16835,8.74997],[0.18161,8.72408],[0.18293,8.71906],[0.18076,8.70896],[0.17888,8.70661],[0.17151,8.70349],[0.16683,8.69911],[0.16226,8.69345],[0.15126,8.68272],[0.14515,8.67468],[0.13967,8.66875],[0.13853,8.66579],[0.1367,8.65252],[0.138,8.64314],[0.13928,8.64011],[0.14212,8.63614],[0.15213,8.62566],[0.1558,8.62297],[0.16813,8.6176],[0.17125,8.61444],[0.17306,8.61072],[0.17315,8.60152],[0.17213,8.59545],[0.17096,8.59414],[0.16047,8.59009],[0.15412,8.58852],[0.14958,8.58834],[0.14637,8.58874],[0.14482,8.58983],[0.13957,8.59707],[0.13044,8.60377],[0.12898,8.60425],[0.12609,8.60328],[0.11496,8.5972],[0.10437,8.58386],[0.09894,8.56268],[0.09379,8.55028],[0.08692,8.53671],[0.08471,8.52877],[0.08511,8.52627]]}},{"type":"Feature","properties":{"name":"Akora River"},"geometry":{"type":"LineString","coordinates":[[-0.73223,5.55169],[-0.72904,5.54796],[-0.72687,5.5478],[-0.72411,5.54491],[-0.72093,5.54337],[-0.72181,5.54172],[-0.72048,5.53877],[-0.71957,5.53837],[-0.7199,5.53751],[-0.71666,5.53826],[-0.71435,5.5359],[-0.71397,5.53631],[-0.71307,5.53567],[-0.71352,5.53507],[-0.71274,5.5354],[-0.71161,5.53481],[-0.71188,5.53397],[-0.70877,5.5318],[-0.70836,5.53248],[-0.70686,5.53184],[-0.70588,5.53266],[-0.70419,5.53201],[-0.70352,5.533],[-0.7015,5.53147],[-0.70105,5.53197]]}},{"type":"Feature","properties":{"name":"Akora River"},"geometry":{"type":"LineString","coordinates":[[-0.70102,5.53223],[-0.70004,5.533],[-0.69763,5.53203]]}},{"type":"Feature","properties":{"name":"Akora River"},"geometry":{"type":"LineString","coordinates":[[-0.69763,5.53203],[-0.69687,5.53154],[-0.69627,5.52949]]}},{"type":"Feature","properties":{},"geometry":{"type":"LineString","coordinates":[[0.36718,9.66325],[0.3669,9.66445],[0.36773,9.66414]]}},{"type":"Feature","properties":{"name":"Volta"},"geometry":{"type":"LineString","coordinates":[[0.61289,5.96573],[0.61551,5.963],[0.6193,5.95708],[0.63418,5.92595],[0.63976,5.9182],[0.6406,5.91359],[0.64071,5.90773],[0.64545,5.89129],[0.6484,5.88657],[0.64934,5.88186],[0.64766,5.8627],[0.6445,5.85558],[0.63839,5.84688],[0.63628,5.83455]]}},{"type":"Feature","properties":{"name":"Pumpum River"},"geometry":{"type":"LineString","coordinates":[[-1.698,8.08595],[-1.69788,8.09005],[-1.6967,8.09141],[-1.69868,8.09523],[-1.69723,8.09564],[-1.69678,8.09745],[-1.69459,8.09906],[-1.69315,8.10128],[-1.69146,8.10176],[-1.68986,8.10393],[-1.68913,8.10638],[-1.68988,8.10823],[-1.68973,8.1099],[-1.68787,8.1192],[-1.69033,8.12348],[-1.68946,8.12548],[-1.69029,8.12673]]}},{"type":"Feature","properties":{"name":"Densu"},"geometry":{"type":"LineString","coordinates":[[-0.31303,5.55335],[-0.31451,5.55154],[-0.3129,5.54841],[-0.31548,5.54683],[-0.31498,5.54594],[-0.31271,5.54711],[-0.31312,5.54455]]}},{"type":"Feature","properties":{"name":"Densu"},"geometry":{"type":"LineString","coordinates":[[-0.34434,5.56973],[-0.33998,5.56795],[-0.34026,5.56741],[-0.34179,5.56767],[-0.34117,5.56611],[-0.33949,5.56621],[-0.33872,5.56514],[-0.33702,5.56463],[-0.3351,5.56574],[-0.33326,5.56518],[-0.33211,5.5661],[-0.33253,5.56676],[-0.33164,5.56703],[-0.33171,5.56818],[-0.3311,5.56875],[-0.32922,5.56814],[-0.32682,5.56579],[-0.32448,5.56486],[-0.3199,5.56458],[-0.31808,5.56263],[-0.31874,5.56067],[-0.31601,5.56061],[-0.31553,5.55983],[-0.31367,5.55947],[-0.31303,5.55335]]}},{"type":"Feature","properties":{},"geometry":{"type":"LineString","coordinates":[[0.53302,7.23135],[0.53536,7.23311],[0.53598,7.2354],[0.53574,7.23887],[0.53851,7.24275],[0.54643,7.24583],[0.55257,7.24696],[0.55385,7.24868],[0.553,7.25196],[0.55381,7.25301],[0.55559,7.25331]]}},{"type":"Feature","properties":{},"geometry":{"type":"LineString","coordinates":[[0.55559,7.25331],[0.5595,7.25347],[0.5598,7.25495],[0.55924,7.25614],[0.55982,7.25696],[0.55874,7.25802],[0.55882,7.25909],[0.56149,7.25952],[0.56342,7.26167],[0.56257,7.26287],[0.5606,7.26318],[0.55979,7.2641],[0.56374,7.26524],[0.56412,7.26646],[0.56254,7.26728],[0.56293,7.26799],[0.56464,7.2685],[0.56858,7.26656],[0.57163,7.26731],[0.57188,7.27161],[0.57341,7.27576],[0.57353,7.28127],[0.57489,7.28177]]}},{"type":"Feature","properties":{},"geometry":{"type":"LineString","coordinates":[[-0.28929,5.57304],[-0.28666,5.5713],[-0.28702,5.56976]]}},{"type":"Feature","properties":{},"geometry":{"type":"LineString","coordinates":[[-0.29752,5.57584],[-0.28945,5.57318]]}},{"type":"Feature","properties":{},"geometry":{"type":"LineString","coordinates":[[-0.28945,5.57318],[-0.28929,5.57304]]}},{"type":"Feature","properties":{},"geometry":{"type":"LineString","coordinates":[[-0.28702,5.56976],[-0.2866,5.56877]]}},{"type":"Feature","properties":{},"geometry":{"type":"LineString","coordinates":[[-0.2866,5.56877],[-0.28529,5.56572]]}},{"type":"Feature","properties":{},"geometry":{"type":"LineString","coordinates":[[-1.60475,6.71864],[-1.60441,6.71824]]}},{"type":"Feature","properties":{},"geometry":{"type":"LineString","coordinates":[[-1.60924,6.726],[-1.6072,6.72387],[-1.60475,6.71864]]}},{"type":"Feature","properties":{},"geometry":{"type":"LineString","coordinates":[[-2.00105,5.29588],[-2.00101,5.29585]]}},{"type":"Feature","properties":{},"geometry":{"type":"LineString","coordinates":[[-1.97961,5.27945],[-1.97949,5.27941]]}},{"type":"Feature","properties":{},"geometry":{"type":"LineString","coordinates":[[-1.97949,5.27941],[-1.97783,5.27796]]}},{"type":"Feature","properties":{},"geometry":{"type":"LineString","coordinates":[[-1.97584,5.28339],[-1.97662,5.27958],[-1.97775,5.27885],[-1.97868,5.27595],[-1.97749,5.27352],[-1.97855,5.27051]]}},{"type":"Feature","properties":{},"geometry":{"type":"LineString","coordinates":[[-1.97589,5.28349],[-1.97584,5.28339]]}},{"type":"Feature","properties":{"name":"Hwin"},"geometry":{"type":"LineString","coordinates":[[-1.80655,4.90743],[-1.80406,4.90657],[-1.80257,4.90486],[-1.79804,4.90229],[-1.79785,4.90174],[-1.79901,4.90071],[-1.79885,4.89845],[-1.79804,4.89745],[-1.79305,4.89699],[-1.78917,4.89513],[-1.78826,4.89198],[-1.7853,4.89079]]}},{"type":"Feature","properties":{"name":"Wuluwulu River"},"geometry":{"type":"LineString","coordinates":[[-2.64001,5.01289],[-2.63883,5.00844],[-2.64158,5.00757],[-2.64171,5.00495],[-2.64112,5.00343],[-2.63519,5.00028],[-2.63243,4.99997],[-2.62814,4.99836],[-2.62895,4.99546],[-2.63796,4.99726],[-2.6394,4.99686]]}},{"type":"Feature","properties":{"name":"Gbalon"},"geometry":{"type":"LineString","coordinates":[[-2.57262,9.37669],[-2.57325,9.376],[-2.57302,9.37433],[-2.57376,9.37202],[-2.57634,9.36885],[-2.57822,9.36446],[-2.5776,9.35988],[-2.57613,9.35766],[-2.57546,9.35777],[-2.57544,9.35654],[-2.57608,9.35559],[-2.57911,9.35563],[-2.57921,9.35391],[-2.58021,9.35326],[-2.58315,9.34607],[-2.58876,9.34437],[-2.59023,9.34098],[-2.58947,9.33711],[-2.59088,9.33619],[-2.5916,9.33397],[-2.59331,9.33272],[-2.5949,9.33303],[-2.59619,9.33386],[-2.5967,9.33661],[-2.59806,9.33774],[-2.59951,9.33758],[-2.59925,9.33557],[-2.60229,9.33218],[-2.60307,9.3298],[-2.60235,9.32654],[-2.60337,9.32631],[-2.6037,9.32487],[-2.60601,9.32339],[-2.60689,9.31706],[-2.6171,9.31354],[-2.62288,9.309],[-2.62277,9.30506],[-2.62082,9.30453],[-2.61829,9.30112],[-2.62,9.2979],[-2.62461,9.29514],[-2.62525,9.29323],[-2.625,9.28891],[-2.63077,9.28342],[-2.63603,9.27971],[-2.64045,9.28185],[-2.64609,9.28348],[-2.64966,9.28643],[-2.65092,9.29068],[-2.65408,9.29363],[-2.66,9.28736],[-2.66066,9.28503],[-2.66272,9.28342],[-2.66463,9.27912],[-2.66159,9.26918],[-2.66254,9.26363]]}},{"type":"Feature","properties":{},"geometry":{"type":"LineString","coordinates":[[-2.47521,9.27138],[-2.47909,9.27234],[-2.48564,9.276],[-2.4883,9.27859],[-2.49304,9.27931],[-2.49742,9.28401],[-2.5045,9.28731],[-2.50812,9.28344],[-2.50988,9.27958],[-2.51544,9.27744],[-2.5199,9.27655],[-2.5254,9.28018],[-2.52722,9.28001],[-2.53087,9.28109],[-2.53267,9.28011],[-2.53473,9.27713],[-2.54018,9.27823],[-2.5408,9.27791],[-2.54209,9.27374],[-2.54921,9.27139],[-2.54999,9.27052],[-2.55042,9.26816],[-2.55368,9.27072],[-2.56278,9.27095],[-2.56524,9.27552],[-2.56813,9.27509],[-2.56873,9.2739],[-2.57357,9.27356],[-2.57558,9.27563],[-2.57768,9.27569],[-2.57908,9.27644],[-2.57954,9.27781],[-2.58069,9.27831],[-2.58133,9.28041],[-2.58424,9.28053],[-2.58605,9.28304],[-2.58743,9.28299],[-2.58941,9.28392],[-2.59015,9.28525],[-2.59197,9.28642],[-2.59241,9.2872],[-2.59162,9.28921],[-2.59269,9.28995],[-2.59335,9.28942],[-2.5928,9.29177],[-2.594,9.29382],[-2.59552,9.29481],[-2.59786,9.29245],[-2.59853,9.28993],[-2.60033,9.28878],[-2.60301,9.28869],[-2.60574,9.28596],[-2.6089,9.2852],[-2.625,9.28891]]}},{"type":"Feature","properties":{},"geometry":{"type":"LineString","coordinates":[[-0.23497,5.64689],[-0.23523,5.6467]]}},{"type":"Feature","properties":{},"geometry":{"type":"LineString","coordinates":[[-1.98043,5.25479],[-1.98123,5.25346],[-1.98133,5.25032],[-1.98226,5.24913],[-1.97879,5.24579],[-1.97886,5.24346],[-1.97793,5.24165],[-1.97917,5.24168],[-1.97956,5.23986],[-1.97692,5.23722],[-1.97788,5.23374]]}},{"type":"Feature","properties":{},"geometry":{"type":"LineString","coordinates":[[-1.98031,5.25483],[-1.98043,5.25479]]}},{"type":"Feature","properties":{},"geometry":{"type":"LineString","coordinates":[[-2.60994,8.5313],[-2.60618,8.53161],[-2.60434,8.52992],[-2.60201,8.52888],[-2.60165,8.52694],[-2.60048,8.52629],[-2.59974,8.52661],[-2.60027,8.53076],[-2.5992,8.53235],[-2.59696,8.531],[-2.59421,8.53034],[-2.5923,8.5325],[-2.58945,8.53244],[-2.58527,8.53444],[-2.58297,8.53473],[-2.58036,8.53373],[-2.579,8.53145],[-2.57911,8.52997],[-2.57748,8.52824],[-2.57701,8.52938],[-2.57379,8.52972],[-2.57292,8.53079],[-2.57346,8.53277],[-2.57056,8.53375],[-2.56926,8.53238],[-2.56578,8.53288],[-2.55365,8.53091],[-2.55172,8.52737],[-2.54892,8.5255],[-2.5467,8.52633],[-2.54645,8.52839],[-2.54563,8.52961],[-2.54372,8.5293],[-2.5417,8.52997],[-2.53718,8.53332],[-2.53577,8.53111],[-2.53244,8.52863],[-2.52689,8.52855],[-2.52517,8.53174],[-2.52634,8.53375],[-2.52562,8.53581],[-2.51922,8.53347],[-2.51489,8.53064],[-2.51219,8.52622],[-2.51137,8.52581],[-2.51038,8.52268],[-2.50933,8.52241],[-2.50895,8.52313],[-2.50959,8.52591],[-2.50712,8.52774],[-2.50398,8.52819],[-2.50113,8.53076],[-2.49959,8.53059],[-2.49826,8.52931],[-2.48814,8.53264],[-2.48435,8.53298],[-2.47922,8.53181],[-2.47238,8.53252],[-2.47195,8.53327],[-2.46758,8.53141],[-2.4664,8.53436],[-2.4642,8.5361],[-2.46262,8.53896],[-2.45847,8.54002],[-2.45614,8.5398],[-2.45146,8.5352],[-2.44815,8.53533],[-2.44033,8.53355],[-2.43748,8.53411],[-2.43421,8.53289],[-2.4332,8.53591],[-2.43045,8.53898],[-2.42782,8.53925],[-2.42564,8.53804],[-2.4246,8.5385],[-2.42437,8.54294],[-2.42487,8.54482],[-2.42306,8.54433],[-2.4216,8.54222],[-2.42028,8.54173],[-2.41597,8.54565],[-2.41383,8.55296],[-2.41487,8.56077],[-2.41335,8.56144],[-2.41103,8.55738],[-2.40807,8.55754],[-2.40637,8.55713],[-2.40475,8.55567],[-2.40173,8.55584],[-2.39836,8.55439],[-2.39729,8.55493],[-2.39288,8.5516],[-2.38985,8.54591],[-2.38711,8.54495],[-2.38322,8.54204],[-2.38331,8.53737],[-2.38142,8.53426],[-2.38207,8.53118],[-2.37812,8.5229],[-2.371,8.51652],[-2.37053,8.50636]]}},{"type":"Feature","properties":{},"geometry":{"type":"LineString","coordinates":[[0.78888,5.82439],[0.78983,5.82458],[0.78954,5.82285],[0.78486,5.81763],[0.78471,5.8156],[0.78308,5.81445],[0.78139,5.8112],[0.78033,5.81122],[0.77886,5.80976],[0.77585,5.80913],[0.77506,5.80942],[0.77508,5.81063],[0.77415,5.81076],[0.77269,5.809],[0.76888,5.81266],[0.76719,5.80925],[0.76592,5.80868]]}},{"type":"Feature","properties":{},"geometry":{"type":"LineString","coordinates":[[0.71445,5.77754],[0.70925,5.77769],[0.70874,5.77839]]}},{"type":"Feature","properties":{},"geometry":{"type":"LineString","coordinates":[[0.7145,5.77692],[0.71082,5.77569],[0.70784,5.77643]]}},{"type":"Feature","properties":{},"geometry":{"type":"LineString","coordinates":[[0.71418,5.78099],[0.70918,5.77834],[0.70639,5.7793]]}},{"type":"Feature","properties":{},"geometry":{"type":"LineString","coordinates":[[0.77227,5.83891],[0.76862,5.83619],[0.76878,5.83508],[0.76808,5.83417],[0.764,5.83139],[0.76171,5.82647],[0.76229,5.82097]]}},{"type":"Feature","properties":{},"geometry":{"type":"LineString","coordinates":[[0.71231,5.87363],[0.71286,5.87073]]}},{"type":"Feature","properties":{},"geometry":{"type":"LineString","coordinates":[[0.8691,5.80694],[0.86789,5.80713],[0.86696,5.80854],[0.8607,5.80957],[0.85808,5.80932],[0.85586,5.80668],[0.85432,5.80594],[0.8491,5.80847],[0.84743,5.80804],[0.84618,5.8071],[0.84354,5.80238],[0.84272,5.79797],[0.84345,5.79513],[0.846,5.79443],[0.84392,5.78574],[0.84206,5.78438],[0.83758,5.78372],[0.83616,5.78413],[0.8266,5.78159],[0.8257,5.78169],[0.82498,5.78374]]}},{"type":"Feature","properties":{},"geometry":{"type":"LineString","coordinates":[[0.75423,5.82528],[0.75697,5.82412],[0.75802,5.82432],[0.75846,5.82255]]}},{"type":"Feature","properties":{},"geometry":{"type":"LineString","coordinates":[[0.73287,5.82579],[0.73316,5.82492],[0.7362,5.82286],[0.739,5.82294],[0.74115,5.82143],[0.74469,5.82236],[0.74563,5.82067],[0.74686,5.82045],[0.74892,5.81855],[0.75016,5.81571],[0.75189,5.81515],[0.75285,5.81688],[0.75392,5.81658],[0.75413,5.8173],[0.75511,5.81753],[0.75539,5.81885],[0.75826,5.81856],[0.7608,5.82147]]}},{"type":"Feature","properties":{},"geometry":{"type":"LineString","coordinates":[[0.78731,5.80192],[0.78631,5.80155],[0.78559,5.80209],[0.78498,5.80109],[0.78397,5.80105],[0.78075,5.80359]]}},{"type":"Feature","properties":{},"geometry":{"type":"LineString","coordinates":[[0.7761,5.83752],[0.77694,5.83702],[0.7786,5.83301],[0.78168,5.83128],[0.78172,5.82889],[0.78144,5.82645],[0.78017,5.82437],[0.7809,5.82031],[0.78001,5.81914],[0.77763,5.81876],[0.77508,5.81063]]}},{"type":"Feature","properties":{},"geometry":{"type":"LineString","coordinates":[[-1.80937,10.8605],[-1.80854,10.86049],[-1.80823,10.8598],[-1.80606,10.86073],[-1.80508,10.8597],[-1.80564,10.85808],[-1.80358,10.85712],[-1.80337,10.85485],[-1.80008,10.8539],[-1.79843,10.85207],[-1.79093,10.85282],[-1.79142,10.85137],[-1.78959,10.84978],[-1.78035,10.84757],[-1.77964,10.84807],[-1.77563,10.84814],[-1.7745,10.84735],[-1.77106,10.8478],[-1.76348,10.84456],[-1.76193,10.84262],[-1.76043,10.83874],[-1.75431,10.83699],[-1.75086,10.83318],[-1.74955,10.83274],[-1.74565,10.83303],[-1.73932,10.83219],[-1.7359,10.82802],[-1.73299,10.82717],[-1.72796,10.82302],[-1.71466,10.82235],[-1.71206,10.82332],[-1.70977,10.82513],[-1.70685,10.8257],[-1.70247,10.82477],[-1.69938,10.82321],[-1.69745,10.81891],[-1.69303,10.81731],[-1.69093,10.81567],[-1.6881,10.8171],[-1.68559,10.81737],[-1.68217,10.8167],[-1.67816,10.81427],[-1.67207,10.81442],[-1.66799,10.80751],[-1.66316,10.80635],[-1.65678,10.80687],[-1.65573,10.80624],[-1.65575,10.8053],[-1.65729,10.80354],[-1.65197,10.79832],[-1.64894,10.79223],[-1.64054,10.7901],[-1.63469,10.79035],[-1.62967,10.78869],[-1.62804,10.78725],[-1.62775,10.78458],[-1.62517,10.78035],[-1.62555,10.77668],[-1.62297,10.77268],[-1.62116,10.77205],[-1.62,10.77237],[-1.61671,10.77585],[-1.61577,10.77582],[-1.61428,10.77031],[-1.61161,10.76792],[-1.6099,10.76455],[-1.60639,10.76232],[-1.60444,10.76189],[-1.60164,10.76361],[-1.59894,10.76321],[-1.59566,10.76412],[-1.59057,10.76769],[-1.58816,10.77091],[-1.58713,10.77126],[-1.58432,10.76931],[-1.58392,10.76825],[-1.58351,10.76105],[-1.58433,10.7597],[-1.58763,10.75823],[-1.59057,10.75584],[-1.59111,10.75473],[-1.5912,10.74557],[-1.59072,10.74386]]}},{"type":"Feature","properties":{},"geometry":{"type":"LineString","coordinates":[[-1.14918,10.87021],[-1.14847,10.86931]]}},{"type":"Feature","properties":{},"geometry":{"type":"LineString","coordinates":[[-1.29105,10.95742],[-1.28924,10.95632],[-1.28613,10.9556],[-1.28427,10.95592],[-1.27988,10.9583],[-1.27878,10.95808],[-1.27796,10.95676],[-1.27608,10.95664],[-1.27478,10.95573],[-1.27184,10.9568],[-1.26987,10.9507],[-1.26696,10.95248],[-1.26651,10.95087],[-1.26555,10.95094],[-1.26343,10.94964],[-1.26214,10.94972],[-1.26102,10.95256],[-1.26,10.9535],[-1.25903,10.95351],[-1.25818,10.95207],[-1.25638,10.95186],[-1.25445,10.95294],[-1.25386,10.95408],[-1.25063,10.95476],[-1.24818,10.95323],[-1.24762,10.952],[-1.24583,10.95199],[-1.24584,10.94758],[-1.24205,10.94748]]}},{"type":"Feature","properties":{},"geometry":{"type":"LineString","coordinates":[[-2.46233,9.97312],[-2.46243,9.97306]]}},{"type":"Feature","properties":{"name":"Sissili River"},"geometry":{"type":"LineString","coordinates":[[-1.5113,10.55944],[-1.5052,10.55991],[-1.50041,10.55497],[-1.49105,10.55103],[-1.48921,10.54958],[-1.48781,10.54777],[-1.48744,10.54542],[-1.48807,10.54127],[-1.48772,10.53973],[-1.48527,10.5383],[-1.48297,10.53752],[-1.47134,10.53621],[-1.46655,10.53793],[-1.4616,10.53614],[-1.45911,10.53392],[-1.4568,10.53309],[-1.45591,10.53076],[-1.453,10.52818],[-1.44989,10.52403],[-1.44821,10.51607],[-1.44986,10.51424],[-1.45663,10.51103],[-1.46113,10.51012],[-1.46298,10.50839],[-1.46319,10.50698],[-1.46118,10.50214],[-1.45891,10.49932],[-1.45893,10.49765],[-1.46124,10.49397],[-1.46658,10.48849],[-1.46663,10.48678],[-1.46592,10.48591],[-1.46157,10.48418],[-1.46012,10.48135],[-1.45757,10.47892],[-1.4555,10.47884],[-1.45168,10.48012],[-1.44902,10.4789],[-1.44746,10.47516],[-1.44715,10.47014],[-1.44632,10.4693],[-1.44296,10.46859],[-1.43822,10.46962]]}},{"type":"Feature","properties":{},"geometry":{"type":"LineString","coordinates":[[-1.81296,10.55125],[-1.81119,10.55094],[-1.80938,10.54958],[-1.808,10.54966],[-1.80587,10.55196],[-1.80301,10.55052],[-1.79835,10.55565],[-1.79821,10.55744],[-1.79308,10.55588],[-1.78945,10.55791],[-1.78577,10.55674],[-1.78089,10.56022],[-1.77689,10.55778],[-1.77373,10.55793],[-1.77113,10.55581],[-1.76995,10.55567],[-1.76887,10.55406],[-1.76421,10.55234],[-1.76083,10.55012],[-1.75824,10.5499],[-1.75191,10.5518],[-1.74818,10.55055],[-1.74483,10.55072],[-1.74356,10.55131],[-1.74185,10.55431],[-1.73204,10.55486],[-1.7291,10.55397],[-1.72728,10.55517],[-1.72369,10.56068],[-1.72209,10.56163],[-1.71576,10.56228],[-1.71024,10.5614],[-1.709,10.56184],[-1.70651,10.56469],[-1.70539,10.56511],[-1.70041,10.56401],[-1.69629,10.56481],[-1.69546,10.56551],[-1.69544,10.5673],[-1.69447,10.56781],[-1.69269,10.56777],[-1.69153,10.56619],[-1.68833,10.5645],[-1.68728,10.56488],[-1.68569,10.56429],[-1.68402,10.56519],[-1.68196,10.56817],[-1.67805,10.57005],[-1.67683,10.56962],[-1.6758,10.5676],[-1.67241,10.56619],[-1.66696,10.56665],[-1.66413,10.56743],[-1.66288,10.56846],[-1.66248,10.57002],[-1.66363,10.57135],[-1.66363,10.57245],[-1.65997,10.57485],[-1.6561,10.57416],[-1.64879,10.57502],[-1.64293,10.57308],[-1.64186,10.57344],[-1.63767,10.57764],[-1.63561,10.57749],[-1.63211,10.57513],[-1.62969,10.57473],[-1.61717,10.5783]]}},{"type":"Feature","properties":{},"geometry":{"type":"LineString","coordinates":[[-1.25845,10.73086],[-1.25858,10.73005],[-1.25659,10.72921],[-1.2563,10.7282],[-1.25508,10.72932],[-1.25247,10.72689],[-1.25161,10.72683],[-1.25159,10.72603],[-1.24963,10.72556],[-1.24898,10.72621],[-1.24625,10.72646],[-1.24471,10.72607],[-1.2446,10.72537],[-1.24304,10.72451],[-1.24136,10.72505],[-1.24121,10.72425],[-1.23876,10.72554],[-1.2373,10.72499],[-1.237,10.72635],[-1.23639,10.72625],[-1.23552,10.72527],[-1.2327,10.72422],[-1.22991,10.72052],[-1.22701,10.7193],[-1.22631,10.71992],[-1.22223,10.72046],[-1.218,10.71922],[-1.21728,10.71958],[-1.21586,10.71881],[-1.21509,10.71685],[-1.21344,10.71756],[-1.21244,10.7161],[-1.2109,10.71631],[-1.21087,10.71776],[-1.20939,10.71837]]}},{"type":"Feature","properties":{},"geometry":{"type":"LineString","coordinates":[[-1.33872,10.81473],[-1.33781,10.81165],[-1.33843,10.81029],[-1.33752,10.80765],[-1.33794,10.80478],[-1.33677,10.80274],[-1.33467,10.80165],[-1.33248,10.79913],[-1.3329,10.79215],[-1.33437,10.79206],[-1.33515,10.79052],[-1.3361,10.79037],[-1.33573,10.78677],[-1.33652,10.78627],[-1.33675,10.78493],[-1.33803,10.78501],[-1.33691,10.78288],[-1.33733,10.78203],[-1.33547,10.78091],[-1.33493,10.77986],[-1.33556,10.77946],[-1.33707,10.77992],[-1.33821,10.77783],[-1.33824,10.77506],[-1.33718,10.7713],[-1.33573,10.77003],[-1.33334,10.76968],[-1.33272,10.76886],[-1.33349,10.76606],[-1.33256,10.7631],[-1.33459,10.76187],[-1.33297,10.75932],[-1.33179,10.75842],[-1.32762,10.75821],[-1.32351,10.75407],[-1.32188,10.75485],[-1.32034,10.75438],[-1.31813,10.75157],[-1.31803,10.74888],[-1.31549,10.74804],[-1.31374,10.74639],[-1.30973,10.74618],[-1.3063,10.74758],[-1.30147,10.74381],[-1.3005,10.74186],[-1.29628,10.741],[-1.29368,10.73885],[-1.29206,10.73919],[-1.2908,10.74036],[-1.29159,10.74215],[-1.29044,10.74313],[-1.28507,10.74178],[-1.28464,10.74255],[-1.28131,10.7439],[-1.28101,10.74195],[-1.27528,10.74037],[-1.27474,10.73963],[-1.27328,10.73971],[-1.27339,10.73858],[-1.27215,10.7385],[-1.27131,10.73555],[-1.26991,10.73494],[-1.26925,10.73286],[-1.26741,10.73228],[-1.26756,10.73329],[-1.26617,10.73364],[-1.26367,10.73254],[-1.26181,10.73352],[-1.26169,10.73203],[-1.25933,10.7317],[-1.25845,10.73086]]}},{"type":"Feature","properties":{},"geometry":{"type":"LineString","coordinates":[[-1.20939,10.71837],[-1.20833,10.71795],[-1.20744,10.71635],[-1.20407,10.71641],[-1.20447,10.71701],[-1.20265,10.718],[-1.20143,10.71607],[-1.19885,10.71532],[-1.19839,10.71603],[-1.19544,10.71244],[-1.19556,10.71149],[-1.19394,10.71031],[-1.19344,10.71036],[-1.19345,10.71118],[-1.19234,10.71085],[-1.19237,10.7113],[-1.19132,10.71009],[-1.18738,10.71182],[-1.18424,10.70956],[-1.18292,10.71039],[-1.18319,10.70983],[-1.181,10.70682],[-1.18001,10.70396],[-1.18169,10.70136],[-1.17965,10.69895],[-1.17848,10.69917],[-1.17931,10.6963],[-1.17839,10.69515],[-1.17801,10.69143],[-1.1766,10.69016],[-1.17474,10.69125],[-1.17365,10.68712],[-1.17201,10.68699],[-1.17166,10.68619],[-1.17046,10.68593],[-1.16814,10.6829],[-1.16797,10.68178],[-1.16267,10.67605],[-1.16059,10.67642],[-1.15877,10.67533],[-1.15128,10.67752],[-1.14712,10.67646],[-1.14396,10.67975],[-1.14277,10.67966],[-1.14263,10.67832],[-1.14098,10.67968],[-1.13806,10.68026],[-1.13467,10.67921],[-1.13382,10.67767],[-1.13189,10.67965],[-1.13208,10.68164],[-1.12946,10.68244],[-1.12673,10.68184],[-1.12526,10.68264],[-1.12408,10.6825],[-1.1233,10.68077],[-1.11889,10.68087],[-1.11833,10.67917],[-1.11568,10.67752]]}},{"type":"Feature","properties":{},"geometry":{"type":"LineString","coordinates":[[-1.89539,10.41467],[-1.89738,10.41393],[-1.89781,10.41046],[-1.90464,10.40139],[-1.90763,10.39463],[-1.90794,10.39021],[-1.90999,10.38667],[-1.91135,10.38502],[-1.91445,10.3831],[-1.91531,10.38144],[-1.91714,10.38041],[-1.91803,10.37774],[-1.92029,10.37523],[-1.92606,10.3711],[-1.93122,10.369],[-1.935,10.3693],[-1.93727,10.36818],[-1.94379,10.36698],[-1.94602,10.36535],[-1.94769,10.36521],[-1.95132,10.36073],[-1.95855,10.35844],[-1.96787,10.36112],[-1.97128,10.36289],[-1.97708,10.36067],[-1.98262,10.36069],[-1.9837,10.35486],[-1.98663,10.35045],[-1.98741,10.34551],[-1.9901,10.34329],[-1.99388,10.34169],[-2.0014,10.33468],[-2.00214,10.33144],[-2.00096,10.32993],[-2.00091,10.32881],[-2.00519,10.32733],[-2.00762,10.32533],[-2.00724,10.32211],[-2.00627,10.32162],[-2.00525,10.32226],[-2.00499,10.32105],[-2.00893,10.31599],[-2.0143,10.31531],[-2.01558,10.31794],[-2.01661,10.31654],[-2.01901,10.31555],[-2.01941,10.31308],[-2.01842,10.30816],[-2.01979,10.30694],[-2.02107,10.30864],[-2.02205,10.30841],[-2.02294,10.30265]]}},{"type":"Feature","properties":{"name":"Nasia"},"geometry":{"type":"LineString","coordinates":[[-0.66701,10.17988],[-0.66853,10.17983],[-0.67397,10.18263],[-0.6758,10.18279],[-0.68062,10.18074],[-0.6818,10.1815],[-0.68221,10.18347],[-0.68168,10.18488],[-0.68213,10.18942],[-0.68364,10.19002],[-0.68593,10.18464],[-0.6885,10.18235],[-0.69074,10.18267],[-0.69227,10.18393],[-0.69274,10.18504],[-0.69176,10.18849],[-0.69352,10.18874],[-0.6955,10.18749],[-0.69723,10.18243],[-0.69927,10.1805],[-0.70826,10.17742],[-0.71048,10.17785],[-0.71168,10.18151],[-0.71078,10.18432],[-0.7122,10.18435],[-0.71438,10.18293],[-0.71868,10.17817],[-0.71793,10.17625],[-0.71559,10.1755],[-0.7134,10.17618],[-0.71245,10.17487],[-0.71344,10.17183],[-0.71513,10.17245],[-0.71558,10.17184],[-0.7134,10.16806],[-0.71195,10.16292],[-0.71384,10.1642],[-0.71571,10.16457],[-0.72081,10.16856],[-0.7237,10.16897],[-0.72595,10.16796],[-0.73163,10.17031],[-0.73394,10.17003],[-0.737,10.16778],[-0.73672,10.16642],[-0.73462,10.16432],[-0.73158,10.16251],[-0.73308,10.15985],[-0.73576,10.16094],[-0.73733,10.16275],[-0.74026,10.16371],[-0.74503,10.16702],[-0.74794,10.16526],[-0.74698,10.16186],[-0.74914,10.15953],[-0.75018,10.15922],[-0.75279,10.16022],[-0.7591,10.16032],[-0.76203,10.16215],[-0.76292,10.16456],[-0.76416,10.16505],[-0.76584,10.16273],[-0.76634,10.15994],[-0.76734,10.15828],[-0.77457,10.15371],[-0.77606,10.15368],[-0.77806,10.15679],[-0.78064,10.15595],[-0.78094,10.15515],[-0.77955,10.15023],[-0.78031,10.14514],[-0.78229,10.14213],[-0.78328,10.14178],[-0.78478,10.14255],[-0.7869,10.14623],[-0.78635,10.1475],[-0.78491,10.14784],[-0.78436,10.14893],[-0.78452,10.14975],[-0.78659,10.15156],[-0.78876,10.15175],[-0.79278,10.14868],[-0.79287,10.14568],[-0.79497,10.1454],[-0.79816,10.14786],[-0.7992,10.1551],[-0.80038,10.15638],[-0.80138,10.15642],[-0.80501,10.15436],[-0.809,10.14362],[-0.81249,10.13853],[-0.81607,10.1311],[-0.81769,10.1256],[-0.81836,10.12515],[-0.82075,10.12585],[-0.82183,10.125],[-0.8216,10.12199],[-0.81935,10.11967],[-0.81984,10.11859],[-0.82136,10.11769],[-0.82687,10.1186],[-0.83174,10.12198],[-0.83409,10.12217],[-0.83629,10.12132],[-0.83847,10.1227],[-0.83886,10.12561],[-0.83663,10.12907],[-0.83724,10.13192],[-0.84477,10.132],[-0.85428,10.12825],[-0.85568,10.12677],[-0.85589,10.12473],[-0.85406,10.12186],[-0.85098,10.12099],[-0.84909,10.11928],[-0.84851,10.1156],[-0.85042,10.11389],[-0.85608,10.11203],[-0.85964,10.10756],[-0.85942,10.10673],[-0.85763,10.10655],[-0.85801,10.10325],[-0.86227,10.10122],[-0.86714,10.09729],[-0.86799,10.09574],[-0.86777,10.0945],[-0.86525,10.09236],[-0.85971,10.08909],[-0.85827,10.08627],[-0.85922,10.08374],[-0.86746,10.07851],[-0.86958,10.07554],[-0.86951,10.07256],[-0.86719,10.06851],[-0.86744,10.06302],[-0.8668,10.06233],[-0.86401,10.06215],[-0.86351,10.06102],[-0.86349,10.05884],[-0.86455,10.056],[-0.86582,10.05504],[-0.87127,10.05449],[-0.87505,10.0566],[-0.87776,10.05966],[-0.88186,10.05981],[-0.88226,10.05874],[-0.8815,10.05605],[-0.88259,10.05265],[-0.88126,10.04874],[-0.88207,10.04822],[-0.88383,10.04866],[-0.88547,10.04943],[-0.8875,10.05177],[-0.88871,10.05193],[-0.89069,10.04809],[-0.89083,10.04392],[-0.88963,10.04083],[-0.88605,10.03564],[-0.88676,10.03445],[-0.88989,10.03385],[-0.89309,10.03582],[-0.89529,10.03298],[-0.89647,10.02867],[-0.89675,10.02231],[-0.89498,10.01905],[-0.89809,10.01936],[-0.9011,10.0205],[-0.90435,10.02425],[-0.9081,10.02431],[-0.90965,10.02355],[-0.91138,10.0211],[-0.91227,10.01522],[-0.91199,10.01196],[-0.91053,10.01103],[-0.90646,10.01357],[-0.90602,10.01304],[-0.9064,10.0121],[-0.90742,10.01084],[-0.91254,10.00895],[-0.91651,10.00972],[-0.9174,10.01122],[-0.91736,10.01262],[-0.91814,10.01322],[-0.91911,10.01303],[-0.92158,10.00726],[-0.92165,10.00358],[-0.92098,10.00099],[-0.92142,10.00029],[-0.92553,10.00168],[-0.93107,10.00976],[-0.93235,10.01069],[-0.93385,10.01137],[-0.93798,10.01112],[-0.93993,10.00957],[-0.94035,10.00819],[-0.93862,10.00221],[-0.93971,10.00043],[-0.94249,9.99847],[-0.93926,9.99308],[-0.93997,9.98983],[-0.94223,9.98928],[-0.94864,9.99228],[-0.95347,9.99265],[-0.95923,9.99161],[-0.96293,9.9896],[-0.96695,9.97557],[-0.96975,9.97242],[-0.97266,9.96436],[-0.97203,9.96125],[-0.96983,9.9579],[-0.97002,9.95696],[-0.97193,9.95621]]}},{"type":"Feature","properties":{"name":"Nasia"},"geometry":{"type":"LineString","coordinates":[[-0.25217,10.27042],[-0.25358,10.26662],[-0.2506,10.26326],[-0.25044,10.25869],[-0.24783,10.25751],[-0.24814,10.25574],[-0.24726,10.25438],[-0.24542,10.25401],[-0.24628,10.25289],[-0.2466,10.25045],[-0.24742,10.24979],[-0.2458,10.24818],[-0.24618,10.24631],[-0.24538,10.24452],[-0.2436,10.24321],[-0.24302,10.24403],[-0.2418,10.24376],[-0.24081,10.24269],[-0.24055,10.24187],[-0.24295,10.23939],[-0.24227,10.23772],[-0.24313,10.23637],[-0.2418,10.23583],[-0.24155,10.23506],[-0.24077,10.23531],[-0.23993,10.23401],[-0.24246,10.23073],[-0.2443,10.23062],[-0.24558,10.22971],[-0.24554,10.22667],[-0.24639,10.22578],[-0.24706,10.22664],[-0.24888,10.22703],[-0.24968,10.22586],[-0.24877,10.22374],[-0.24916,10.22306],[-0.24859,10.22127],[-0.24743,10.22007],[-0.24631,10.21481],[-0.24334,10.21173],[-0.24277,10.21243],[-0.24168,10.21178],[-0.2402,10.21295],[-0.23849,10.21291],[-0.23723,10.20989],[-0.2383,10.20935],[-0.2396,10.20508],[-0.24098,10.20459],[-0.24228,10.20492],[-0.24248,10.20367],[-0.2437,10.2033],[-0.24589,10.20021],[-0.24628,10.19867],[-0.24714,10.19815],[-0.24716,10.19721],[-0.24535,10.19542],[-0.24649,10.19283],[-0.24806,10.19223],[-0.24905,10.18966],[-0.25007,10.19077],[-0.25097,10.18937],[-0.2524,10.18961],[-0.25449,10.1888],[-0.25476,10.19068],[-0.25581,10.19105],[-0.25618,10.1884],[-0.2572,10.18769],[-0.25742,10.18645],[-0.25619,10.18593],[-0.2566,10.18365],[-0.25575,10.18368],[-0.25567,10.18313],[-0.25745,10.18349],[-0.25782,10.18226],[-0.25887,10.18361],[-0.26058,10.18378],[-0.26134,10.1831],[-0.26204,10.18355],[-0.26331,10.18217],[-0.26264,10.18078],[-0.26318,10.179],[-0.2648,10.17885],[-0.26602,10.17949],[-0.26659,10.17896],[-0.26769,10.17957],[-0.26903,10.1766],[-0.27135,10.1773],[-0.27205,10.17654],[-0.27341,10.17635],[-0.27361,10.17523],[-0.2761,10.17462],[-0.27786,10.17587],[-0.27874,10.17563],[-0.27911,10.1771],[-0.28217,10.17471],[-0.28644,10.17657],[-0.28646,10.17828],[-0.28762,10.17909],[-0.2893,10.17821],[-0.29072,10.1763],[-0.29182,10.17605],[-0.29231,10.17482],[-0.29391,10.17539],[-0.29424,10.17619],[-0.29513,10.1761],[-0.29621,10.17417],[-0.29724,10.17425],[-0.2985,10.17321],[-0.2987,10.17189],[-0.29817,10.17132],[-0.29982,10.17176],[-0.29989,10.17099],[-0.30094,10.17091],[-0.29929,10.16802],[-0.2996,10.16699],[-0.30172,10.16547],[-0.30592,10.16456],[-0.30684,10.16311],[-0.3076,10.16318],[-0.30904,10.16544],[-0.31268,10.16741],[-0.31452,10.17117],[-0.31546,10.17134],[-0.31846,10.16759],[-0.31905,10.16578],[-0.32215,10.16308],[-0.32262,10.16089],[-0.32605,10.15503],[-0.32804,10.15653],[-0.32921,10.15669],[-0.33035,10.15852],[-0.3309,10.15824],[-0.33054,10.15652],[-0.33274,10.15583],[-0.33401,10.15729],[-0.33568,10.1569],[-0.33709,10.15735],[-0.34011,10.15872],[-0.34051,10.16018],[-0.34477,10.16125],[-0.34818,10.1594],[-0.34815,10.15681],[-0.35008,10.15583],[-0.35035,10.15336],[-0.34802,10.15177],[-0.34843,10.14924],[-0.34989,10.14813],[-0.35128,10.14817],[-0.36001,10.1515],[-0.36326,10.14983],[-0.36364,10.15093],[-0.36503,10.15128],[-0.365,10.15241],[-0.36593,10.15337],[-0.37059,10.15593],[-0.37296,10.15506],[-0.37425,10.15168],[-0.37542,10.15101],[-0.3763,10.15094],[-0.37687,10.15211],[-0.37586,10.15267],[-0.37597,10.15417],[-0.37655,10.15436],[-0.38198,10.15133],[-0.38336,10.15327],[-0.38354,10.15503],[-0.38506,10.15548],[-0.38741,10.15451],[-0.38847,10.15568],[-0.38771,10.15715],[-0.38203,10.15834],[-0.38246,10.16001],[-0.38425,10.16105],[-0.38777,10.1618],[-0.39124,10.16154],[-0.39543,10.15994],[-0.39604,10.16186],[-0.3948,10.16342],[-0.39536,10.16449],[-0.3965,10.16501],[-0.39881,10.16466],[-0.40078,10.16335],[-0.4048,10.16206],[-0.40809,10.16348],[-0.4052,10.16674],[-0.40598,10.16835],[-0.40711,10.1685],[-0.40852,10.16716],[-0.41121,10.16706],[-0.41215,10.16773],[-0.41174,10.16914],[-0.41245,10.16966],[-0.41421,10.16794],[-0.41597,10.16816],[-0.41592,10.1594],[-0.42002,10.159],[-0.41996,10.15742],[-0.41758,10.15633],[-0.418,10.15452],[-0.41937,10.1533],[-0.42177,10.15356],[-0.4224,10.15536],[-0.42413,10.15648],[-0.42603,10.15643],[-0.42708,10.15461],[-0.42537,10.15105],[-0.42655,10.15056],[-0.42755,10.15114],[-0.42976,10.15782],[-0.43078,10.1579],[-0.43322,10.15618],[-0.43401,10.15667],[-0.43483,10.1588],[-0.43739,10.15901],[-0.43885,10.1581],[-0.44074,10.15527],[-0.44335,10.14948],[-0.446,10.14903],[-0.44769,10.1506],[-0.44926,10.15044],[-0.44982,10.14201],[-0.45819,10.13673],[-0.45835,10.1353],[-0.45556,10.13261],[-0.45818,10.13056],[-0.45971,10.13031],[-0.4628,10.13316],[-0.46992,10.13712],[-0.47179,10.13658],[-0.47132,10.13414],[-0.47228,10.1331],[-0.4781,10.13765],[-0.48003,10.13804],[-0.48233,10.13719],[-0.48516,10.14039],[-0.48842,10.14283],[-0.48805,10.14437],[-0.48893,10.14583],[-0.49401,10.14488],[-0.49457,10.14538],[-0.49411,10.14694],[-0.49582,10.14811],[-0.49753,10.14716],[-0.49923,10.14765],[-0.50101,10.14671],[-0.50473,10.14708],[-0.50711,10.14631],[-0.50969,10.14327],[-0.50943,10.14006],[-0.51192,10.13955],[-0.51144,10.13674],[-0.51197,10.13551],[-0.51387,10.13471],[-0.5157,10.13503],[-0.51662,10.13646],[-0.51631,10.14242],[-0.51736,10.14481],[-0.51697,10.14549],[-0.51605,10.14541],[-0.51513,10.14754],[-0.51602,10.14796],[-0.51757,10.15158],[-0.51898,10.15114],[-0.52099,10.14825],[-0.52341,10.14647],[-0.52397,10.14368],[-0.52195,10.14326],[-0.5219,10.14068],[-0.52289,10.1386],[-0.52391,10.13805],[-0.53148,10.14388],[-0.53099,10.14874],[-0.52966,10.14828],[-0.52913,10.1492],[-0.53329,10.15068],[-0.53573,10.14995],[-0.54018,10.14982],[-0.54095,10.14764],[-0.53947,10.14179],[-0.53762,10.1398],[-0.53806,10.13821],[-0.54515,10.13563],[-0.54944,10.13127],[-0.55133,10.13116],[-0.55221,10.13198],[-0.55216,10.14049],[-0.55265,10.14132],[-0.55443,10.14139],[-0.55631,10.13925],[-0.55663,10.13667],[-0.55793,10.13553],[-0.55819,10.13398],[-0.5573,10.12928],[-0.55839,10.12722],[-0.56006,10.12673],[-0.56029,10.12946],[-0.56297,10.13146],[-0.56473,10.13169],[-0.56649,10.13022],[-0.56803,10.12334],[-0.56895,10.12243],[-0.56999,10.12272],[-0.57062,10.12466],[-0.57214,10.12531],[-0.57315,10.12411],[-0.57259,10.12206],[-0.57077,10.12086],[-0.57073,10.11867],[-0.57222,10.11395],[-0.57649,10.11359],[-0.5812,10.11629],[-0.58257,10.11607],[-0.58383,10.11476],[-0.58446,10.11333],[-0.58398,10.11187],[-0.58164,10.1095],[-0.57901,10.10811],[-0.57856,10.1065],[-0.58075,10.10592],[-0.58832,10.10617],[-0.58936,10.11205],[-0.59022,10.11388],[-0.5914,10.11443],[-0.593,10.11392],[-0.59396,10.11264],[-0.59404,10.11118],[-0.59675,10.10855],[-0.59745,10.10508],[-0.59548,10.10248],[-0.596,10.10186],[-0.5973,10.10186],[-0.59882,10.10296],[-0.60124,10.10351],[-0.60465,10.1023],[-0.60606,10.10263],[-0.6078,10.10573],[-0.60762,10.10833],[-0.60484,10.11169],[-0.60053,10.11092],[-0.59701,10.11392],[-0.59723,10.11578],[-0.60142,10.11878],[-0.60409,10.12217],[-0.60317,10.12579],[-0.60231,10.12641],[-0.59868,10.12612],[-0.59838,10.12959],[-0.60101,10.13079],[-0.60439,10.12941],[-0.60907,10.12246],[-0.61048,10.12188],[-0.613,10.12641],[-0.61137,10.13098],[-0.61058,10.13602],[-0.61163,10.13846],[-0.6137,10.1381],[-0.61578,10.13916],[-0.61675,10.14113],[-0.61652,10.14749],[-0.61779,10.14818],[-0.61767,10.14931],[-0.61719,10.1499],[-0.61575,10.14969],[-0.615,10.15099],[-0.61708,10.15249],[-0.61771,10.1556],[-0.61606,10.15613],[-0.61501,10.16208],[-0.61411,10.16199],[-0.61278,10.15998],[-0.61195,10.15979],[-0.60962,10.16111],[-0.60953,10.16277]]}},{"type":"Feature","properties":{"name":"Pale"},"geometry":{"type":"LineString","coordinates":[[-2.70248,9.90919],[-2.7033,9.90983],[-2.70321,9.90807],[-2.70644,9.90641],[-2.70961,9.90704],[-2.71038,9.90646],[-2.71267,9.90647],[-2.71298,9.90553],[-2.71408,9.90557],[-2.71627,9.90364],[-2.71633,9.90216],[-2.71708,9.9025],[-2.71604,9.89623],[-2.71658,9.89318],[-2.71506,9.89314],[-2.71499,9.89137],[-2.71825,9.88973],[-2.72044,9.89123],[-2.72218,9.8911],[-2.72271,9.88974],[-2.72459,9.88928],[-2.72421,9.88801],[-2.72639,9.88774],[-2.72571,9.88683],[-2.72603,9.88636],[-2.72809,9.88636],[-2.72806,9.88823],[-2.72868,9.88718],[-2.73103,9.88624],[-2.73147,9.88551],[-2.73407,9.88547],[-2.73439,9.88604],[-2.73519,9.88595],[-2.73586,9.88779],[-2.73509,9.88882],[-2.73578,9.88916],[-2.73943,9.88717],[-2.73928,9.88649],[-2.74014,9.88653],[-2.74019,9.8855],[-2.74116,9.88598],[-2.74106,9.88682],[-2.74363,9.88544],[-2.74439,9.88605],[-2.74787,9.88217],[-2.74713,9.87985],[-2.74598,9.8786],[-2.75573,9.87675],[-2.75796,9.87522]]}},{"type":"Feature","properties":{"name":"White Volta"},"geometry":{"type":"LineString","coordinates":[[-1.00177,9.67918],[-1.00711,9.68025],[-1.0109,9.68333],[-1.01534,9.68498],[-1.0182,9.68384],[-1.02271,9.67904],[-1.02495,9.67767],[-1.02762,9.67639],[-1.03106,9.67629],[-1.0339,9.67892],[-1.03428,9.68264],[-1.03286,9.68577],[-1.02854,9.68718],[-1.02756,9.68811],[-1.02771,9.69261],[-1.02869,9.69414],[-1.03424,9.69712],[-1.0401,9.69841],[-1.04338,9.69853],[-1.04702,9.6976],[-1.05206,9.69146],[-1.05292,9.68895],[-1.05236,9.68378],[-1.04766,9.67723],[-1.04739,9.67559],[-1.04831,9.67066],[-1.05285,9.66554],[-1.05468,9.66024],[-1.05591,9.65945],[-1.05921,9.65956],[-1.06765,9.66189],[-1.07159,9.66387],[-1.07546,9.66622],[-1.08552,9.67532],[-1.09121,9.67591],[-1.09268,9.67658],[-1.09406,9.67935],[-1.09408,9.68118],[-1.09217,9.68916]]}},{"type":"Feature","properties":{},"geometry":{"type":"LineString","coordinates":[[-2.29266,9.75571],[-2.28547,9.74882],[-2.28253,9.7484],[-2.2817,9.7472],[-2.27897,9.74579],[-2.27686,9.74334],[-2.27507,9.74247],[-2.27313,9.74045],[-2.27301,9.73877],[-2.27179,9.73631],[-2.26396,9.73071],[-2.2556,9.72776],[-2.25177,9.72377],[-2.24261,9.72319],[-2.24153,9.72198],[-2.23507,9.72054],[-2.23503,9.71972],[-2.23723,9.71616],[-2.23693,9.71461],[-2.23617,9.71402],[-2.23311,9.71458],[-2.23186,9.71338],[-2.2282,9.71205],[-2.22246,9.70374],[-2.2204,9.70343],[-2.21676,9.70616],[-2.21154,9.70873],[-2.20349,9.7039],[-2.20172,9.70213],[-2.20196,9.6997],[-2.19775,9.69748],[-2.19497,9.69745],[-2.19364,9.69651],[-2.194,9.6944],[-2.18991,9.68649],[-2.18935,9.68351],[-2.18782,9.68207],[-2.18466,9.6831],[-2.18276,9.68298],[-2.17991,9.68004],[-2.17894,9.67983],[-2.17506,9.68135],[-2.1678,9.68192],[-2.16632,9.67936],[-2.16627,9.6774],[-2.1643,9.67462],[-2.16102,9.67321],[-2.15877,9.67498],[-2.15806,9.67466],[-2.15755,9.67422],[-2.15733,9.67117],[-2.15525,9.67003],[-2.15289,9.67037],[-2.15141,9.67344],[-2.14914,9.67445],[-2.14703,9.67703],[-2.14461,9.67695],[-2.14038,9.67502],[-2.13886,9.6753],[-2.13826,9.67868],[-2.13738,9.68012],[-2.13348,9.68232],[-2.1321,9.68527],[-2.12894,9.68612],[-2.12339,9.68554],[-2.12141,9.6847],[-2.11572,9.68439],[-2.11369,9.68575],[-2.10133,9.68708],[-2.10034,9.68598],[-2.1006,9.68317],[-2.09929,9.67904],[-2.09764,9.67879],[-2.09395,9.68069],[-2.0912,9.68084],[-2.08912,9.68],[-2.0888,9.67841],[-2.08528,9.6782],[-2.08329,9.67701]]}},{"type":"Feature","properties":{},"geometry":{"type":"LineString","coordinates":[[-2.08329,9.67701],[-2.0762,9.67524],[-2.07689,9.67162],[-2.07554,9.6705],[-2.06998,9.67088],[-2.06403,9.66832],[-2.06068,9.66567],[-2.05114,9.6625],[-2.05011,9.66265],[-2.04713,9.66561],[-2.04466,9.66578],[-2.04393,9.66498],[-2.04438,9.66199],[-2.04307,9.65973],[-2.03727,9.6586],[-2.03416,9.65699],[-2.0257,9.65548],[-2.02556,9.65432],[-2.02683,9.65251],[-2.02876,9.64706],[-2.02926,9.64112],[-2.02493,9.63737],[-2.02485,9.63399],[-2.02394,9.63217],[-2.01854,9.62697],[-2.01482,9.62528],[-2.01248,9.62282],[-2.01256,9.62031],[-2.01604,9.61622],[-2.01629,9.61467],[-2.01326,9.61137],[-2.0125,9.60892],[-2.00953,9.60399],[-2.00864,9.5996],[-2.00881,9.59709],[-2.0074,9.59423],[-2.0095,9.59232],[-2.00973,9.59137],[-2.00805,9.5892],[-2.0075,9.58712],[-2.00425,9.58374],[-1.99636,9.58036],[-1.99131,9.57985],[-1.98741,9.58065],[-1.98571,9.58027],[-1.98148,9.5761],[-1.9782,9.57422],[-1.96976,9.57631],[-1.96754,9.57566],[-1.96696,9.57249],[-1.96831,9.56626],[-1.96838,9.55964],[-1.96763,9.55798],[-1.96287,9.55398],[-1.96007,9.54707],[-1.95844,9.54488],[-1.9564,9.54423],[-1.95371,9.54515],[-1.94894,9.54299],[-1.94711,9.54425],[-1.94665,9.54699],[-1.94094,9.5482],[-1.93792,9.54711],[-1.93588,9.54709],[-1.93303,9.54484],[-1.93222,9.5449],[-1.93113,9.54584],[-1.93039,9.55084],[-1.92835,9.5556],[-1.92581,9.55789],[-1.92247,9.55793],[-1.91906,9.56102],[-1.9171,9.56122],[-1.91246,9.56397],[-1.91011,9.56229],[-1.90831,9.55926],[-1.90791,9.55778],[-1.90846,9.55626],[-1.90532,9.55343],[-1.90124,9.55562],[-1.89645,9.55693],[-1.88745,9.56061],[-1.88123,9.56047],[-1.87659,9.55879],[-1.8746,9.55734],[-1.87204,9.55462],[-1.87131,9.55232],[-1.87182,9.54429],[-1.86599,9.54189],[-1.86654,9.53814],[-1.86963,9.53665],[-1.8685,9.53334],[-1.87132,9.53311],[-1.87265,9.53202],[-1.87408,9.53275],[-1.87607,9.53214],[-1.87587,9.52959],[-1.87662,9.52799],[-1.87587,9.52167],[-1.87361,9.51988],[-1.87219,9.5203],[-1.86741,9.5195],[-1.86647,9.51717],[-1.86786,9.51548],[-1.86691,9.51432],[-1.86442,9.51347],[-1.85542,9.51417],[-1.85117,9.51365],[-1.84896,9.51462],[-1.84782,9.51443],[-1.8486,9.50698],[-1.84925,9.50551],[-1.84828,9.50482],[-1.84379,9.50446],[-1.84163,9.50064],[-1.83878,9.49851],[-1.83833,9.49371],[-1.83511,9.486],[-1.83279,9.48496],[-1.83096,9.4832],[-1.83171,9.48139],[-1.83154,9.47984],[-1.83426,9.47501],[-1.83303,9.47357],[-1.83199,9.47053],[-1.82975,9.46966],[-1.8282,9.46778],[-1.83091,9.46392],[-1.83216,9.4608],[-1.83132,9.45917],[-1.82825,9.4599],[-1.82673,9.45946],[-1.82695,9.45793],[-1.82999,9.45711],[-1.83033,9.45528],[-1.82912,9.4533]]}},{"type":"Feature","properties":{"name":"White Volta"},"geometry":{"type":"LineString","coordinates":[[-1.82912,9.4533],[-1.83307,9.44692],[-1.83283,9.44559],[-1.83107,9.44392],[-1.83251,9.44244],[-1.83473,9.4426],[-1.8351,9.44394],[-1.83607,9.44459],[-1.83841,9.44326],[-1.83819,9.43818],[-1.83955,9.43734],[-1.84013,9.43569],[-1.83685,9.43524],[-1.83889,9.42924],[-1.83788,9.42862],[-1.83678,9.42951],[-1.83617,9.4273],[-1.8375,9.42495],[-1.83836,9.42475],[-1.83901,9.42578],[-1.84026,9.42611],[-1.83999,9.42969],[-1.84289,9.42934],[-1.84412,9.42331],[-1.84548,9.42116],[-1.84855,9.42101],[-1.84817,9.41641],[-1.84673,9.41334],[-1.84905,9.41337],[-1.85069,9.41277],[-1.85105,9.41193],[-1.85108,9.41129],[-1.84984,9.41049],[-1.84752,9.41083],[-1.84623,9.412],[-1.84652,9.40986],[-1.84839,9.40878],[-1.84917,9.40968],[-1.85025,9.40943],[-1.85073,9.40853],[-1.84803,9.40446],[-1.84355,9.4006],[-1.84076,9.39691],[-1.84101,9.39607],[-1.83875,9.39412],[-1.83629,9.39452],[-1.83711,9.39044],[-1.84058,9.38889],[-1.84291,9.39095],[-1.84381,9.39056],[-1.84399,9.38954],[-1.84243,9.38596],[-1.83886,9.387],[-1.83631,9.38669],[-1.83252,9.3818],[-1.83337,9.38081],[-1.8358,9.3817],[-1.83726,9.38111],[-1.83782,9.38],[-1.83322,9.37926],[-1.83196,9.38003],[-1.83127,9.3727],[-1.83882,9.3664],[-1.83958,9.36633],[-1.83933,9.36477],[-1.83825,9.3644],[-1.83802,9.35766],[-1.84151,9.35413],[-1.84152,9.35344],[-1.84061,9.35286],[-1.84088,9.34929],[-1.83988,9.34818],[-1.83657,9.35165],[-1.83571,9.35144],[-1.83523,9.35004],[-1.83626,9.34439],[-1.83526,9.33844],[-1.83398,9.33745],[-1.83229,9.3374],[-1.83209,9.33556],[-1.83137,9.3353],[-1.8296,9.3386],[-1.82752,9.33982],[-1.82676,9.34149],[-1.82491,9.34148],[-1.82509,9.33159],[-1.82738,9.32559],[-1.82967,9.32188],[-1.83024,9.31819],[-1.82741,9.31808],[-1.82225,9.31409],[-1.81759,9.31275],[-1.81359,9.31033],[-1.81047,9.30412],[-1.8079,9.30197],[-1.80585,9.29535],[-1.80458,9.29409],[-1.80198,9.29343],[-1.80066,9.29398],[-1.79948,9.29601],[-1.7972,9.30417],[-1.79644,9.30429],[-1.79533,9.30215],[-1.7944,9.30263],[-1.79528,9.30586],[-1.79485,9.30697],[-1.78681,9.31178],[-1.78436,9.30878],[-1.78218,9.31233],[-1.78087,9.31208],[-1.78081,9.30984],[-1.77904,9.30856],[-1.77888,9.30737],[-1.77998,9.30703],[-1.77841,9.30618],[-1.78037,9.30363],[-1.77592,9.29708],[-1.77494,9.29648],[-1.7721,9.29709],[-1.76638,9.2921],[-1.76416,9.29292],[-1.76316,9.29126],[-1.75965,9.29171],[-1.76043,9.29052],[-1.76008,9.29],[-1.75879,9.29019],[-1.75731,9.28904],[-1.75518,9.29003],[-1.75227,9.2866],[-1.75153,9.28687],[-1.75109,9.28818],[-1.74966,9.28835],[-1.7484,9.28945],[-1.74606,9.28887],[-1.74371,9.28734],[-1.74204,9.28725],[-1.74014,9.28846],[-1.73924,9.29077],[-1.73622,9.29154],[-1.73461,9.29274],[-1.72834,9.29194],[-1.72191,9.29238],[-1.7208,9.29053],[-1.7171,9.28893],[-1.712,9.28403],[-1.70994,9.27973],[-1.70156,9.27682],[-1.69932,9.27666],[-1.69659,9.27786],[-1.69391,9.27731],[-1.69104,9.27507],[-1.68346,9.27647],[-1.68033,9.27594],[-1.67419,9.27708],[-1.67314,9.27666],[-1.67164,9.27433],[-1.66919,9.27403],[-1.66842,9.27454],[-1.66981,9.27649],[-1.66936,9.27755],[-1.66413,9.27967],[-1.66121,9.28293],[-1.65911,9.28276],[-1.65812,9.28547],[-1.65559,9.28558],[-1.65288,9.2874],[-1.65042,9.28767],[-1.64705,9.29],[-1.64638,9.29011],[-1.64462,9.28805],[-1.64325,9.29055],[-1.64188,9.2882],[-1.6404,9.28901],[-1.63892,9.28771],[-1.63924,9.28388],[-1.6411,9.2791],[-1.64085,9.27778],[-1.64012,9.27738],[-1.63613,9.27844],[-1.63177,9.27857],[-1.62733,9.28092],[-1.62462,9.27778],[-1.62398,9.27569],[-1.62033,9.2766],[-1.61795,9.27417],[-1.61682,9.27404],[-1.61473,9.27503],[-1.60576,9.27107],[-1.60091,9.27302],[-1.59561,9.27187],[-1.59122,9.27221],[-1.58821,9.27164],[-1.58701,9.27219],[-1.5872,9.27355],[-1.58581,9.27389],[-1.58416,9.2734],[-1.58315,9.27213],[-1.58265,9.27302],[-1.57961,9.27391],[-1.57909,9.2761]]}},{"type":"Feature","properties":{},"geometry":{"type":"LineString","coordinates":[[-0.70557,9.41057],[-0.70463,9.41034],[-0.70443,9.40915],[-0.7035,9.40914],[-0.7017,9.40742],[-0.70129,9.4048],[-0.70041,9.40576],[-0.69956,9.40546],[-0.70061,9.40341],[-0.70023,9.40085],[-0.69915,9.40086],[-0.69765,9.39929],[-0.69766,9.39857],[-0.69644,9.39844],[-0.69565,9.39605],[-0.69448,9.39636],[-0.69336,9.39543],[-0.69183,9.39553],[-0.69184,9.39487],[-0.69346,9.39385],[-0.69121,9.3933],[-0.69097,9.39245],[-0.68992,9.39196],[-0.69051,9.38946],[-0.69007,9.38847],[-0.69115,9.38853],[-0.6914,9.38802],[-0.68943,9.38558],[-0.68966,9.38444],[-0.68838,9.38235],[-0.68907,9.38108],[-0.68713,9.38069],[-0.68604,9.37977],[-0.68686,9.37777],[-0.68639,9.37663],[-0.68042,9.37402],[-0.68049,9.37273],[-0.68187,9.37223],[-0.6817,9.37161],[-0.6798,9.37094],[-0.68132,9.37013],[-0.6804,9.36864],[-0.68113,9.36769],[-0.67907,9.36668],[-0.67712,9.36785],[-0.67753,9.36682],[-0.67679,9.36707],[-0.67513,9.36522],[-0.6733,9.36514],[-0.67264,9.36713],[-0.67205,9.36535],[-0.67062,9.36558],[-0.67004,9.36452],[-0.66962,9.36543],[-0.66875,9.36465],[-0.66732,9.36491],[-0.66661,9.36358],[-0.66414,9.36466],[-0.66164,9.36313],[-0.66228,9.36098],[-0.66055,9.3593],[-0.65898,9.36155],[-0.65844,9.36139],[-0.65859,9.35998],[-0.65666,9.36016],[-0.65686,9.35849],[-0.65561,9.35792],[-0.6557,9.35603],[-0.65431,9.35648],[-0.65321,9.35586],[-0.65258,9.3529],[-0.65295,9.35182],[-0.65152,9.34992],[-0.64994,9.34982],[-0.64961,9.35079],[-0.64759,9.34946],[-0.64597,9.35003],[-0.64462,9.34972],[-0.6448,9.3478],[-0.64333,9.34744],[-0.6422,9.34622],[-0.64453,9.34565],[-0.6414,9.34058],[-0.64259,9.3397],[-0.64239,9.33815],[-0.64009,9.33789],[-0.64111,9.33731],[-0.64173,9.33544],[-0.63989,9.33588],[-0.63981,9.33436],[-0.64052,9.33326],[-0.63999,9.3319],[-0.638,9.33239],[-0.63825,9.3307],[-0.63663,9.32964],[-0.63744,9.32894],[-0.63731,9.3282],[-0.63593,9.32749],[-0.63654,9.32672],[-0.63605,9.32542],[-0.63775,9.32408],[-0.63661,9.32352],[-0.63658,9.32271],[-0.63769,9.32234],[-0.63807,9.3212],[-0.63578,9.31964],[-0.63583,9.3182]]}},{"type":"Feature","properties":{},"geometry":{"type":"LineString","coordinates":[[0.62713,7.70427],[0.62416,7.70449],[0.61928,7.70328],[0.61761,7.7043],[0.61624,7.70641],[0.61223,7.70836],[0.60918,7.71088],[0.60685,7.71007],[0.60297,7.71029],[0.60057,7.70893],[0.59755,7.70836],[0.59491,7.70705],[0.59361,7.70485],[0.59037,7.7031]]}},{"type":"Feature","properties":{},"geometry":{"type":"LineString","coordinates":[[-0.2814,5.57258],[-0.28113,5.57213]]}},{"type":"Feature","properties":{},"geometry":{"type":"LineString","coordinates":[[-0.28122,5.5754],[-0.28085,5.57454],[-0.2814,5.57258]]}},{"type":"Feature","properties":{},"geometry":{"type":"LineString","coordinates":[[-2.12883,8.82813],[-2.12525,8.82909],[-2.1216,8.83274],[-2.11992,8.83304],[-2.11852,8.83142],[-2.11272,8.82926],[-2.11229,8.8271],[-2.11063,8.82603],[-2.11029,8.82086],[-2.10814,8.82009],[-2.09518,8.82256],[-2.09334,8.82183],[-2.08863,8.82327],[-2.08623,8.82307],[-2.08393,8.82386],[-2.08123,8.82325],[-2.08085,8.82449],[-2.07895,8.82505],[-2.07627,8.82417],[-2.07328,8.82507],[-2.06979,8.82276],[-2.06704,8.82389],[-2.06412,8.82413],[-2.05765,8.82297],[-2.05698,8.82422],[-2.05519,8.8246],[-2.05349,8.82587],[-2.05131,8.8262],[-2.04906,8.82511],[-2.04604,8.82678],[-2.04161,8.82402],[-2.04233,8.82218],[-2.04042,8.81953],[-2.03181,8.81719],[-2.02904,8.81546],[-2.02655,8.81533],[-2.0248,8.81443],[-2.0224,8.81457],[-2.01961,8.81289],[-2.01623,8.81243],[-2.01584,8.81184],[-2.01671,8.81119],[-2.01683,8.80739],[-2.01333,8.80505],[-2.01373,8.80309],[-2.01225,8.80104],[-2.01239,8.79982],[-2.0112,8.798],[-2.01123,8.79741],[-2.01221,8.79742],[-2.01172,8.79548],[-2.01239,8.79455],[-2.01175,8.79362],[-2.01235,8.79144],[-2.00939,8.79121],[-2.00769,8.7895],[-2.00815,8.78691],[-2.00947,8.7875],[-2.00973,8.7866],[-2.01092,8.78614],[-2.00977,8.78139],[-2.01058,8.77945],[-2.01039,8.77787],[-2.00892,8.7752],[-2.00755,8.77493],[-2.00711,8.77416],[-2.00739,8.77234],[-2.00843,8.77177],[-2.00821,8.76923],[-2.00683,8.76734],[-2.00248,8.76557],[-2.00158,8.76263],[-1.99988,8.76172],[-1.99903,8.75991],[-1.99645,8.7587],[-1.99631,8.75754],[-1.99515,8.7562],[-1.99566,8.75417]]}},{"type":"Feature","properties":{},"geometry":{"type":"LineString","coordinates":[[-1.99566,8.75417],[-1.99526,8.75278],[-1.99081,8.75129],[-1.98751,8.75181],[-1.987,8.75501],[-1.98565,8.75555],[-1.98471,8.75526],[-1.98431,8.75336],[-1.98298,8.75186],[-1.98042,8.75468],[-1.97777,8.75315],[-1.9751,8.7548],[-1.97317,8.75438],[-1.97219,8.7556],[-1.97139,8.75323],[-1.96903,8.75156],[-1.96865,8.74769],[-1.96734,8.74723],[-1.96755,8.74851],[-1.96634,8.74825],[-1.96427,8.74607],[-1.96475,8.74516],[-1.96413,8.74396],[-1.9614,8.74327],[-1.95775,8.74292],[-1.95761,8.74439],[-1.95582,8.74521],[-1.9536,8.74369],[-1.95224,8.74404],[-1.95148,8.7426],[-1.9489,8.74348],[-1.94811,8.74233],[-1.94366,8.74322],[-1.94228,8.74439],[-1.93935,8.74478],[-1.93857,8.74632],[-1.93559,8.74723],[-1.9342,8.74701],[-1.93473,8.74623],[-1.93382,8.74564],[-1.93393,8.74482],[-1.93253,8.74472],[-1.93182,8.74396],[-1.92787,8.74488],[-1.92711,8.74229],[-1.92569,8.74195],[-1.9244,8.74398],[-1.92336,8.7441],[-1.9216,8.74313],[-1.91913,8.74441],[-1.9182,8.74679],[-1.91556,8.74524],[-1.91298,8.74532],[-1.91204,8.74453],[-1.91107,8.74505],[-1.91044,8.74358],[-1.90816,8.74455],[-1.90635,8.7423],[-1.90377,8.74215],[-1.90109,8.74039],[-1.89972,8.74023],[-1.89789,8.736],[-1.89475,8.7325],[-1.89419,8.73097],[-1.89479,8.73061],[-1.89402,8.72896],[-1.89429,8.72778],[-1.89004,8.72693],[-1.88657,8.72481],[-1.88494,8.72455],[-1.88095,8.71789],[-1.87814,8.71799],[-1.87662,8.71545],[-1.87651,8.71147],[-1.87447,8.71002],[-1.87626,8.70854],[-1.87632,8.70701],[-1.87439,8.70658],[-1.8748,8.70517],[-1.87432,8.70373],[-1.8719,8.70241],[-1.87246,8.70118],[-1.8708,8.69902],[-1.87159,8.69624],[-1.87382,8.69469],[-1.87032,8.69465],[-1.86891,8.69006],[-1.86728,8.68791],[-1.86754,8.68428],[-1.86664,8.68041],[-1.86577,8.67932],[-1.86647,8.67801],[-1.86544,8.67635],[-1.86522,8.66295],[-1.86163,8.6574],[-1.85492,8.65433]]}},{"type":"Feature","properties":{"name":"Black Volta"},"geometry":{"type":"LineString","coordinates":[[-2.23675,8.27913],[-2.23612,8.27863]]}},{"type":"Feature","properties":{"name":"Black Volta"},"geometry":{"type":"LineString","coordinates":[[-2.58831,8.78788],[-2.5857,8.78728],[-2.58191,8.78456],[-2.57599,8.77774],[-2.56929,8.77274],[-2.55034,8.76329],[-2.54696,8.76212],[-2.54286,8.762],[-2.5423,8.7602],[-2.53953,8.75834],[-2.53854,8.74929],[-2.5358,8.74673],[-2.53508,8.7443],[-2.53526,8.74029],[-2.52959,8.73552],[-2.52409,8.73291],[-2.51979,8.73201],[-2.51622,8.73232],[-2.51199,8.73052],[-2.50528,8.72517],[-2.49788,8.718],[-2.48884,8.69886],[-2.48771,8.69395],[-2.48806,8.6879],[-2.48685,8.6847],[-2.48386,8.6805],[-2.47831,8.67581],[-2.4776,8.67213],[-2.4749,8.66869],[-2.47326,8.66521],[-2.46558,8.65546],[-2.4643,8.65283],[-2.46238,8.65126],[-2.45946,8.65012],[-2.45583,8.6497],[-2.45362,8.64813],[-2.45028,8.64422],[-2.44626,8.64274],[-2.44223,8.64511],[-2.4315,8.64087],[-2.43057,8.63468],[-2.42723,8.63148],[-2.42514,8.62845],[-2.41684,8.62316],[-2.41556,8.61149],[-2.41429,8.60927],[-2.41629,8.60559],[-2.4162,8.60135],[-2.41802,8.59798],[-2.41866,8.59529],[-2.41825,8.5922],[-2.41679,8.59019],[-2.41754,8.58491],[-2.41633,8.58233],[-2.41516,8.58141],[-2.41424,8.57435],[-2.4106,8.56998],[-2.40927,8.56679],[-2.40201,8.56416],[-2.39996,8.56203],[-2.39508,8.56249],[-2.38029,8.55648],[-2.37661,8.55439],[-2.37026,8.54696],[-2.36985,8.54395],[-2.36818,8.54219],[-2.36726,8.53651],[-2.36467,8.5325],[-2.36308,8.52799],[-2.35865,8.52156],[-2.35832,8.51964],[-2.35865,8.51797],[-2.36016,8.51684],[-2.36257,8.51315],[-2.37053,8.50636],[-2.37021,8.49642],[-2.36663,8.47583],[-2.36588,8.47401],[-2.36439,8.47289],[-2.36059,8.47182],[-2.35588,8.46894],[-2.35615,8.46701],[-2.35524,8.46402],[-2.35316,8.46076],[-2.3469,8.45626],[-2.34476,8.45306],[-2.34263,8.44611],[-2.34204,8.44183],[-2.33487,8.43317],[-2.32921,8.42146],[-2.3237,8.41232],[-2.31953,8.41018],[-2.31853,8.40808],[-2.31924,8.40597],[-2.32068,8.40516],[-2.31716,8.40059],[-2.31658,8.39706],[-2.3153,8.39596],[-2.31235,8.39619],[-2.30882,8.39382],[-2.30819,8.39122],[-2.30865,8.38856],[-2.30524,8.38566],[-2.30715,8.38242],[-2.3083,8.37473],[-2.30726,8.37079],[-2.30622,8.36969],[-2.30321,8.36964],[-2.30061,8.36437],[-2.30049,8.36252],[-2.30391,8.35737],[-2.30443,8.35483],[-2.29691,8.34418],[-2.29546,8.33527],[-2.29552,8.32937],[-2.29332,8.3248],[-2.29147,8.32393],[-2.28834,8.32439],[-2.28777,8.32347],[-2.288,8.32029],[-2.28638,8.3204],[-2.28568,8.31919],[-2.28672,8.31479],[-2.28476,8.31172],[-2.28603,8.31103],[-2.28696,8.3086],[-2.28395,8.29524],[-2.23963,8.28199],[-2.23675,8.27913]]}},{"type":"Feature","properties":{"name":"Kpasa River"},"geometry":{"type":"LineString","coordinates":[[0.47147,8.5995],[0.46721,8.60017],[0.4648,8.59872],[0.46357,8.59927],[0.46037,8.59741],[0.45983,8.59837],[0.46041,8.59919],[0.45945,8.59928],[0.45465,8.59542],[0.45428,8.59341],[0.45303,8.59207],[0.4524,8.59174],[0.45143,8.59225],[0.45025,8.59089],[0.44963,8.58828],[0.44794,8.58555],[0.4404,8.58547],[0.4386,8.58467],[0.4338,8.58531],[0.43049,8.58402],[0.43002,8.58199],[0.42757,8.58211],[0.42684,8.57999],[0.4222,8.58083],[0.42252,8.57982],[0.42149,8.57868],[0.42243,8.57834],[0.42236,8.577],[0.41933,8.57665],[0.41741,8.57403],[0.41667,8.57441],[0.41546,8.57384],[0.41545,8.5718],[0.41629,8.57194],[0.4162,8.57061],[0.41525,8.57011],[0.41496,8.56901],[0.41439,8.56881],[0.41363,8.57093],[0.41171,8.57131],[0.40968,8.5688],[0.40996,8.56828],[0.41141,8.56832],[0.41149,8.56739],[0.40909,8.56601],[0.40915,8.56697],[0.40808,8.56691],[0.40653,8.56555],[0.40644,8.56407],[0.40749,8.56369],[0.40688,8.56236],[0.40384,8.56275],[0.4026,8.56071],[0.40202,8.56111],[0.40125,8.56013],[0.39892,8.56069],[0.3979,8.55915],[0.39075,8.55498],[0.38836,8.55431],[0.38841,8.5525],[0.38974,8.55152],[0.38812,8.5496],[0.3814,8.55028],[0.38112,8.55159],[0.37756,8.55028],[0.37596,8.5506],[0.37605,8.55179],[0.37541,8.55204],[0.37279,8.55016],[0.37186,8.55011],[0.37097,8.55097],[0.36944,8.54871],[0.36819,8.54143],[0.366,8.53487],[0.36545,8.53411],[0.36053,8.53345],[0.35886,8.53188],[0.35909,8.53067],[0.36242,8.52712],[0.36289,8.52587],[0.36154,8.52528],[0.35986,8.52579],[0.35849,8.52392],[0.35697,8.52307],[0.35647,8.52374],[0.35457,8.52368],[0.35054,8.51933],[0.34689,8.51856],[0.34518,8.51899],[0.34349,8.5167],[0.34307,8.5176],[0.34215,8.51767],[0.34267,8.51594],[0.34077,8.51379],[0.33872,8.51327],[0.3372,8.51427],[0.33586,8.51405],[0.33679,8.51266],[0.33659,8.51132],[0.33465,8.50946],[0.3324,8.50885],[0.33169,8.5064],[0.33244,8.50534],[0.33171,8.50449],[0.3292,8.50422],[0.32911,8.50612],[0.32769,8.50555],[0.32684,8.50435],[0.32616,8.50445],[0.3217,8.50607],[0.32009,8.50823],[0.31866,8.50824],[0.31788,8.50707],[0.31867,8.50494],[0.31751,8.50448],[0.31728,8.50241],[0.31852,8.50138],[0.32102,8.50092],[0.32184,8.50158],[0.32244,8.50075],[0.32158,8.49859],[0.31919,8.49652],[0.31907,8.49496]]}},{"type":"Feature","properties":{"name":"Kpasa River"},"geometry":{"type":"LineString","coordinates":[[0.72969,8.327],[0.72907,8.32782],[0.72921,8.33043],[0.73005,8.33321],[0.72857,8.3336],[0.72746,8.33489],[0.7273,8.33757],[0.72751,8.33837],[0.73009,8.3403],[0.72887,8.34162],[0.72906,8.34289],[0.72635,8.34309],[0.72595,8.34393],[0.72297,8.34441],[0.72005,8.34417],[0.71796,8.3432],[0.71725,8.34545],[0.71838,8.3461],[0.71863,8.34723],[0.71958,8.34756],[0.72057,8.34932],[0.71886,8.34946],[0.71654,8.35113],[0.71479,8.35143],[0.71486,8.34991],[0.71385,8.34962],[0.71034,8.35199],[0.71078,8.35481],[0.71234,8.35551],[0.71253,8.35619],[0.71119,8.35602],[0.71032,8.35667],[0.71064,8.35782],[0.70972,8.35852],[0.71104,8.35921],[0.71125,8.36088],[0.7109,8.36223],[0.70956,8.3628],[0.71121,8.36379],[0.7118,8.36648],[0.71033,8.3677],[0.70888,8.36716],[0.71018,8.37158],[0.70792,8.37163],[0.70867,8.37287],[0.70952,8.3731],[0.70944,8.37478],[0.71258,8.37672],[0.70825,8.37726],[0.70846,8.37789],[0.71163,8.37919],[0.70954,8.38078],[0.70775,8.38402],[0.70983,8.38463],[0.70974,8.38509],[0.70503,8.38535],[0.70392,8.38618],[0.70394,8.38799],[0.70279,8.38738],[0.70111,8.38758],[0.69897,8.38896],[0.69943,8.38983],[0.70344,8.39198],[0.70627,8.39283],[0.70634,8.39391],[0.70444,8.39493],[0.70171,8.39416],[0.69416,8.39441],[0.69349,8.3952],[0.69371,8.39617],[0.69567,8.39835],[0.69529,8.39927],[0.69342,8.3996],[0.69485,8.40131],[0.69523,8.40316],[0.69635,8.40347],[0.69651,8.40466],[0.69294,8.40372],[0.68886,8.40558],[0.68754,8.4068],[0.68611,8.4115],[0.68211,8.41153],[0.67916,8.40995],[0.67836,8.41154],[0.67501,8.41244],[0.6743,8.41444],[0.67216,8.41548],[0.67169,8.41772],[0.66889,8.41726],[0.66573,8.41914],[0.6641,8.41851],[0.65988,8.42065],[0.65399,8.42002],[0.65168,8.42236],[0.65354,8.42615],[0.65341,8.42675],[0.65204,8.42689],[0.65175,8.42769],[0.65221,8.4284],[0.65424,8.42878],[0.65209,8.43012],[0.65164,8.43314],[0.65157,8.43507],[0.65388,8.4358],[0.65235,8.43827],[0.65393,8.44237],[0.65341,8.44387],[0.65396,8.44532],[0.65209,8.44641],[0.65168,8.44835],[0.65226,8.45207],[0.65561,8.4523],[0.65605,8.45561],[0.6553,8.45717],[0.65174,8.45934],[0.65079,8.4611],[0.65022,8.46247],[0.65158,8.4643],[0.64889,8.46804],[0.64902,8.47247],[0.64481,8.47568],[0.64597,8.48744],[0.64742,8.48957],[0.64635,8.49257],[0.64498,8.49435]]}},{"type":"Feature","properties":{"name":"Kpasa River"},"geometry":{"type":"LineString","coordinates":[[0.64498,8.49435],[0.6398,8.49789],[0.6329,8.49596],[0.62925,8.49637],[0.62615,8.50301],[0.63017,8.50793],[0.6247,8.51115],[0.61805,8.51364],[0.61529,8.51249],[0.61131,8.51321],[0.60796,8.51505],[0.60519,8.51544],[0.60516,8.51647],[0.60191,8.51843],[0.59891,8.51713],[0.59703,8.51742],[0.59466,8.51713],[0.59367,8.51617],[0.59055,8.51634],[0.59,8.51817],[0.58873,8.51924],[0.58802,8.52271],[0.58679,8.52306],[0.58576,8.52482],[0.58455,8.52512],[0.58323,8.52652],[0.58204,8.52355],[0.58036,8.52373],[0.57746,8.52494],[0.57581,8.52717],[0.57505,8.527],[0.5739,8.52781],[0.57317,8.52605],[0.57125,8.52422],[0.57023,8.52527],[0.57052,8.52821],[0.5693,8.53148],[0.57109,8.53359],[0.56476,8.53872],[0.56419,8.54018],[0.56494,8.54041],[0.56496,8.54135],[0.56341,8.54309],[0.56299,8.54478],[0.56338,8.54595],[0.55913,8.54826],[0.55473,8.54894],[0.55296,8.54827],[0.55147,8.549],[0.55044,8.55105],[0.55129,8.5517],[0.5534,8.55141],[0.5537,8.5534],[0.55183,8.55301],[0.55081,8.55355],[0.54988,8.55256],[0.54881,8.55245],[0.54622,8.5538],[0.54588,8.55471],[0.54316,8.55492],[0.5423,8.55602],[0.54085,8.55569],[0.53887,8.55703],[0.53853,8.55877],[0.53704,8.55741],[0.53586,8.55779],[0.53508,8.55952],[0.53412,8.55978],[0.53516,8.56153],[0.53482,8.56376],[0.53363,8.5637],[0.53327,8.56274],[0.5327,8.56299],[0.53227,8.56624],[0.53337,8.56749],[0.53183,8.56835],[0.53187,8.56957],[0.53092,8.56928],[0.53,8.57006],[0.52804,8.56951],[0.52763,8.56691],[0.52585,8.56615],[0.52383,8.564],[0.52185,8.56489],[0.52108,8.56452],[0.5213,8.56332],[0.52027,8.56312],[0.51878,8.56476],[0.51767,8.5626],[0.516,8.5636],[0.51393,8.56286],[0.51184,8.5636],[0.51086,8.56512],[0.51156,8.56632],[0.51139,8.56803],[0.51001,8.56913],[0.51098,8.56954],[0.51054,8.5703],[0.51125,8.57068],[0.50998,8.57192],[0.50834,8.57278],[0.50656,8.57236],[0.50521,8.56975],[0.50281,8.57119],[0.50126,8.57354],[0.49976,8.57349],[0.49969,8.57514],[0.50071,8.57685],[0.50038,8.57856],[0.50158,8.57893],[0.49937,8.58198],[0.49854,8.58233],[0.49815,8.58164],[0.49693,8.5816],[0.49663,8.58254],[0.49742,8.58272],[0.49569,8.58444],[0.4957,8.58598],[0.49436,8.5856],[0.49407,8.58837],[0.49529,8.59041],[0.49383,8.592],[0.49579,8.59248],[0.49448,8.5951],[0.49037,8.59798],[0.48731,8.59845],[0.48636,8.59799],[0.48632,8.59687],[0.48561,8.5968],[0.48392,8.59876],[0.48338,8.59811],[0.4828,8.59832],[0.48246,8.59766],[0.48298,8.59691],[0.48245,8.59628],[0.48149,8.59675],[0.48128,8.59814],[0.47985,8.59786],[0.47988,8.59619],[0.48137,8.59515],[0.48116,8.59426],[0.48009,8.5938],[0.47661,8.59474],[0.47565,8.59617],[0.47402,8.59525],[0.47291,8.59558],[0.47192,8.59417],[0.47149,8.5948],[0.47191,8.59521],[0.46943,8.59604],[0.47066,8.59759],[0.47144,8.59742],[0.47147,8.5995]]}},{"type":"Feature","properties":{},"geometry":{"type":"LineString","coordinates":[[-0.09459,8.75534],[-0.09457,8.75455],[-0.09584,8.75452],[-0.09681,8.75139],[-0.09766,8.75079],[-0.09622,8.74821],[-0.09688,8.74634],[-0.09786,8.74648],[-0.09829,8.74578],[-0.09813,8.74499],[-0.09719,8.74476],[-0.09703,8.74247],[-0.09599,8.74036],[-0.09712,8.73889],[-0.09724,8.73574],[-0.0954,8.73448],[-0.09715,8.73288],[-0.09717,8.72932],[-0.09891,8.72782],[-0.09991,8.72793],[-0.09982,8.72707],[-0.10097,8.72707],[-0.10163,8.72602],[-0.10094,8.72542],[-0.10072,8.72381],[-0.102,8.72345],[-0.1014,8.72218],[-0.10175,8.71894],[-0.10204,8.71804],[-0.10329,8.71781],[-0.10374,8.717],[-0.10351,8.71603],[-0.10164,8.71492],[-0.10085,8.71346],[-0.1007,8.70931],[-0.0998,8.708],[-0.10061,8.70676],[-0.10055,8.70448],[-0.09879,8.70374],[-0.09711,8.70098],[-0.09494,8.69933],[-0.0955,8.69761],[-0.09677,8.69821],[-0.09657,8.69728],[-0.09748,8.69612],[-0.09672,8.69483],[-0.09697,8.69207],[-0.09635,8.69128],[-0.09719,8.69052],[-0.09825,8.6912],[-0.0995,8.69043],[-0.10008,8.68866],[-0.10145,8.68832],[-0.10271,8.68562],[-0.10401,8.68481],[-0.10534,8.68491],[-0.10644,8.6819],[-0.10888,8.68245],[-0.10942,8.68091],[-0.11038,8.68048],[-0.10746,8.67685],[-0.10035,8.6746],[-0.09959,8.6726],[-0.0943,8.67305],[-0.09436,8.66903],[-0.09232,8.66763],[-0.09137,8.66428],[-0.09231,8.66281],[-0.09433,8.66222],[-0.09415,8.65835],[-0.09926,8.65824],[-0.10029,8.65954],[-0.10323,8.66093],[-0.1036,8.65843],[-0.10592,8.65369],[-0.10748,8.65392],[-0.10927,8.65308],[-0.10927,8.65164],[-0.10713,8.64897],[-0.10561,8.64274],[-0.107,8.64215],[-0.11003,8.64288],[-0.11134,8.64209],[-0.11173,8.63944],[-0.10964,8.6381],[-0.10924,8.63709],[-0.11102,8.63419],[-0.11455,8.63382],[-0.11706,8.63495],[-0.11831,8.63349],[-0.12055,8.63352],[-0.1217,8.63144],[-0.12289,8.63096],[-0.12389,8.63189],[-0.12474,8.63059],[-0.12675,8.63052],[-0.12927,8.63318],[-0.13053,8.63322],[-0.13108,8.63261],[-0.13144,8.63092],[-0.13085,8.62676],[-0.12943,8.62277],[-0.12693,8.62023],[-0.12566,8.61675],[-0.12325,8.61524],[-0.12298,8.61413],[-0.12336,8.61313],[-0.12457,8.61255],[-0.12483,8.61117],[-0.12621,8.60946],[-0.12644,8.60725],[-0.12474,8.60635],[-0.12462,8.60536],[-0.12594,8.60448],[-0.12767,8.60093],[-0.131,8.59806],[-0.12974,8.5933],[-0.12841,8.59148],[-0.12949,8.59074],[-0.1321,8.59218],[-0.13342,8.59173],[-0.13573,8.58732],[-0.13711,8.58613],[-0.1351,8.58362],[-0.13479,8.58099],[-0.13875,8.57974],[-0.13928,8.57875],[-0.13691,8.57335],[-0.13665,8.57141],[-0.14187,8.57053],[-0.14315,8.56749],[-0.14479,8.5678],[-0.14774,8.565],[-0.15076,8.56729],[-0.15294,8.56618],[-0.15484,8.56369],[-0.15447,8.56279],[-0.15246,8.56265],[-0.15173,8.56201],[-0.1513,8.55834],[-0.15201,8.55738],[-0.15518,8.55728],[-0.15831,8.55467],[-0.16037,8.55405],[-0.16155,8.55463],[-0.16125,8.55836],[-0.16237,8.55898],[-0.16415,8.55813],[-0.1664,8.55554],[-0.16685,8.55223],[-0.16909,8.54972],[-0.17013,8.54986],[-0.17063,8.55184],[-0.17228,8.55312],[-0.17385,8.5532],[-0.17537,8.55229],[-0.17797,8.5489],[-0.18489,8.54756],[-0.18632,8.54645],[-0.18588,8.54311],[-0.18764,8.54051],[-0.19005,8.54019],[-0.19525,8.54317],[-0.19734,8.5473]]}},{"type":"Feature","properties":{"name":"Daka"},"geometry":{"type":"LineString","coordinates":[[-0.23818,8.39941],[-0.24345,8.38839],[-0.24775,8.38348],[-0.24913,8.38089],[-0.24975,8.37843],[-0.25019,8.36422],[-0.25263,8.35306],[-0.25418,8.35086],[-0.2585,8.34949],[-0.26754,8.35068],[-0.27474,8.35343],[-0.28716,8.35371],[-0.29862,8.35321],[-0.30109,8.35414],[-0.30366,8.35708]]}},{"type":"Feature","properties":{"name":"River Pra"},"geometry":{"type":"LineString","coordinates":[[-1.28137,7.61623],[-1.27918,7.61493],[-1.27429,7.61404],[-1.2686,7.6113],[-1.26687,7.6113],[-1.26312,7.61336],[-1.24742,7.62459],[-1.23852,7.63205],[-1.23436,7.63746],[-1.22886,7.64803],[-1.22734,7.64767],[-1.22721,7.64869],[-1.22617,7.64822],[-1.22553,7.65],[-1.21792,7.65693],[-1.20732,7.66059],[-1.19418,7.66244],[-1.18444,7.66605],[-1.18278,7.66789],[-1.16292,7.67924],[-1.15344,7.68611],[-1.14342,7.69585],[-1.13419,7.70816],[-1.13281,7.71264]]}},{"type":"Feature","properties":{"name":"Nazinon"},"geometry":{"type":"LineString","coordinates":[[-0.57746,10.76643],[-0.57764,10.7644],[-0.57592,10.7538],[-0.57047,10.74945],[-0.56539,10.73876],[-0.56625,10.73575],[-0.56792,10.73299],[-0.56472,10.73096],[-0.55802,10.73122],[-0.55661,10.72847],[-0.55471,10.72705],[-0.55264,10.72656],[-0.55051,10.72433],[-0.55024,10.72308],[-0.54867,10.72157],[-0.54675,10.7154],[-0.54772,10.7144],[-0.54833,10.71206],[-0.54722,10.7096],[-0.54726,10.70608],[-0.54882,10.70361],[-0.54715,10.69802],[-0.55006,10.69272],[-0.54781,10.68731],[-0.54491,10.68511],[-0.5441,10.68239],[-0.54668,10.67729],[-0.54694,10.67423],[-0.546,10.67302],[-0.54295,10.67145],[-0.54158,10.66873],[-0.53929,10.66673],[-0.53868,10.6647],[-0.54038,10.66077],[-0.54299,10.65733],[-0.54122,10.65117],[-0.53978,10.64937],[-0.53895,10.65108],[-0.538,10.65122],[-0.53335,10.64456],[-0.53395,10.64228],[-0.53893,10.63617],[-0.53937,10.63286],[-0.53758,10.6301],[-0.53041,10.62833],[-0.52547,10.62599],[-0.52395,10.62276],[-0.52496,10.6197],[-0.52953,10.61781],[-0.53728,10.61313],[-0.53979,10.61277],[-0.54523,10.61039],[-0.54925,10.60655],[-0.54956,10.60474],[-0.54611,10.60293],[-0.54488,10.59889],[-0.5384,10.5933],[-0.53808,10.58908],[-0.53455,10.58308],[-0.53351,10.57914],[-0.5312,10.5784],[-0.52903,10.57646],[-0.52785,10.57184],[-0.52533,10.57191],[-0.52471,10.57127],[-0.52514,10.56845],[-0.52599,10.56813],[-0.52776,10.56915],[-0.52866,10.56863],[-0.5286,10.56773],[-0.52567,10.56662],[-0.52395,10.56862],[-0.52314,10.56875],[-0.52027,10.56549],[-0.51908,10.5672],[-0.51838,10.567],[-0.51795,10.56571],[-0.51931,10.5645],[-0.51946,10.56049],[-0.52084,10.55839]]}},{"type":"Feature","properties":{"name":"White Volta"},"geometry":{"type":"LineString","coordinates":[[-0.34323,10.62016],[-0.34493,10.61876],[-0.3473,10.61828],[-0.35238,10.62272],[-0.35559,10.6247],[-0.35801,10.62512],[-0.36684,10.6241],[-0.37439,10.6208],[-0.38212,10.61354],[-0.38891,10.60994],[-0.39421,10.60821],[-0.40509,10.60603],[-0.41566,10.60263],[-0.42566,10.60302],[-0.43517,10.60248],[-0.44356,10.59907],[-0.44743,10.60077],[-0.45195,10.60097],[-0.46036,10.60659],[-0.46795,10.61755],[-0.47217,10.61898],[-0.47714,10.61868],[-0.48193,10.62119],[-0.49384,10.62402],[-0.49883,10.6232],[-0.50052,10.6223],[-0.50135,10.62105],[-0.50165,10.61872],[-0.50323,10.61654],[-0.50703,10.60678],[-0.50455,10.60074],[-0.50791,10.58965],[-0.50834,10.57707],[-0.50765,10.57262],[-0.5077,10.5673],[-0.50992,10.5645],[-0.51551,10.56023],[-0.52084,10.55839]]}},{"type":"Feature","properties":{},"geometry":{"type":"LineString","coordinates":[[-1.92438,5.78482],[-1.92518,5.78353],[-1.92468,5.78337],[-1.92519,5.78265],[-1.92462,5.78166],[-1.92639,5.78071],[-1.92559,5.77909],[-1.92567,5.77748],[-1.92446,5.77693],[-1.92404,5.77735],[-1.92337,5.77624],[-1.92573,5.77349],[-1.92544,5.77208],[-1.92422,5.77111],[-1.92319,5.77115],[-1.92298,5.76977],[-1.92462,5.76874],[-1.92531,5.76781],[-1.9251,5.76706],[-1.92608,5.76813],[-1.92542,5.769],[-1.92607,5.7688],[-1.92806,5.7656],[-1.9274,5.76508],[-1.92886,5.76358],[-1.92812,5.76197],[-1.92707,5.76131],[-1.92741,5.75961],[-1.92819,5.75945],[-1.92958,5.7616],[-1.93031,5.76162],[-1.93265,5.75934],[-1.9332,5.7569],[-1.93264,5.75477],[-1.93356,5.75315],[-1.93332,5.75164],[-1.93149,5.75121],[-1.93083,5.75032],[-1.93144,5.74974],[-1.93123,5.74892],[-1.93267,5.74854],[-1.93204,5.74654],[-1.93268,5.7452],[-1.93229,5.74448],[-1.93166,5.74492],[-1.93077,5.74437],[-1.93013,5.74302],[-1.93375,5.74101],[-1.93223,5.74079],[-1.93177,5.73936],[-1.93039,5.73915],[-1.93015,5.73831],[-1.93129,5.73713],[-1.92986,5.73513],[-1.93166,5.73503],[-1.935,5.73356],[-1.93538,5.73161],[-1.93304,5.72752],[-1.93457,5.7263],[-1.93652,5.72681],[-1.93782,5.7259],[-1.93758,5.72406],[-1.93674,5.72319],[-1.93708,5.72246],[-1.93527,5.72258],[-1.93512,5.72144],[-1.93542,5.72007],[-1.93694,5.72044],[-1.93758,5.71701],[-1.93935,5.71683],[-1.93971,5.71315],[-1.93931,5.71263],[-1.93766,5.71422],[-1.9372,5.71312],[-1.93758,5.71251],[-1.94038,5.71177],[-1.94206,5.70941],[-1.94279,5.71088],[-1.94372,5.71092],[-1.94351,5.70836],[-1.94466,5.70695],[-1.9457,5.70691],[-1.94603,5.70601],[-1.94517,5.7048],[-1.95015,5.70282],[-1.95037,5.70089],[-1.94971,5.6985],[-1.95065,5.6973],[-1.94752,5.69705],[-1.94854,5.69576],[-1.94804,5.69331],[-1.94978,5.69208],[-1.9505,5.69196],[-1.95011,5.69328],[-1.95089,5.69247],[-1.95021,5.68984],[-1.95185,5.6897],[-1.95362,5.69128],[-1.95447,5.6909],[-1.95394,5.68941],[-1.95562,5.68893],[-1.95685,5.68769],[-1.95777,5.68549],[-1.95758,5.68417],[-1.95928,5.68239],[-1.95917,5.68183],[-1.96055,5.68188],[-1.96096,5.68272],[-1.96307,5.68197],[-1.96497,5.68019],[-1.96561,5.67875],[-1.96641,5.67845],[-1.96596,5.67769],[-1.96697,5.67631],[-1.96662,5.67576],[-1.96767,5.6751],[-1.9676,5.67364],[-1.96941,5.67374],[-1.97021,5.6711],[-1.97155,5.67102],[-1.97122,5.66992],[-1.9723,5.67002],[-1.97281,5.66932],[-1.97231,5.66791],[-1.97353,5.66729],[-1.97551,5.66736],[-1.97666,5.66565],[-1.97895,5.66497],[-1.98084,5.66681],[-1.98125,5.66556],[-1.98064,5.66361],[-1.98155,5.66345],[-1.98316,5.66499],[-1.98319,5.66875],[-1.98443,5.67016],[-1.98524,5.67],[-1.98565,5.66756],[-1.98487,5.66634],[-1.98572,5.66486],[-1.98718,5.66466],[-1.98652,5.66369],[-1.98698,5.66313],[-1.98797,5.66323],[-1.98854,5.66258],[-1.9885,5.6611],[-1.98727,5.65907],[-1.98557,5.65865],[-1.98494,5.65668],[-1.98551,5.65489],[-1.9854,5.65434],[-1.98457,5.65455],[-1.98476,5.65372],[-1.98672,5.6526],[-1.98716,5.65299],[-1.9873,5.65166],[-1.98961,5.65121],[-1.9895,5.65043],[-1.99124,5.64986],[-1.99188,5.65083],[-1.99382,5.64901],[-1.9991,5.64854],[-1.99838,5.64791],[-2.00074,5.64625],[-2.00057,5.64451],[-2.00258,5.64371],[-2.00205,5.64243],[-2.00245,5.63906],[-2.00407,5.63911],[-2.00601,5.64112],[-2.00724,5.64123],[-2.00761,5.64025],[-2.00843,5.64036],[-2.00829,5.64121],[-2.00948,5.64121],[-2.00975,5.63984],[-2.01047,5.64092],[-2.01051,5.63953],[-2.0114,5.63957],[-2.01162,5.64016],[-2.01193,5.63905],[-2.01102,5.63866],[-2.01174,5.63754]]}},{"type":"Feature","properties":{"name":"Oda"},"geometry":{"type":"LineString","coordinates":[[-1.78643,6.35838],[-1.78677,6.35888],[-1.78843,6.35888],[-1.78869,6.3561],[-1.78347,6.3528],[-1.7841,6.34935],[-1.78306,6.3459],[-1.78219,6.34528],[-1.78228,6.34402],[-1.78089,6.34044],[-1.77986,6.33961],[-1.77982,6.33744],[-1.7807,6.33528],[-1.78154,6.33499],[-1.7821,6.33672],[-1.78298,6.33636],[-1.78603,6.33255],[-1.78738,6.33281],[-1.78807,6.33594],[-1.79003,6.33664],[-1.79123,6.33274],[-1.79067,6.32989],[-1.79163,6.32635],[-1.79213,6.32611],[-1.7948,6.32769],[-1.79359,6.32907],[-1.7946,6.3337],[-1.80057,6.33375],[-1.80019,6.33282],[-1.80096,6.33249],[-1.80493,6.33293],[-1.80688,6.33412],[-1.80782,6.3337],[-1.80846,6.33475],[-1.81168,6.33608],[-1.81327,6.33517],[-1.81365,6.33126],[-1.81518,6.33062],[-1.8175,6.33294],[-1.81871,6.33624],[-1.82089,6.33677],[-1.82274,6.33642],[-1.82516,6.33759],[-1.82623,6.33719],[-1.82687,6.33787],[-1.82794,6.33717],[-1.82958,6.33809],[-1.83097,6.33743],[-1.8316,6.33851],[-1.83233,6.33673],[-1.83325,6.33666],[-1.83433,6.33686],[-1.83551,6.33891],[-1.83696,6.3361],[-1.83851,6.33728],[-1.84087,6.33608],[-1.84186,6.33665],[-1.84282,6.33602],[-1.84516,6.33702],[-1.84629,6.33602],[-1.84729,6.33645],[-1.84857,6.33557],[-1.84952,6.33474],[-1.84936,6.33379],[-1.85206,6.33441],[-1.852,6.33354],[-1.85043,6.33231],[-1.85248,6.33223],[-1.85254,6.33101],[-1.85441,6.33153],[-1.85532,6.33064],[-1.85508,6.3299],[-1.85798,6.32854],[-1.85861,6.3274],[-1.8598,6.32729],[-1.86115,6.32622],[-1.86268,6.32636],[-1.86373,6.32419],[-1.86476,6.32498],[-1.86693,6.32472],[-1.8686,6.32551],[-1.86957,6.32708],[-1.87266,6.32647],[-1.87539,6.32686],[-1.87597,6.32756],[-1.87724,6.32413],[-1.88171,6.32153],[-1.88622,6.32205],[-1.88898,6.32106],[-1.89014,6.31899],[-1.8895,6.31768],[-1.88968,6.31612],[-1.89087,6.31637],[-1.8915,6.31553],[-1.89527,6.31472],[-1.895,6.3122],[-1.89337,6.31098],[-1.89365,6.30961],[-1.89031,6.30909],[-1.88986,6.30806],[-1.8923,6.30275],[-1.89394,6.30613],[-1.89661,6.30613],[-1.89661,6.30438],[-1.89887,6.30492],[-1.89923,6.30096],[-1.90048,6.30001],[-1.89918,6.29891],[-1.89919,6.2979],[-1.89627,6.29644],[-1.8959,6.29488],[-1.89691,6.2939],[-1.89552,6.29298],[-1.89688,6.29213],[-1.89923,6.2886]]}},{"type":"Feature","properties":{"name":"Ofin"},"geometry":{"type":"LineString","coordinates":[[-2.0187,6.29927],[-2.01729,6.29806],[-2.01584,6.29884],[-2.01438,6.29752],[-2.01425,6.29633],[-2.01283,6.29604],[-2.00974,6.29263],[-2.00767,6.28626],[-2.00729,6.28253],[-2.00829,6.28007],[-2.00821,6.27719],[-2.00706,6.27564],[-2.0073,6.27424],[-2.00611,6.27227],[-2.00816,6.27112],[-2.01049,6.26805],[-2.01089,6.26516],[-2.01306,6.2653],[-2.01424,6.26645],[-2.01512,6.26605],[-2.01509,6.265],[-2.0162,6.26473],[-2.01768,6.26214],[-2.01769,6.26059],[-2.01989,6.25583],[-2.0212,6.25605],[-2.022,6.25521],[-2.0232,6.2559],[-2.02329,6.25338],[-2.02135,6.25208],[-2.02194,6.25035],[-2.02159,6.24953],[-2.02348,6.24862],[-2.0219,6.24448],[-2.02317,6.24156],[-2.02054,6.23822],[-2.01986,6.23587],[-2.02111,6.23536],[-2.02215,6.23141],[-2.02166,6.23121],[-2.02195,6.22923],[-2.02123,6.22434],[-2.0225,6.22266],[-2.02468,6.22259],[-2.0316,6.21045],[-2.03597,6.20978],[-2.03874,6.20662],[-2.04032,6.19794],[-2.03947,6.19569],[-2.03611,6.19208],[-2.0351,6.18881],[-2.03288,6.18701],[-2.03171,6.18683],[-2.0306,6.1855],[-2.03054,6.18422],[-2.02805,6.18336],[-2.02686,6.18194],[-2.02459,6.18073],[-2.02389,6.18103],[-2.02265,6.17954],[-2.02355,6.17816],[-2.0225,6.17731],[-2.02378,6.17501],[-2.02111,6.17023],[-2.02222,6.16853],[-2.02374,6.16825],[-2.0244,6.16699],[-2.02284,6.16654],[-2.0223,6.16545],[-2.02384,6.16365],[-2.02418,6.15938],[-2.02362,6.15701],[-2.02426,6.15552],[-2.02393,6.15444],[-2.02081,6.15466],[-2.0206,6.15336],[-2.01994,6.15338],[-2.01948,6.15242],[-2.02013,6.15175],[-2.02029,6.14984],[-2.02106,6.15028],[-2.0217,6.14953],[-2.02239,6.15002],[-2.02225,6.14845],[-2.02335,6.14837],[-2.02446,6.1473],[-2.02547,6.14511],[-2.02494,6.14337],[-2.02574,6.14274],[-2.02618,6.14099],[-2.02498,6.14048],[-2.02434,6.14272],[-2.02334,6.14228],[-2.02503,6.13618],[-2.02403,6.13501],[-2.02469,6.1334],[-2.02427,6.13261],[-2.02253,6.13247],[-2.02147,6.13099],[-2.01941,6.13015],[-2.02002,6.12874],[-2.01941,6.12813],[-2.01865,6.12867],[-2.01758,6.12799],[-2.01425,6.1279],[-2.01599,6.11902],[-2.01465,6.11857],[-2.01511,6.1164],[-2.01391,6.11555],[-2.0147,6.11426],[-2.01419,6.11209],[-2.01114,6.11209],[-2.00973,6.11102],[-2.00626,6.11127],[-2.00583,6.1122],[-2.0077,6.11357],[-2.00756,6.11753],[-2.00471,6.11779],[-2.0015,6.11651],[-1.99854,6.11706],[-1.99738,6.11604],[-1.99514,6.11788],[-1.9944,6.11975],[-1.99343,6.11986],[-1.99273,6.12267],[-1.98971,6.12473],[-1.9897,6.12336],[-1.98823,6.12174],[-1.98715,6.12197],[-1.98712,6.12127],[-1.98615,6.12065],[-1.98637,6.12003],[-1.98397,6.12039],[-1.98122,6.11884],[-1.98125,6.11811],[-1.97974,6.11724],[-1.97851,6.11547],[-1.97808,6.11318],[-1.97894,6.11161],[-1.98267,6.11437],[-1.98448,6.11477],[-1.9862,6.11424],[-1.98728,6.11008],[-1.98818,6.10881],[-1.98801,6.10315],[-1.9862,6.09933],[-1.98205,6.09595],[-1.9801,6.0957],[-1.98019,6.0937],[-1.97712,6.09436],[-1.97669,6.09332],[-1.97771,6.09202],[-1.97583,6.09305],[-1.97499,6.0922],[-1.97525,6.09165]]}},{"type":"Feature","properties":{"name":"Ofin"},"geometry":{"type":"LineString","coordinates":[[-1.95281,6.70624],[-1.9538,6.70554],[-1.95374,6.70313],[-1.95436,6.70294],[-1.95417,6.70189],[-1.95466,6.70164],[-1.95672,6.70245],[-1.95771,6.70147],[-1.95854,6.70217],[-1.9602,6.70115],[-1.96067,6.70225],[-1.96228,6.70208],[-1.96271,6.70266],[-1.96335,6.70176],[-1.96496,6.70153],[-1.96545,6.69801],[-1.96466,6.69501],[-1.96372,6.69473],[-1.96468,6.69418],[-1.96359,6.69301],[-1.9647,6.69134],[-1.96642,6.69092],[-1.96635,6.69153],[-1.96841,6.69226],[-1.9688,6.6913],[-1.9706,6.69262],[-1.97193,6.6923],[-1.97213,6.69307],[-1.97288,6.69232],[-1.97438,6.69247],[-1.97588,6.68925],[-1.977,6.68876],[-1.97612,6.68842],[-1.97698,6.68689],[-1.97517,6.68495],[-1.97535,6.68369],[-1.97427,6.68335],[-1.97371,6.68026],[-1.9761,6.6803],[-1.97732,6.67947],[-1.97919,6.67996],[-1.97908,6.67868],[-1.98041,6.67826],[-1.9794,6.67743],[-1.9759,6.67663],[-1.97438,6.67326],[-1.97485,6.6715],[-1.97655,6.67173],[-1.97695,6.67315],[-1.97834,6.67399],[-1.97954,6.67286],[-1.97934,6.67098],[-1.98044,6.67005],[-1.98129,6.67033],[-1.98125,6.67186],[-1.9844,6.67274],[-1.98504,6.67178],[-1.98616,6.67205],[-1.98671,6.67119],[-1.98815,6.67167],[-1.98844,6.67083],[-1.9895,6.67092],[-1.98978,6.67201],[-1.99066,6.67037],[-1.99178,6.67116],[-1.99278,6.6706],[-1.99162,6.66972],[-1.99256,6.66759],[-1.99167,6.66796],[-1.99107,6.66733],[-1.99016,6.66746],[-1.98805,6.66439],[-1.98841,6.66352],[-1.98738,6.66203],[-1.98871,6.65714],[-1.98799,6.65662],[-1.98862,6.65564],[-1.98808,6.65324],[-1.98959,6.65198],[-1.99049,6.64846],[-1.99137,6.64737],[-1.99188,6.64729],[-1.99205,6.64867],[-1.99133,6.64932],[-1.9928,6.65058],[-1.9929,6.65175],[-1.9944,6.6519],[-1.99543,6.65268],[-1.99538,6.65333],[-1.99639,6.65253],[-1.99704,6.65309],[-1.99819,6.6525],[-1.99799,6.65138],[-1.9968,6.6506],[-1.99617,6.65122],[-1.99466,6.64874],[-1.99523,6.64758],[-1.99424,6.64686],[-1.99466,6.64493],[-1.99381,6.6445],[-1.99369,6.64288],[-1.99293,6.64307],[-1.99288,6.64096],[-1.99234,6.64067],[-1.99309,6.63729],[-1.9956,6.63515],[-1.99632,6.63568],[-1.99613,6.63651],[-1.99715,6.63663],[-1.99794,6.63849],[-2.00243,6.63681],[-2.00243,6.63761],[-2.00359,6.63796],[-2.00473,6.63968],[-2.00605,6.64004],[-2.00669,6.64102],[-2.00781,6.64086],[-2.00932,6.6422],[-2.01056,6.64205],[-2.01223,6.64069],[-2.01386,6.64053],[-2.0141,6.63984],[-2.01524,6.63999],[-2.01633,6.63834],[-2.0164,6.63676],[-2.01486,6.63666],[-2.01414,6.63509],[-2.01603,6.63352],[-2.01698,6.63375],[-2.01829,6.63277],[-2.01904,6.63354],[-2.01925,6.63236],[-2.02037,6.63311],[-2.01997,6.6322],[-2.02041,6.63162],[-2.0235,6.63119],[-2.0235,6.6296],[-2.0248,6.62839],[-2.02486,6.62738],[-2.02631,6.62704],[-2.02589,6.62594],[-2.02762,6.6248],[-2.0266,6.6248],[-2.02665,6.62437],[-2.02848,6.62368],[-2.02946,6.62443],[-2.0335,6.62289],[-2.03207,6.62141],[-2.03078,6.62156],[-2.02998,6.62024],[-2.03061,6.61719],[-2.03249,6.61685],[-2.03262,6.61628],[-2.0323,6.61557],[-2.02934,6.61429],[-2.02814,6.61284],[-2.02893,6.61088],[-2.02801,6.60871],[-2.02835,6.60566],[-2.02599,6.60455],[-2.02604,6.60406],[-2.02717,6.60398],[-2.0276,6.60298],[-2.02842,6.60466],[-2.03024,6.60389],[-2.03091,6.60489],[-2.03252,6.60532],[-2.03327,6.60835],[-2.03571,6.60892],[-2.03777,6.60752],[-2.03801,6.60632],[-2.04168,6.60263],[-2.04749,6.59986],[-2.04788,6.5985],[-2.05152,6.59841],[-2.0528,6.59776],[-2.05298,6.59837],[-2.05395,6.59776],[-2.05388,6.59557],[-2.0528,6.59507],[-2.05282,6.59653],[-2.0516,6.59431],[-2.05171,6.59324],[-2.04896,6.59091],[-2.04904,6.59016],[-2.05049,6.58998],[-2.04856,6.58824],[-2.04884,6.5873],[-2.04755,6.58419],[-2.0465,6.58367],[-2.04795,6.5808],[-2.05007,6.58022],[-2.05108,6.57842],[-2.05181,6.5788],[-2.05187,6.57701],[-2.0509,6.57684],[-2.05238,6.57586],[-2.05097,6.57625],[-2.04913,6.57562],[-2.04841,6.5771],[-2.04783,6.57636],[-2.04644,6.57646],[-2.04549,6.57512],[-2.04573,6.57395],[-2.044,6.57377],[-2.04291,6.57276],[-2.04282,6.57171],[-2.04178,6.57085],[-2.04246,6.56809],[-2.04196,6.56714],[-2.04282,6.5657],[-2.04187,6.56442],[-2.04016,6.56425],[-2.04003,6.56279],[-2.03934,6.56351],[-2.03849,6.5611],[-2.03933,6.55872],[-2.0365,6.55957],[-2.03479,6.55703],[-2.03253,6.55683],[-2.02989,6.55545],[-2.02809,6.55256],[-2.02804,6.55148],[-2.02699,6.55168],[-2.02772,6.55015],[-2.02684,6.54942],[-2.02666,6.54804],[-2.02742,6.54669],[-2.02883,6.54742],[-2.02993,6.54674],[-2.03145,6.5446],[-2.0334,6.54529],[-2.03392,6.54654],[-2.03556,6.54691],[-2.0361,6.54492],[-2.03708,6.54432],[-2.03711,6.54272],[-2.03927,6.54102],[-2.04115,6.54191],[-2.0421,6.54353],[-2.04365,6.54443],[-2.04594,6.54485],[-2.04687,6.53915],[-2.04784,6.53857],[-2.04702,6.53753],[-2.04914,6.53458],[-2.0493,6.53304],[-2.05049,6.53323],[-2.05107,6.53205],[-2.05225,6.53226],[-2.05295,6.53354],[-2.05427,6.53328],[-2.05741,6.53442],[-2.05813,6.5329],[-2.06022,6.5346],[-2.06056,6.53373],[-2.06124,6.53389],[-2.0614,6.53528],[-2.06184,6.53393],[-2.06303,6.53416],[-2.06423,6.53295],[-2.06496,6.53315],[-2.06506,6.53441],[-2.0655,6.5342],[-2.06599,6.53041],[-2.06422,6.52798],[-2.06513,6.52679],[-2.06147,6.52725],[-2.06044,6.52821],[-2.06004,6.52613],[-2.06188,6.52506],[-2.06159,6.52399],[-2.06223,6.52295],[-2.06173,6.522],[-2.06247,6.5215],[-2.06295,6.51971],[-2.06193,6.5182],[-2.06266,6.51615],[-2.06408,6.51661],[-2.0633,6.51503],[-2.06498,6.5146],[-2.06412,6.5123],[-2.06645,6.51205],[-2.06615,6.51069],[-2.06798,6.51117],[-2.06772,6.5125],[-2.0696,6.51097],[-2.06974,6.51253],[-2.07037,6.51246],[-2.0722,6.51018],[-2.07293,6.5106],[-2.07379,6.50968],[-2.07385,6.51082],[-2.07447,6.5105],[-2.07543,6.50904],[-2.07534,6.50746],[-2.07507,6.50686],[-2.074,6.5068],[-2.07369,6.5059],[-2.07254,6.50654],[-2.0715,6.50524],[-2.0707,6.50517],[-2.07086,6.50381],[-2.07205,6.50307],[-2.06951,6.50232],[-2.06942,6.50085],[-2.07047,6.50062],[-2.06978,6.49936],[-2.06869,6.49953],[-2.06839,6.49816],[-2.06902,6.49706],[-2.06849,6.49524],[-2.06568,6.49332],[-2.06434,6.49456],[-2.06326,6.49367],[-2.0622,6.49382],[-2.06208,6.49082],[-2.06062,6.49266],[-2.05977,6.49133],[-2.05887,6.49217],[-2.05904,6.4909],[-2.05843,6.49049],[-2.05657,6.49091],[-2.05639,6.48904],[-2.05561,6.48854],[-2.05598,6.48744],[-2.05512,6.48742],[-2.05408,6.48883],[-2.05354,6.4886],[-2.05276,6.48783],[-2.05299,6.485],[-2.05216,6.48565],[-2.05226,6.48632],[-2.05145,6.4864],[-2.05133,6.48514],[-2.05036,6.48475],[-2.05007,6.48318],[-2.04942,6.48382],[-2.04874,6.48198],[-2.04782,6.48314],[-2.04744,6.48161],[-2.04862,6.48078],[-2.04616,6.48006],[-2.04541,6.4781],[-2.04367,6.47692],[-2.04206,6.477]]}},{"type":"Feature","properties":{},"geometry":{"type":"LineString","coordinates":[[-1.91463,4.84236],[-1.91566,4.84063],[-1.91401,4.83594]]}},{"type":"Feature","properties":{},"geometry":{"type":"LineString","coordinates":[[-0.12033,5.6448],[-0.12049,5.64432]]}},{"type":"Feature","properties":{},"geometry":{"type":"LineString","coordinates":[[-0.12022,5.64494],[-0.12033,5.6448]]}},{"type":"Feature","properties":{},"geometry":{"type":"LineString","coordinates":[[-0.12028,5.64399],[-0.12014,5.64378]]}},{"type":"Feature","properties":{},"geometry":{"type":"LineString","coordinates":[[-0.12049,5.64432],[-0.12028,5.64399]]}},{"type":"Feature","properties":{},"geometry":{"type":"LineString","coordinates":[[0.11394,6.22665],[0.11345,6.22669]]}},{"type":"Feature","properties":{},"geometry":{"type":"LineString","coordinates":[[0.11289,6.22264],[0.11123,6.22275]]}},{"type":"Feature","properties":{},"geometry":{"type":"LineString","coordinates":[[0.09036,6.17308],[0.09028,6.17248]]}},{"type":"Feature","properties":{},"geometry":{"type":"LineString","coordinates":[[-1.7349,6.04969],[-1.73651,6.05127],[-1.73771,6.05159],[-1.74074,6.05095],[-1.74036,6.04777],[-1.74183,6.04775],[-1.74161,6.04549],[-1.74243,6.04437],[-1.74239,6.0432],[-1.74322,6.04174],[-1.74421,6.04195],[-1.74337,6.04013],[-1.74444,6.03465],[-1.74592,6.03293],[-1.74653,6.03318],[-1.74837,6.03023],[-1.75163,6.02983],[-1.75201,6.02914],[-1.75259,6.0248],[-1.75401,6.02398],[-1.75449,6.02241],[-1.75404,6.02112],[-1.75611,6.02015],[-1.75554,6.01792],[-1.75701,6.01551],[-1.75737,6.01042],[-1.76104,6.00579],[-1.76164,6.00367],[-1.76117,6.00285],[-1.76191,6.00162],[-1.76079,6.00106],[-1.76178,5.99894],[-1.76034,5.99857],[-1.76291,5.99279],[-1.76218,5.99157],[-1.76335,5.99054],[-1.76258,5.98945],[-1.76285,5.98892],[-1.76479,5.98766],[-1.76553,5.98517],[-1.76742,5.98377],[-1.7693,5.98354],[-1.76967,5.98261],[-1.77144,5.98347],[-1.77254,5.98294],[-1.77303,5.98356],[-1.77351,5.982],[-1.77414,5.98178],[-1.77361,5.98129],[-1.77456,5.98111],[-1.77431,5.98034]]}},{"type":"Feature","properties":{},"geometry":{"type":"LineString","coordinates":[[-0.28061,5.58826],[-0.28119,5.58784]]}},{"type":"Feature","properties":{},"geometry":{"type":"LineString","coordinates":[[-0.276,5.59572],[-0.27511,5.59433],[-0.27612,5.59102],[-0.27974,5.58936],[-0.28061,5.58826]]}},{"type":"Feature","properties":{},"geometry":{"type":"LineString","coordinates":[[-1.78671,5.98512],[-1.78569,5.9847],[-1.78449,5.98574]]}},{"type":"Feature","properties":{},"geometry":{"type":"LineString","coordinates":[[-1.79096,5.98768],[-1.78984,5.98641],[-1.78864,5.98682],[-1.78872,5.98611],[-1.78654,5.98532]]}},{"type":"Feature","properties":{},"geometry":{"type":"LineString","coordinates":[[-1.81458,6.0291],[-1.81382,6.03071],[-1.81181,6.03155],[-1.81029,6.03181],[-1.80889,6.03114]]}},{"type":"Feature","properties":{},"geometry":{"type":"LineString","coordinates":[[-1.74171,7.50931],[-1.74163,7.50929]]}},{"type":"Feature","properties":{},"geometry":{"type":"LineString","coordinates":[[-1.69874,7.49697],[-1.69865,7.49698]]}},{"type":"Feature","properties":{},"geometry":{"type":"LineString","coordinates":[[0.82498,5.78374],[0.82244,5.78151],[0.81769,5.78127],[0.81703,5.77922],[0.81608,5.77863],[0.81269,5.7783],[0.81042,5.7791],[0.80975,5.77726],[0.80864,5.77644],[0.80668,5.77636],[0.80369,5.77833],[0.80165,5.77815]]}},{"type":"Feature","properties":{},"geometry":{"type":"LineString","coordinates":[[0.82498,5.78374],[0.82362,5.78465],[0.80865,5.78746]]}},{"type":"Feature","properties":{},"geometry":{"type":"LineString","coordinates":[[0.79976,5.78147],[0.79731,5.78185]]}},{"type":"Feature","properties":{},"geometry":{"type":"LineString","coordinates":[[0.79406,5.77633],[0.79327,5.77381]]}},{"type":"Feature","properties":{},"geometry":{"type":"LineString","coordinates":[[0.79327,5.77381],[0.7913,5.7742]]}},{"type":"Feature","properties":{},"geometry":{"type":"LineString","coordinates":[[0.7913,5.7742],[0.78884,5.77396],[0.78682,5.77456],[0.78508,5.77692],[0.78169,5.77635],[0.78017,5.77916],[0.77854,5.77877]]}},{"type":"Feature","properties":{},"geometry":{"type":"LineString","coordinates":[[0.79406,5.77633],[0.7942,5.77423]]}},{"type":"Feature","properties":{},"geometry":{"type":"LineString","coordinates":[[0.79351,5.77377],[0.79327,5.77381]]}},{"type":"Feature","properties":{},"geometry":{"type":"LineString","coordinates":[[0.79351,5.77377],[0.79162,5.77363]]}},{"type":"Feature","properties":{},"geometry":{"type":"LineString","coordinates":[[0.78219,5.79107],[0.78078,5.79481],[0.77871,5.79319]]}},{"type":"Feature","properties":{},"geometry":{"type":"LineString","coordinates":[[0.7765,5.78016],[0.77578,5.77965],[0.776,5.77773]]}},{"type":"Feature","properties":{},"geometry":{"type":"LineString","coordinates":[[0.7765,5.78016],[0.77518,5.78261]]}},{"type":"Feature","properties":{},"geometry":{"type":"LineString","coordinates":[[0.77373,5.79047],[0.77232,5.79174],[0.76785,5.79254],[0.76501,5.79451],[0.76419,5.79824],[0.76104,5.79874]]}},{"type":"Feature","properties":{},"geometry":{"type":"LineString","coordinates":[[0.76104,5.79874],[0.75682,5.79545],[0.7558,5.79529],[0.75282,5.79662],[0.74834,5.8024],[0.74586,5.80422],[0.74402,5.8049],[0.73842,5.80522]]}},{"type":"Feature","properties":{},"geometry":{"type":"LineString","coordinates":[[0.76359,5.77641],[0.76339,5.77912],[0.76193,5.78161],[0.76277,5.78274]]}},{"type":"Feature","properties":{},"geometry":{"type":"LineString","coordinates":[[0.76277,5.78274],[0.75897,5.78532],[0.75872,5.78757],[0.75759,5.78979]]}},{"type":"Feature","properties":{},"geometry":{"type":"LineString","coordinates":[[0.4125,6.16795],[0.41671,6.16257],[0.42169,6.15284],[0.43027,6.14738],[0.42692,6.14013],[0.4289,6.13817],[0.42958,6.12647],[0.43267,6.12588],[0.43387,6.12485],[0.42967,6.12187],[0.42658,6.10582],[0.42437,6.10155],[0.42495,6.10022],[0.42452,6.09943],[0.42309,6.10003],[0.42326,6.09863],[0.42528,6.09756],[0.42618,6.09759],[0.42716,6.09869],[0.42828,6.09847],[0.42957,6.09767],[0.42982,6.0962],[0.43266,6.09548],[0.43167,6.09354],[0.43246,6.09146],[0.43617,6.0915],[0.43948,6.09035],[0.44598,6.09009],[0.44809,6.09145],[0.45048,6.0945],[0.45417,6.0956]]}},{"type":"Feature","properties":{"name":"Volta"},"geometry":{"type":"LineString","coordinates":[[0.4611,6.07286],[0.46829,6.0681],[0.48541,6.06392],[0.51215,6.05269],[0.51599,6.0496],[0.51909,6.04505],[0.52192,6.03902]]}},{"type":"Feature","properties":{},"geometry":{"type":"LineString","coordinates":[[0.77591,6.04532],[0.78234,6.04425],[0.78244,6.04283],[0.78117,6.04184],[0.78223,6.03968],[0.78067,6.03757],[0.78197,6.03737],[0.78191,6.03614],[0.78311,6.03519],[0.78092,6.03416],[0.78165,6.03065],[0.78126,6.02945],[0.77775,6.02783],[0.77769,6.02632],[0.77676,6.02488],[0.77525,6.02324],[0.77244,6.02187],[0.77182,6.02069]]}},{"type":"Feature","properties":{"name":"Todzie"},"geometry":{"type":"LineString","coordinates":[[0.75246,6.0841],[0.75368,6.08325],[0.76102,6.08143],[0.76421,6.07466],[0.76375,6.07247],[0.76508,6.07193],[0.76249,6.07023],[0.76344,6.06939],[0.76307,6.06804],[0.76408,6.0664],[0.76355,6.065],[0.76218,6.06533],[0.76169,6.06487],[0.76377,6.06318],[0.76089,6.06274],[0.76218,6.06071],[0.76018,6.06116],[0.76026,6.05941],[0.76197,6.05902],[0.76059,6.05802],[0.76052,6.05463],[0.76313,6.05323],[0.76365,6.05352],[0.76408,6.0509],[0.76528,6.05057],[0.76623,6.04901],[0.76941,6.04902],[0.77037,6.0476],[0.77161,6.04779],[0.77326,6.04621],[0.77591,6.04532]]}},{"type":"Feature","properties":{},"geometry":{"type":"LineString","coordinates":[[0.80865,5.78746],[0.80598,5.78693],[0.8026,5.78467],[0.80066,5.78172],[0.79976,5.78147]]}},{"type":"Feature","properties":{"name":"Volta"},"geometry":{"type":"LineString","coordinates":[[0.52192,6.03902],[0.52627,6.03008],[0.5292,6.02236],[0.53289,6.01704],[0.55246,6.01155]]}},{"type":"Feature","properties":{"name":"Volta"},"geometry":{"type":"LineString","coordinates":[[0.52192,6.03902],[0.5303,6.03625],[0.53995,6.03079],[0.55267,6.0158],[0.55246,6.01155]]}},{"type":"Feature","properties":{"name":"Volta"},"geometry":{"type":"LineString","coordinates":[[0.55246,6.01155],[0.56553,6.01004],[0.57359,6.00721],[0.57791,6.0046],[0.58123,6.00108],[0.58322,5.99756]]}},{"type":"Feature","properties":{"name":"Volta"},"geometry":{"type":"LineString","coordinates":[[0.20966,6.10011],[0.22477,6.10281],[0.23602,6.10562],[0.24855,6.10382],[0.26101,6.10507],[0.26426,6.1048],[0.27135,6.10078],[0.2812,6.09296],[0.2833,6.09063],[0.28893,6.07795],[0.29122,6.06681],[0.2944,6.06154],[0.29939,6.05907],[0.30737,6.05725],[0.31468,6.05693],[0.32467,6.05534],[0.35231,6.04602],[0.37353,6.04176],[0.38175,6.04307],[0.38835,6.0464],[0.39142,6.05042],[0.39347,6.05589],[0.39374,6.06237],[0.3962,6.07145],[0.39923,6.07694],[0.40273,6.07982],[0.41122,6.08243],[0.42369,6.08357],[0.43905,6.08263],[0.44686,6.08143],[0.45428,6.07748],[0.4611,6.07286]]}},{"type":"Feature","properties":{"name":"Volta"},"geometry":{"type":"LineString","coordinates":[[0.58322,5.99756],[0.58744,5.99045],[0.59731,5.98213],[0.60159,5.97685]]}},{"type":"Feature","properties":{"name":"Volta"},"geometry":{"type":"LineString","coordinates":[[0.63628,5.83455],[0.64292,5.82175],[0.65206,5.81643],[0.65686,5.81082],[0.66377,5.79912],[0.66875,5.79275],[0.67163,5.78752],[0.67124,5.78417]]}},{"type":"Feature","properties":{},"geometry":{"type":"LineString","coordinates":[[0.76229,5.82097],[0.76446,5.82033]]}},{"type":"Feature","properties":{},"geometry":{"type":"LineString","coordinates":[[0.7608,5.82147],[0.76229,5.82097]]}},{"type":"Feature","properties":{},"geometry":{"type":"LineString","coordinates":[[0.76446,5.82033],[0.76368,5.8176],[0.7625,5.81618],[0.76232,5.81363],[0.76592,5.80868],[0.76357,5.80608],[0.76104,5.79874]]}},{"type":"Feature","properties":{},"geometry":{"type":"LineString","coordinates":[[0.75846,5.82255],[0.7608,5.82147]]}},{"type":"Feature","properties":{},"geometry":{"type":"LineString","coordinates":[[0.79731,5.78185],[0.79708,5.78029],[0.7955,5.77924]]}},{"type":"Feature","properties":{},"geometry":{"type":"LineString","coordinates":[[0.79883,5.80041],[0.79906,5.79964],[0.79739,5.79823],[0.79814,5.79667],[0.79797,5.79491],[0.79475,5.79367],[0.79689,5.79158],[0.79675,5.79088],[0.79468,5.79097],[0.79291,5.78774],[0.79731,5.78185]]}},{"type":"Feature","properties":{},"geometry":{"type":"LineString","coordinates":[[0.7784,5.80297],[0.7801,5.8025],[0.78075,5.80359]]}},{"type":"Feature","properties":{},"geometry":{"type":"LineString","coordinates":[[0.78075,5.80359],[0.78033,5.80578],[0.77962,5.80592]]}},{"type":"Feature","properties":{},"geometry":{"type":"LineString","coordinates":[[0.09052,5.74212],[0.09123,5.74057],[0.09085,5.73803],[0.09278,5.73836],[0.09322,5.73737],[0.09179,5.73487],[0.08955,5.73449],[0.08846,5.73221],[0.08877,5.73134],[0.09056,5.73047],[0.09062,5.72901],[0.08829,5.72926],[0.08711,5.72879],[0.08458,5.72187],[0.07507,5.72183],[0.07362,5.72127],[0.07157,5.719],[0.07404,5.71188],[0.0741,5.70993],[0.07165,5.70443],[0.07059,5.6998],[0.0704,5.6966],[0.0712,5.69525]]}},{"type":"Feature","properties":{},"geometry":{"type":"LineString","coordinates":[[0.72004,5.7964],[0.71658,5.7954],[0.71633,5.79381]]}},{"type":"Feature","properties":{},"geometry":{"type":"LineString","coordinates":[[0.6895,5.80452],[0.69265,5.80133],[0.69244,5.80048],[0.69372,5.79967],[0.69523,5.79923],[0.69925,5.79981],[0.70221,5.79924]]}},{"type":"Feature","properties":{},"geometry":{"type":"LineString","coordinates":[[0.70094,5.79589],[0.70221,5.79924]]}},{"type":"Feature","properties":{},"geometry":{"type":"LineString","coordinates":[[0.70221,5.79924],[0.70432,5.80041],[0.70685,5.79894],[0.70735,5.7975]]}},{"type":"Feature","properties":{},"geometry":{"type":"LineString","coordinates":[[0.71111,5.79632],[0.71162,5.79429],[0.71272,5.79325],[0.71633,5.79381],[0.71861,5.79268],[0.71976,5.78835]]}},{"type":"Feature","properties":{},"geometry":{"type":"LineString","coordinates":[[0.70735,5.7975],[0.70834,5.79796],[0.70853,5.79659],[0.71111,5.79632]]}},{"type":"Feature","properties":{},"geometry":{"type":"LineString","coordinates":[[0.14163,5.76879],[0.14349,5.77075],[0.14678,5.77248],[0.15205,5.77795],[0.15754,5.77889],[0.16003,5.7786],[0.16106,5.77787],[0.16426,5.77813],[0.16421,5.77714],[0.1652,5.77621],[0.16568,5.77443],[0.16759,5.77378],[0.16865,5.77241],[0.16847,5.77151],[0.16752,5.77236],[0.16658,5.77206],[0.16847,5.76891],[0.1744,5.76672],[0.17616,5.76317],[0.18195,5.76137]]}},{"type":"Feature","properties":{},"geometry":{"type":"LineString","coordinates":[[0.18195,5.76137],[0.18029,5.75096],[0.1814,5.74357],[0.17979,5.74378],[0.17982,5.74291]]}},{"type":"Feature","properties":{},"geometry":{"type":"LineString","coordinates":[[0.21156,5.80706],[0.21008,5.80589],[0.21023,5.80517],[0.20882,5.80388],[0.20833,5.80129],[0.20688,5.80032],[0.2051,5.79734],[0.20477,5.79273],[0.20173,5.7916],[0.20256,5.79083],[0.20257,5.78908],[0.20013,5.78725],[0.20053,5.78506]]}},{"type":"Feature","properties":{},"geometry":{"type":"LineString","coordinates":[[0.20053,5.78506],[0.19911,5.78512],[0.19952,5.78292],[0.19813,5.7829],[0.19809,5.78181],[0.19706,5.78144],[0.19738,5.78055],[0.1938,5.77982],[0.19469,5.77788],[0.19212,5.77738],[0.19182,5.77557],[0.18996,5.77675],[0.18954,5.7753],[0.18822,5.77528],[0.18522,5.77297],[0.18544,5.77075],[0.18737,5.76892],[0.18751,5.7678],[0.18635,5.7661],[0.18324,5.76467],[0.18195,5.76137]]}},{"type":"Feature","properties":{},"geometry":{"type":"LineString","coordinates":[[0.6402,5.79048],[0.64156,5.78821],[0.64144,5.78725]]}},{"type":"Feature","properties":{},"geometry":{"type":"LineString","coordinates":[[0.64057,5.79103],[0.6402,5.79048]]}},{"type":"Feature","properties":{"name":"Volta"},"geometry":{"type":"LineString","coordinates":[[0.60159,5.97685],[0.60555,5.97196],[0.61289,5.96573]]}},{"type":"Feature","properties":{},"geometry":{"type":"LineString","coordinates":[[0.71488,5.84458],[0.71411,5.84202]]}},{"type":"Feature","properties":{},"geometry":{"type":"LineString","coordinates":[[0.71411,5.84202],[0.71409,5.83913],[0.71259,5.83558],[0.71281,5.83403],[0.71136,5.8339],[0.71171,5.83138],[0.71029,5.83055]]}},{"type":"Feature","properties":{},"geometry":{"type":"LineString","coordinates":[[0.71488,5.84458],[0.71193,5.84278],[0.71411,5.84202]]}},{"type":"Feature","properties":{},"geometry":{"type":"LineString","coordinates":[[0.73721,5.82928],[0.73195,5.83108],[0.72724,5.83493],[0.72716,5.83663],[0.72531,5.83627],[0.72285,5.83773],[0.72083,5.84165],[0.71831,5.8427],[0.72026,5.84413],[0.72011,5.84457]]}},{"type":"Feature","properties":{},"geometry":{"type":"LineString","coordinates":[[0.7157,5.84707],[0.71427,5.84635],[0.71488,5.84458]]}},{"type":"Feature","properties":{},"geometry":{"type":"LineString","coordinates":[[0.72433,5.84288],[0.72216,5.84356],[0.72097,5.84492],[0.72011,5.84457]]}},{"type":"Feature","properties":{},"geometry":{"type":"LineString","coordinates":[[0.72011,5.84457],[0.71771,5.84433],[0.7157,5.84707]]}},{"type":"Feature","properties":{},"geometry":{"type":"LineString","coordinates":[[0.66048,5.87654],[0.66954,5.87171],[0.66931,5.87052],[0.66704,5.86929],[0.66662,5.8682],[0.67224,5.86389],[0.67413,5.86083],[0.67918,5.86116],[0.68171,5.85995],[0.68255,5.85821],[0.68207,5.85423],[0.68248,5.85297],[0.68564,5.85238],[0.69,5.85382],[0.6928,5.85221],[0.69741,5.85309],[0.70328,5.85046],[0.70507,5.84841],[0.70688,5.84271],[0.70667,5.83168],[0.70757,5.83125],[0.70888,5.83168],[0.71029,5.83055]]}},{"type":"Feature","properties":{},"geometry":{"type":"LineString","coordinates":[[0.71029,5.83055],[0.71087,5.82867],[0.71192,5.82822],[0.71089,5.82649],[0.71264,5.82486]]}},{"type":"Feature","properties":{},"geometry":{"type":"LineString","coordinates":[[0.78883,5.78735],[0.79546,5.78175],[0.79498,5.77977],[0.7955,5.77924]]}},{"type":"Feature","properties":{},"geometry":{"type":"LineString","coordinates":[[0.7955,5.77924],[0.79406,5.77633]]}},{"type":"Feature","properties":{},"geometry":{"type":"LineString","coordinates":[[0.69341,5.77687],[0.69136,5.77789]]}},{"type":"Feature","properties":{},"geometry":{"type":"LineString","coordinates":[[0.71429,5.77943],[0.71577,5.77926],[0.71623,5.7777],[0.7173,5.77736],[0.71989,5.7779],[0.7215,5.78023],[0.72442,5.77964],[0.72577,5.78047],[0.73027,5.77821]]}},{"type":"Feature","properties":{},"geometry":{"type":"LineString","coordinates":[[0.71429,5.77943],[0.71462,5.7757],[0.71397,5.77494],[0.70949,5.77452],[0.70831,5.77551],[0.70549,5.78091],[0.7036,5.78197],[0.70253,5.78104]]}},{"type":"Feature","properties":{},"geometry":{"type":"LineString","coordinates":[[0.73842,5.80522],[0.73445,5.80289],[0.73205,5.80257],[0.72824,5.80511]]}},{"type":"Feature","properties":{},"geometry":{"type":"LineString","coordinates":[[0.72824,5.80511],[0.72243,5.80998],[0.71975,5.81049],[0.71883,5.81011]]}},{"type":"Feature","properties":{},"geometry":{"type":"LineString","coordinates":[[0.73842,5.80522],[0.73314,5.80826],[0.72824,5.80511]]}},{"type":"Feature","properties":{},"geometry":{"type":"LineString","coordinates":[[0.77962,5.80592],[0.77798,5.80764],[0.77679,5.80773],[0.77667,5.80931]]}},{"type":"Feature","properties":{},"geometry":{"type":"LineString","coordinates":[[0.7183,5.81189],[0.71999,5.81393],[0.72243,5.80998]]}},{"type":"Feature","properties":{},"geometry":{"type":"LineString","coordinates":[[0.7183,5.81189],[0.71883,5.81011]]}},{"type":"Feature","properties":{},"geometry":{"type":"LineString","coordinates":[[0.71883,5.81011],[0.71484,5.80798],[0.71243,5.80476],[0.71111,5.79632]]}},{"type":"Feature","properties":{},"geometry":{"type":"LineString","coordinates":[[0.71185,5.86814],[0.7127,5.86769],[0.71202,5.86589]]}},{"type":"Feature","properties":{},"geometry":{"type":"LineString","coordinates":[[0.71202,5.86589],[0.71147,5.86312],[0.71168,5.85915],[0.70997,5.85536],[0.71121,5.85524],[0.71224,5.85393]]}},{"type":"Feature","properties":{},"geometry":{"type":"LineString","coordinates":[[0.71185,5.86814],[0.71202,5.86589]]}},{"type":"Feature","properties":{},"geometry":{"type":"LineString","coordinates":[[0.71415,5.87355],[0.71372,5.87159],[0.71286,5.87073]]}},{"type":"Feature","properties":{},"geometry":{"type":"LineString","coordinates":[[0.71286,5.87073],[0.71185,5.86814]]}},{"type":"Feature","properties":{},"geometry":{"type":"LineString","coordinates":[[0.75759,5.78979],[0.75682,5.79545]]}},{"type":"Feature","properties":{},"geometry":{"type":"LineString","coordinates":[[0.76918,5.78348],[0.76703,5.78214],[0.76277,5.78274]]}},{"type":"Feature","properties":{},"geometry":{"type":"LineString","coordinates":[[0.77101,5.78315],[0.76918,5.78348]]}},{"type":"Feature","properties":{},"geometry":{"type":"LineString","coordinates":[[0.77101,5.78315],[0.77011,5.78387],[0.76918,5.78348]]}},{"type":"Feature","properties":{},"geometry":{"type":"LineString","coordinates":[[0.77518,5.78261],[0.77353,5.78523],[0.77366,5.78675],[0.77273,5.78865],[0.77373,5.79047]]}},{"type":"Feature","properties":{},"geometry":{"type":"LineString","coordinates":[[0.77518,5.78261],[0.77398,5.78074],[0.77181,5.7804]]}},{"type":"Feature","properties":{},"geometry":{"type":"LineString","coordinates":[[0.77181,5.7804],[0.77101,5.78315]]}},{"type":"Feature","properties":{},"geometry":{"type":"LineString","coordinates":[[0.77854,5.77877],[0.7765,5.78016]]}},{"type":"Feature","properties":{},"geometry":{"type":"LineString","coordinates":[[0.776,5.77773],[0.77511,5.77641],[0.77355,5.77797],[0.77191,5.7779],[0.77181,5.7804]]}},{"type":"Feature","properties":{},"geometry":{"type":"LineString","coordinates":[[0.77854,5.77877],[0.776,5.77773]]}},{"type":"Feature","properties":{},"geometry":{"type":"LineString","coordinates":[[0.7942,5.77423],[0.79351,5.77377]]}},{"type":"Feature","properties":{},"geometry":{"type":"LineString","coordinates":[[0.7942,5.77423],[0.79424,5.77279],[0.79094,5.77295],[0.79162,5.77363]]}},{"type":"Feature","properties":{},"geometry":{"type":"LineString","coordinates":[[0.79162,5.77363],[0.7913,5.7742]]}},{"type":"Feature","properties":{},"geometry":{"type":"LineString","coordinates":[[0.80165,5.77815],[0.8006,5.7788],[0.79976,5.78147]]}},{"type":"Feature","properties":{},"geometry":{"type":"LineString","coordinates":[[0.80165,5.77815],[0.8,5.77715],[0.79965,5.77781],[0.8006,5.7788]]}},{"type":"Feature","properties":{},"geometry":{"type":"LineString","coordinates":[[0.69941,5.77655],[0.6988,5.77554],[0.69638,5.77486],[0.69341,5.77687]]}},{"type":"Feature","properties":{},"geometry":{"type":"LineString","coordinates":[[0.70253,5.78104],[0.69941,5.77655]]}},{"type":"Feature","properties":{},"geometry":{"type":"LineString","coordinates":[[0.69136,5.77789],[0.68473,5.78094]]}},{"type":"Feature","properties":{},"geometry":{"type":"LineString","coordinates":[[0.71976,5.78835],[0.72118,5.78465],[0.72073,5.78372],[0.71462,5.78165],[0.71429,5.77943]]}},{"type":"Feature","properties":{},"geometry":{"type":"LineString","coordinates":[[0.77871,5.79319],[0.77574,5.79163],[0.77525,5.79067],[0.77373,5.79047]]}},{"type":"Feature","properties":{},"geometry":{"type":"LineString","coordinates":[[0.70158,5.81342],[0.70217,5.8154],[0.70498,5.81607],[0.70619,5.81957],[0.70573,5.82013]]}},{"type":"Feature","properties":{},"geometry":{"type":"LineString","coordinates":[[0.70573,5.82013],[0.7069,5.82087],[0.70836,5.82012],[0.70921,5.82248],[0.711,5.82273],[0.71131,5.82403],[0.71264,5.82486]]}},{"type":"Feature","properties":{},"geometry":{"type":"LineString","coordinates":[[0.71264,5.82486],[0.71393,5.82262],[0.71438,5.81843]]}},{"type":"Feature","properties":{},"geometry":{"type":"LineString","coordinates":[[0.69226,5.81713],[0.69452,5.81739],[0.69525,5.81926],[0.69719,5.82041],[0.69804,5.81978],[0.70068,5.82137],[0.70119,5.82076],[0.70304,5.82141],[0.70505,5.82104],[0.70573,5.82013]]}},{"type":"Feature","properties":{},"geometry":{"type":"LineString","coordinates":[[0.71438,5.81843],[0.71469,5.81724],[0.71649,5.81626],[0.7183,5.81189]]}},{"type":"Feature","properties":{},"geometry":{"type":"LineString","coordinates":[[-1.47708,5.0606],[-1.47679,5.05938],[-1.47737,5.05817],[-1.47887,5.05792],[-1.47963,5.05866],[-1.48244,5.0572],[-1.4817,5.05476],[-1.4828,5.05359],[-1.48359,5.05334],[-1.48616,5.05436],[-1.48698,5.05404],[-1.48744,5.05088],[-1.4862,5.05022]]}},{"type":"Feature","properties":{"name":"Densu"},"geometry":{"type":"LineString","coordinates":[[-0.31312,5.54455],[-0.31572,5.54015],[-0.31825,5.54106]]}},{"type":"Feature","properties":{"name":"Densu"},"geometry":{"type":"LineString","coordinates":[[-0.31825,5.54106],[-0.31932,5.53524],[-0.32278,5.53342],[-0.32341,5.53221],[-0.32298,5.53081],[-0.3242,5.53029],[-0.32395,5.52946],[-0.32294,5.52925],[-0.32423,5.52863],[-0.32405,5.52739],[-0.32303,5.52751],[-0.32139,5.52905],[-0.32063,5.52886],[-0.3211,5.52678],[-0.32281,5.5264],[-0.32232,5.52414],[-0.31964,5.52411],[-0.31915,5.52337],[-0.32122,5.51966],[-0.32071,5.51814],[-0.31882,5.51738],[-0.31819,5.5159],[-0.32131,5.51274],[-0.32145,5.51072]]}},{"type":"Feature","properties":{"name":"Densu"},"geometry":{"type":"LineString","coordinates":[[-0.32145,5.51072],[-0.32263,5.50951],[-0.34247,5.50396]]}},{"type":"Feature","properties":{},"geometry":{"type":"LineString","coordinates":[[-1.7061,7.44001],[-1.70496,7.44035],[-1.7042,7.43985],[-1.70366,7.4413],[-1.70299,7.44094],[-1.70164,7.44288],[-1.70011,7.44267],[-1.69712,7.44356],[-1.69502,7.44283],[-1.69503,7.44341],[-1.69425,7.44295],[-1.69235,7.44494],[-1.69074,7.44435],[-1.68916,7.44647],[-1.68964,7.44743],[-1.68889,7.44798],[-1.68863,7.45073],[-1.68769,7.4515],[-1.68813,7.4521],[-1.68744,7.45176],[-1.6874,7.45269],[-1.68616,7.45348],[-1.68526,7.45332],[-1.68526,7.45441],[-1.68442,7.45436],[-1.68453,7.45505],[-1.68144,7.45712],[-1.68163,7.45829],[-1.68019,7.46007],[-1.67979,7.46286],[-1.67832,7.46409],[-1.67748,7.46368],[-1.67693,7.46539],[-1.67514,7.46652],[-1.67501,7.46768],[-1.67246,7.46779],[-1.66937,7.46612],[-1.66801,7.46613],[-1.66724,7.46771],[-1.66656,7.46723],[-1.66327,7.46863],[-1.66247,7.46717],[-1.66131,7.46738],[-1.66094,7.4669],[-1.66103,7.4652],[-1.66019,7.46466],[-1.65955,7.46246],[-1.65867,7.4621],[-1.65649,7.46339],[-1.65529,7.46303],[-1.65427,7.46358],[-1.65362,7.46304],[-1.65382,7.46242],[-1.65177,7.46115],[-1.64869,7.46251],[-1.64662,7.46258],[-1.64663,7.4631],[-1.64623,7.46271],[-1.64599,7.46337],[-1.6443,7.46385],[-1.64344,7.46346],[-1.64373,7.4642],[-1.64314,7.46453],[-1.64136,7.46255],[-1.64025,7.46258],[-1.6404,7.46211],[-1.63954,7.46243],[-1.63942,7.46315],[-1.63758,7.46313],[-1.63664,7.46211],[-1.63744,7.46149],[-1.63646,7.46175],[-1.63584,7.46115],[-1.63531,7.46206],[-1.63409,7.46203],[-1.63299,7.46374],[-1.63224,7.46336],[-1.63128,7.46402],[-1.62883,7.46314],[-1.62834,7.46373],[-1.62686,7.46327],[-1.62653,7.46246],[-1.62607,7.46329],[-1.62479,7.46307],[-1.62435,7.46408],[-1.62421,7.46322],[-1.62386,7.46383],[-1.62274,7.46339],[-1.62242,7.46438],[-1.62188,7.46373],[-1.62105,7.46412],[-1.62099,7.46335],[-1.61945,7.46412],[-1.61898,7.4632],[-1.6181,7.46355],[-1.61805,7.46457],[-1.61726,7.4642],[-1.61707,7.46474],[-1.61636,7.46395],[-1.61696,7.46335],[-1.61637,7.46269],[-1.61602,7.46361],[-1.61556,7.46305],[-1.61361,7.46319],[-1.61303,7.46353],[-1.61313,7.46451],[-1.61224,7.46415],[-1.61206,7.46579],[-1.61134,7.46607],[-1.61173,7.46659],[-1.61106,7.46665],[-1.61154,7.46729],[-1.61076,7.46758],[-1.61044,7.46994],[-1.60893,7.47005],[-1.6089,7.47177],[-1.6056,7.47321],[-1.60486,7.47479],[-1.60263,7.47447],[-1.60119,7.47805],[-1.60035,7.47857],[-1.60061,7.4808],[-1.60164,7.48145],[-1.59918,7.4849]]}},{"type":"Feature","properties":{},"geometry":{"type":"LineString","coordinates":[[-1.60546,7.47705],[-1.60463,7.47864],[-1.60298,7.47884],[-1.60285,7.48],[-1.60155,7.48017]]}},{"type":"Feature","properties":{},"geometry":{"type":"LineString","coordinates":[[-1.60119,7.47805],[-1.60171,7.48078],[-1.59862,7.48338],[-1.59922,7.48457],[-1.59895,7.48616],[-1.59737,7.48632],[-1.59526,7.48817],[-1.59437,7.49256],[-1.59359,7.49301],[-1.59286,7.49539],[-1.59221,7.49582],[-1.59177,7.49542],[-1.59165,7.49617],[-1.59082,7.49537],[-1.59014,7.49652],[-1.58605,7.49581],[-1.58516,7.49594],[-1.5852,7.49645],[-1.58467,7.49574],[-1.58506,7.4969],[-1.58427,7.49701],[-1.58443,7.4977],[-1.58287,7.49774],[-1.58237,7.49887],[-1.58189,7.49848],[-1.58115,7.50017],[-1.58028,7.49953],[-1.57919,7.50109],[-1.57846,7.49976],[-1.57778,7.50111],[-1.57708,7.50124],[-1.57745,7.5018],[-1.57595,7.50297],[-1.57298,7.50213],[-1.57073,7.5036],[-1.57221,7.50765],[-1.57143,7.50758],[-1.57168,7.5083],[-1.57012,7.50876],[-1.57079,7.51059],[-1.57003,7.51119],[-1.57037,7.51183],[-1.57129,7.51187],[-1.57047,7.51202],[-1.57085,7.51259],[-1.57018,7.51314],[-1.57079,7.5141],[-1.57031,7.51471],[-1.57088,7.51467],[-1.57015,7.51559],[-1.57115,7.51684],[-1.56994,7.51775],[-1.56964,7.51729],[-1.56937,7.5181],[-1.56988,7.52005],[-1.56936,7.52096],[-1.57023,7.52146],[-1.56892,7.52176],[-1.56889,7.52267],[-1.56919,7.52204],[-1.56985,7.52216],[-1.56867,7.52434],[-1.5689,7.52494],[-1.56827,7.52494],[-1.56809,7.52419],[-1.56721,7.525],[-1.56763,7.5256],[-1.56688,7.5255],[-1.56733,7.52609],[-1.56654,7.52631],[-1.56599,7.52857],[-1.56498,7.52813],[-1.56459,7.52952],[-1.5641,7.52933],[-1.56459,7.53014],[-1.56329,7.53036],[-1.56365,7.53121],[-1.56105,7.53104],[-1.55939,7.53181],[-1.55895,7.5313],[-1.55934,7.53089],[-1.55835,7.53058],[-1.55758,7.53144],[-1.55653,7.53112],[-1.55509,7.53193],[-1.55406,7.5311],[-1.55313,7.53158],[-1.55313,7.53234],[-1.55255,7.53167],[-1.55169,7.5323],[-1.54958,7.53211],[-1.54924,7.5304],[-1.54747,7.53046],[-1.54693,7.53111],[-1.54567,7.53015],[-1.54524,7.53077],[-1.54502,7.52993],[-1.54425,7.53007],[-1.54299,7.52909],[-1.54235,7.52943],[-1.54212,7.52746],[-1.54155,7.52737],[-1.54227,7.52693],[-1.54167,7.52645],[-1.54096,7.52705],[-1.54078,7.52611],[-1.53991,7.5296],[-1.53822,7.52977],[-1.5388,7.53124],[-1.53662,7.5304],[-1.53531,7.53149],[-1.53516,7.53088],[-1.53445,7.5309],[-1.53444,7.53179],[-1.53334,7.53141],[-1.53244,7.53253],[-1.53083,7.53154],[-1.53011,7.53245],[-1.52701,7.53208],[-1.52636,7.53286],[-1.52579,7.53212],[-1.52515,7.53315],[-1.52467,7.53239],[-1.52373,7.53241],[-1.52282,7.53442],[-1.52028,7.53367],[-1.52024,7.53421],[-1.51892,7.5346],[-1.51861,7.53749],[-1.51751,7.53708],[-1.51652,7.53751],[-1.51498,7.53824],[-1.51472,7.53921],[-1.51556,7.53919],[-1.51472,7.54009],[-1.51403,7.53953],[-1.51288,7.54017],[-1.51296,7.53937],[-1.51103,7.54084],[-1.51096,7.54359],[-1.51036,7.54426],[-1.50941,7.54357],[-1.50839,7.54353],[-1.5081,7.5442],[-1.50664,7.54372],[-1.50393,7.54583],[-1.50359,7.54525],[-1.50083,7.54515],[-1.49909,7.54704],[-1.49777,7.54773],[-1.49749,7.54695],[-1.49711,7.54811],[-1.49614,7.54753],[-1.49609,7.54847],[-1.49533,7.54823],[-1.49426,7.54983],[-1.49468,7.55049],[-1.49369,7.55051],[-1.49319,7.553],[-1.49224,7.55381],[-1.49135,7.55333],[-1.4909,7.55671],[-1.48834,7.55674],[-1.48847,7.55763],[-1.48772,7.55837],[-1.48844,7.56026],[-1.48779,7.56011],[-1.48776,7.56285],[-1.48702,7.56316],[-1.48764,7.56407],[-1.48727,7.56569]]}},{"type":"Feature","properties":{},"geometry":{"type":"LineString","coordinates":[[-1.5711,7.5043],[-1.57163,7.5037],[-1.57131,7.50441]]}},{"type":"Feature","properties":{},"geometry":{"type":"LineString","coordinates":[[-1.59526,7.48915],[-1.59594,7.48994],[-1.59442,7.49199]]}},{"type":"Feature","properties":{},"geometry":{"type":"LineString","coordinates":[[-1.60863,7.4687],[-1.60835,7.46812],[-1.60908,7.46755]]}},{"type":"Feature","properties":{},"geometry":{"type":"LineString","coordinates":[[-1.61075,7.46814],[-1.60999,7.46773],[-1.60966,7.46891],[-1.60872,7.46849],[-1.6081,7.46894],[-1.60827,7.46993],[-1.60757,7.47049],[-1.60816,7.47109],[-1.60737,7.47138],[-1.60845,7.47179]]}},{"type":"Feature","properties":{},"geometry":{"type":"LineString","coordinates":[[-1.57086,7.51629],[-1.5706,7.51667],[-1.57114,7.51672]]}},{"type":"Feature","properties":{"name":"Densu"},"geometry":{"type":"LineString","coordinates":[[-0.35938,5.80218],[-0.36151,5.80044],[-0.36254,5.8003],[-0.36185,5.79971],[-0.36369,5.79927],[-0.36379,5.79743],[-0.3652,5.79658],[-0.36527,5.79589],[-0.36607,5.79631],[-0.36659,5.79455],[-0.36715,5.79456],[-0.36763,5.79349],[-0.36719,5.79305],[-0.36601,5.79393],[-0.36689,5.79253],[-0.36883,5.79205],[-0.36919,5.79129],[-0.36962,5.79214],[-0.36941,5.79047],[-0.37043,5.79087],[-0.37005,5.78902],[-0.37049,5.7885],[-0.36963,5.788],[-0.37027,5.78714],[-0.37001,5.78633],[-0.37147,5.78515],[-0.37118,5.78593],[-0.37167,5.78615],[-0.37242,5.78455],[-0.37244,5.78541],[-0.3729,5.78538],[-0.37396,5.78371],[-0.3732,5.78338],[-0.37336,5.78273],[-0.37435,5.7832],[-0.3747,5.78156],[-0.37572,5.78129],[-0.37602,5.78008],[-0.37523,5.78028],[-0.37564,5.77977],[-0.37494,5.77847],[-0.37581,5.77858],[-0.37552,5.77739],[-0.37625,5.77715],[-0.37588,5.77633],[-0.37735,5.77387],[-0.37684,5.77205],[-0.37997,5.76925],[-0.37934,5.76866],[-0.38045,5.76784],[-0.37957,5.7672],[-0.38084,5.76747],[-0.3804,5.76663],[-0.3811,5.76706],[-0.38113,5.76623],[-0.38187,5.76599],[-0.38072,5.76555],[-0.3803,5.76466],[-0.38067,5.76369],[-0.38194,5.76212],[-0.38374,5.76226],[-0.38336,5.75997],[-0.38423,5.7598],[-0.38413,5.75906],[-0.38507,5.75889],[-0.3856,5.75748],[-0.38642,5.75749],[-0.38718,5.75619],[-0.38626,5.75602],[-0.38721,5.75546],[-0.38604,5.75507],[-0.38664,5.75477],[-0.38665,5.75337],[-0.3856,5.75027],[-0.3863,5.74879],[-0.38593,5.74769],[-0.38647,5.74751],[-0.38585,5.7469],[-0.38803,5.74609],[-0.38775,5.74457],[-0.38689,5.74428],[-0.38816,5.74273],[-0.3868,5.73964],[-0.38758,5.7371],[-0.38829,5.73597],[-0.38953,5.7356],[-0.38924,5.73474],[-0.39022,5.73421],[-0.38915,5.73349],[-0.39048,5.73297],[-0.38964,5.73273],[-0.39056,5.73153],[-0.38996,5.73117],[-0.39094,5.73017],[-0.39173,5.73034],[-0.39271,5.72961],[-0.39275,5.73017],[-0.39328,5.72968],[-0.39384,5.73016],[-0.39371,5.7307],[-0.39471,5.73039],[-0.39437,5.72941],[-0.39511,5.72938],[-0.39566,5.72837],[-0.39465,5.72764],[-0.39571,5.72665],[-0.39642,5.72678],[-0.39553,5.72431],[-0.39693,5.72376],[-0.39646,5.72262],[-0.39746,5.72321],[-0.39863,5.72172],[-0.39781,5.72094],[-0.39875,5.72041],[-0.39766,5.71966],[-0.39847,5.71891],[-0.39725,5.71923],[-0.39674,5.7178],[-0.39577,5.71715],[-0.39656,5.71685],[-0.39604,5.71617],[-0.39662,5.71582],[-0.39519,5.71444],[-0.39385,5.71482],[-0.39413,5.71378],[-0.3935,5.71346],[-0.39474,5.71317],[-0.39464,5.71124],[-0.39534,5.71099],[-0.39518,5.71176],[-0.39563,5.71169],[-0.39543,5.70972],[-0.3966,5.70987],[-0.39608,5.70909],[-0.39891,5.7087],[-0.3981,5.70795],[-0.39804,5.70622],[-0.39889,5.70689],[-0.3988,5.70537],[-0.39939,5.70543],[-0.39891,5.70465],[-0.39818,5.70484],[-0.39856,5.70386],[-0.39777,5.70384],[-0.39788,5.70311],[-0.40001,5.70388],[-0.39976,5.70224],[-0.40063,5.70315],[-0.40121,5.70249],[-0.40056,5.70227],[-0.40081,5.70174],[-0.4018,5.70237],[-0.40151,5.70101],[-0.40294,5.70158],[-0.40302,5.70047],[-0.40389,5.70092],[-0.40451,5.70007],[-0.40371,5.69998],[-0.40394,5.69946],[-0.40517,5.69955]]}},{"type":"Feature","properties":{},"geometry":{"type":"LineString","coordinates":[[-0.38997,5.68483],[-0.38878,5.68406]]}},{"type":"Feature","properties":{},"geometry":{"type":"LineString","coordinates":[[-1.65551,6.19893],[-1.65471,6.19421],[-1.65212,6.19389]]}},{"type":"Feature","properties":{},"geometry":{"type":"LineString","coordinates":[[-1.33304,10.74597],[-1.33177,10.74622],[-1.32906,10.74887],[-1.32482,10.74992],[-1.3242,10.75079],[-1.32211,10.75013],[-1.31982,10.75119],[-1.31823,10.75094]]}},{"type":"Feature","properties":{},"geometry":{"type":"LineString","coordinates":[[-1.32887,10.74633],[-1.32732,10.74907]]}},{"type":"Feature","properties":{},"geometry":{"type":"LineString","coordinates":[[-1.3457,10.76745],[-1.34317,10.76555],[-1.34171,10.76304],[-1.33904,10.76366],[-1.33949,10.764],[-1.3376,10.766],[-1.33653,10.76587],[-1.33696,10.76474],[-1.3361,10.76418],[-1.33332,10.76547]]}},{"type":"Feature","properties":{},"geometry":{"type":"LineString","coordinates":[[-1.34567,10.78791],[-1.34557,10.78552],[-1.3418,10.78397],[-1.34054,10.78238],[-1.34047,10.77964],[-1.33821,10.77783]]}},{"type":"Feature","properties":{},"geometry":{"type":"LineString","coordinates":[[-1.32931,10.80477],[-1.33025,10.80067],[-1.33147,10.79984],[-1.33213,10.80028],[-1.33254,10.79932]]}},{"type":"Feature","properties":{},"geometry":{"type":"LineString","coordinates":[[-1.33548,10.81955],[-1.33586,10.8186],[-1.3373,10.81848],[-1.33872,10.81473]]}},{"type":"Feature","properties":{},"geometry":{"type":"LineString","coordinates":[[-1.34041,10.82392],[-1.33898,10.82407],[-1.33869,10.82335],[-1.33932,10.8227],[-1.33773,10.82229],[-1.33784,10.82157],[-1.336,10.82191],[-1.33548,10.81955]]}},{"type":"Feature","properties":{},"geometry":{"type":"LineString","coordinates":[[-1.35883,10.80798],[-1.35837,10.8071],[-1.35912,10.80566],[-1.35674,10.80441],[-1.35437,10.80028],[-1.35366,10.79673],[-1.35297,10.79711],[-1.35096,10.79496],[-1.35016,10.79294],[-1.34968,10.79328],[-1.34874,10.79244],[-1.34834,10.79294],[-1.34738,10.79212],[-1.34777,10.79063],[-1.3469,10.79063],[-1.34567,10.78791]]}},{"type":"Feature","properties":{},"geometry":{"type":"LineString","coordinates":[[-1.24742,10.94163],[-1.24656,10.94227],[-1.2455,10.94192],[-1.2451,10.94137],[-1.24572,10.94084],[-1.24411,10.93936],[-1.24431,10.93879],[-1.24296,10.93847],[-1.24242,10.93925],[-1.24113,10.93906],[-1.24114,10.93782],[-1.24025,10.93821],[-1.23995,10.93664],[-1.23843,10.93549],[-1.23654,10.93519],[-1.23583,10.93584]]}},{"type":"Feature","properties":{},"geometry":{"type":"LineString","coordinates":[[-1.24842,10.98231],[-1.24852,10.9813],[-1.24803,10.9806],[-1.24691,10.98059],[-1.24563,10.97781],[-1.24734,10.97107],[-1.24675,10.96977]]}},{"type":"Feature","properties":{"name":"Akora River"},"geometry":{"type":"LineString","coordinates":[[-0.69798,5.53228],[-0.69763,5.53203]]}},{"type":"Feature","properties":{},"geometry":{"type":"LineString","coordinates":[[-0.25815,5.65585],[-0.25829,5.65579]]}},{"type":"Feature","properties":{"name":"Kutubor"},"geometry":{"type":"LineString","coordinates":[[-0.25933,5.67207],[-0.25892,5.66703],[-0.25733,5.6647],[-0.25716,5.66328],[-0.25898,5.65747],[-0.25815,5.65585]]}},{"type":"Feature","properties":{},"geometry":{"type":"LineString","coordinates":[[-0.25829,5.65579],[-0.25642,5.65289],[-0.25122,5.64956],[-0.24816,5.64869],[-0.24509,5.6492],[-0.24207,5.65054],[-0.24012,5.64997]]}},{"type":"Feature","properties":{},"geometry":{"type":"LineString","coordinates":[[-1.65611,6.1993],[-1.65561,6.19901]]}},{"type":"Feature","properties":{},"geometry":{"type":"LineString","coordinates":[[-1.65624,6.1993],[-1.65611,6.1993]]}},{"type":"Feature","properties":{},"geometry":{"type":"LineString","coordinates":[[-1.65561,6.19901],[-1.65551,6.19893]]}},{"type":"Feature","properties":{},"geometry":{"type":"LineString","coordinates":[[-1.6585,6.19874],[-1.65624,6.1993]]}},{"type":"Feature","properties":{},"geometry":{"type":"LineString","coordinates":[[-1.66043,6.11971],[-1.65962,6.11869],[-1.66048,6.11675],[-1.65956,6.11593],[-1.66075,6.11429],[-1.66204,6.1101],[-1.66365,6.10808],[-1.66711,6.10697],[-1.66924,6.10794],[-1.66872,6.10714],[-1.66946,6.10624],[-1.67236,6.10607],[-1.67533,6.10419],[-1.67803,6.10569],[-1.67799,6.10783],[-1.67907,6.10875],[-1.68318,6.10656],[-1.68598,6.10168],[-1.68674,6.10237],[-1.68845,6.10249]]}},{"type":"Feature","properties":{},"geometry":{"type":"LineString","coordinates":[[-1.79098,4.9136],[-1.79124,4.9092],[-1.78871,4.90682],[-1.78798,4.9074],[-1.78724,4.90576]]}},{"type":"Feature","properties":{},"geometry":{"type":"LineString","coordinates":[[-1.77182,6.79085],[-1.77193,6.7894]]}},{"type":"Feature","properties":{},"geometry":{"type":"LineString","coordinates":[[-1.77241,6.79003],[-1.77211,6.78902],[-1.77289,6.7892]]}},{"type":"Feature","properties":{},"geometry":{"type":"LineString","coordinates":[[-1.77246,6.78166],[-1.7718,6.78131]]}},{"type":"Feature","properties":{},"geometry":{"type":"LineString","coordinates":[[-1.77246,6.77978],[-1.7727,6.77941],[-1.7716,6.77909],[-1.77235,6.77893]]}},{"type":"Feature","properties":{"name":"Ofin"},"geometry":{"type":"LineString","coordinates":[[-1.7303,6.83064],[-1.73169,6.82888],[-1.7332,6.82827],[-1.73453,6.82811],[-1.73578,6.82886],[-1.73631,6.82846],[-1.73642,6.82924],[-1.73738,6.82901],[-1.73797,6.82978],[-1.74,6.82894],[-1.74257,6.83104],[-1.74124,6.83298],[-1.74291,6.83317],[-1.74495,6.83172],[-1.74598,6.83166],[-1.74825,6.83207],[-1.74874,6.83339],[-1.74973,6.83317],[-1.7512,6.83416],[-1.75216,6.83265],[-1.75335,6.83234],[-1.75334,6.83307],[-1.755,6.8323],[-1.75546,6.83284],[-1.7555,6.83206],[-1.75634,6.8326],[-1.75769,6.83142],[-1.75695,6.8307],[-1.75827,6.83054],[-1.75812,6.82987],[-1.75891,6.83027],[-1.75856,6.82953],[-1.7593,6.82984],[-1.75938,6.82878],[-1.76149,6.8283],[-1.76125,6.82721],[-1.76026,6.82759],[-1.76059,6.82486],[-1.76238,6.82373],[-1.76248,6.82094],[-1.76197,6.82056],[-1.76319,6.81984],[-1.76219,6.81961],[-1.76231,6.81867],[-1.76325,6.81859],[-1.76374,6.81781],[-1.76334,6.81647],[-1.76421,6.81461],[-1.76549,6.81386],[-1.76504,6.81325],[-1.76599,6.8116],[-1.76457,6.81143],[-1.76373,6.80762],[-1.76568,6.8046],[-1.76689,6.80443],[-1.76726,6.80268],[-1.76652,6.80296],[-1.76642,6.80224],[-1.76757,6.80121],[-1.76687,6.79954],[-1.76781,6.79906],[-1.76685,6.79834],[-1.76741,6.79791],[-1.76757,6.79852],[-1.76869,6.79864],[-1.7698,6.79817],[-1.76991,6.79749],[-1.77054,6.7981],[-1.77109,6.79781],[-1.77099,6.79649],[-1.77223,6.79535],[-1.77283,6.7936],[-1.77278,6.79286],[-1.77181,6.79227],[-1.77182,6.79085],[-1.77276,6.78998],[-1.77356,6.79023],[-1.77273,6.78776],[-1.77303,6.78403],[-1.77189,6.78322],[-1.77299,6.78249],[-1.77249,6.78115],[-1.77151,6.78059],[-1.77246,6.78038],[-1.7723,6.77878],[-1.7731,6.77926],[-1.77313,6.77702],[-1.77405,6.77674],[-1.77278,6.77497],[-1.77402,6.77464],[-1.77451,6.77341],[-1.77409,6.77226],[-1.77534,6.77172],[-1.77535,6.77032],[-1.77704,6.76989],[-1.77657,6.76955],[-1.77809,6.76916],[-1.77869,6.76818],[-1.77847,6.7668],[-1.77908,6.76591],[-1.77755,6.7652],[-1.77774,6.76328],[-1.77642,6.76196],[-1.77703,6.76173],[-1.777,6.76028]]}},{"type":"Feature","properties":{},"geometry":{"type":"LineString","coordinates":[[-1.76313,6.81796],[-1.76266,6.81791],[-1.76298,6.81691],[-1.76356,6.8174]]}},{"type":"Feature","properties":{},"geometry":{"type":"LineString","coordinates":[[-1.7639,6.80879],[-1.76337,6.80914],[-1.76398,6.80866]]}},{"type":"Feature","properties":{},"geometry":{"type":"LineString","coordinates":[[-1.76903,6.79814],[-1.76959,6.7979]]}},{"type":"Feature","properties":{},"geometry":{"type":"LineString","coordinates":[[-1.7691,6.79638],[-1.76948,6.79826]]}},{"type":"Feature","properties":{},"geometry":{"type":"LineString","coordinates":[[-1.74763,6.83222],[-1.74804,6.83355],[-1.74948,6.83393],[-1.74954,6.83331]]}},{"type":"Feature","properties":{},"geometry":{"type":"LineString","coordinates":[[-1.74717,6.83215],[-1.74707,6.83115],[-1.7481,6.83209]]}},{"type":"Feature","properties":{},"geometry":{"type":"LineString","coordinates":[[-1.75676,6.8307],[-1.75517,6.83158]]}},{"type":"Feature","properties":{},"geometry":{"type":"LineString","coordinates":[[-1.7544,6.83165],[-1.75606,6.83221]]}},{"type":"Feature","properties":{"name":"Ofin"},"geometry":{"type":"LineString","coordinates":[[-1.73013,6.83066],[-1.7303,6.83064]]}},{"type":"Feature","properties":{"name":"Ofin"},"geometry":{"type":"LineString","coordinates":[[-1.72188,6.8352],[-1.72636,6.83475],[-1.72678,6.83341],[-1.72853,6.83286],[-1.72836,6.83224],[-1.73013,6.83066]]}},{"type":"Feature","properties":{"name":"Ofin"},"geometry":{"type":"LineString","coordinates":[[-1.777,6.76028],[-1.77712,6.76016]]}},{"type":"Feature","properties":{"name":"Ofin"},"geometry":{"type":"LineString","coordinates":[[-1.77712,6.76016],[-1.78114,6.7584],[-1.78189,6.75877],[-1.78351,6.75762],[-1.78571,6.75786],[-1.78515,6.75666],[-1.78447,6.75678],[-1.78676,6.75468],[-1.78715,6.75231],[-1.7868,6.75119],[-1.78632,6.75189],[-1.7854,6.7513],[-1.78607,6.75101],[-1.78529,6.75004],[-1.78402,6.75003],[-1.78231,6.74871],[-1.78406,6.74636],[-1.78326,6.74409],[-1.78404,6.74336],[-1.78466,6.74385],[-1.78695,6.74299],[-1.78781,6.74181],[-1.7875,6.74072],[-1.78846,6.74123],[-1.78877,6.74045],[-1.79123,6.74059]]}},{"type":"Feature","properties":{"name":"Goa"},"geometry":{"type":"LineString","coordinates":[[-2.5087,6.80569],[-2.50853,6.80552]]}},{"type":"Feature","properties":{"name":"Goa"},"geometry":{"type":"LineString","coordinates":[[-2.51077,6.79488],[-2.50749,6.79642],[-2.5058,6.79586],[-2.50485,6.79631],[-2.50347,6.7948],[-2.50367,6.79326],[-2.50087,6.79337],[-2.50048,6.79254],[-2.50139,6.79173],[-2.50238,6.78812],[-2.50208,6.786],[-2.50133,6.78454],[-2.49958,6.78436],[-2.49906,6.7831],[-2.50026,6.78119],[-2.49974,6.78031],[-2.50077,6.77979],[-2.49971,6.77975],[-2.49931,6.77808],[-2.49842,6.77831],[-2.49845,6.77764],[-2.49774,6.77776],[-2.49786,6.77702],[-2.49655,6.7765],[-2.49639,6.77572],[-2.49497,6.77563],[-2.49295,6.77252],[-2.49205,6.76902]]}},{"type":"Feature","properties":{"name":"Goa"},"geometry":{"type":"LineString","coordinates":[[-2.51722,6.79672],[-2.51541,6.79637],[-2.51482,6.7968],[-2.51224,6.79589],[-2.51193,6.79507]]}},{"type":"Feature","properties":{},"geometry":{"type":"LineString","coordinates":[[-0.23495,5.65728],[-0.2349,5.6572]]}},{"type":"Feature","properties":{},"geometry":{"type":"LineString","coordinates":[[-0.23732,5.66258],[-0.23576,5.66147],[-0.23495,5.65728]]}},{"type":"Feature","properties":{},"geometry":{"type":"LineString","coordinates":[[-0.23742,5.66258],[-0.23732,5.66258]]}},{"type":"Feature","properties":{},"geometry":{"type":"LineString","coordinates":[[-0.23833,5.66232],[-0.23742,5.66258]]}},{"type":"Feature","properties":{},"geometry":{"type":"LineString","coordinates":[[-1.72887,6.74689],[-1.72899,6.74688]]}},{"type":"Feature","properties":{},"geometry":{"type":"LineString","coordinates":[[-1.72899,6.74688],[-1.73063,6.74595],[-1.73502,6.74608],[-1.73453,6.745],[-1.73535,6.74483],[-1.73622,6.74592],[-1.73765,6.74576],[-1.7396,6.74352],[-1.74165,6.74388],[-1.74388,6.74257],[-1.7448,6.74337],[-1.74638,6.74129],[-1.74672,6.73938],[-1.74938,6.739],[-1.74999,6.73758],[-1.75258,6.73505],[-1.75344,6.73677],[-1.7543,6.73704],[-1.75743,6.7365],[-1.75865,6.73582],[-1.75884,6.73505],[-1.76257,6.73517],[-1.76375,6.73447],[-1.76406,6.73516],[-1.76495,6.73508],[-1.76615,6.73427],[-1.76743,6.73523],[-1.76891,6.73439],[-1.77025,6.73489],[-1.77049,6.73588],[-1.77266,6.73678],[-1.77306,6.73794],[-1.77466,6.73782],[-1.77586,6.73696],[-1.77675,6.73858],[-1.77826,6.73855],[-1.7798,6.7405],[-1.78069,6.73981],[-1.78182,6.73997],[-1.782,6.74184],[-1.78132,6.74287],[-1.78263,6.74424],[-1.78388,6.74348]]}},{"type":"Feature","properties":{"name":"Owabi"},"geometry":{"type":"LineString","coordinates":[[-1.70975,6.75039],[-1.70982,6.75028]]}},{"type":"Feature","properties":{},"geometry":{"type":"LineString","coordinates":[[-1.71276,6.75136],[-1.7146,6.75032],[-1.71882,6.75092],[-1.71969,6.74876],[-1.72074,6.74861],[-1.72208,6.7466],[-1.7237,6.74591],[-1.72503,6.74626],[-1.72509,6.74682],[-1.72438,6.74701],[-1.72455,6.74797],[-1.72678,6.74673],[-1.72887,6.74689]]}},{"type":"Feature","properties":{"name":"Owabi"},"geometry":{"type":"LineString","coordinates":[[-1.65078,6.75475],[-1.65098,6.75389],[-1.65226,6.75313],[-1.65222,6.75213],[-1.6548,6.74822],[-1.65761,6.74659],[-1.65944,6.74299],[-1.66097,6.74263],[-1.66458,6.73829],[-1.66723,6.73743],[-1.67964,6.73753],[-1.68045,6.73782],[-1.68206,6.74029],[-1.68627,6.73956],[-1.69398,6.74295],[-1.70196,6.74445],[-1.7026,6.74535],[-1.70252,6.74691]]}},{"type":"Feature","properties":{"name":"Goa"},"geometry":{"type":"LineString","coordinates":[[-2.51196,6.79492],[-2.51077,6.79488]]}},{"type":"Feature","properties":{},"geometry":{"type":"LineString","coordinates":[[-1.78002,6.74046],[-1.78049,6.74049]]}},{"type":"Feature","properties":{},"geometry":{"type":"LineString","coordinates":[[-1.78317,6.74377],[-1.78336,6.74403]]}},{"type":"Feature","properties":{"name":"Goa"},"geometry":{"type":"LineString","coordinates":[[-2.519,6.79653],[-2.52261,6.80057]]}},{"type":"Feature","properties":{"name":"Goa"},"geometry":{"type":"LineString","coordinates":[[-2.51722,6.79672],[-2.51739,6.79671]]}},{"type":"Feature","properties":{"name":"Bia"},"geometry":{"type":"LineString","coordinates":[[-2.6916,7.13283],[-2.69126,7.13131],[-2.68972,7.12932],[-2.69227,7.12584],[-2.69232,7.12442],[-2.69184,7.12313],[-2.69027,7.12274],[-2.69001,7.12205],[-2.68966,7.11648],[-2.69219,7.11243],[-2.69541,7.11013],[-2.69513,7.10892],[-2.69586,7.108],[-2.69892,7.10572],[-2.70231,7.10543],[-2.70398,7.10171],[-2.70779,7.10124],[-2.70895,7.1019],[-2.71341,7.098],[-2.71686,7.0982],[-2.71768,7.09768],[-2.7176,7.09704],[-2.71879,7.09713],[-2.71931,7.09648],[-2.72278,7.09761],[-2.72394,7.09649],[-2.72649,7.09691],[-2.7276,7.09754],[-2.72743,7.09834],[-2.72885,7.09858],[-2.73071,7.09641],[-2.73218,7.09726],[-2.73307,7.09547],[-2.73254,7.09438],[-2.73316,7.0928],[-2.73573,7.09103],[-2.7361,7.09133],[-2.73665,7.08969],[-2.74032,7.08752],[-2.74255,7.08769],[-2.74229,7.08582],[-2.7474,7.08315],[-2.75128,7.07992],[-2.7526,7.07525],[-2.75652,7.07339],[-2.76178,7.06054]]}},{"type":"Feature","properties":{"name":"Bia"},"geometry":{"type":"LineString","coordinates":[[-2.86465,6.85132],[-2.86344,6.84761],[-2.86385,6.84575],[-2.86099,6.84215],[-2.85301,6.83764],[-2.84946,6.83415],[-2.84924,6.83222],[-2.85241,6.83035],[-2.85602,6.82681],[-2.8564,6.82144],[-2.85263,6.82008],[-2.84868,6.82323],[-2.84576,6.82336],[-2.84439,6.82042],[-2.84112,6.81727],[-2.84057,6.80806],[-2.83919,6.80461],[-2.83649,6.80295],[-2.83593,6.80116],[-2.83786,6.79473],[-2.83494,6.79328],[-2.83361,6.79025],[-2.83494,6.78616],[-2.83842,6.78318],[-2.83967,6.78286],[-2.84031,6.78102],[-2.83827,6.78073],[-2.83694,6.77906],[-2.84031,6.77661],[-2.84393,6.77643],[-2.84536,6.77545],[-2.84823,6.77519],[-2.84976,6.77283],[-2.84824,6.77159],[-2.84931,6.76944],[-2.84646,6.76759],[-2.84573,6.76783],[-2.84594,6.76663],[-2.84476,6.76633],[-2.84538,6.76463],[-2.84449,6.76411],[-2.84353,6.76187],[-2.84245,6.76175],[-2.83982,6.75472],[-2.8411,6.75084],[-2.84233,6.74956],[-2.84265,6.74349],[-2.84538,6.74248],[-2.84758,6.73943],[-2.84981,6.73798],[-2.85195,6.73767],[-2.85286,6.73594],[-2.85359,6.73609],[-2.85344,6.73652],[-2.85476,6.73633],[-2.85574,6.73453],[-2.8566,6.73464],[-2.85721,6.73392],[-2.85668,6.73297],[-2.85764,6.73291],[-2.85894,6.73052]]}},{"type":"Feature","properties":{"name":"Bia"},"geometry":{"type":"LineString","coordinates":[[-2.85894,6.73052],[-2.85781,6.72885],[-2.85767,6.72692],[-2.85962,6.72627],[-2.85986,6.72454],[-2.86568,6.7179],[-2.86552,6.71485],[-2.86346,6.71223],[-2.86186,6.71249],[-2.85931,6.71085]]}},{"type":"Feature","properties":{},"geometry":{"type":"LineString","coordinates":[[0.04465,5.76258],[0.04538,5.76137]]}},{"type":"Feature","properties":{},"geometry":{"type":"LineString","coordinates":[[-0.24115,11.08309],[-0.24449,11.08987],[-0.24417,11.09197],[-0.24563,11.09467],[-0.24816,11.09462],[-0.2501,11.09935],[-0.25141,11.1002],[-0.25265,11.10227],[-0.25424,11.10273],[-0.25505,11.10658],[-0.2565,11.10681],[-0.25676,11.10849],[-0.25807,11.10865],[-0.26014,11.11055],[-0.26084,11.11386],[-0.26256,11.11476],[-0.26204,11.11922],[-0.26316,11.12262]]}},{"type":"Feature","properties":{},"geometry":{"type":"LineString","coordinates":[[-2.35169,6.93516],[-2.35572,6.93363]]}},{"type":"Feature","properties":{},"geometry":{"type":"LineString","coordinates":[[-2.32058,7.33921],[-2.32035,7.33917]]}},{"type":"Feature","properties":{},"geometry":{"type":"LineString","coordinates":[[-2.32328,7.33984],[-2.32226,7.33915],[-2.32058,7.33921]]}},{"type":"Feature","properties":{},"geometry":{"type":"LineString","coordinates":[[-2.32035,7.33917],[-2.31773,7.3377],[-2.31366,7.33371],[-2.31313,7.33238],[-2.31181,7.33191],[-2.31017,7.32849],[-2.30743,7.32601],[-2.30633,7.32536],[-2.30617,7.32585],[-2.30333,7.32518],[-2.30034,7.32556],[-2.29813,7.32465],[-2.29694,7.32321]]}},{"type":"Feature","properties":{"name":"Goa"},"geometry":{"type":"LineString","coordinates":[[-2.50967,6.80817],[-2.50954,6.80809]]}},{"type":"Feature","properties":{"name":"Goa"},"geometry":{"type":"LineString","coordinates":[[-2.51986,6.82097],[-2.51881,6.8184],[-2.51591,6.81782],[-2.5151,6.81604],[-2.51443,6.81677],[-2.51442,6.81546],[-2.51382,6.81556],[-2.51362,6.81438],[-2.51309,6.81463],[-2.51376,6.81313],[-2.513,6.81123],[-2.51131,6.80861],[-2.51037,6.80936],[-2.50967,6.80817]]}},{"type":"Feature","properties":{},"geometry":{"type":"LineString","coordinates":[[-0.16246,11.15726],[-0.1636,11.1571],[-0.16427,11.15562],[-0.16509,11.15583],[-0.16475,11.15474],[-0.16552,11.15417],[-0.16548,11.15299],[-0.1671,11.15274],[-0.1668,11.15167],[-0.1675,11.15075],[-0.16717,11.15017],[-0.16797,11.14714],[-0.1734,11.14492],[-0.17584,11.13791],[-0.17641,11.13748],[-0.17803,11.13786],[-0.1786,11.13598],[-0.18107,11.13484],[-0.18173,11.13328],[-0.18696,11.13077],[-0.18564,11.12872],[-0.18572,11.12769],[-0.18874,11.12397]]}},{"type":"Feature","properties":{},"geometry":{"type":"LineString","coordinates":[[-0.21299,11.09383],[-0.21266,11.0947],[-0.21337,11.09699],[-0.21436,11.09737],[-0.21557,11.09944],[-0.21553,11.10362],[-0.21713,11.10571],[-0.21626,11.10779],[-0.21697,11.10849],[-0.21651,11.10919],[-0.21742,11.11091],[-0.2162,11.11369],[-0.21672,11.11626],[-0.2135,11.11981],[-0.21491,11.12095],[-0.21357,11.12331],[-0.21485,11.12528],[-0.21469,11.13006],[-0.21697,11.13249],[-0.22241,11.13368],[-0.22516,11.13521]]}},{"type":"Feature","properties":{"name":"Ayensu"},"geometry":{"type":"LineString","coordinates":[[-0.60992,5.4175],[-0.60947,5.41705]]}},{"type":"Feature","properties":{"name":"Ayensu"},"geometry":{"type":"LineString","coordinates":[[-0.61283,5.42136],[-0.6116,5.41987],[-0.6126,5.41853],[-0.6117,5.41867],[-0.61126,5.41729],[-0.60992,5.4175]]}},{"type":"Feature","properties":{},"geometry":{"type":"LineString","coordinates":[[-2.26062,8.25025],[-2.26823,8.24519],[-2.27604,8.24141],[-2.27868,8.23937],[-2.28044,8.2367]]}},{"type":"Feature","properties":{},"geometry":{"type":"LineString","coordinates":[[-2.25904,8.25105],[-2.26062,8.25025]]}},{"type":"Feature","properties":{},"geometry":{"type":"LineString","coordinates":[[-2.22606,8.26188],[-2.22984,8.25887],[-2.23342,8.25791],[-2.23694,8.25466],[-2.24018,8.25333],[-2.25063,8.25282],[-2.25904,8.25105]]}},{"type":"Feature","properties":{},"geometry":{"type":"LineString","coordinates":[[-2.24836,8.24206],[-2.2447,8.24055],[-2.2428,8.24114],[-2.23515,8.24095],[-2.23078,8.23935],[-2.22318,8.24211],[-2.21449,8.24077],[-2.2102,8.23848]]}},{"type":"Feature","properties":{},"geometry":{"type":"LineString","coordinates":[[-2.23008,8.26444],[-2.22983,8.26397]]}},{"type":"Feature","properties":{},"geometry":{"type":"LineString","coordinates":[[-2.23154,8.26719],[-2.23008,8.26444]]}},{"type":"Feature","properties":{},"geometry":{"type":"LineString","coordinates":[[-2.20639,8.25254],[-2.20686,8.24995],[-2.20619,8.24774],[-2.20782,8.24671]]}},{"type":"Feature","properties":{},"geometry":{"type":"LineString","coordinates":[[-2.20932,8.25744],[-2.21083,8.25431]]}},{"type":"Feature","properties":{},"geometry":{"type":"LineString","coordinates":[[-2.21364,8.26343],[-2.20965,8.26195],[-2.209,8.26004],[-2.20681,8.25749],[-2.20672,8.25465]]}},{"type":"Feature","properties":{},"geometry":{"type":"LineString","coordinates":[[-2.21846,8.26425],[-2.21703,8.26443],[-2.21514,8.26337],[-2.21364,8.26343],[-2.21156,8.26091]]}},{"type":"Feature","properties":{},"geometry":{"type":"LineString","coordinates":[[-2.21076,8.25419],[-2.21233,8.25052],[-2.21121,8.24887],[-2.20999,8.24827],[-2.20963,8.24386]]}},{"type":"Feature","properties":{},"geometry":{"type":"LineString","coordinates":[[-2.2152,8.2594],[-2.21274,8.2573],[-2.21038,8.2536],[-2.21085,8.25116],[-2.20854,8.25026]]}},{"type":"Feature","properties":{},"geometry":{"type":"LineString","coordinates":[[-2.22606,8.26188],[-2.2182,8.26158],[-2.2167,8.26021]]}},{"type":"Feature","properties":{},"geometry":{"type":"LineString","coordinates":[[-2.22983,8.26397],[-2.22922,8.26335],[-2.22744,8.26358],[-2.22606,8.26188]]}},{"type":"Feature","properties":{},"geometry":{"type":"LineString","coordinates":[[-2.32876,8.17063],[-2.32678,8.16931],[-2.32266,8.16906],[-2.31992,8.17075],[-2.31571,8.17118],[-2.31142,8.16846],[-2.30816,8.16821],[-2.30644,8.16876],[-2.30176,8.16787],[-2.29979,8.16816],[-2.29833,8.16748],[-2.29767,8.16609],[-2.29612,8.16544],[-2.29403,8.16307],[-2.28519,8.15874]]}},{"type":"Feature","properties":{},"geometry":{"type":"LineString","coordinates":[[-2.31797,8.18004],[-2.31196,8.17655],[-2.30001,8.17698]]}},{"type":"Feature","properties":{},"geometry":{"type":"LineString","coordinates":[[-2.29131,8.18953],[-2.29724,8.18278],[-2.29932,8.18131]]}},{"type":"Feature","properties":{},"geometry":{"type":"LineString","coordinates":[[-2.30005,8.1893],[-2.30033,8.18392],[-2.29932,8.18131],[-2.30022,8.17832],[-2.30001,8.17698]]}},{"type":"Feature","properties":{},"geometry":{"type":"LineString","coordinates":[[-2.31172,8.18787],[-2.29928,8.17628],[-2.29655,8.17543],[-2.29331,8.17545],[-2.28983,8.17286],[-2.28527,8.17068]]}},{"type":"Feature","properties":{"name":"Nkpabere"},"geometry":{"type":"LineString","coordinates":[[-0.18672,8.20017],[-0.19008,8.20018],[-0.19076,8.20094],[-0.18697,8.21005],[-0.18868,8.21282],[-0.19457,8.21726],[-0.19848,8.21743]]}},{"type":"Feature","properties":{},"geometry":{"type":"LineString","coordinates":[[-2.32843,8.08003],[-2.32619,8.08163],[-2.32529,8.08309],[-2.32358,8.0831],[-2.32176,8.08215],[-2.31867,8.08496],[-2.31769,8.0846],[-2.31661,8.08685],[-2.31849,8.08777],[-2.31887,8.08882],[-2.31783,8.08895],[-2.31812,8.09274],[-2.31404,8.0946],[-2.31374,8.09415],[-2.31204,8.0945],[-2.31272,8.09589],[-2.31246,8.09693],[-2.30658,8.09616],[-2.30559,8.09869],[-2.30219,8.09907],[-2.29946,8.09788],[-2.29599,8.09813],[-2.29212,8.09722],[-2.28935,8.09964],[-2.2888,8.10193]]}},{"type":"Feature","properties":{},"geometry":{"type":"LineString","coordinates":[[-2.53252,8.51821],[-2.53098,8.52033],[-2.52564,8.52175]]}},{"type":"Feature","properties":{},"geometry":{"type":"LineString","coordinates":[[-2.5254,8.49682],[-2.52454,8.5121],[-2.52574,8.5205],[-2.52548,8.52373],[-2.52239,8.52526],[-2.51819,8.52543],[-2.51282,8.5271]]}},{"type":"Feature","properties":{},"geometry":{"type":"LineString","coordinates":[[-2.47398,8.51422],[-2.47038,8.51227],[-2.46677,8.50412]]}},{"type":"Feature","properties":{},"geometry":{"type":"LineString","coordinates":[[-2.48094,8.50556],[-2.47973,8.50234],[-2.47976,8.49557]]}},{"type":"Feature","properties":{},"geometry":{"type":"LineString","coordinates":[[-2.47464,8.53234],[-2.47458,8.52721],[-2.4733,8.52271],[-2.47398,8.51422],[-2.48094,8.50556],[-2.48574,8.5037],[-2.48909,8.50149],[-2.49287,8.49419]]}},{"type":"Feature","properties":{},"geometry":{"type":"LineString","coordinates":[[-2.40447,7.16385],[-2.40441,7.16374]]}},{"type":"Feature","properties":{},"geometry":{"type":"LineString","coordinates":[[-2.40644,7.16892],[-2.40634,7.1683],[-2.40532,7.16857],[-2.40447,7.16385]]}},{"type":"Feature","properties":{},"geometry":{"type":"LineString","coordinates":[[-2.40441,7.16374],[-2.40409,7.16277],[-2.40329,7.16282],[-2.40178,7.16124],[-2.40235,7.15955],[-2.40076,7.15885],[-2.40025,7.15597],[-2.39931,7.15607],[-2.39646,7.15447],[-2.39593,7.15492],[-2.39488,7.15407],[-2.39389,7.15148],[-2.39456,7.15156],[-2.39403,7.15104],[-2.39488,7.15054]]}},{"type":"Feature","properties":{},"geometry":{"type":"LineString","coordinates":[[-2.34177,8.06095],[-2.33839,8.06065],[-2.33738,8.06307],[-2.33553,8.06443],[-2.33517,8.06643]]}},{"type":"Feature","properties":{},"geometry":{"type":"LineString","coordinates":[[-2.36163,8.0893],[-2.36116,8.08892]]}},{"type":"Feature","properties":{},"geometry":{"type":"LineString","coordinates":[[-2.36771,8.09659],[-2.36483,8.0968],[-2.36432,8.09763],[-2.36159,8.09774],[-2.36041,8.09713],[-2.36136,8.09654],[-2.36198,8.09434],[-2.35947,8.09284],[-2.36003,8.09075],[-2.36163,8.0893],[-2.35964,8.08697],[-2.36061,8.08681],[-2.36138,8.08457],[-2.35923,8.08261],[-2.36101,8.08192],[-2.36139,8.08054]]}},{"type":"Feature","properties":{},"geometry":{"type":"LineString","coordinates":[[-2.37336,8.09913],[-2.3696,8.09695],[-2.36771,8.09659]]}},{"type":"Feature","properties":{"name":"Goa"},"geometry":{"type":"LineString","coordinates":[[-2.51761,6.79669],[-2.51769,6.79669]]}},{"type":"Feature","properties":{"name":"Goa"},"geometry":{"type":"LineString","coordinates":[[-2.51739,6.79671],[-2.51761,6.79669]]}},{"type":"Feature","properties":{},"geometry":{"type":"LineString","coordinates":[[-2.53167,6.78765],[-2.53018,6.78814],[-2.52761,6.79286],[-2.52559,6.79318],[-2.519,6.79653]]}},{"type":"Feature","properties":{"name":"Goa"},"geometry":{"type":"LineString","coordinates":[[-2.52273,6.80068],[-2.52588,6.8047]]}},{"type":"Feature","properties":{},"geometry":{"type":"LineString","coordinates":[[-2.52261,6.80057],[-2.52273,6.80068]]}},{"type":"Feature","properties":{},"geometry":{"type":"LineString","coordinates":[[-1.3148,6.78477],[-1.31312,6.78562],[-1.3134,6.78816],[-1.31189,6.79164],[-1.31042,6.79276],[-1.31076,6.79444]]}},{"type":"Feature","properties":{},"geometry":{"type":"LineString","coordinates":[[-1.31076,6.79444],[-1.31221,6.79541],[-1.31353,6.79763]]}},{"type":"Feature","properties":{},"geometry":{"type":"LineString","coordinates":[[-1.30262,6.79208],[-1.29823,6.79348],[-1.29594,6.79216],[-1.29675,6.79168],[-1.29921,6.79272]]}},{"type":"Feature","properties":{},"geometry":{"type":"LineString","coordinates":[[-2.52889,6.80808],[-2.5327,6.80561]]}},{"type":"Feature","properties":{},"geometry":{"type":"LineString","coordinates":[[-2.52877,6.80817],[-2.52889,6.80808]]}},{"type":"Feature","properties":{},"geometry":{"type":"LineString","coordinates":[[-2.513,6.81123],[-2.51591,6.81325],[-2.51851,6.81404],[-2.52001,6.81385],[-2.5244,6.8129],[-2.52625,6.81016],[-2.52877,6.80817]]}},{"type":"Feature","properties":{},"geometry":{"type":"LineString","coordinates":[[-2.42218,8.21154],[-2.42098,8.21112],[-2.42068,8.20916],[-2.42113,8.2091],[-2.41995,8.20838],[-2.42079,8.20761],[-2.42072,8.20608],[-2.42115,8.20615],[-2.41971,8.20491],[-2.42023,8.20472],[-2.41969,8.20277],[-2.42027,8.19952],[-2.42104,8.19846],[-2.42066,8.19765],[-2.42164,8.19319],[-2.42005,8.18987],[-2.41886,8.18899]]}},{"type":"Feature","properties":{},"geometry":{"type":"LineString","coordinates":[[-2.61709,6.95544],[-2.6183,6.95414]]}},{"type":"Feature","properties":{},"geometry":{"type":"LineString","coordinates":[[-2.61698,6.95551],[-2.61709,6.95544]]}},{"type":"Feature","properties":{},"geometry":{"type":"LineString","coordinates":[[-2.61001,6.95734],[-2.61403,6.95743],[-2.61698,6.95551]]}},{"type":"Feature","properties":{},"geometry":{"type":"LineString","coordinates":[[-1.81845,5.34827],[-1.81598,5.34627],[-1.81328,5.34518],[-1.81316,5.34433]]}},{"type":"Feature","properties":{},"geometry":{"type":"LineString","coordinates":[[-2.67129,7.06846],[-2.67184,7.07133],[-2.67287,7.07243],[-2.68349,7.07966],[-2.6839,7.08139],[-2.68663,7.08364],[-2.6883,7.08742],[-2.69325,7.09444],[-2.69367,7.09601],[-2.70096,7.10518]]}},{"type":"Feature","properties":{"name":"Bia"},"geometry":{"type":"LineString","coordinates":[[-2.77743,7.0206],[-2.78119,7.01787],[-2.78181,7.01539],[-2.78341,7.0144],[-2.78377,7.01344],[-2.78589,7.01281],[-2.78846,7.01313],[-2.78922,7.0121],[-2.79067,7.0122],[-2.79079,7.01061],[-2.79251,7.00985],[-2.79176,7.00821],[-2.79258,7.00651],[-2.79331,7.00565],[-2.79479,7.00529],[-2.79654,7.00274],[-2.79563,6.99976],[-2.79609,6.99876],[-2.79814,6.99728],[-2.79812,6.99639],[-2.79876,6.99658],[-2.79932,6.9949],[-2.80034,6.99497],[-2.80127,6.99404],[-2.80061,6.99292],[-2.80118,6.99186],[-2.80041,6.99137],[-2.80211,6.99076],[-2.80345,6.98807],[-2.80388,6.98869],[-2.80416,6.9879],[-2.80485,6.98832],[-2.80533,6.98522],[-2.80653,6.98529],[-2.80716,6.98417],[-2.80654,6.98217],[-2.80782,6.98069],[-2.80918,6.98032],[-2.80933,6.97899],[-2.81008,6.97882],[-2.80965,6.97762],[-2.81031,6.97673],[-2.81131,6.97671],[-2.81122,6.97561],[-2.81267,6.97426],[-2.81191,6.97344],[-2.81296,6.97257],[-2.81405,6.97271],[-2.81456,6.97172],[-2.81509,6.97239],[-2.81594,6.97144],[-2.81669,6.97175],[-2.817,6.96994],[-2.81802,6.96997],[-2.81814,6.96925],[-2.81878,6.96959],[-2.81928,6.96634],[-2.82076,6.96395],[-2.82343,6.96449],[-2.82309,6.96375],[-2.8237,6.96348],[-2.82381,6.9641],[-2.82534,6.96458],[-2.82782,6.96306],[-2.82855,6.96389],[-2.83077,6.9632],[-2.83179,6.96191],[-2.83095,6.96091],[-2.83104,6.96],[-2.83234,6.95862],[-2.83599,6.95875],[-2.83665,6.95809],[-2.83716,6.95897],[-2.8395,6.95962],[-2.83934,6.95892],[-2.84027,6.95813],[-2.84111,6.95851],[-2.84401,6.95729],[-2.84338,6.95647],[-2.84449,6.95623],[-2.84522,6.9547],[-2.84726,6.95354],[-2.84716,6.95249],[-2.84785,6.95307],[-2.84822,6.95174],[-2.84891,6.95167],[-2.84762,6.95082],[-2.84845,6.94993],[-2.84917,6.95005],[-2.84877,6.9489],[-2.84992,6.9476],[-2.84958,6.94434],[-2.85014,6.94338],[-2.85035,6.94473],[-2.85097,6.94501],[-2.85071,6.94255],[-2.85105,6.94199],[-2.85208,6.94223],[-2.85133,6.93874],[-2.8504,6.93758],[-2.85067,6.93657],[-2.84996,6.93567],[-2.85061,6.93405],[-2.84975,6.93116],[-2.85056,6.93053],[-2.84954,6.92876],[-2.85139,6.92597],[-2.8501,6.92503],[-2.84999,6.92292],[-2.85291,6.91919],[-2.85294,6.916],[-2.85577,6.91415],[-2.85547,6.91348],[-2.85627,6.91165],[-2.85535,6.90919],[-2.85602,6.90692],[-2.85531,6.90543],[-2.8553,6.90287],[-2.8538,6.90179],[-2.85297,6.89778],[-2.85208,6.89681],[-2.853,6.89172],[-2.85138,6.89118],[-2.85157,6.89006],[-2.85053,6.88904],[-2.85068,6.88801],[-2.84931,6.8868],[-2.84987,6.88622],[-2.84978,6.88426],[-2.85154,6.88259],[-2.85169,6.8747],[-2.85313,6.8747],[-2.85481,6.87362],[-2.85484,6.86966],[-2.85547,6.86903],[-2.85672,6.86975],[-2.85661,6.86887],[-2.85835,6.868],[-2.85874,6.86629],[-2.85985,6.86608],[-2.86066,6.86389],[-2.86055,6.86239],[-2.85893,6.86155],[-2.85834,6.86008],[-2.85889,6.859],[-2.85989,6.85925],[-2.85964,6.85739],[-2.86019,6.85629],[-2.85952,6.85411],[-2.86289,6.85219],[-2.86383,6.85227],[-2.86465,6.85132]]}},{"type":"Feature","properties":{"name":"Subim"},"geometry":{"type":"LineString","coordinates":[[-2.70781,6.80703],[-2.71305,6.80669],[-2.71513,6.8037],[-2.72228,6.79888],[-2.72959,6.80217],[-2.7399,6.81106],[-2.74217,6.81046],[-2.74902,6.81292],[-2.75324,6.81195],[-2.76107,6.80789],[-2.76878,6.80567],[-2.77169,6.8039],[-2.77603,6.80241],[-2.77847,6.79943],[-2.78437,6.79562],[-2.78488,6.79446],[-2.78664,6.79327],[-2.79376,6.79004],[-2.79862,6.78871],[-2.81408,6.78022],[-2.8168,6.77937],[-2.81926,6.77486],[-2.82064,6.77316],[-2.82243,6.77219],[-2.82412,6.77201],[-2.82733,6.76993],[-2.83492,6.7702],[-2.83739,6.76975],[-2.8404,6.76675],[-2.84164,6.76434],[-2.84452,6.76366]]}},{"type":"Feature","properties":{},"geometry":{"type":"LineString","coordinates":[[-2.69513,7.10892],[-2.69341,7.10992],[-2.69199,7.10958],[-2.69023,7.10771],[-2.6883,7.10685],[-2.68762,7.10511],[-2.68534,7.10338],[-2.68408,7.10142],[-2.68184,7.10113],[-2.68015,7.09923],[-2.67678,7.10006],[-2.67099,7.09619],[-2.66783,7.09502],[-2.667,7.09346],[-2.66296,7.08984],[-2.66243,7.08778],[-2.65976,7.08718],[-2.65848,7.08479],[-2.6568,7.08388],[-2.65575,7.07768],[-2.65672,7.07589],[-2.65401,7.07298],[-2.6514,7.0674]]}},{"type":"Feature","properties":{},"geometry":{"type":"LineString","coordinates":[[-2.84645,6.38977],[-2.84737,6.38756],[-2.84732,6.38676],[-2.84632,6.3861],[-2.84672,6.38453],[-2.84626,6.38407],[-2.84672,6.38377],[-2.84631,6.38056],[-2.84696,6.38002],[-2.84635,6.37901],[-2.84745,6.37884],[-2.84745,6.37726],[-2.84852,6.37643],[-2.84821,6.37508]]}},{"type":"Feature","properties":{},"geometry":{"type":"LineString","coordinates":[[-2.84821,6.37508],[-2.84817,6.37498]]}},{"type":"Feature","properties":{},"geometry":{"type":"LineString","coordinates":[[-2.84817,6.37498],[-2.84771,6.37463]]}},{"type":"Feature","properties":{},"geometry":{"type":"LineString","coordinates":[[-0.53238,6.88093],[-0.53212,6.88152],[-0.53351,6.88278],[-0.53235,6.88423]]}},{"type":"Feature","properties":{},"geometry":{"type":"LineString","coordinates":[[-0.53219,6.88075],[-0.53125,6.88128],[-0.53232,6.87972],[-0.53217,6.87865],[-0.53387,6.87827],[-0.53495,6.87435],[-0.53445,6.87324],[-0.53541,6.87073],[-0.53753,6.86861],[-0.53863,6.86857],[-0.53948,6.86713],[-0.54132,6.86707],[-0.54113,6.86649]]}},{"type":"Feature","properties":{},"geometry":{"type":"LineString","coordinates":[[0.03513,7.96981],[0.03683,7.96894],[0.0369,7.967],[0.03972,7.967],[0.04071,7.96611],[0.04102,7.96699],[0.04235,7.96629],[0.04288,7.96507]]}},{"type":"Feature","properties":{},"geometry":{"type":"LineString","coordinates":[[0.04021,7.97631],[0.04154,7.97328],[0.04419,7.97087],[0.04511,7.96859]]}},{"type":"Feature","properties":{},"geometry":{"type":"LineString","coordinates":[[-2.33735,7.33129],[-2.33617,7.32903],[-2.33603,7.32718]]}},{"type":"Feature","properties":{"name":"Densu"},"geometry":{"type":"LineString","coordinates":[[-0.26758,6.01939],[-0.26901,6.01743],[-0.26376,6.01184],[-0.26377,6.01077],[-0.26521,6.01017],[-0.26593,6.00795],[-0.26408,6.00706],[-0.26364,6.00515],[-0.26149,6.004],[-0.26188,6.00319],[-0.26132,6.00276],[-0.26168,6.00181],[-0.26113,6.00065],[-0.2615,6.00003],[-0.26372,5.99947],[-0.26392,5.99829],[-0.26506,5.99802],[-0.265,5.9973],[-0.26773,5.99609],[-0.2676,5.99525],[-0.2693,5.99283],[-0.26978,5.99311],[-0.27032,5.99134],[-0.27076,5.99085],[-0.27172,5.99118],[-0.27144,5.98875],[-0.27327,5.98744],[-0.2734,5.98576],[-0.27459,5.98617],[-0.2739,5.98526],[-0.27553,5.98358],[-0.27479,5.98294],[-0.27606,5.98266],[-0.27561,5.98201],[-0.27668,5.98117],[-0.27673,5.97978],[-0.27974,5.97714],[-0.28076,5.97407],[-0.28232,5.97192],[-0.28301,5.96818],[-0.28407,5.96789],[-0.28393,5.96695],[-0.28334,5.96685],[-0.28384,5.96639],[-0.28451,5.96683],[-0.28476,5.965],[-0.28586,5.96525],[-0.28521,5.96399],[-0.28693,5.96335],[-0.28643,5.96184],[-0.2871,5.96176],[-0.28721,5.96042],[-0.28828,5.96077],[-0.28887,5.95917],[-0.28839,5.95843]]}},{"type":"Feature","properties":{"name":"Densu"},"geometry":{"type":"LineString","coordinates":[[-0.3348,5.87745],[-0.33594,5.87576],[-0.33652,5.87655],[-0.33639,5.87541],[-0.33546,5.87501],[-0.33632,5.87454],[-0.3356,5.8741],[-0.3363,5.87331],[-0.33804,5.87325],[-0.33793,5.87135],[-0.33956,5.87109],[-0.34005,5.87017],[-0.3407,5.87028],[-0.34099,5.86927],[-0.34161,5.86936],[-0.3412,5.86882],[-0.34213,5.86792],[-0.34183,5.86677],[-0.34342,5.86639],[-0.34254,5.86499],[-0.34371,5.86398],[-0.34421,5.86409],[-0.34399,5.86467],[-0.34476,5.8647],[-0.34501,5.86268],[-0.34568,5.86324],[-0.34562,5.86226],[-0.34616,5.86238],[-0.34485,5.85945],[-0.34342,5.85892],[-0.34301,5.85785],[-0.34404,5.85715],[-0.34338,5.85724],[-0.34423,5.85578],[-0.34371,5.85431],[-0.3441,5.85329],[-0.3436,5.85299],[-0.34445,5.85271],[-0.34395,5.85208],[-0.34564,5.85202],[-0.34449,5.85043],[-0.34576,5.85111],[-0.34557,5.84983],[-0.34625,5.84989],[-0.34588,5.84896],[-0.34643,5.84766],[-0.34514,5.84734],[-0.34565,5.84561],[-0.34491,5.84553],[-0.34663,5.8442],[-0.34528,5.84394],[-0.34646,5.84304],[-0.34577,5.84186],[-0.34707,5.84125],[-0.34628,5.84019],[-0.3469,5.83881],[-0.34586,5.83889],[-0.34574,5.83834],[-0.34755,5.8364],[-0.3477,5.83358],[-0.34948,5.83444],[-0.3491,5.83205],[-0.34839,5.8312],[-0.3491,5.83052],[-0.34826,5.82944],[-0.3494,5.82922],[-0.34885,5.82834],[-0.34998,5.82791],[-0.34966,5.82649],[-0.35061,5.82621],[-0.34968,5.82382],[-0.35065,5.82259],[-0.3497,5.82249],[-0.34986,5.82193],[-0.35062,5.82081],[-0.35109,5.82177],[-0.35222,5.82133],[-0.35187,5.82067],[-0.35249,5.8204],[-0.35242,5.81983],[-0.35112,5.81968],[-0.35211,5.81856],[-0.35121,5.81814],[-0.35208,5.81766],[-0.35118,5.81739],[-0.35126,5.81648],[-0.35167,5.81715],[-0.35333,5.81711],[-0.35346,5.81567],[-0.35253,5.81575],[-0.35222,5.81461],[-0.35308,5.81468],[-0.35498,5.81298],[-0.35528,5.81158],[-0.35611,5.81212],[-0.35594,5.81064],[-0.35724,5.81038],[-0.3574,5.81093],[-0.35827,5.81044],[-0.35803,5.80988],[-0.35866,5.8096],[-0.35784,5.80852],[-0.35904,5.8075],[-0.35901,5.80554],[-0.35967,5.80499],[-0.3589,5.80443],[-0.35935,5.80259]]}},{"type":"Feature","properties":{"name":"Densu"},"geometry":{"type":"LineString","coordinates":[[-0.28839,5.95843],[-0.28874,5.95811]]}},{"type":"Feature","properties":{},"geometry":{"type":"LineString","coordinates":[[-0.38178,5.7625],[-0.3826,5.76304],[-0.38278,5.76244]]}},{"type":"Feature","properties":{},"geometry":{"type":"LineString","coordinates":[[-0.38118,5.76282],[-0.38116,5.76215],[-0.38179,5.7624]]}},{"type":"Feature","properties":{},"geometry":{"type":"LineString","coordinates":[[-0.38182,5.76221],[-0.38193,5.76162],[-0.38221,5.76194]]}},{"type":"Feature","properties":{},"geometry":{"type":"LineString","coordinates":[[-0.38324,5.75961],[-0.38251,5.75955],[-0.38345,5.75898],[-0.38404,5.7598]]}},{"type":"Feature","properties":{"name":"Pumpum River"},"geometry":{"type":"LineString","coordinates":[[-1.71561,8.05005],[-1.7131,8.05081],[-1.71154,8.0529],[-1.71061,8.05705],[-1.70667,8.06262],[-1.70552,8.06843],[-1.70301,8.07135],[-1.70142,8.07466],[-1.70069,8.08012],[-1.69936,8.08169],[-1.69928,8.08399],[-1.698,8.08595]]}},{"type":"Feature","properties":{},"geometry":{"type":"LineString","coordinates":[[-0.10765,10.80342],[-0.10566,10.80422],[-0.10117,10.8043],[-0.09738,10.80526]]}},{"type":"Feature","properties":{},"geometry":{"type":"LineString","coordinates":[[-0.10227,10.81254],[-0.09959,10.81108],[-0.09738,10.80526],[-0.09556,10.80476],[-0.09577,10.80402],[-0.09339,10.80219],[-0.08985,10.80113],[-0.08803,10.79726],[-0.08223,10.79329],[-0.08209,10.79204],[-0.08101,10.79112],[-0.07922,10.79063],[-0.07875,10.7897],[-0.07663,10.7897],[-0.07541,10.78861],[-0.07476,10.78893],[-0.07173,10.78682],[-0.07123,10.78523],[-0.07223,10.78392],[-0.07099,10.78297],[-0.0695,10.7808],[-0.06916,10.77909],[-0.0679,10.77778],[-0.06843,10.77364],[-0.06997,10.77098]]}},{"type":"Feature","properties":{},"geometry":{"type":"LineString","coordinates":[[-1.55039,7.53203],[-1.55011,7.53176]]}},{"type":"Feature","properties":{},"geometry":{"type":"LineString","coordinates":[[-1.55604,7.53127],[-1.55593,7.53086]]}},{"type":"Feature","properties":{},"geometry":{"type":"LineString","coordinates":[[-1.52971,7.53211],[-1.52927,7.53236]]}},{"type":"Feature","properties":{},"geometry":{"type":"LineString","coordinates":[[-1.52978,7.53217],[-1.52946,7.53212]]}},{"type":"Feature","properties":{},"geometry":{"type":"LineString","coordinates":[[-1.53187,7.5325],[-1.53192,7.533]]}},{"type":"Feature","properties":{},"geometry":{"type":"LineString","coordinates":[[-1.50912,7.54358],[-1.50952,7.54331]]}},{"type":"Feature","properties":{},"geometry":{"type":"LineString","coordinates":[[-1.49058,7.55562],[-1.48985,7.55566],[-1.49079,7.55647]]}},{"type":"Feature","properties":{},"geometry":{"type":"LineString","coordinates":[[-1.49477,7.54927],[-1.49444,7.54972]]}},{"type":"Feature","properties":{},"geometry":{"type":"LineString","coordinates":[[-1.4981,7.54711],[-1.49797,7.54657],[-1.49703,7.54661],[-1.49614,7.54753]]}},{"type":"Feature","properties":{},"geometry":{"type":"LineString","coordinates":[[-1.484,7.56476],[-1.48657,7.56349],[-1.48757,7.56391]]}},{"type":"Feature","properties":{},"geometry":{"type":"LineString","coordinates":[[-1.48882,7.559],[-1.48838,7.55945]]}},{"type":"Feature","properties":{},"geometry":{"type":"LineString","coordinates":[[-1.48839,7.55776],[-1.48875,7.55885],[-1.48786,7.55884]]}},{"type":"Feature","properties":{},"geometry":{"type":"LineString","coordinates":[[-1.47166,7.58394],[-1.47244,7.5838],[-1.47112,7.58503],[-1.47206,7.58479],[-1.47232,7.58548],[-1.47153,7.58538],[-1.47163,7.58605],[-1.47081,7.58544],[-1.47056,7.5874],[-1.47125,7.58793],[-1.46942,7.58822],[-1.46935,7.59087],[-1.47068,7.59258],[-1.47374,7.59392],[-1.473,7.59444],[-1.47427,7.59488],[-1.47419,7.59542],[-1.47485,7.59553],[-1.47434,7.59582],[-1.47621,7.59688],[-1.47601,7.59741],[-1.4767,7.59734],[-1.47612,7.59804],[-1.47718,7.60002],[-1.47641,7.60049],[-1.47744,7.60113],[-1.47654,7.60121],[-1.47658,7.60257],[-1.47456,7.60423],[-1.47462,7.60541],[-1.47383,7.60622],[-1.47416,7.60842],[-1.47301,7.60794],[-1.47244,7.6087],[-1.47284,7.60915],[-1.47161,7.61001],[-1.47162,7.61105],[-1.47095,7.61096],[-1.47027,7.61247],[-1.46841,7.61276],[-1.46766,7.61437],[-1.46792,7.61534],[-1.46712,7.61581],[-1.46781,7.61611],[-1.46713,7.619],[-1.46601,7.61885],[-1.46494,7.62091],[-1.46238,7.62129],[-1.46147,7.62033],[-1.4602,7.62078],[-1.45974,7.61954],[-1.45835,7.6195],[-1.45742,7.62069],[-1.45569,7.62142],[-1.45602,7.62209],[-1.45464,7.62236],[-1.45409,7.62163],[-1.45255,7.62159],[-1.45269,7.62292],[-1.45189,7.62235],[-1.45046,7.62288],[-1.45003,7.62384],[-1.44977,7.62259],[-1.44927,7.62351],[-1.44977,7.62435],[-1.44899,7.62452],[-1.44866,7.62383],[-1.4483,7.62492],[-1.44707,7.62461],[-1.44731,7.6259],[-1.44664,7.62506],[-1.44591,7.62513],[-1.44594,7.62457],[-1.44401,7.62528],[-1.44461,7.62636],[-1.44503,7.62555],[-1.44567,7.62606],[-1.44549,7.62778],[-1.44402,7.62779],[-1.44193,7.62679],[-1.44167,7.62802],[-1.44054,7.62696],[-1.44052,7.6292],[-1.43949,7.62807],[-1.43947,7.62906],[-1.43822,7.62929],[-1.43769,7.63021],[-1.4366,7.62984],[-1.43579,7.63081],[-1.43489,7.63041],[-1.43448,7.63139],[-1.43371,7.63134],[-1.43362,7.63067],[-1.432,7.63162],[-1.43126,7.6298],[-1.43068,7.63061],[-1.42997,7.63036],[-1.43004,7.63113],[-1.42822,7.6304],[-1.42834,7.63119],[-1.42726,7.63149],[-1.42709,7.63031],[-1.42566,7.63002],[-1.42604,7.63125],[-1.42328,7.6307],[-1.42318,7.63149],[-1.42221,7.63146],[-1.42267,7.63203],[-1.42113,7.63215],[-1.42155,7.63364],[-1.42072,7.63371],[-1.42056,7.63288],[-1.42002,7.63368],[-1.41949,7.63344],[-1.4191,7.63455],[-1.41769,7.6336],[-1.41739,7.63453],[-1.41687,7.63325],[-1.4162,7.6336],[-1.41554,7.63251],[-1.41462,7.63323],[-1.41296,7.63264],[-1.41247,7.63364],[-1.41182,7.63293]]}},{"type":"Feature","properties":{},"geometry":{"type":"LineString","coordinates":[[-1.47703,7.60028],[-1.47678,7.60057]]}},{"type":"Feature","properties":{},"geometry":{"type":"LineString","coordinates":[[-1.46732,7.61853],[-1.4675,7.61918],[-1.4671,7.61903]]}},{"type":"Feature","properties":{},"geometry":{"type":"LineString","coordinates":[[-1.46511,7.62149],[-1.46459,7.6208]]}},{"type":"Feature","properties":{},"geometry":{"type":"LineString","coordinates":[[-1.46534,7.62118],[-1.465,7.62083]]}},{"type":"Feature","properties":{},"geometry":{"type":"LineString","coordinates":[[-1.4624,7.62128],[-1.46105,7.62072]]}},{"type":"Feature","properties":{},"geometry":{"type":"LineString","coordinates":[[-1.46495,7.62011],[-1.4643,7.62074]]}},{"type":"Feature","properties":{},"geometry":{"type":"LineString","coordinates":[[-0.88046,9.85295],[-0.8789,9.85073],[-0.87769,9.85032],[-0.87654,9.84889],[-0.87488,9.84869],[-0.86914,9.84343],[-0.86819,9.83961],[-0.86714,9.83916],[-0.86704,9.8345],[-0.86584,9.83295],[-0.86898,9.82681],[-0.86881,9.82591],[-0.86795,9.82563],[-0.86906,9.8245],[-0.87009,9.82521],[-0.87041,9.82482],[-0.87087,9.82199],[-0.87041,9.81944],[-0.87199,9.81904],[-0.87267,9.81735],[-0.87142,9.81481],[-0.87047,9.81425],[-0.87075,9.81221],[-0.8746,9.8102],[-0.87537,9.81014],[-0.87579,9.81095],[-0.87615,9.81059],[-0.87719,9.80837],[-0.87855,9.8075],[-0.87666,9.80533],[-0.87773,9.80392],[-0.87884,9.80435],[-0.87935,9.80374],[-0.87865,9.80196],[-0.88148,9.7997],[-0.88425,9.79873],[-0.88372,9.79531],[-0.88514,9.79525],[-0.88605,9.79444],[-0.88432,9.79038],[-0.88525,9.78981],[-0.88511,9.78928],[-0.88363,9.78817],[-0.88426,9.78622],[-0.88352,9.78602],[-0.88253,9.78694],[-0.88175,9.78597],[-0.88228,9.78503],[-0.883,9.78528],[-0.88444,9.78116],[-0.88348,9.77986],[-0.88246,9.78006],[-0.88217,9.7786],[-0.88428,9.77813],[-0.88603,9.77855],[-0.88746,9.78003],[-0.88848,9.77974],[-0.88829,9.77648],[-0.88602,9.77459],[-0.88793,9.77174],[-0.88739,9.77068],[-0.88854,9.76973],[-0.8901,9.77175],[-0.89161,9.77185],[-0.89459,9.76907],[-0.89349,9.76765],[-0.89203,9.76764],[-0.89024,9.76461],[-0.89087,9.76347],[-0.89043,9.76065],[-0.89104,9.7601],[-0.88991,9.75917],[-0.89215,9.75863],[-0.89233,9.75751],[-0.88957,9.75566],[-0.88711,9.75611],[-0.88615,9.75414],[-0.88643,9.75318],[-0.88802,9.75314],[-0.88781,9.7516],[-0.8868,9.75203],[-0.88646,9.75058],[-0.88975,9.74931],[-0.8882,9.7457],[-0.88864,9.74479],[-0.89128,9.74455],[-0.89135,9.74406],[-0.89006,9.74353],[-0.89027,9.74196],[-0.89165,9.74171],[-0.89236,9.74293],[-0.89434,9.74186],[-0.89369,9.73959],[-0.89554,9.73679],[-0.89522,9.73586],[-0.89423,9.73542]]}},{"type":"Feature","properties":{},"geometry":{"type":"LineString","coordinates":[[-0.88229,9.79602],[-0.88147,9.79559],[-0.8821,9.79476],[-0.88424,9.79499]]}},{"type":"Feature","properties":{},"geometry":{"type":"LineString","coordinates":[[-0.89198,9.73377],[-0.89047,9.73493],[-0.88989,9.73647],[-0.89098,9.73927],[-0.89294,9.73827],[-0.89436,9.73364]]}},{"type":"Feature","properties":{},"geometry":{"type":"LineString","coordinates":[[-0.9138,9.8909],[-0.9103,9.88526],[-0.90616,9.88104],[-0.90467,9.87753],[-0.90299,9.87709],[-0.90207,9.87461],[-0.89711,9.86979],[-0.8956,9.8694],[-0.89488,9.86793],[-0.89195,9.86545],[-0.88976,9.86278],[-0.88756,9.85818]]}},{"type":"Feature","properties":{},"geometry":{"type":"LineString","coordinates":[[-1.44457,7.62766],[-1.44462,7.62686],[-1.44442,7.62758]]}},{"type":"Feature","properties":{},"geometry":{"type":"LineString","coordinates":[[-1.42942,7.63057],[-1.42932,7.62969],[-1.42906,7.63049]]}},{"type":"Feature","properties":{},"geometry":{"type":"LineString","coordinates":[[-1.4309,7.63025],[-1.43032,7.62998]]}},{"type":"Feature","properties":{},"geometry":{"type":"LineString","coordinates":[[-1.42115,7.63301],[-1.42093,7.63304]]}},{"type":"Feature","properties":{},"geometry":{"type":"LineString","coordinates":[[-1.41094,7.63296],[-1.41125,7.63256],[-1.41123,7.6332]]}},{"type":"Feature","properties":{},"geometry":{"type":"LineString","coordinates":[[-1.40189,7.63678],[-1.40286,7.63717],[-1.40192,7.63693]]}},{"type":"Feature","properties":{},"geometry":{"type":"LineString","coordinates":[[-1.40307,7.63587],[-1.40251,7.63588]]}},{"type":"Feature","properties":{},"geometry":{"type":"LineString","coordinates":[[-1.40358,7.63479],[-1.40249,7.63607]]}},{"type":"Feature","properties":{},"geometry":{"type":"LineString","coordinates":[[-1.41182,7.63293],[-1.41044,7.63321],[-1.41033,7.63387],[-1.40881,7.63285],[-1.40768,7.63406],[-1.40676,7.63301],[-1.40553,7.63489],[-1.40487,7.6344],[-1.40454,7.63504],[-1.40379,7.63497],[-1.40325,7.63662],[-1.40142,7.63612],[-1.40192,7.63693],[-1.40097,7.63769],[-1.40081,7.63684],[-1.40039,7.63747],[-1.39962,7.63678],[-1.39925,7.63761],[-1.39849,7.63738],[-1.39797,7.63815],[-1.3971,7.63744],[-1.39716,7.63858],[-1.39637,7.63768],[-1.39511,7.63927],[-1.3946,7.6384],[-1.39356,7.6388],[-1.39341,7.63968],[-1.39218,7.63961],[-1.3913,7.63874],[-1.39068,7.63938],[-1.39129,7.63985],[-1.39015,7.63996],[-1.38831,7.64208],[-1.38765,7.64195],[-1.38716,7.64323],[-1.38561,7.6419],[-1.38419,7.64276],[-1.38351,7.64193],[-1.38271,7.64299],[-1.38345,7.64315],[-1.38307,7.64366],[-1.38203,7.64267],[-1.38196,7.64354],[-1.38128,7.64301],[-1.38127,7.6436],[-1.38033,7.64332],[-1.37944,7.64413],[-1.37923,7.64202],[-1.37834,7.64172],[-1.37825,7.64247],[-1.37706,7.64194],[-1.37562,7.64341],[-1.37529,7.64232],[-1.37334,7.64378],[-1.37388,7.64295],[-1.37279,7.64302],[-1.37271,7.64207],[-1.37227,7.64356],[-1.37146,7.64331],[-1.37087,7.64423],[-1.37033,7.64388],[-1.37015,7.64471],[-1.36939,7.64457],[-1.36872,7.64572],[-1.36946,7.64593],[-1.36789,7.64628],[-1.36838,7.64728],[-1.36681,7.64867],[-1.36752,7.64895],[-1.36688,7.64981],[-1.36779,7.65007],[-1.36724,7.65076],[-1.36863,7.65105],[-1.36767,7.65161],[-1.36914,7.65266],[-1.36728,7.65326],[-1.36638,7.6523],[-1.3664,7.65325],[-1.36507,7.65334],[-1.36495,7.65271],[-1.36461,7.65332],[-1.36256,7.65374],[-1.36265,7.65278],[-1.3609,7.65285],[-1.35989,7.65424],[-1.35948,7.65367],[-1.35889,7.65428],[-1.35873,7.65342],[-1.35781,7.65434],[-1.35879,7.65557],[-1.35763,7.65597],[-1.35694,7.65546],[-1.35655,7.65705],[-1.35533,7.65689],[-1.35512,7.65615],[-1.35372,7.65631],[-1.35442,7.65696],[-1.35341,7.65712],[-1.35324,7.65787],[-1.35245,7.65753],[-1.35275,7.65664],[-1.35155,7.65723],[-1.3514,7.6566],[-1.35074,7.65693],[-1.35074,7.65787],[-1.35007,7.65742],[-1.35015,7.65664],[-1.3476,7.65548],[-1.34732,7.65452],[-1.34669,7.65523],[-1.34651,7.65397],[-1.34568,7.65555],[-1.3444,7.65575],[-1.34347,7.6549],[-1.34168,7.65483],[-1.34128,7.65601],[-1.34124,7.65496],[-1.34041,7.65452],[-1.33996,7.65491],[-1.34053,7.65573],[-1.3382,7.65573],[-1.33761,7.65657],[-1.33751,7.65521],[-1.33608,7.65539],[-1.33487,7.65631],[-1.33537,7.6567],[-1.33447,7.65752],[-1.33338,7.65712],[-1.33328,7.65645],[-1.33273,7.65728],[-1.33341,7.6583],[-1.33236,7.65804],[-1.33171,7.6588],[-1.33158,7.658],[-1.3297,7.65809],[-1.32971,7.65715],[-1.32862,7.65667],[-1.3287,7.65578],[-1.32608,7.65622],[-1.32679,7.65511],[-1.32478,7.65431],[-1.32564,7.65362],[-1.32388,7.65262],[-1.32422,7.65216],[-1.32346,7.65033],[-1.32267,7.65109],[-1.32223,7.65022],[-1.32128,7.65169],[-1.31956,7.64854],[-1.31762,7.65002],[-1.31703,7.64935],[-1.31758,7.6485],[-1.31536,7.64915],[-1.31386,7.64774],[-1.31315,7.64604],[-1.31276,7.64742],[-1.3123,7.64719],[-1.31249,7.64602],[-1.31175,7.64715],[-1.31071,7.64534],[-1.31031,7.64611],[-1.31003,7.64496],[-1.30932,7.64552],[-1.30729,7.64266],[-1.30606,7.64224],[-1.30595,7.64093],[-1.30513,7.64163],[-1.30488,7.63983],[-1.30422,7.64012],[-1.30297,7.63788],[-1.30276,7.63856],[-1.30185,7.63797],[-1.30091,7.63498],[-1.29902,7.63594],[-1.29893,7.63499],[-1.29771,7.63452],[-1.29788,7.63358],[-1.29713,7.63265],[-1.29782,7.63224],[-1.29669,7.63217],[-1.29651,7.63116],[-1.29739,7.63031],[-1.29545,7.63002],[-1.29584,7.62922],[-1.29532,7.62841],[-1.29445,7.62968],[-1.29495,7.63009],[-1.29301,7.62954],[-1.29253,7.63076],[-1.29216,7.6297],[-1.29151,7.63062],[-1.29069,7.63062],[-1.29061,7.62994],[-1.28961,7.62978],[-1.2898,7.62934],[-1.28909,7.62971],[-1.28763,7.62919],[-1.28802,7.6282],[-1.2871,7.62892],[-1.28659,7.62776],[-1.28386,7.62792],[-1.28461,7.6251],[-1.28289,7.62406],[-1.28242,7.62493],[-1.28122,7.62469],[-1.28099,7.62194],[-1.28,7.62101],[-1.27992,7.62018],[-1.28073,7.6198],[-1.2811,7.62052],[-1.28158,7.61984],[-1.28059,7.61682],[-1.28125,7.61685],[-1.28137,7.61623]]}},{"type":"Feature","properties":{},"geometry":{"type":"LineString","coordinates":[[-1.41001,7.63332],[-1.41028,7.63255],[-1.4093,7.63273],[-1.40915,7.63349]]}},{"type":"Feature","properties":{},"geometry":{"type":"LineString","coordinates":[[-1.39467,7.63804],[-1.39431,7.63878]]}},{"type":"Feature","properties":{},"geometry":{"type":"LineString","coordinates":[[-1.40164,7.63777],[-1.4018,7.63833],[-1.40077,7.6382],[-1.40039,7.63747]]}},{"type":"Feature","properties":{},"geometry":{"type":"LineString","coordinates":[[-1.39298,7.63842],[-1.39344,7.63841],[-1.39304,7.63913]]}},{"type":"Feature","properties":{},"geometry":{"type":"LineString","coordinates":[[-1.37467,7.64276],[-1.37521,7.64325],[-1.37459,7.64318]]}},{"type":"Feature","properties":{},"geometry":{"type":"LineString","coordinates":[[-1.36797,7.64739],[-1.36779,7.64774]]}},{"type":"Feature","properties":{},"geometry":{"type":"LineString","coordinates":[[-1.36812,7.64739],[-1.36709,7.64734],[-1.36725,7.64811],[-1.36648,7.64817],[-1.36693,7.64853]]}},{"type":"Feature","properties":{},"geometry":{"type":"LineString","coordinates":[[-1.36445,7.65348],[-1.36455,7.65402],[-1.36381,7.65414],[-1.36321,7.6537],[-1.36387,7.6533]]}},{"type":"Feature","properties":{},"geometry":{"type":"LineString","coordinates":[[-1.3476,7.65548],[-1.34748,7.65618],[-1.34689,7.65533]]}},{"type":"Feature","properties":{},"geometry":{"type":"LineString","coordinates":[[-1.34455,7.65569],[-1.34445,7.65675],[-1.34338,7.65579],[-1.34295,7.65657],[-1.34246,7.65553],[-1.34367,7.65513]]}},{"type":"Feature","properties":{},"geometry":{"type":"LineString","coordinates":[[-1.32569,7.65494],[-1.32532,7.65567],[-1.32538,7.65487]]}},{"type":"Feature","properties":{},"geometry":{"type":"LineString","coordinates":[[-2.36975,8.25501],[-2.36793,8.25451],[-2.36806,8.25614],[-2.3664,8.25622],[-2.36611,8.25727],[-2.36463,8.25709],[-2.36565,8.25837],[-2.36469,8.25958],[-2.36597,8.26021],[-2.36195,8.26369],[-2.36288,8.26456],[-2.36128,8.26552],[-2.362,8.26724],[-2.36166,8.26864],[-2.36043,8.26864],[-2.36062,8.26988],[-2.35799,8.2717],[-2.35771,8.27348],[-2.35691,8.27365],[-2.35611,8.27225],[-2.35537,8.27307],[-2.35486,8.27196],[-2.35269,8.27191],[-2.35345,8.2739]]}},{"type":"Feature","properties":{},"geometry":{"type":"LineString","coordinates":[[-2.36196,8.2675],[-2.36255,8.26735],[-2.36326,8.26838],[-2.3641,8.26654]]}},{"type":"Feature","properties":{},"geometry":{"type":"LineString","coordinates":[[-1.31519,7.64846],[-1.31512,7.64774],[-1.31468,7.64823]]}},{"type":"Feature","properties":{},"geometry":{"type":"LineString","coordinates":[[-1.29428,7.63008],[-1.29451,7.63055],[-1.29385,7.63092],[-1.2936,7.62991]]}},{"type":"Feature","properties":{},"geometry":{"type":"LineString","coordinates":[[-1.29523,7.62836],[-1.29103,7.62628]]}},{"type":"Feature","properties":{},"geometry":{"type":"LineString","coordinates":[[-1.28114,7.62436],[-1.28219,7.62296],[-1.28103,7.62273]]}},{"type":"Feature","properties":{},"geometry":{"type":"LineString","coordinates":[[-1.36542,7.64834],[-1.3645,7.64803],[-1.36336,7.64872],[-1.36295,7.6511],[-1.36135,7.65153],[-1.3613,7.65223],[-1.35993,7.65229],[-1.35998,7.65182],[-1.35871,7.65243],[-1.35698,7.65227],[-1.35537,7.65304],[-1.35518,7.65445],[-1.35421,7.65495],[-1.34793,7.65551]]}},{"type":"Feature","properties":{},"geometry":{"type":"LineString","coordinates":[[-1.38992,7.85078],[-1.39369,7.84642]]}},{"type":"Feature","properties":{},"geometry":{"type":"LineString","coordinates":[[-1.38994,7.85085],[-1.38992,7.85078]]}},{"type":"Feature","properties":{},"geometry":{"type":"LineString","coordinates":[[-0.09458,10.82339],[-0.0943,10.82042],[-0.09243,10.81817],[-0.09246,10.81666],[-0.08973,10.80862],[-0.09025,10.80143]]}},{"type":"Feature","properties":{},"geometry":{"type":"LineString","coordinates":[[-0.07501,10.78876],[-0.0792,10.79208],[-0.07903,10.79604],[-0.08023,10.79724],[-0.0792,10.80197],[-0.07965,10.8026],[-0.0789,10.80424],[-0.0794,10.8144]]}},{"type":"Feature","properties":{"name":"Chemu Lagoon"},"geometry":{"type":"LineString","coordinates":[[-0.00697,5.68424],[-0.00692,5.68412]]}},{"type":"Feature","properties":{"name":"Chemu Lagoon"},"geometry":{"type":"LineString","coordinates":[[-0.00772,5.68622],[-0.00697,5.68424]]}},{"type":"Feature","properties":{"name":"Chemu Lagoon"},"geometry":{"type":"LineString","coordinates":[[-0.0024,5.67912],[-0.00172,5.67851]]}},{"type":"Feature","properties":{"name":"Chemu Lagoon"},"geometry":{"type":"LineString","coordinates":[[-0.00692,5.68412],[-0.00545,5.68134],[-0.0035,5.67925],[-0.0024,5.67912]]}},{"type":"Feature","properties":{},"geometry":{"type":"LineString","coordinates":[[-1.04529,7.96458],[-1.04461,7.96513],[-1.04441,7.96402]]}},{"type":"Feature","properties":{},"geometry":{"type":"LineString","coordinates":[[-1.05711,7.96702],[-1.05692,7.96615]]}},{"type":"Feature","properties":{},"geometry":{"type":"LineString","coordinates":[[-1.05843,7.96649],[-1.05802,7.96751],[-1.05726,7.96744],[-1.0568,7.96588]]}},{"type":"Feature","properties":{},"geometry":{"type":"LineString","coordinates":[[-1.05585,7.96771],[-1.05629,7.96615]]}},{"type":"Feature","properties":{},"geometry":{"type":"LineString","coordinates":[[-1.05548,7.9671],[-1.05682,7.96559]]}},{"type":"Feature","properties":{},"geometry":{"type":"LineString","coordinates":[[-1.05682,7.96559],[-1.05725,7.96431],[-1.05587,7.96423],[-1.05526,7.96316],[-1.05463,7.96376],[-1.05501,7.96535]]}},{"type":"Feature","properties":{},"geometry":{"type":"LineString","coordinates":[[-1.05266,7.96214],[-1.05367,7.96198],[-1.05235,7.96186]]}},{"type":"Feature","properties":{},"geometry":{"type":"LineString","coordinates":[[-2.33517,8.06643],[-2.3352,8.06864],[-2.33771,8.07016],[-2.33789,8.07152],[-2.33675,8.07127],[-2.33558,8.07384],[-2.33256,8.07564],[-2.33007,8.08011],[-2.32843,8.08003]]}},{"type":"Feature","properties":{},"geometry":{"type":"LineString","coordinates":[[-2.36139,8.08054],[-2.35994,8.07837],[-2.36197,8.07507],[-2.36058,8.07413],[-2.35905,8.07074],[-2.35679,8.0702],[-2.35564,8.07054],[-2.35491,8.06975],[-2.35605,8.06641],[-2.35453,8.06244],[-2.35223,8.06173],[-2.34834,8.0626],[-2.34654,8.06169],[-2.34386,8.06175],[-2.34177,8.06095]]}},{"type":"Feature","properties":{},"geometry":{"type":"LineString","coordinates":[[-0.81237,10.91744],[-0.81284,10.91707]]}},{"type":"Feature","properties":{},"geometry":{"type":"LineString","coordinates":[[-0.81284,10.91707],[-0.81692,10.91381],[-0.81746,10.91223],[-0.82022,10.91241],[-0.81957,10.90983],[-0.82283,10.90741],[-0.82406,10.90498],[-0.82901,10.90387],[-0.83114,10.90421],[-0.83403,10.90202],[-0.83767,10.90163],[-0.83824,10.89693]]}},{"type":"Feature","properties":{},"geometry":{"type":"LineString","coordinates":[[-0.80654,10.98626],[-0.80561,10.98134],[-0.80305,10.97831],[-0.80232,10.97612],[-0.80297,10.96986],[-0.80699,10.96649],[-0.80688,10.96578],[-0.80822,10.96439],[-0.81026,10.96447],[-0.81276,10.96269],[-0.8139,10.96266],[-0.81596,10.96042],[-0.81756,10.96009],[-0.81884,10.96073],[-0.82157,10.95979],[-0.82275,10.95809],[-0.82494,10.9575],[-0.82609,10.95615],[-0.82875,10.95548],[-0.83087,10.95191],[-0.83284,10.95134],[-0.83582,10.94857],[-0.83698,10.9482]]}},{"type":"Feature","properties":{},"geometry":{"type":"LineString","coordinates":[[-0.85305,10.99776],[-0.84987,10.99349],[-0.84991,10.9924],[-0.84726,10.99183],[-0.84648,10.98926],[-0.84554,10.98842],[-0.84572,10.98505],[-0.84351,10.98218],[-0.83857,10.98135],[-0.83685,10.98217],[-0.83542,10.98111]]}},{"type":"Feature","properties":{},"geometry":{"type":"LineString","coordinates":[[-0.83542,10.98111],[-0.83508,10.98073]]}},{"type":"Feature","properties":{},"geometry":{"type":"LineString","coordinates":[[-0.83508,10.98073],[-0.83332,10.97548],[-0.83427,10.97189],[-0.8365,10.96963],[-0.83506,10.9644],[-0.83711,10.96265],[-0.83732,10.9585],[-0.83882,10.95513],[-0.83714,10.951],[-0.83739,10.94952],[-0.83644,10.94489],[-0.83376,10.94257],[-0.83439,10.93847],[-0.83313,10.93315],[-0.83197,10.93147],[-0.83331,10.92983]]}},{"type":"Feature","properties":{},"geometry":{"type":"LineString","coordinates":[[-0.83331,10.92983],[-0.83345,10.92935]]}},{"type":"Feature","properties":{},"geometry":{"type":"LineString","coordinates":[[-0.83345,10.92935],[-0.83445,10.92687],[-0.83268,10.92046],[-0.83415,10.91894],[-0.83654,10.9126],[-0.83802,10.91126],[-0.83786,10.90844],[-0.83695,10.90737],[-0.83771,10.90629],[-0.83767,10.90163]]}},{"type":"Feature","properties":{},"geometry":{"type":"LineString","coordinates":[[0.88079,5.92091],[0.88164,5.92039]]}},{"type":"Feature","properties":{},"geometry":{"type":"LineString","coordinates":[[0.87847,5.9228],[0.87911,5.92315],[0.88087,5.92023]]}},{"type":"Feature","properties":{},"geometry":{"type":"LineString","coordinates":[[0.82097,5.9352],[0.82309,5.93493],[0.82482,5.93572],[0.82529,5.93784],[0.82745,5.93936],[0.83108,5.93899],[0.83311,5.94061],[0.83513,5.93994],[0.83905,5.94201],[0.84482,5.9406],[0.8471,5.94136],[0.85202,5.94035],[0.85495,5.94134],[0.85971,5.93895],[0.86016,5.93642],[0.85967,5.93415],[0.86241,5.93046],[0.86601,5.92901],[0.87185,5.92844],[0.87606,5.92584],[0.87893,5.92206],[0.8789,5.91907]]}},{"type":"Feature","properties":{},"geometry":{"type":"LineString","coordinates":[[0.81771,5.93331],[0.8207,5.93457],[0.82122,5.93632],[0.82268,5.93498]]}},{"type":"Feature","properties":{},"geometry":{"type":"LineString","coordinates":[[-0.36613,5.60829],[-0.36604,5.60816]]}},{"type":"Feature","properties":{},"geometry":{"type":"LineString","coordinates":[[-0.36542,5.60936],[-0.36612,5.60887]]}},{"type":"Feature","properties":{},"geometry":{"type":"LineString","coordinates":[[-1.28454,10.61044],[-1.28405,10.60978],[-1.28044,10.60913],[-1.27891,10.60825],[-1.27847,10.60691],[-1.27594,10.60523],[-1.27474,10.60342],[-1.27157,10.60225],[-1.27141,10.60047],[-1.26987,10.59919],[-1.26976,10.59739],[-1.26863,10.59737],[-1.26833,10.59652],[-1.26581,10.59611],[-1.26512,10.59671],[-1.2618,10.59654],[-1.26121,10.59546],[-1.25959,10.5953],[-1.2584,10.59266],[-1.25713,10.59284],[-1.25582,10.59196],[-1.25419,10.59316],[-1.25274,10.59309],[-1.24971,10.59123]]}},{"type":"Feature","properties":{},"geometry":{"type":"LineString","coordinates":[[-1.24971,10.59123],[-1.24964,10.59125]]}},{"type":"Feature","properties":{},"geometry":{"type":"LineString","coordinates":[[-1.24964,10.59125],[-1.24752,10.59124],[-1.24362,10.58899],[-1.24097,10.58953],[-1.24099,10.58835],[-1.24042,10.58838],[-1.23974,10.58646],[-1.23765,10.58594],[-1.23661,10.58181],[-1.23581,10.58129],[-1.23135,10.58245],[-1.23102,10.58418],[-1.22999,10.58295]]}},{"type":"Feature","properties":{},"geometry":{"type":"LineString","coordinates":[[-1.22999,10.58295],[-1.22985,10.58295]]}},{"type":"Feature","properties":{},"geometry":{"type":"LineString","coordinates":[[-1.22985,10.58295],[-1.22611,10.58171],[-1.22417,10.57892],[-1.22248,10.58042],[-1.22005,10.5812],[-1.21707,10.57956],[-1.21401,10.57937],[-1.21199,10.58168],[-1.21013,10.58182],[-1.20924,10.58053],[-1.20721,10.58022],[-1.20727,10.5795],[-1.20554,10.57965],[-1.20435,10.57758],[-1.20323,10.57716],[-1.20077,10.57879]]}},{"type":"Feature","properties":{},"geometry":{"type":"LineString","coordinates":[[-1.20077,10.57879],[-1.20059,10.57891]]}},{"type":"Feature","properties":{"name":"Bukpegi"},"geometry":{"type":"LineString","coordinates":[[-1.20059,10.57891],[-1.19938,10.57971],[-1.19861,10.57938],[-1.19735,10.58049],[-1.19642,10.58005],[-1.19552,10.58188],[-1.19423,10.58035],[-1.19327,10.58067],[-1.19267,10.58001],[-1.19203,10.58097],[-1.19076,10.58022],[-1.19077,10.58094],[-1.18927,10.58175],[-1.1879,10.57974],[-1.18688,10.58036],[-1.18545,10.57996],[-1.18298,10.57808],[-1.18089,10.57753],[-1.18023,10.57501],[-1.17907,10.57423],[-1.17855,10.5723],[-1.17681,10.57016],[-1.1769,10.56724],[-1.1751,10.56398],[-1.17387,10.56269],[-1.17268,10.56283],[-1.17052,10.5601],[-1.1708,10.5596],[-1.16944,10.55948],[-1.16865,10.55663],[-1.16429,10.55228],[-1.16406,10.55077],[-1.16307,10.5511],[-1.16194,10.55029],[-1.15974,10.55082],[-1.15495,10.54896],[-1.15198,10.54978],[-1.15145,10.54819],[-1.14975,10.54758],[-1.14912,10.54654],[-1.14906,10.5475],[-1.14807,10.54732],[-1.14846,10.54611],[-1.14772,10.5454],[-1.14801,10.54446],[-1.14726,10.54266],[-1.14511,10.54229],[-1.14512,10.54149],[-1.14412,10.54171],[-1.14339,10.54054],[-1.14229,10.54176],[-1.14089,10.5418],[-1.14199,10.54002],[-1.14118,10.53973],[-1.14027,10.54072],[-1.13967,10.54026],[-1.14014,10.53987],[-1.13982,10.53915],[-1.13849,10.53952],[-1.13785,10.53875],[-1.13849,10.53821],[-1.13755,10.53748],[-1.13827,10.53592],[-1.13742,10.53616],[-1.13668,10.53452],[-1.13611,10.53475],[-1.13418,10.53331],[-1.13402,10.53236],[-1.13286,10.53228],[-1.13181,10.52953],[-1.13007,10.52861],[-1.1284,10.52594],[-1.12539,10.52356],[-1.1252,10.52264],[-1.12428,10.52263],[-1.124,10.52219],[-1.12451,10.52211],[-1.12349,10.52067],[-1.12258,10.52063],[-1.12335,10.51788],[-1.12234,10.51756],[-1.12173,10.51578],[-1.11956,10.51418],[-1.11751,10.5145],[-1.11616,10.5119],[-1.1141,10.51159],[-1.11347,10.51044],[-1.11178,10.5097],[-1.10977,10.50745],[-1.1102,10.50509],[-1.10877,10.50485],[-1.10755,10.50555],[-1.10619,10.50377],[-1.10285,10.50309],[-1.10212,10.5042],[-1.09987,10.50514],[-1.09839,10.50484],[-1.09659,10.50633],[-1.09326,10.50537],[-1.09318,10.50796],[-1.09232,10.50838],[-1.09012,10.50722],[-1.08974,10.50578],[-1.08819,10.50454],[-1.08299,10.50364],[-1.08102,10.50413],[-1.08035,10.50559],[-1.07925,10.50555],[-1.07973,10.5076]]}},{"type":"Feature","properties":{},"geometry":{"type":"LineString","coordinates":[[-1.24603,10.65429],[-1.24609,10.65424]]}},{"type":"Feature","properties":{},"geometry":{"type":"LineString","coordinates":[[-1.24603,10.65429],[-1.2399,10.65609],[-1.23845,10.65767]]}},{"type":"Feature","properties":{},"geometry":{"type":"LineString","coordinates":[[-1.26316,10.64947],[-1.26812,10.65064],[-1.27028,10.64977],[-1.27203,10.65035],[-1.27619,10.65002]]}},{"type":"Feature","properties":{},"geometry":{"type":"LineString","coordinates":[[-1.26307,10.64945],[-1.26316,10.64947]]}},{"type":"Feature","properties":{},"geometry":{"type":"LineString","coordinates":[[-1.24609,10.65424],[-1.24783,10.65337],[-1.24907,10.65161],[-1.2498,10.65245],[-1.25096,10.65208],[-1.25312,10.65285],[-1.25407,10.65226],[-1.25394,10.65172],[-1.25491,10.65203],[-1.25702,10.6516],[-1.25791,10.65079],[-1.26122,10.65059],[-1.26307,10.64945]]}},{"type":"Feature","properties":{},"geometry":{"type":"LineString","coordinates":[[-1.23965,10.65545],[-1.23694,10.65618],[-1.2352,10.65547]]}},{"type":"Feature","properties":{},"geometry":{"type":"LineString","coordinates":[[-1.23567,10.6536],[-1.23475,10.65268],[-1.23179,10.65188],[-1.22869,10.65238]]}},{"type":"Feature","properties":{},"geometry":{"type":"LineString","coordinates":[[-1.2427,10.66043],[-1.23891,10.65785],[-1.2366,10.65717]]}},{"type":"Feature","properties":{},"geometry":{"type":"LineString","coordinates":[[-1.2554,10.66349],[-1.25199,10.66328],[-1.25175,10.6625],[-1.24927,10.66082],[-1.24694,10.66081],[-1.24588,10.66146],[-1.24151,10.66039],[-1.23845,10.65826],[-1.23753,10.6585],[-1.23492,10.65529],[-1.23419,10.65326],[-1.23268,10.65467],[-1.23177,10.65445],[-1.23156,10.65353],[-1.23048,10.65429],[-1.22869,10.65238],[-1.22507,10.65318],[-1.22428,10.65394],[-1.22259,10.65378],[-1.22239,10.65268],[-1.21982,10.65255],[-1.21829,10.64952],[-1.21664,10.64949],[-1.2157,10.65101],[-1.21395,10.65127],[-1.21232,10.65119],[-1.2119,10.65035],[-1.21094,10.65148],[-1.21009,10.65136],[-1.20614,10.65333],[-1.20184,10.652],[-1.19704,10.65314],[-1.19489,10.65487],[-1.19274,10.65893],[-1.19083,10.65904],[-1.18989,10.65784],[-1.18826,10.65818],[-1.18742,10.65849],[-1.18686,10.66022],[-1.18609,10.66029],[-1.18565,10.66115],[-1.18553,10.66053],[-1.18494,10.66058],[-1.18298,10.6616],[-1.18268,10.6645],[-1.18196,10.66497],[-1.18241,10.66633],[-1.178,10.66645],[-1.17831,10.66748],[-1.17773,10.66817],[-1.17819,10.66877],[-1.17692,10.66945],[-1.17668,10.66869],[-1.17597,10.66874],[-1.17301,10.67077],[-1.17255,10.67456],[-1.17105,10.67639],[-1.17143,10.67725],[-1.16937,10.67868],[-1.16782,10.68164]]}},{"type":"Feature","properties":{},"geometry":{"type":"LineString","coordinates":[[-1.37095,9.53249],[-1.37021,9.53078],[-1.37116,9.53024],[-1.37212,9.52839],[-1.36771,9.52314],[-1.36627,9.51916],[-1.36447,9.51715],[-1.36348,9.51419],[-1.36331,9.51095],[-1.35994,9.50729],[-1.35926,9.50542],[-1.36082,9.50096],[-1.36376,9.50013],[-1.36374,9.49569],[-1.3645,9.4942],[-1.36733,9.4923],[-1.37037,9.49188],[-1.37155,9.49062],[-1.37166,9.48868],[-1.36954,9.48473],[-1.37207,9.48026],[-1.37329,9.46557],[-1.37093,9.45393],[-1.3586,9.42782],[-1.3593,9.42315],[-1.36016,9.42193],[-1.36119,9.42159],[-1.36657,9.42243],[-1.36866,9.42127],[-1.37305,9.41644],[-1.37328,9.41505]]}},{"type":"Feature","properties":{},"geometry":{"type":"LineString","coordinates":[[-0.10318,10.89528],[-0.10401,10.89587],[-0.10366,10.89811],[-0.10413,10.89895],[-0.10306,10.89899],[-0.10029,10.90076],[-0.09997,10.90234],[-0.1007,10.90335],[-0.10029,10.90445],[-0.09862,10.90419],[-0.09499,10.9062],[-0.08929,10.90725],[-0.08759,10.90913],[-0.08376,10.90976],[-0.08326,10.91123],[-0.08151,10.91269],[-0.08102,10.91288],[-0.08056,10.91214],[-0.08006,10.91265],[-0.07898,10.91247],[-0.07876,10.91418]]}},{"type":"Feature","properties":{"name":"Tano River"},"geometry":{"type":"LineString","coordinates":[[-2.41646,6.66214],[-2.41626,6.66208]]}},{"type":"Feature","properties":{},"geometry":{"type":"LineString","coordinates":[[-2.4154,6.65541],[-2.41426,6.65725],[-2.41384,6.6559],[-2.41512,6.65526]]}},{"type":"Feature","properties":{"name":"Tano River"},"geometry":{"type":"LineString","coordinates":[[-2.43679,6.74893],[-2.43567,6.74671],[-2.43659,6.74654],[-2.43554,6.74305],[-2.43665,6.74281],[-2.43586,6.74077],[-2.43437,6.74027],[-2.43493,6.74001],[-2.43474,6.73923],[-2.43258,6.73975],[-2.4322,6.74069],[-2.43187,6.73932],[-2.43075,6.73949],[-2.43019,6.73819],[-2.4323,6.73658],[-2.4316,6.73554],[-2.43004,6.73609],[-2.43035,6.73483],[-2.42863,6.73552],[-2.42873,6.73462],[-2.42806,6.73447],[-2.42758,6.73573],[-2.42725,6.73464],[-2.42646,6.7346],[-2.42715,6.73547],[-2.4265,6.73572],[-2.42522,6.73526],[-2.42509,6.73385],[-2.42449,6.73404],[-2.42422,6.73539],[-2.42327,6.73566],[-2.42252,6.73325],[-2.42176,6.73267],[-2.42269,6.73197],[-2.42402,6.7327],[-2.42343,6.73149],[-2.42384,6.73054],[-2.42261,6.73091],[-2.42395,6.72968],[-2.42491,6.72979],[-2.42385,6.72787],[-2.42588,6.72777],[-2.42431,6.72668],[-2.42521,6.72621],[-2.42483,6.72556],[-2.42717,6.72453],[-2.42704,6.72377],[-2.42608,6.72327],[-2.42641,6.72207],[-2.42525,6.72262],[-2.42378,6.72221],[-2.42377,6.72112],[-2.42303,6.72258],[-2.42072,6.72029],[-2.42084,6.71771],[-2.41968,6.71666],[-2.4207,6.71642],[-2.42166,6.71716],[-2.42119,6.71519],[-2.41736,6.71181],[-2.41728,6.71075],[-2.41559,6.71164],[-2.41569,6.70954],[-2.41436,6.71025],[-2.41386,6.70922],[-2.4128,6.70891],[-2.41214,6.70993],[-2.41068,6.70957],[-2.41076,6.71034],[-2.40845,6.70957],[-2.40835,6.70879],[-2.40978,6.7078],[-2.40913,6.70695],[-2.40835,6.70764],[-2.40903,6.70616],[-2.40792,6.70553],[-2.40936,6.70504],[-2.40825,6.7039],[-2.40989,6.70304],[-2.41009,6.70234],[-2.40911,6.7009],[-2.41048,6.70003],[-2.40941,6.69946],[-2.41296,6.69686],[-2.4126,6.69569],[-2.41415,6.69572],[-2.41318,6.69449],[-2.41542,6.69235],[-2.41501,6.69127],[-2.41419,6.69133],[-2.41408,6.69206],[-2.4136,6.69166],[-2.41478,6.69023],[-2.41418,6.68966],[-2.41309,6.69001],[-2.41312,6.68857],[-2.41376,6.68808],[-2.41312,6.68784],[-2.41191,6.68859],[-2.41214,6.68711],[-2.4105,6.68848],[-2.41008,6.68784],[-2.41056,6.6872],[-2.40939,6.68718],[-2.41226,6.68547],[-2.4117,6.6844],[-2.41288,6.6844],[-2.41295,6.6834],[-2.41442,6.68444],[-2.41465,6.68359],[-2.41378,6.6826],[-2.41442,6.68198],[-2.41653,6.6816],[-2.41637,6.68294],[-2.41777,6.68129],[-2.41683,6.68119],[-2.41635,6.67964],[-2.4155,6.68101],[-2.41389,6.6812],[-2.41276,6.68033],[-2.41332,6.6785],[-2.41032,6.67886],[-2.41009,6.67796],[-2.40922,6.67808],[-2.40924,6.67724],[-2.40794,6.67802],[-2.40834,6.67696],[-2.40641,6.67609],[-2.40735,6.67386],[-2.40941,6.67352],[-2.41038,6.67272],[-2.41151,6.67369],[-2.41362,6.67205],[-2.41282,6.67051],[-2.41433,6.67071],[-2.41504,6.66926],[-2.41416,6.66775],[-2.41347,6.66927],[-2.41267,6.66922],[-2.41366,6.66443],[-2.41436,6.66404],[-2.41496,6.66517],[-2.41571,6.6627],[-2.41689,6.66285],[-2.41646,6.66214]]}},{"type":"Feature","properties":{"name":"Tano River"},"geometry":{"type":"LineString","coordinates":[[-2.39972,6.5038],[-2.40105,6.50657],[-2.4035,6.50848],[-2.40494,6.50771],[-2.40524,6.50551],[-2.40446,6.50498],[-2.4031,6.50591],[-2.40302,6.50479],[-2.40503,6.50358],[-2.40753,6.50513],[-2.40958,6.50215],[-2.40839,6.50089],[-2.41141,6.50063],[-2.40937,6.49916],[-2.40955,6.49841],[-2.41176,6.4981],[-2.41136,6.49731],[-2.40943,6.49702],[-2.40998,6.49538],[-2.41053,6.49532],[-2.41272,6.4979],[-2.41602,6.49585],[-2.41652,6.49342],[-2.41576,6.49213],[-2.41452,6.49185],[-2.41383,6.4902],[-2.41457,6.48992],[-2.41567,6.49088],[-2.41656,6.48946],[-2.41565,6.48828],[-2.41831,6.48925],[-2.41933,6.48859],[-2.41819,6.49048],[-2.42154,6.48956],[-2.42117,6.49131],[-2.423,6.492],[-2.42323,6.49264],[-2.42377,6.49232],[-2.42454,6.48818],[-2.42333,6.48771],[-2.42312,6.48684],[-2.42555,6.48612],[-2.4254,6.48448],[-2.4269,6.48428],[-2.42643,6.48359],[-2.42443,6.48344],[-2.42565,6.48201],[-2.42512,6.48104],[-2.42388,6.48185],[-2.42351,6.48126],[-2.42601,6.47972],[-2.42454,6.47914],[-2.42372,6.47792],[-2.42364,6.48006],[-2.42319,6.48011],[-2.42257,6.4784],[-2.42332,6.47729],[-2.42305,6.47677],[-2.42066,6.47951],[-2.41997,6.4795],[-2.41907,6.47798],[-2.42132,6.47639],[-2.42131,6.47504],[-2.42265,6.47579],[-2.4236,6.47552],[-2.42242,6.47373],[-2.4212,6.47422],[-2.42218,6.47232],[-2.42389,6.47361],[-2.42542,6.47295],[-2.42407,6.47454],[-2.42455,6.47508],[-2.42639,6.47443],[-2.42628,6.47292],[-2.42742,6.47169],[-2.43106,6.47341],[-2.4307,6.47228],[-2.42931,6.47192],[-2.42915,6.47124],[-2.42985,6.47083],[-2.43076,6.47171],[-2.43184,6.47138],[-2.43179,6.47054],[-2.43043,6.46923],[-2.43252,6.46877],[-2.43245,6.46756],[-2.43366,6.46724],[-2.43384,6.46569],[-2.43497,6.46523],[-2.43488,6.46202],[-2.43623,6.46001],[-2.43697,6.45957],[-2.43902,6.4601],[-2.43866,6.45853],[-2.44018,6.45763],[-2.44254,6.45755],[-2.44239,6.45614],[-2.44356,6.45521],[-2.44239,6.44972],[-2.44381,6.44943],[-2.44336,6.4472],[-2.44503,6.44624],[-2.44357,6.44469],[-2.44539,6.4447],[-2.44606,6.44305],[-2.44385,6.44307],[-2.44374,6.44167],[-2.44155,6.44302],[-2.43879,6.44302],[-2.43784,6.44236],[-2.43864,6.44164],[-2.43863,6.43935],[-2.44156,6.43839],[-2.44203,6.43717],[-2.44394,6.43675],[-2.44764,6.4341],[-2.44636,6.43087],[-2.44679,6.43047],[-2.44796,6.43089]]}},{"type":"Feature","properties":{"name":"Tano River"},"geometry":{"type":"LineString","coordinates":[[-2.39934,6.5037],[-2.39972,6.5038]]}},{"type":"Feature","properties":{"name":"Tano River"},"geometry":{"type":"LineString","coordinates":[[-2.59882,6.15345],[-2.59616,6.15318],[-2.59066,6.14942],[-2.59016,6.14862],[-2.59038,6.14465],[-2.58944,6.14282],[-2.5896,6.1404],[-2.59114,6.13999],[-2.59147,6.1404],[-2.59038,6.14258],[-2.59098,6.14357],[-2.5942,6.14422],[-2.59542,6.14387],[-2.59758,6.14173],[-2.59788,6.14098],[-2.59696,6.13804],[-2.59775,6.13652],[-2.59697,6.13497],[-2.59841,6.13319],[-2.59837,6.1314],[-2.59627,6.12978],[-2.59533,6.1263],[-2.5913,6.12382],[-2.59016,6.12385],[-2.58936,6.12495],[-2.58836,6.12508],[-2.58706,6.12321],[-2.58892,6.12187],[-2.58866,6.12016],[-2.59073,6.11978],[-2.58809,6.11775],[-2.59008,6.1158],[-2.59246,6.11721],[-2.59077,6.11847],[-2.59093,6.11895],[-2.59454,6.11803],[-2.59478,6.11677],[-2.59371,6.11513],[-2.59393,6.11344],[-2.59271,6.11253],[-2.59503,6.11205],[-2.59606,6.11344],[-2.59661,6.11074],[-2.59568,6.10884],[-2.59772,6.10896],[-2.60055,6.10586],[-2.60406,6.10521],[-2.60571,6.10192],[-2.60525,6.10042],[-2.59859,6.09915],[-2.59573,6.09696],[-2.59552,6.09514],[-2.59855,6.09354],[-2.59902,6.09168],[-2.59554,6.09121],[-2.59021,6.08752],[-2.58991,6.08705],[-2.59055,6.08659],[-2.59548,6.08778],[-2.59591,6.08587],[-2.59526,6.0853],[-2.59281,6.08548],[-2.59398,6.08364],[-2.59165,6.08356],[-2.58867,6.07943],[-2.59034,6.07761],[-2.5911,6.07386],[-2.59039,6.07167],[-2.59326,6.06755],[-2.59855,6.06429],[-2.59893,6.06181],[-2.60124,6.05775],[-2.60128,6.05576],[-2.59978,6.05531],[-2.59905,6.05566],[-2.59875,6.05705],[-2.59644,6.05712],[-2.59569,6.05604],[-2.59532,6.05293],[-2.5934,6.05163],[-2.59184,6.0516],[-2.58859,6.05005],[-2.57313,6.04811],[-2.57067,6.04698],[-2.56911,6.04488],[-2.57,6.04086],[-2.56784,6.04122],[-2.56482,6.03971],[-2.56596,6.0349],[-2.56474,6.03554],[-2.56329,6.03468],[-2.56032,6.03564],[-2.55599,6.03346],[-2.55684,6.03221],[-2.55899,6.03266],[-2.5622,6.0315],[-2.56107,6.02982],[-2.56192,6.02843],[-2.5595,6.02102],[-2.56245,6.02116],[-2.56705,6.02268],[-2.56766,6.02253],[-2.56886,6.01953],[-2.56582,6.01773],[-2.56502,6.01657],[-2.56497,6.01131],[-2.56283,6.00836],[-2.55928,6.00074],[-2.56465,5.99799],[-2.5658,5.99351],[-2.55991,5.99202],[-2.55017,5.99252],[-2.54852,5.99065],[-2.55044,5.98191],[-2.54939,5.9801]]}},{"type":"Feature","properties":{"name":"Ntakorfa River"},"geometry":{"type":"LineString","coordinates":[[-0.63579,5.36475],[-0.63588,5.36465]]}},{"type":"Feature","properties":{"name":"Ntakorfa River"},"geometry":{"type":"LineString","coordinates":[[-0.63449,5.36478],[-0.63579,5.36475]]}},{"type":"Feature","properties":{"name":"Ntakorfa River"},"geometry":{"type":"LineString","coordinates":[[-0.63588,5.36465],[-0.6372,5.36447],[-0.63815,5.36261],[-0.6397,5.36132],[-0.64287,5.36016],[-0.6432,5.35852],[-0.64549,5.35778],[-0.64592,5.35697],[-0.6469,5.35722],[-0.64677,5.3582],[-0.64762,5.3585],[-0.64882,5.35685],[-0.64833,5.35449]]}},{"type":"Feature","properties":{},"geometry":{"type":"LineString","coordinates":[[-1.84885,7.38628],[-1.84648,7.38551],[-1.84442,7.38343],[-1.84373,7.38161],[-1.84408,7.37955],[-1.84341,7.37484],[-1.84237,7.37247],[-1.83945,7.36993],[-1.83656,7.36984]]}},{"type":"Feature","properties":{},"geometry":{"type":"LineString","coordinates":[[-1.83656,7.36984],[-1.83653,7.36981]]}},{"type":"Feature","properties":{},"geometry":{"type":"LineString","coordinates":[[-1.83653,7.36981],[-1.83611,7.36926],[-1.83342,7.36889],[-1.82538,7.36483],[-1.82362,7.3637],[-1.82223,7.36121],[-1.81871,7.35883],[-1.8138,7.35755],[-1.80957,7.35544],[-1.80663,7.34717],[-1.80229,7.34384]]}},{"type":"Feature","properties":{},"geometry":{"type":"LineString","coordinates":[[-1.80229,7.34384],[-1.8022,7.34382]]}},{"type":"Feature","properties":{},"geometry":{"type":"LineString","coordinates":[[-1.8022,7.34382],[-1.79554,7.33953],[-1.79202,7.33973],[-1.79005,7.33888],[-1.78585,7.33857],[-1.78358,7.33927]]}},{"type":"Feature","properties":{},"geometry":{"type":"LineString","coordinates":[[-1.76755,7.36506],[-1.76355,7.3644],[-1.76158,7.36564],[-1.76088,7.36653],[-1.76013,7.37234]]}},{"type":"Feature","properties":{},"geometry":{"type":"LineString","coordinates":[[-1.92337,7.42134],[-1.92275,7.41818],[-1.92353,7.41296],[-1.92207,7.40924],[-1.92254,7.40379],[-1.92128,7.40011],[-1.91939,7.39698],[-1.91342,7.39507],[-1.91104,7.39298]]}},{"type":"Feature","properties":{},"geometry":{"type":"LineString","coordinates":[[-1.92339,7.42141],[-1.92337,7.42134]]}},{"type":"Feature","properties":{},"geometry":{"type":"LineString","coordinates":[[-1.95269,7.45867],[-1.95196,7.45524],[-1.94761,7.44945],[-1.94394,7.44643],[-1.94211,7.44569],[-1.94072,7.44339],[-1.93956,7.44318],[-1.93632,7.43877],[-1.9334,7.43318],[-1.9263,7.42656],[-1.92385,7.4232],[-1.92339,7.42141]]}},{"type":"Feature","properties":{},"geometry":{"type":"LineString","coordinates":[[-1.95269,7.45867],[-1.95855,7.45792],[-1.9618,7.45888],[-1.965,7.46072],[-1.9704,7.46208]]}},{"type":"Feature","properties":{},"geometry":{"type":"LineString","coordinates":[[-1.9704,7.46208],[-1.97058,7.46213]]}},{"type":"Feature","properties":{},"geometry":{"type":"LineString","coordinates":[[-2.03571,7.45639],[-2.03831,7.45677],[-2.03912,7.45748],[-2.04228,7.45765],[-2.04792,7.45658],[-2.05103,7.45486],[-2.05427,7.45592],[-2.05708,7.4549],[-2.05732,7.45392],[-2.06052,7.45424],[-2.06395,7.45639],[-2.06513,7.45516],[-2.07056,7.45618],[-2.07197,7.45773],[-2.07489,7.45565],[-2.08021,7.45737],[-2.08086,7.45673],[-2.08745,7.45807],[-2.09101,7.45988],[-2.09341,7.45926],[-2.09747,7.46222],[-2.09843,7.46137],[-2.1,7.46122],[-2.10238,7.46311],[-2.10669,7.46435],[-2.10938,7.46444]]}},{"type":"Feature","properties":{},"geometry":{"type":"LineString","coordinates":[[-1.91544,7.48242],[-1.91747,7.48171],[-1.92189,7.47858],[-1.92436,7.4748],[-1.93166,7.46996],[-1.93748,7.46737],[-1.94197,7.46685]]}},{"type":"Feature","properties":{},"geometry":{"type":"LineString","coordinates":[[-1.95091,7.52944],[-1.94937,7.52525],[-1.94737,7.5237],[-1.94608,7.52163],[-1.93787,7.51699],[-1.93724,7.51587],[-1.93655,7.51126],[-1.93795,7.50288],[-1.93774,7.49809],[-1.93462,7.48958],[-1.93355,7.48418],[-1.93409,7.48039],[-1.93635,7.47566],[-1.93949,7.47309],[-1.94212,7.46892],[-1.94205,7.46467],[-1.94372,7.46262],[-1.95171,7.45838],[-1.95269,7.45867]]}},{"type":"Feature","properties":{},"geometry":{"type":"LineString","coordinates":[[-1.95102,7.52955],[-1.95091,7.52944]]}},{"type":"Feature","properties":{},"geometry":{"type":"LineString","coordinates":[[-1.9537,7.60389],[-1.95583,7.59736],[-1.95313,7.5925],[-1.95215,7.58614],[-1.95057,7.58432],[-1.9505,7.58154],[-1.94906,7.57736],[-1.95118,7.57324],[-1.95102,7.5708],[-1.95013,7.56935],[-1.95058,7.56726],[-1.9521,7.56605],[-1.9527,7.56234],[-1.95519,7.55906],[-1.95424,7.55678],[-1.95538,7.55446],[-1.95513,7.55026],[-1.95587,7.54325],[-1.95384,7.5386],[-1.95241,7.53695],[-1.952,7.53088],[-1.95102,7.52955]]}},{"type":"Feature","properties":{},"geometry":{"type":"LineString","coordinates":[[-1.94664,7.592],[-1.95274,7.58991]]}},{"type":"Feature","properties":{},"geometry":{"type":"LineString","coordinates":[[-1.94359,7.58418],[-1.94757,7.58206],[-1.9505,7.58154]]}},{"type":"Feature","properties":{},"geometry":{"type":"LineString","coordinates":[[-1.94089,7.58466],[-1.941,7.5846]]}},{"type":"Feature","properties":{},"geometry":{"type":"LineString","coordinates":[[-1.94085,7.58482],[-1.94089,7.58466]]}},{"type":"Feature","properties":{},"geometry":{"type":"LineString","coordinates":[[-1.94074,7.58483],[-1.94085,7.58482]]}},{"type":"Feature","properties":{},"geometry":{"type":"LineString","coordinates":[[-1.93733,7.58544],[-1.93749,7.58537]]}},{"type":"Feature","properties":{},"geometry":{"type":"LineString","coordinates":[[-1.93665,7.58584],[-1.93733,7.58544]]}},{"type":"Feature","properties":{},"geometry":{"type":"LineString","coordinates":[[-1.93749,7.58537],[-1.94074,7.58483]]}},{"type":"Feature","properties":{},"geometry":{"type":"LineString","coordinates":[[-1.9365,7.56423],[-1.93666,7.56423]]}},{"type":"Feature","properties":{},"geometry":{"type":"LineString","coordinates":[[-1.92362,7.55907],[-1.92757,7.56153],[-1.9341,7.56424],[-1.9365,7.56423]]}},{"type":"Feature","properties":{},"geometry":{"type":"LineString","coordinates":[[-1.93666,7.56423],[-1.94388,7.56535],[-1.94894,7.5649],[-1.95086,7.56382],[-1.95232,7.56388]]}},{"type":"Feature","properties":{},"geometry":{"type":"LineString","coordinates":[[-1.85926,7.46725],[-1.85919,7.46738]]}},{"type":"Feature","properties":{},"geometry":{"type":"LineString","coordinates":[[-1.85919,7.46738],[-1.85917,7.4674]]}},{"type":"Feature","properties":{},"geometry":{"type":"LineString","coordinates":[[-1.85917,7.4674],[-1.85835,7.4706],[-1.85973,7.47337],[-1.86157,7.4735],[-1.86461,7.47484],[-1.86641,7.47756],[-1.86864,7.47916],[-1.87785,7.48345],[-1.88035,7.48532],[-1.8853,7.48634]]}},{"type":"Feature","properties":{},"geometry":{"type":"LineString","coordinates":[[-1.8853,7.48634],[-1.88536,7.48634]]}},{"type":"Feature","properties":{},"geometry":{"type":"LineString","coordinates":[[-1.88536,7.48634],[-1.8919,7.48681],[-1.89518,7.48576],[-1.8992,7.48719],[-1.90398,7.48602],[-1.90719,7.48621],[-1.91136,7.48504],[-1.91535,7.48247]]}},{"type":"Feature","properties":{},"geometry":{"type":"LineString","coordinates":[[-1.91535,7.48247],[-1.91544,7.48242]]}},{"type":"Feature","properties":{},"geometry":{"type":"LineString","coordinates":[[-1.6553,6.21524],[-1.65505,6.21731]]}},{"type":"Feature","properties":{},"geometry":{"type":"LineString","coordinates":[[-1.65529,6.21517],[-1.6553,6.21524]]}},{"type":"Feature","properties":{},"geometry":{"type":"LineString","coordinates":[[-1.6559,6.20948],[-1.65686,6.21055],[-1.65529,6.21517]]}},{"type":"Feature","properties":{},"geometry":{"type":"LineString","coordinates":[[-1.68344,6.20764],[-1.68238,6.20862],[-1.68088,6.20866],[-1.6779,6.21089]]}},{"type":"Feature","properties":{},"geometry":{"type":"LineString","coordinates":[[-1.69314,6.20926],[-1.6915,6.20808],[-1.6875,6.20694],[-1.68371,6.20739]]}},{"type":"Feature","properties":{},"geometry":{"type":"LineString","coordinates":[[-1.69322,6.20937],[-1.69314,6.20926]]}},{"type":"Feature","properties":{},"geometry":{"type":"LineString","coordinates":[[-1.70613,6.19285],[-1.70484,6.19395],[-1.70252,6.19881],[-1.69966,6.19914],[-1.69883,6.19993],[-1.69724,6.20606],[-1.69602,6.2071],[-1.69491,6.20944],[-1.69322,6.20937]]}},{"type":"Feature","properties":{},"geometry":{"type":"LineString","coordinates":[[-1.70625,6.19281],[-1.70613,6.19285]]}},{"type":"Feature","properties":{},"geometry":{"type":"LineString","coordinates":[[-1.70689,6.19209],[-1.70625,6.19281]]}},{"type":"Feature","properties":{},"geometry":{"type":"LineString","coordinates":[[-1.70705,6.1921],[-1.70689,6.19209]]}},{"type":"Feature","properties":{},"geometry":{"type":"LineString","coordinates":[[-1.71119,6.18149],[-1.71152,6.1826],[-1.71072,6.18437],[-1.70911,6.18522],[-1.70993,6.18665],[-1.70911,6.18857],[-1.7102,6.19097],[-1.70797,6.19018],[-1.70705,6.1921]]}},{"type":"Feature","properties":{},"geometry":{"type":"LineString","coordinates":[[-1.71114,6.18146],[-1.71119,6.18149]]}},{"type":"Feature","properties":{},"geometry":{"type":"LineString","coordinates":[[-1.70833,6.17798],[-1.70944,6.17906],[-1.70971,6.18068],[-1.71114,6.18146]]}},{"type":"Feature","properties":{},"geometry":{"type":"LineString","coordinates":[[-1.70848,6.2041],[-1.7085,6.20432]]}},{"type":"Feature","properties":{},"geometry":{"type":"LineString","coordinates":[[-1.70848,6.20394],[-1.70848,6.2041]]}},{"type":"Feature","properties":{},"geometry":{"type":"LineString","coordinates":[[-1.70454,6.202],[-1.70478,6.20215]]}},{"type":"Feature","properties":{},"geometry":{"type":"LineString","coordinates":[[-1.70478,6.20215],[-1.70848,6.20394]]}},{"type":"Feature","properties":{},"geometry":{"type":"LineString","coordinates":[[-1.70287,6.19837],[-1.70454,6.202]]}},{"type":"Feature","properties":{},"geometry":{"type":"LineString","coordinates":[[-1.64983,6.20323],[-1.65352,6.20345],[-1.65432,6.20289]]}},{"type":"Feature","properties":{},"geometry":{"type":"LineString","coordinates":[[-0.12473,8.27256],[-0.14346,8.27283],[-0.14426,8.2732],[-0.14447,8.27417],[-0.14559,8.27417],[-0.14745,8.27537]]}},{"type":"Feature","properties":{"name":"Deben"},"geometry":{"type":"LineString","coordinates":[[-0.09422,8.05389],[-0.0974,8.05348],[-0.09852,8.05447],[-0.10117,8.05347],[-0.10303,8.05446],[-0.10454,8.05333],[-0.10747,8.05411],[-0.1092,8.05266],[-0.1133,8.05252],[-0.1204,8.05108],[-0.14512,8.04387],[-0.14836,8.04119],[-0.14988,8.03877],[-0.14971,8.03486],[-0.1477,8.03048]]}},{"type":"Feature","properties":{"name":"Gje"},"geometry":{"type":"LineString","coordinates":[[-0.19813,8.08605],[-0.19994,8.08496],[-0.20099,8.08281],[-0.20366,8.08069],[-0.20555,8.07647],[-0.2065,8.06785],[-0.20791,8.06339],[-0.21805,8.04848],[-0.22573,8.03866]]}},{"type":"Feature","properties":{"name":"Monkorobon"},"geometry":{"type":"LineString","coordinates":[[-0.27811,8.15506],[-0.28455,8.14913],[-0.29148,8.14553],[-0.29469,8.1186]]}},{"type":"Feature","properties":{},"geometry":{"type":"LineString","coordinates":[[-0.25745,8.1223],[-0.26097,8.11948],[-0.27319,8.10176]]}},{"type":"Feature","properties":{},"geometry":{"type":"LineString","coordinates":[[-0.77456,6.19776],[-0.77808,6.19507],[-0.7779,6.19377],[-0.78022,6.19153],[-0.77946,6.19057]]}},{"type":"Feature","properties":{},"geometry":{"type":"LineString","coordinates":[[-1.85321,5.6915],[-1.85425,5.69125],[-1.85632,5.692],[-1.85777,5.68929],[-1.859,5.68873],[-1.85829,5.68879],[-1.85833,5.68822],[-1.86206,5.68789],[-1.86171,5.68662],[-1.86337,5.68669],[-1.86305,5.68477],[-1.86484,5.68402],[-1.86773,5.6815],[-1.87007,5.6811],[-1.87074,5.68152],[-1.87273,5.67991],[-1.87324,5.68075],[-1.87419,5.68041],[-1.87522,5.67931],[-1.87465,5.67804],[-1.87568,5.67804],[-1.87614,5.67731],[-1.87728,5.67747],[-1.87924,5.6738],[-1.88282,5.67353],[-1.88234,5.67269],[-1.88365,5.67321],[-1.88372,5.67229],[-1.88497,5.67299],[-1.88473,5.67091],[-1.88589,5.6709],[-1.88653,5.66937],[-1.88762,5.66916],[-1.88735,5.66737],[-1.88918,5.66664],[-1.89097,5.66837],[-1.89078,5.66746],[-1.89157,5.66715],[-1.89127,5.66662],[-1.89277,5.66462],[-1.89383,5.66461],[-1.89646,5.66739],[-1.89856,5.66699],[-1.89833,5.66785],[-1.89944,5.66808],[-1.89986,5.66978],[-1.89886,5.66908],[-1.89844,5.66988],[-1.89885,5.67054],[-1.89993,5.67023],[-1.9004,5.67073],[-1.90243,5.66904],[-1.90517,5.67063],[-1.90823,5.67117],[-1.91045,5.67078],[-1.91111,5.67031],[-1.91122,5.66904]]}},{"type":"Feature","properties":{},"geometry":{"type":"LineString","coordinates":[[-1.92114,5.60768],[-1.92098,5.60694],[-1.92296,5.60714]]}},{"type":"Feature","properties":{},"geometry":{"type":"LineString","coordinates":[[-1.92134,5.62718],[-1.92165,5.6264],[-1.91967,5.62627],[-1.91971,5.62478],[-1.92008,5.62397],[-1.92067,5.62487],[-1.92125,5.62448],[-1.92115,5.62278],[-1.92329,5.62216],[-1.92278,5.62067],[-1.92309,5.61898],[-1.92217,5.61846],[-1.9233,5.61815],[-1.92339,5.61753],[-1.92124,5.61471],[-1.92109,5.61235],[-1.92027,5.61134],[-1.92137,5.60945],[-1.92114,5.60768],[-1.91967,5.60727],[-1.91914,5.60628],[-1.91773,5.60689],[-1.91849,5.60734],[-1.91797,5.608],[-1.91677,5.60791]]}},{"type":"Feature","properties":{},"geometry":{"type":"LineString","coordinates":[[-0.82598,6.15039],[-0.82838,6.15202]]}},{"type":"Feature","properties":{},"geometry":{"type":"LineString","coordinates":[[-2.33569,7.32527],[-2.3347,7.32369],[-2.33573,7.32256],[-2.33512,7.32039]]}},{"type":"Feature","properties":{},"geometry":{"type":"LineString","coordinates":[[-2.33569,7.32532],[-2.33569,7.32527]]}},{"type":"Feature","properties":{},"geometry":{"type":"LineString","coordinates":[[-2.33603,7.32718],[-2.33569,7.32532]]}},{"type":"Feature","properties":{},"geometry":{"type":"LineString","coordinates":[[-2.75287,5.83485],[-2.75177,5.83329]]}},{"type":"Feature","properties":{},"geometry":{"type":"LineString","coordinates":[[-2.76306,5.8389],[-2.76289,5.8384]]}},{"type":"Feature","properties":{},"geometry":{"type":"LineString","coordinates":[[-2.76382,5.83831],[-2.76316,5.83737]]}},{"type":"Feature","properties":{},"geometry":{"type":"LineString","coordinates":[[-2.7634,5.84007],[-2.76295,5.8389]]}},{"type":"Feature","properties":{},"geometry":{"type":"LineString","coordinates":[[-1.68682,6.21139],[-1.68881,6.21082],[-1.68969,6.20975],[-1.69153,6.20989]]}},{"type":"Feature","properties":{},"geometry":{"type":"LineString","coordinates":[[-1.67986,6.213],[-1.68297,6.21371]]}},{"type":"Feature","properties":{},"geometry":{"type":"LineString","coordinates":[[-1.68213,6.21874],[-1.68297,6.21371]]}},{"type":"Feature","properties":{},"geometry":{"type":"LineString","coordinates":[[-1.73488,6.04968],[-1.7349,6.04969]]}},{"type":"Feature","properties":{},"geometry":{"type":"LineString","coordinates":[[-1.68745,6.10914],[-1.68704,6.10694],[-1.68609,6.1073],[-1.68576,6.10682],[-1.68865,6.10217],[-1.68838,6.10065],[-1.68659,6.09989],[-1.6878,6.09821],[-1.68747,6.09626],[-1.68825,6.09636],[-1.68787,6.09557],[-1.68999,6.09364],[-1.68999,6.09309],[-1.68936,6.09305],[-1.69224,6.08579],[-1.69306,6.08499],[-1.69351,6.08539],[-1.69457,6.08488],[-1.69638,6.08269],[-1.6992,6.08168],[-1.69791,6.08084],[-1.69902,6.08017],[-1.69979,6.07805],[-1.70089,6.07745],[-1.70033,6.07716],[-1.70034,6.07608],[-1.70079,6.07661],[-1.70191,6.07637],[-1.70232,6.07553],[-1.70487,6.07493],[-1.7071,6.07537],[-1.70797,6.07367],[-1.70896,6.07408],[-1.70967,6.07323],[-1.71038,6.07362],[-1.71213,6.07264],[-1.71252,6.07129],[-1.7158,6.0678],[-1.71456,6.06609],[-1.71489,6.06526],[-1.71669,6.06465],[-1.71731,6.06373],[-1.71911,6.05835],[-1.72021,6.05736],[-1.71998,6.05587],[-1.72085,6.05443],[-1.71987,6.05418],[-1.72095,6.05298],[-1.72246,6.05304],[-1.72314,6.05417],[-1.72362,6.05376],[-1.72441,6.0543],[-1.72448,6.05321],[-1.73109,6.05055],[-1.73294,6.04883],[-1.73373,6.04857],[-1.73488,6.04968]]}},{"type":"Feature","properties":{},"geometry":{"type":"LineString","coordinates":[[-2.33512,7.32039],[-2.33478,7.32027]]}},{"type":"Feature","properties":{},"geometry":{"type":"LineString","coordinates":[[-2.33478,7.32027],[-2.33311,7.31808]]}},{"type":"Feature","properties":{},"geometry":{"type":"LineString","coordinates":[[-2.33016,7.31398],[-2.33113,7.31474],[-2.33068,7.31516],[-2.33138,7.31552],[-2.33148,7.31656]]}},{"type":"Feature","properties":{},"geometry":{"type":"LineString","coordinates":[[-0.73377,5.31735],[-0.73382,5.31452],[-0.73549,5.31463],[-0.73349,5.31286],[-0.73148,5.31328],[-0.732,5.31144],[-0.73022,5.30909],[-0.72969,5.30484],[-0.72704,5.30527],[-0.72741,5.30365],[-0.72911,5.30279],[-0.7287,5.30215],[-0.7273,5.30201],[-0.72702,5.30114],[-0.7305,5.29896],[-0.73114,5.29722],[-0.73049,5.29664]]}},{"type":"Feature","properties":{},"geometry":{"type":"LineString","coordinates":[[-0.80614,10.95968],[-0.80922,10.95932],[-0.81035,10.9602],[-0.81172,10.95964],[-0.81535,10.96095]]}},{"type":"Feature","properties":{},"geometry":{"type":"LineString","coordinates":[[-0.82994,10.98015],[-0.83234,10.97902],[-0.83307,10.97779],[-0.8326,10.97672],[-0.83341,10.9761]]}},{"type":"Feature","properties":{},"geometry":{"type":"LineString","coordinates":[[-1.24122,10.79523],[-1.24076,10.79344],[-1.2351,10.79014],[-1.23308,10.78555],[-1.22877,10.78215],[-1.22779,10.77824],[-1.22579,10.77644],[-1.22536,10.77475],[-1.22365,10.77412],[-1.22297,10.77205],[-1.21776,10.76936],[-1.21727,10.77172],[-1.21569,10.76963],[-1.21426,10.76508],[-1.21237,10.76203],[-1.21077,10.76075],[-1.21079,10.75894],[-1.20949,10.7583],[-1.20858,10.75635],[-1.20881,10.75441],[-1.2103,10.75292],[-1.20975,10.75212],[-1.21021,10.75038],[-1.20818,10.74589],[-1.20841,10.74501],[-1.20708,10.74358],[-1.20803,10.74156],[-1.20732,10.73987],[-1.20559,10.7391],[-1.20564,10.73651],[-1.20486,10.73429],[-1.20274,10.73367],[-1.20248,10.73427],[-1.20116,10.73297],[-1.19999,10.73319],[-1.20048,10.73242],[-1.19944,10.73208],[-1.19885,10.73312],[-1.19757,10.73339],[-1.19755,10.73132],[-1.19623,10.73057],[-1.19701,10.72882],[-1.19615,10.72798],[-1.19341,10.72715],[-1.1915,10.72745],[-1.19,10.72637],[-1.18897,10.72639],[-1.18869,10.72533],[-1.18782,10.72542],[-1.18745,10.7247],[-1.18813,10.72417],[-1.18756,10.72287],[-1.18813,10.72268],[-1.18819,10.72163],[-1.18684,10.72103],[-1.18757,10.71562],[-1.1865,10.71483],[-1.18686,10.71391],[-1.18618,10.7138],[-1.1855,10.71243],[-1.18622,10.71094],[-1.1857,10.71075]]}},{"type":"Feature","properties":{"name":"Agrumatue"},"geometry":{"type":"LineString","coordinates":[[-0.85764,10.74054],[-0.85981,10.74011],[-0.86102,10.73815],[-0.86261,10.73743],[-0.86625,10.73895],[-0.86649,10.74016],[-0.86729,10.73974],[-0.86959,10.74029],[-0.87243,10.74313],[-0.87369,10.74277],[-0.87512,10.73986],[-0.87864,10.7394],[-0.88019,10.73817],[-0.88048,10.73536],[-0.87997,10.73496],[-0.88105,10.73426],[-0.88086,10.73285],[-0.88233,10.73058],[-0.88159,10.72938],[-0.88428,10.72798],[-0.88605,10.72895],[-0.8873,10.7279],[-0.88817,10.72836],[-0.88866,10.72766],[-0.88935,10.72832],[-0.89261,10.72496],[-0.89426,10.72437],[-0.89367,10.72329],[-0.89485,10.72222],[-0.8962,10.71853],[-0.90085,10.71687],[-0.90143,10.71348],[-0.90084,10.71226],[-0.90195,10.70912],[-0.90145,10.70752],[-0.90222,10.70564],[-0.90437,10.70409],[-0.90294,10.70254],[-0.90161,10.69937],[-0.90201,10.69795],[-0.90078,10.69376],[-0.90213,10.6913],[-0.9017,10.69032],[-0.9028,10.6903],[-0.90379,10.68892],[-0.90667,10.68833],[-0.90584,10.68764],[-0.90687,10.68755],[-0.90722,10.68662],[-0.90841,10.68689],[-0.90852,10.68505],[-0.90768,10.68385],[-0.90976,10.6783],[-0.91684,10.66771],[-0.91663,10.66539],[-0.91547,10.66331],[-0.91682,10.65738],[-0.91558,10.65339],[-0.91564,10.65185],[-0.91665,10.65189],[-0.91678,10.6512],[-0.91667,10.64614],[-0.91699,10.64549],[-0.92302,10.64346],[-0.92322,10.63956],[-0.9247,10.63572],[-0.92549,10.63066],[-0.92951,10.6306],[-0.93053,10.63005],[-0.93212,10.62803],[-0.93464,10.62639],[-0.93785,10.62135],[-0.94104,10.62068],[-0.94335,10.6187],[-0.94421,10.6168]]}},{"type":"Feature","properties":{"name":"Agrumatue"},"geometry":{"type":"LineString","coordinates":[[-0.8111,10.81833],[-0.81181,10.81713],[-0.81172,10.81567],[-0.81365,10.81241],[-0.81342,10.81055],[-0.81612,10.80913],[-0.82198,10.8091],[-0.82593,10.80228],[-0.82777,10.80174],[-0.82796,10.80063],[-0.82893,10.7998],[-0.82996,10.79647],[-0.83182,10.79442],[-0.83111,10.79236],[-0.83791,10.78801],[-0.83922,10.78528],[-0.84159,10.78345],[-0.84189,10.78293],[-0.84051,10.78032],[-0.84087,10.77954],[-0.84211,10.77857],[-0.84466,10.7788],[-0.84545,10.77823],[-0.84576,10.77734],[-0.84431,10.77558],[-0.84484,10.77365],[-0.84624,10.77262],[-0.84499,10.77067],[-0.8465,10.76811],[-0.85226,10.76665],[-0.85425,10.76887],[-0.85486,10.76869],[-0.8542,10.76501],[-0.85472,10.76387],[-0.85627,10.76294],[-0.85702,10.75904],[-0.85468,10.75735],[-0.85407,10.75622],[-0.85621,10.75346],[-0.85575,10.75207],[-0.85716,10.7501],[-0.85591,10.74908],[-0.85648,10.74709],[-0.85598,10.74411],[-0.8583,10.74277],[-0.85714,10.74165],[-0.85764,10.74054]]}},{"type":"Feature","properties":{"name":"Atamore"},"geometry":{"type":"LineString","coordinates":[[-0.94421,10.6168],[-0.94477,10.61296],[-0.94627,10.61144],[-0.94607,10.60907],[-0.948,10.60687],[-0.94978,10.60658],[-0.95052,10.60581],[-0.95201,10.60158],[-0.95085,10.59809],[-0.94871,10.5954],[-0.94875,10.59441],[-0.94997,10.59236],[-0.9553,10.58819],[-0.95464,10.58595],[-0.95495,10.58409],[-0.95375,10.58207],[-0.95621,10.57892],[-0.95656,10.57753],[-0.95591,10.57251],[-0.95506,10.57127],[-0.95375,10.57062],[-0.94982,10.57036],[-0.94922,10.5692],[-0.9492,10.56564],[-0.94729,10.56338],[-0.94578,10.55914],[-0.94596,10.55566],[-0.9449,10.55445],[-0.93972,10.55273],[-0.9353,10.55011],[-0.93457,10.54872],[-0.93298,10.54775],[-0.93314,10.54509],[-0.9324,10.54361],[-0.93274,10.5394],[-0.9351,10.53623],[-0.93476,10.53319],[-0.93562,10.53209],[-0.93688,10.53193],[-0.93597,10.53147],[-0.9363,10.52912],[-0.93528,10.52855],[-0.93633,10.52594]]}},{"type":"Feature","properties":{"name":"White Volta"},"geometry":{"type":"LineString","coordinates":[[-0.66743,10.52665],[-0.67036,10.52523],[-0.67421,10.52453],[-0.67925,10.52545],[-0.68223,10.52686],[-0.68695,10.53074],[-0.68655,10.537],[-0.68699,10.54008],[-0.6878,10.54156],[-0.68944,10.54213],[-0.69331,10.54138],[-0.69583,10.53844],[-0.70133,10.53398],[-0.70213,10.53088],[-0.70217,10.52515],[-0.70404,10.52329],[-0.70569,10.52287],[-0.71073,10.52379],[-0.71504,10.52784],[-0.71615,10.52989],[-0.71681,10.53396],[-0.71529,10.53782],[-0.71139,10.54098],[-0.70597,10.54322],[-0.70122,10.55054],[-0.68965,10.5612],[-0.68741,10.56396],[-0.68611,10.56705],[-0.68839,10.57008],[-0.68855,10.57422],[-0.69195,10.5808],[-0.69343,10.58766],[-0.69507,10.58969],[-0.7049,10.59711],[-0.71346,10.59919],[-0.7184,10.60537],[-0.71945,10.60983],[-0.7182,10.61533],[-0.71607,10.61698],[-0.71175,10.61611],[-0.70818,10.61722],[-0.70655,10.61977],[-0.70633,10.62209],[-0.7091,10.6269],[-0.71086,10.63828],[-0.71174,10.64047],[-0.71812,10.64516],[-0.72269,10.65045],[-0.72612,10.65154],[-0.73162,10.65119],[-0.7449,10.64587],[-0.74784,10.64547],[-0.75282,10.64022],[-0.75482,10.6398],[-0.75819,10.64019],[-0.76489,10.64251],[-0.76807,10.64451],[-0.7725,10.64955],[-0.77755,10.65204],[-0.78444,10.651],[-0.79048,10.65198],[-0.79456,10.65022],[-0.79682,10.6445],[-0.79616,10.62679],[-0.7954,10.62231],[-0.79607,10.62082],[-0.79752,10.61918],[-0.79957,10.61872],[-0.80245,10.61671],[-0.80897,10.61031],[-0.8141,10.60751],[-0.8162,10.60417],[-0.81792,10.6031],[-0.82746,10.59928],[-0.83766,10.60115],[-0.84149,10.58624],[-0.84111,10.57765],[-0.84327,10.57403]]}},{"type":"Feature","properties":{"name":"White Volta"},"geometry":{"type":"LineString","coordinates":[[-0.93633,10.52594],[-0.94226,10.52827],[-0.94417,10.53024],[-0.94776,10.53245],[-0.95118,10.53217],[-0.95508,10.52813],[-0.95901,10.52822],[-0.96149,10.52986],[-0.96404,10.53539],[-0.96596,10.53638],[-0.96851,10.5351],[-0.98057,10.53175],[-0.98887,10.53345],[-0.99186,10.53505],[-0.99992,10.53437],[-1.00493,10.53715],[-1.00998,10.5374],[-1.0158,10.53407],[-1.0231,10.53175],[-1.02799,10.52855],[-1.03141,10.52773],[-1.03333,10.52661],[-1.03557,10.52196],[-1.04133,10.52015],[-1.04325,10.51336],[-1.04485,10.51215],[-1.04873,10.51076],[-1.04993,10.50962],[-1.05358,10.49931],[-1.05557,10.49749],[-1.05757,10.49677],[-1.06376,10.49722],[-1.06548,10.49678],[-1.06837,10.49389],[-1.07009,10.49028],[-1.07183,10.48845]]}},{"type":"Feature","properties":{"name":"Asibelika"},"geometry":{"type":"LineString","coordinates":[[-1.11568,10.67752],[-1.1152,10.67586],[-1.11391,10.67521],[-1.11271,10.67538],[-1.11252,10.67638],[-1.11086,10.67641],[-1.10705,10.67495],[-1.10525,10.67514],[-1.10517,10.6737],[-1.10414,10.67379],[-1.09663,10.67996],[-1.09685,10.68176],[-1.09545,10.68338],[-1.09552,10.68529],[-1.09429,10.68699],[-1.0935,10.68712],[-1.09333,10.68517],[-1.09196,10.68402],[-1.09173,10.68144],[-1.09433,10.67926],[-1.09452,10.67805],[-1.09168,10.67377],[-1.09054,10.66717],[-1.08788,10.66421],[-1.08717,10.66227],[-1.0831,10.66208],[-1.08256,10.65979],[-1.08103,10.65763],[-1.08153,10.65218],[-1.08265,10.65108],[-1.08392,10.65195],[-1.08341,10.65409],[-1.08727,10.65447],[-1.0892,10.65191],[-1.09127,10.65147],[-1.09468,10.64781],[-1.09993,10.64621],[-1.10414,10.64835],[-1.10564,10.6483],[-1.10789,10.6516],[-1.10954,10.65247],[-1.11081,10.65179],[-1.11305,10.64817],[-1.11348,10.64224],[-1.11176,10.64104],[-1.11043,10.63792],[-1.10769,10.63733],[-1.10561,10.63593],[-1.10646,10.63121],[-1.10614,10.62807],[-1.1078,10.62819],[-1.10807,10.62474],[-1.1046,10.61974],[-1.10035,10.61788],[-1.0982,10.61453]]}},{"type":"Feature","properties":{},"geometry":{"type":"LineString","coordinates":[[-1.21476,10.85753],[-1.21058,10.8586],[-1.20955,10.86099],[-1.20651,10.86214],[-1.20426,10.86426],[-1.19714,10.86278],[-1.19396,10.86708],[-1.19455,10.86917],[-1.1921,10.87041],[-1.18985,10.87036],[-1.1865,10.87299]]}},{"type":"Feature","properties":{},"geometry":{"type":"LineString","coordinates":[[-1.28648,10.71198],[-1.28487,10.71338],[-1.28446,10.71524],[-1.2815,10.71827],[-1.28127,10.71999],[-1.27786,10.72171],[-1.27707,10.72748],[-1.27374,10.72908],[-1.27179,10.72921],[-1.27033,10.73084],[-1.26665,10.73047],[-1.26409,10.73093],[-1.26225,10.72999],[-1.26167,10.72809],[-1.25995,10.72717],[-1.25812,10.72788],[-1.25395,10.72668],[-1.25247,10.72689]]}},{"type":"Feature","properties":{},"geometry":{"type":"LineString","coordinates":[[-0.44088,10.72971],[-0.44131,10.73434],[-0.44366,10.73855],[-0.4445,10.73893],[-0.44531,10.74139],[-0.44582,10.74624],[-0.44449,10.74766],[-0.44406,10.74973],[-0.44319,10.74921],[-0.44285,10.75046],[-0.44066,10.75038],[-0.43898,10.75268],[-0.43804,10.75541],[-0.43635,10.7567],[-0.43448,10.75622],[-0.43318,10.75793],[-0.43305,10.75962],[-0.43182,10.75987],[-0.43088,10.7615],[-0.42997,10.76118],[-0.42934,10.76211],[-0.42657,10.76261],[-0.42557,10.7624],[-0.42564,10.76127],[-0.42292,10.76155],[-0.4225,10.7623],[-0.4206,10.76284],[-0.42091,10.76325],[-0.41966,10.76436],[-0.41785,10.76394],[-0.4146,10.7668],[-0.41375,10.76663],[-0.41117,10.76817],[-0.40989,10.769],[-0.40908,10.77052],[-0.40772,10.77042],[-0.40301,10.77232],[-0.39992,10.77181],[-0.39965,10.77233],[-0.39801,10.77158],[-0.39731,10.7706],[-0.39747,10.76927],[-0.3944,10.7687],[-0.39333,10.76937],[-0.38871,10.76339],[-0.38573,10.76215],[-0.38283,10.75971],[-0.37942,10.75864],[-0.37772,10.75525],[-0.37763,10.75333],[-0.37577,10.7507]]}},{"type":"Feature","properties":{},"geometry":{"type":"LineString","coordinates":[[-0.38245,10.92507],[-0.38093,10.92526],[-0.38129,10.92441],[-0.37979,10.92409],[-0.38018,10.92349],[-0.37976,10.92318]]}},{"type":"Feature","properties":{},"geometry":{"type":"LineString","coordinates":[[-0.39342,10.86413],[-0.39198,10.863],[-0.39212,10.86209],[-0.39608,10.85701],[-0.39557,10.85609]]}},{"type":"Feature","properties":{"name":"Volta"},"geometry":{"type":"LineString","coordinates":[[-0.69508,8.33191],[-0.67025,8.31152],[-0.64717,8.28185],[-0.61603,8.25865],[-0.57296,8.22287],[-0.54893,8.20019],[-0.51507,8.17598],[-0.49799,8.16697],[-0.43576,8.13894]]}},{"type":"Feature","properties":{"name":"Volta"},"geometry":{"type":"LineString","coordinates":[[-0.34635,8.12194],[-0.31937,8.12453],[-0.29684,8.12012],[-0.27746,8.10638],[-0.25755,8.08485]]}},{"type":"Feature","properties":{"name":"Volta"},"geometry":{"type":"LineString","coordinates":[[-0.98262,8.64782],[-0.97893,8.6464],[-0.97436,8.64669],[-0.95371,8.65451],[-0.94682,8.65438],[-0.94246,8.65211],[-0.93407,8.63924],[-0.91729,8.62205],[-0.90637,8.59528],[-0.90137,8.58824],[-0.8929,8.57949],[-0.88775,8.56736],[-0.88427,8.56078],[-0.87599,8.55017],[-0.8674,8.52959]]}},{"type":"Feature","properties":{"name":"Daka"},"geometry":{"type":"LineString","coordinates":[[-0.14836,8.27331],[-0.15211,8.26596],[-0.1535,8.2646],[-0.16127,8.26245],[-0.16239,8.26145],[-0.164,8.25732],[-0.16505,8.2563],[-0.17158,8.25458],[-0.17301,8.2529],[-0.17323,8.24938],[-0.16973,8.23806],[-0.1702,8.23448],[-0.17107,8.23284],[-0.1761,8.2309],[-0.17808,8.23179],[-0.18033,8.23453],[-0.18285,8.2355],[-0.19197,8.23217],[-0.19768,8.22775],[-0.1997,8.22525],[-0.20021,8.22183],[-0.19848,8.21743],[-0.20261,8.21437],[-0.20973,8.21502],[-0.21509,8.21144],[-0.22835,8.20622],[-0.23078,8.20596],[-0.23862,8.20749],[-0.23979,8.20662],[-0.24086,8.20325],[-0.24316,8.20132],[-0.24872,8.20081],[-0.25713,8.20289],[-0.26215,8.20166],[-0.26395,8.20223],[-0.26547,8.20376],[-0.26726,8.20839],[-0.2705,8.22098],[-0.27382,8.22651],[-0.27974,8.23381],[-0.28229,8.23551],[-0.28483,8.23598],[-0.2885,8.2346],[-0.28968,8.23275],[-0.28996,8.23079],[-0.28796,8.21402],[-0.29006,8.20287],[-0.29191,8.19926],[-0.2956,8.19433],[-0.29963,8.19214],[-0.30416,8.19189],[-0.30706,8.19318],[-0.31869,8.2058],[-0.32423,8.20945],[-0.32929,8.2106],[-0.33568,8.21005],[-0.34032,8.20843],[-0.34581,8.20512],[-0.35298,8.19701],[-0.35714,8.18868],[-0.36371,8.14669]]}},{"type":"Feature","properties":{"name":"Black Volta"},"geometry":{"type":"LineString","coordinates":[[-2.23612,8.27863],[-2.23259,8.27105],[-2.22547,8.26376],[-2.22352,8.26298],[-2.21917,8.26401],[-2.21604,8.26055],[-2.21172,8.26063],[-2.21052,8.25986],[-2.20676,8.25398],[-2.20861,8.24923],[-2.20813,8.24467],[-2.21039,8.24343],[-2.21204,8.24142],[-2.20361,8.23118],[-2.19733,8.22728],[-2.19182,8.2226],[-2.18748,8.22077],[-2.17605,8.21893],[-2.17447,8.2177],[-2.1736,8.21607],[-2.16952,8.21398],[-2.16712,8.21153],[-2.16707,8.20693],[-2.16543,8.20311],[-2.16579,8.19907],[-2.16365,8.19213],[-2.16431,8.18703],[-2.16319,8.18407],[-2.16165,8.17427],[-2.16028,8.17314],[-2.15344,8.17187],[-2.15068,8.16988],[-2.1468,8.16446],[-2.14435,8.16232],[-2.14078,8.16227],[-2.13863,8.16115],[-2.1372,8.15487],[-2.13613,8.15303],[-2.13149,8.15058],[-2.12893,8.14849],[-2.12699,8.14803],[-2.12465,8.14839],[-2.12271,8.14951],[-2.12174,8.15105]]}},{"type":"Feature","properties":{"name":"Daka"},"geometry":{"type":"LineString","coordinates":[[-0.14497,8.28621],[-0.14452,8.28301],[-0.14745,8.27537]]}},{"type":"Feature","properties":{"name":"Volta"},"geometry":{"type":"LineString","coordinates":[[0.0321,7.70963],[0.03339,7.67204],[0.03571,7.65965],[0.03974,7.64762],[0.04881,7.63365],[0.06659,7.62339],[0.08386,7.61787],[0.09048,7.60987]]}},{"type":"Feature","properties":{"name":"Volta"},"geometry":{"type":"LineString","coordinates":[[-0.25755,8.08485],[-0.23607,8.05036],[-0.22573,8.03866],[-0.21423,8.02944],[-0.20668,8.0249],[-0.20166,8.0232],[-0.18947,8.02273],[-0.18303,8.02383],[-0.1546,8.0322]]}},{"type":"Feature","properties":{},"geometry":{"type":"LineString","coordinates":[[-0.73656,5.31634],[-0.73637,5.31716],[-0.73558,5.31708],[-0.73543,5.31499]]}},{"type":"Feature","properties":{"name":"Border Northern Region - Savannah Region"},"geometry":{"type":"LineString","coordinates":[[-0.19758,8.54711],[-0.20036,8.54563],[-0.20486,8.5419],[-0.20566,8.54064],[-0.20669,8.53544],[-0.20707,8.52823],[-0.20634,8.52567],[-0.20423,8.52428],[-0.20073,8.52386],[-0.19956,8.52209],[-0.19964,8.52077],[-0.20204,8.5167],[-0.20192,8.51569],[-0.20061,8.51496]]}},{"type":"Feature","properties":{"name":"Oti"},"geometry":{"type":"LineString","coordinates":[[0.08511,8.52627],[0.08641,8.5183],[0.09001,8.50847],[0.09376,8.50122],[0.10058,8.49717],[0.11706,8.4931],[0.12088,8.49069],[0.12367,8.4869],[0.12401,8.48039],[0.12298,8.4744],[0.12086,8.47143],[0.11803,8.47091],[0.10842,8.47125],[0.09318,8.46871],[0.08635,8.46584],[0.08433,8.46386],[0.07931,8.4611]]}},{"type":"Feature","properties":{"name":"Daka"},"geometry":{"type":"LineString","coordinates":[[-0.36371,8.14669],[-0.36,8.13411],[-0.3586,8.13223],[-0.34635,8.12194]]}},{"type":"Feature","properties":{"name":"Daka"},"geometry":{"type":"LineString","coordinates":[[-0.14601,8.28741],[-0.14497,8.28621]]}},{"type":"Feature","properties":{"name":"Volta"},"geometry":{"type":"LineString","coordinates":[[-0.43576,8.13894],[-0.40757,8.12936],[-0.36809,8.12246],[-0.34635,8.12194]]}},{"type":"Feature","properties":{},"geometry":{"type":"LineString","coordinates":[[-0.20061,8.51496],[-0.19466,8.51504],[-0.19406,8.51352],[-0.19436,8.51139],[-0.19596,8.50642],[-0.1951,8.5043],[-0.19363,8.50378],[-0.19105,8.50368],[-0.18933,8.50445],[-0.18787,8.51141],[-0.18685,8.51296],[-0.18506,8.51407],[-0.18311,8.51373],[-0.18157,8.51231],[-0.18007,8.50823],[-0.18078,8.50076],[-0.18406,8.49211],[-0.18503,8.49111],[-0.19007,8.49018],[-0.19129,8.48937],[-0.19507,8.48334]]}},{"type":"Feature","properties":{"name":"Border Northern Region - Savannah Region"},"geometry":{"type":"LineString","coordinates":[[-0.19507,8.48334],[-0.19672,8.48197],[-0.1999,8.48173],[-0.20313,8.48276],[-0.20754,8.48682],[-0.20928,8.48721],[-0.21071,8.48635],[-0.21226,8.48402],[-0.21274,8.48007],[-0.21213,8.47307],[-0.21303,8.46819]]}},{"type":"Feature","properties":{},"geometry":{"type":"LineString","coordinates":[[-0.21303,8.46819],[-0.21892,8.45552]]}},{"type":"Feature","properties":{"name":"Border Northern Region - Savannah Region"},"geometry":{"type":"LineString","coordinates":[[-0.21892,8.45552],[-0.22003,8.45154],[-0.21995,8.44563],[-0.22135,8.43947],[-0.22604,8.42786],[-0.23368,8.41678],[-0.23555,8.4123],[-0.23818,8.39941]]}},{"type":"Feature","properties":{"name":"Border Northern Region - Savannah Region"},"geometry":{"type":"LineString","coordinates":[[-0.30955,9.19354],[-0.30924,9.19252],[-0.31011,9.19291],[-0.3109,9.19169],[-0.30862,9.19027],[-0.31034,9.1896],[-0.31058,9.18828],[-0.30926,9.18868],[-0.30854,9.18822],[-0.30944,9.18631],[-0.30841,9.18209],[-0.3078,9.18165],[-0.30807,9.18082],[-0.30493,9.18097],[-0.30257,9.18038],[-0.30262,9.17901],[-0.29981,9.17871],[-0.29727,9.17732],[-0.29656,9.17544],[-0.2954,9.17563],[-0.29539,9.17641],[-0.29421,9.1764],[-0.29455,9.1737],[-0.29354,9.17238],[-0.29411,9.17082],[-0.29304,9.16753],[-0.29397,9.16707],[-0.29169,9.1649],[-0.29253,9.16354],[-0.29107,9.1629],[-0.29135,9.16086],[-0.28946,9.15996],[-0.29072,9.1576],[-0.29019,9.15719],[-0.29022,9.15479],[-0.28676,9.15515],[-0.287,9.15428],[-0.28508,9.15154],[-0.28481,9.14988],[-0.28524,9.14899],[-0.28658,9.14964],[-0.28726,9.14796],[-0.28559,9.14747],[-0.28488,9.14668],[-0.28521,9.14585],[-0.28186,9.14555],[-0.28386,9.14209],[-0.28205,9.13753],[-0.28074,9.13758],[-0.27966,9.13612],[-0.27856,9.13663],[-0.27743,9.13562],[-0.27669,9.13645],[-0.27586,9.13525],[-0.27475,9.1352],[-0.27513,9.1339],[-0.27176,9.13311],[-0.2718,9.13132],[-0.26955,9.12899],[-0.26842,9.13037],[-0.26727,9.1304],[-0.26653,9.13234],[-0.2659,9.13198],[-0.26609,9.13069],[-0.26501,9.12963],[-0.26147,9.13026],[-0.26078,9.12827],[-0.25702,9.12486],[-0.25527,9.12607],[-0.25347,9.12877],[-0.25082,9.12932],[-0.24966,9.12884],[-0.25057,9.12779],[-0.2504,9.12683],[-0.24714,9.12544],[-0.24744,9.12313],[-0.24398,9.12136],[-0.24247,9.12101],[-0.24125,9.12324],[-0.23874,9.1219],[-0.23707,9.12316],[-0.23639,9.1224],[-0.23523,9.12253],[-0.23414,9.12066],[-0.23258,9.12117],[-0.23063,9.12379],[-0.22868,9.12229],[-0.22677,9.1226],[-0.22555,9.12058],[-0.22346,9.12122],[-0.22309,9.12064],[-0.22412,9.11923],[-0.22289,9.11862],[-0.22269,9.11771],[-0.22202,9.11776],[-0.22177,9.11689],[-0.22313,9.11452],[-0.22206,9.11372],[-0.22248,9.11284],[-0.22163,9.11181],[-0.22082,9.11246],[-0.21907,9.11139],[-0.21948,9.11039],[-0.21864,9.10973],[-0.21854,9.1083],[-0.21611,9.10879],[-0.21593,9.11002],[-0.21405,9.10883],[-0.21263,9.11077],[-0.21115,9.11025],[-0.21022,9.11104],[-0.20875,9.11023],[-0.20637,9.11065],[-0.20602,9.11],[-0.20335,9.10996],[-0.20266,9.10916]]}},{"type":"Feature","properties":{},"geometry":{"type":"LineString","coordinates":[[-0.54703,7.57098],[-0.5443,7.5759],[-0.54207,7.57665],[-0.54127,7.579],[-0.54005,7.58004],[-0.53974,7.58215],[-0.54043,7.5847],[-0.5369,7.58576],[-0.53581,7.58676],[-0.53364,7.58553],[-0.53135,7.58797],[-0.53048,7.59177],[-0.52827,7.59362],[-0.52836,7.59593],[-0.52982,7.60049]]}},{"type":"Feature","properties":{},"geometry":{"type":"LineString","coordinates":[[-1.07044,7.48921],[-1.06957,7.49243],[-1.06714,7.49633],[-1.06845,7.50164],[-1.06764,7.50175],[-1.06726,7.5028],[-1.06431,7.50513],[-1.06014,7.50479],[-1.0571,7.50642],[-1.05636,7.50624],[-1.0526,7.50863],[-1.05063,7.5112],[-1.05016,7.5136],[-1.04531,7.51558],[-1.04432,7.51776],[-1.04466,7.51907],[-1.04387,7.51977],[-1.04523,7.52114],[-1.04355,7.52366],[-1.04274,7.52348],[-1.04243,7.52399],[-1.04308,7.52474],[-1.04081,7.52755],[-1.03921,7.52753],[-1.03869,7.52661],[-1.03777,7.52757],[-1.03558,7.527],[-1.03401,7.52842],[-1.03211,7.5287],[-1.03147,7.52996],[-1.02962,7.53081],[-1.02846,7.53247],[-1.028,7.53218],[-1.02476,7.53402],[-1.02446,7.53319],[-1.02,7.53396],[-1.01797,7.53224],[-1.01485,7.53486],[-1.01379,7.53463],[-1.01154,7.53249],[-1.01053,7.53278],[-1.00973,7.53128],[-1.00748,7.53121],[-1.00765,7.53053],[-1.00593,7.52903],[-1.00364,7.52952],[-1.0023,7.5282],[-1.00143,7.5294],[-0.99976,7.52998],[-0.99888,7.5287],[-0.99722,7.5286],[-0.99691,7.52942],[-0.99504,7.52976],[-0.99361,7.5291],[-0.99211,7.52937],[-0.9915,7.53098],[-0.98987,7.5308],[-0.98979,7.53283],[-0.98757,7.53249],[-0.98668,7.53362],[-0.9835,7.53471],[-0.98244,7.53297],[-0.97945,7.53122],[-0.97926,7.52971],[-0.97767,7.53004],[-0.97605,7.52916],[-0.97584,7.5273],[-0.97661,7.52722],[-0.97707,7.52592],[-0.97634,7.52557],[-0.97649,7.52477],[-0.97517,7.52473],[-0.9741,7.52255],[-0.97287,7.52286],[-0.97212,7.51968],[-0.97013,7.5196],[-0.96903,7.5204],[-0.96896,7.51918],[-0.96694,7.51906],[-0.96691,7.52039],[-0.96531,7.52044],[-0.96482,7.52165],[-0.96364,7.52144],[-0.96435,7.52052],[-0.96401,7.52015],[-0.96167,7.52108],[-0.96163,7.52176],[-0.9599,7.52201],[-0.95987,7.52338],[-0.95763,7.52445],[-0.95735,7.52287],[-0.95559,7.52379],[-0.9542,7.52297],[-0.95319,7.52352],[-0.95256,7.5233],[-0.95273,7.52186],[-0.9514,7.52186],[-0.95058,7.51995],[-0.94982,7.52067],[-0.94905,7.52024],[-0.94822,7.52072],[-0.94806,7.51875],[-0.94561,7.519],[-0.94354,7.51724],[-0.94208,7.51736],[-0.94039,7.51581],[-0.93892,7.5161],[-0.93587,7.51409],[-0.93307,7.5056],[-0.9324,7.5053],[-0.93269,7.5075],[-0.93201,7.5079],[-0.92992,7.50685],[-0.92962,7.50478],[-0.92866,7.5048],[-0.92885,7.50608],[-0.92835,7.50619],[-0.928,7.50501],[-0.92632,7.50554],[-0.92522,7.50377],[-0.92369,7.50424],[-0.92248,7.50375],[-0.92029,7.50513],[-0.92,7.50428],[-0.91922,7.50487],[-0.91889,7.50416],[-0.9187,7.50536],[-0.9181,7.50437],[-0.91577,7.50596],[-0.9151,7.50533],[-0.91336,7.50633],[-0.91283,7.50559],[-0.91018,7.50561],[-0.9089,7.50485],[-0.90445,7.50633],[-0.9038,7.5078],[-0.90178,7.50805],[-0.89857,7.50656],[-0.89744,7.50721],[-0.89693,7.50466],[-0.89606,7.50572],[-0.89495,7.50407],[-0.89317,7.50429],[-0.89231,7.50569],[-0.89229,7.51002],[-0.89138,7.51038],[-0.89192,7.51314],[-0.89094,7.51386],[-0.88994,7.51658],[-0.88789,7.51639],[-0.88456,7.51313],[-0.88338,7.51386],[-0.88389,7.51476],[-0.88262,7.51377],[-0.882,7.51476],[-0.87989,7.5143],[-0.87896,7.51566],[-0.87824,7.51473],[-0.87579,7.51449],[-0.87392,7.51763],[-0.87301,7.51752],[-0.8728,7.51838],[-0.87177,7.5179],[-0.87098,7.51829],[-0.86994,7.52018],[-0.86865,7.51972],[-0.86677,7.52071],[-0.86534,7.52039],[-0.86351,7.51759],[-0.86213,7.5183],[-0.86192,7.51711],[-0.86373,7.5161],[-0.86396,7.5147],[-0.86196,7.51567],[-0.86083,7.51529],[-0.85964,7.51621],[-0.85868,7.51615],[-0.85784,7.51753],[-0.85665,7.51773],[-0.8558,7.51876],[-0.85452,7.51826],[-0.8539,7.51702],[-0.85116,7.51834],[-0.84996,7.51802],[-0.8498,7.51694],[-0.84817,7.51858],[-0.8478,7.51736],[-0.84588,7.51743],[-0.84552,7.5178],[-0.84602,7.51822],[-0.84506,7.51839],[-0.84395,7.51692],[-0.84537,7.5123],[-0.84368,7.50976],[-0.83955,7.51056],[-0.83889,7.50886],[-0.83798,7.5086],[-0.83443,7.50929],[-0.83236,7.51046],[-0.83167,7.51235],[-0.82835,7.51226],[-0.82793,7.51052],[-0.82653,7.51075],[-0.82291,7.50816],[-0.82155,7.5085],[-0.8209,7.50628],[-0.82165,7.50379],[-0.8204,7.49954],[-0.81904,7.50009],[-0.81862,7.50105],[-0.81543,7.50199],[-0.81639,7.50345],[-0.81575,7.50404],[-0.81608,7.50515],[-0.81516,7.50563],[-0.81585,7.50645],[-0.81556,7.50695],[-0.81231,7.50728],[-0.81149,7.5084],[-0.81067,7.50806],[-0.80844,7.51101],[-0.8082,7.50867],[-0.8066,7.50783],[-0.80727,7.50702],[-0.80767,7.5026],[-0.80459,7.50427],[-0.80265,7.50354],[-0.80068,7.50162],[-0.7988,7.50157],[-0.79911,7.5007]]}},{"type":"Feature","properties":{},"geometry":{"type":"LineString","coordinates":[[-0.79207,7.50004],[-0.78921,7.50079],[-0.78612,7.50009],[-0.78554,7.50245],[-0.78389,7.5027],[-0.78244,7.50445],[-0.7823,7.50566],[-0.7814,7.50605],[-0.78105,7.50832],[-0.7789,7.50862],[-0.77754,7.50966],[-0.77861,7.5103],[-0.77642,7.51256],[-0.77569,7.51621],[-0.77127,7.5183],[-0.76895,7.51692]]}},{"type":"Feature","properties":{},"geometry":{"type":"LineString","coordinates":[[-0.76895,7.51692],[-0.7682,7.51296],[-0.76913,7.50951],[-0.76522,7.50835],[-0.76374,7.50698],[-0.7614,7.5069],[-0.76091,7.50834],[-0.75834,7.50704],[-0.75569,7.50998],[-0.75517,7.50996],[-0.75491,7.50887],[-0.75076,7.51063],[-0.75025,7.51],[-0.75047,7.5087],[-0.74909,7.5088],[-0.74835,7.50968],[-0.74759,7.5086],[-0.74628,7.51165],[-0.74451,7.51293],[-0.74432,7.51568],[-0.74015,7.51801],[-0.73926,7.52015],[-0.73671,7.51988],[-0.73419,7.52059],[-0.73248,7.52204],[-0.72813,7.52215],[-0.72634,7.52284]]}},{"type":"Feature","properties":{},"geometry":{"type":"LineString","coordinates":[[-0.21582,7.20075],[-0.21387,7.19975],[-0.21185,7.20002],[-0.21046,7.20083],[-0.19992,7.20336],[-0.19651,7.20322],[-0.19123,7.2016],[-0.18398,7.20092],[-0.18119,7.20398],[-0.18024,7.20351],[-0.18003,7.20249],[-0.18072,7.19896],[-0.17947,7.19768],[-0.17797,7.19789],[-0.17359,7.20083],[-0.17042,7.20024],[-0.1684,7.19832],[-0.16402,7.20079],[-0.16153,7.19892],[-0.15952,7.19589],[-0.1593,7.19457]]}},{"type":"Feature","properties":{},"geometry":{"type":"LineString","coordinates":[[-0.63433,7.54812],[-0.63363,7.54885],[-0.63167,7.54874],[-0.6304,7.55079],[-0.63245,7.55377],[-0.63421,7.55508],[-0.63621,7.55579],[-0.63916,7.55492],[-0.63978,7.55527],[-0.64139,7.55691],[-0.64246,7.56022],[-0.64154,7.56194],[-0.63985,7.56267],[-0.63901,7.56383],[-0.63798,7.56315],[-0.63664,7.56401],[-0.63373,7.56324],[-0.63301,7.56449],[-0.63156,7.56409],[-0.6276,7.56759],[-0.62201,7.56405],[-0.61923,7.56531],[-0.61756,7.56694],[-0.61253,7.56665],[-0.61156,7.56578],[-0.60764,7.56776],[-0.60398,7.56778],[-0.60303,7.56907],[-0.60215,7.5691],[-0.60085,7.5678],[-0.59753,7.56942],[-0.59602,7.5688],[-0.5948,7.56965],[-0.59268,7.56868],[-0.59126,7.56967],[-0.58709,7.5688],[-0.58562,7.56953],[-0.58439,7.56935],[-0.58347,7.57044],[-0.58055,7.5698],[-0.57991,7.56887],[-0.57791,7.56969],[-0.57642,7.56946],[-0.5735,7.57324],[-0.57135,7.57254],[-0.57028,7.57312],[-0.56733,7.57253],[-0.56467,7.57342],[-0.56348,7.57631],[-0.56193,7.57748],[-0.56161,7.5798],[-0.55998,7.58065],[-0.55789,7.57855],[-0.55751,7.57682],[-0.55683,7.57682],[-0.55654,7.57489],[-0.55455,7.57237],[-0.5533,7.56846],[-0.54962,7.56744],[-0.54703,7.57098]]}},{"type":"Feature","properties":{},"geometry":{"type":"LineString","coordinates":[[-1.07,7.42322],[-1.07147,7.42482],[-1.07238,7.42717],[-1.07059,7.42899],[-1.07059,7.43065],[-1.06937,7.43317],[-1.07022,7.4354],[-1.06987,7.437],[-1.07131,7.43883],[-1.07078,7.44095]]}},{"type":"Feature","properties":{"name":"Hwin"},"geometry":{"type":"LineString","coordinates":[[-1.82339,4.93023],[-1.82225,4.92792],[-1.82253,4.9252],[-1.82334,4.92481],[-1.82133,4.92371],[-1.82169,4.92148],[-1.82037,4.91945],[-1.82049,4.91865],[-1.81989,4.91843],[-1.81996,4.91744],[-1.81629,4.91779],[-1.8147,4.91551],[-1.81548,4.91364],[-1.81435,4.91342],[-1.81361,4.91474],[-1.81118,4.91161],[-1.80955,4.91197],[-1.8078,4.9107],[-1.80915,4.90727],[-1.8088,4.90643],[-1.80655,4.90743]]}},{"type":"Feature","properties":{},"geometry":{"type":"LineString","coordinates":[[-0.40043,5.62337],[-0.39285,5.6251],[-0.387,5.62365],[-0.38453,5.62365],[-0.37982,5.62033],[-0.37747,5.61953],[-0.37684,5.6177]]}},{"type":"Feature","properties":{},"geometry":{"type":"LineString","coordinates":[[-0.50717,5.64601],[-0.50478,5.64563],[-0.5021,5.64382],[-0.50157,5.64264],[-0.49604,5.63912],[-0.49417,5.63645],[-0.4897,5.63461],[-0.48587,5.63168],[-0.48517,5.63027],[-0.48459,5.63068],[-0.483,5.62982],[-0.48136,5.62661],[-0.47691,5.62487],[-0.47602,5.62616],[-0.47538,5.62564],[-0.47595,5.62446],[-0.47394,5.62337],[-0.47176,5.62301],[-0.46991,5.62382],[-0.46521,5.62216],[-0.46405,5.62349],[-0.46172,5.62358],[-0.45834,5.62565],[-0.4528,5.62191],[-0.45153,5.61996],[-0.44826,5.61972],[-0.44763,5.61848],[-0.4459,5.61834],[-0.44469,5.6173],[-0.44237,5.61835],[-0.44165,5.61957],[-0.4392,5.62002],[-0.43626,5.62243],[-0.43377,5.62163],[-0.43198,5.62184],[-0.43074,5.6197],[-0.42778,5.61859],[-0.42761,5.61519],[-0.42554,5.6114],[-0.42617,5.61031],[-0.42698,5.61032],[-0.42714,5.60826],[-0.42699,5.60614],[-0.42561,5.60414],[-0.42577,5.60247],[-0.42455,5.60205],[-0.42286,5.59982],[-0.4205,5.59905],[-0.41945,5.59564],[-0.41691,5.5917],[-0.41747,5.59061],[-0.41723,5.58923],[-0.4145,5.58783]]}},{"type":"Feature","properties":{},"geometry":{"type":"LineString","coordinates":[[-0.50441,5.68968],[-0.50301,5.68836],[-0.50168,5.68502],[-0.49992,5.68373],[-0.4983,5.68282],[-0.49451,5.68296],[-0.49381,5.68185],[-0.4922,5.6814],[-0.49173,5.68001],[-0.49218,5.676],[-0.48767,5.67055],[-0.48477,5.67038],[-0.48381,5.67134],[-0.4817,5.67164],[-0.4767,5.67636],[-0.4704,5.67884],[-0.46645,5.68202],[-0.45642,5.68757],[-0.45404,5.68726],[-0.45015,5.68876],[-0.44498,5.68868],[-0.43934,5.69173],[-0.43402,5.68977],[-0.43285,5.69023],[-0.43144,5.69232],[-0.42086,5.69577],[-0.41597,5.69903],[-0.4072,5.70262],[-0.40568,5.70165],[-0.40517,5.69955]]}},{"type":"Feature","properties":{},"geometry":{"type":"LineString","coordinates":[[-0.53544,5.70611],[-0.52942,5.70655],[-0.52573,5.70832],[-0.52285,5.70715],[-0.52231,5.70933],[-0.52115,5.71094],[-0.51862,5.71147],[-0.51795,5.71262],[-0.50933,5.71747],[-0.49276,5.72462],[-0.49031,5.72667],[-0.48699,5.72776],[-0.48521,5.7296],[-0.48008,5.73047],[-0.47877,5.73229],[-0.47731,5.73303],[-0.46955,5.73404],[-0.46746,5.73745],[-0.46418,5.73662],[-0.45905,5.73941],[-0.45502,5.73972],[-0.44802,5.73867],[-0.44512,5.73639],[-0.44208,5.73158],[-0.4395,5.73032],[-0.43822,5.73037],[-0.43613,5.73187],[-0.43491,5.73181],[-0.42357,5.72459],[-0.41665,5.71721],[-0.41191,5.71337],[-0.40955,5.71022],[-0.40746,5.70652],[-0.4072,5.70262]]}},{"type":"Feature","properties":{"name":"Nsaki River"},"geometry":{"type":"LineString","coordinates":[[-0.28861,5.6856],[-0.28964,5.68462],[-0.29078,5.68182],[-0.29312,5.67952],[-0.2933,5.6779],[-0.29995,5.67109],[-0.30266,5.66718],[-0.30457,5.66691],[-0.30755,5.66504],[-0.30972,5.66252],[-0.31013,5.661],[-0.3176,5.65708],[-0.31979,5.65167],[-0.32116,5.64483],[-0.32257,5.64226],[-0.3259,5.64081],[-0.3324,5.634],[-0.33845,5.6321],[-0.34229,5.62894],[-0.35175,5.61352],[-0.3574,5.60903]]}},{"type":"Feature","properties":{},"geometry":{"type":"LineString","coordinates":[[0.0886,8.22963],[0.09122,8.22935],[0.0924,8.23156],[0.09367,8.23137],[0.09585,8.233],[0.11489,8.23398]]}},{"type":"Feature","properties":{},"geometry":{"type":"LineString","coordinates":[[0.25445,7.94013],[0.25497,7.94001],[0.25386,7.93947],[0.25466,7.9382],[0.25331,7.93709],[0.25356,7.93569],[0.2529,7.93519],[0.25398,7.93338],[0.25061,7.93302],[0.25077,7.93237],[0.24967,7.93149],[0.24998,7.92814],[0.2515,7.92574],[0.25113,7.92483],[0.25248,7.92298],[0.2541,7.9227],[0.2536,7.92197],[0.25417,7.92123],[0.25402,7.91989],[0.25133,7.91579]]}},{"type":"Feature","properties":{},"geometry":{"type":"LineString","coordinates":[[0.25114,8.09518],[0.25024,8.09601],[0.25118,8.09694],[0.25043,8.09911],[0.24823,8.10108],[0.24703,8.1015],[0.24625,8.10072],[0.2454,8.10123],[0.24414,8.10047]]}},{"type":"Feature","properties":{},"geometry":{"type":"LineString","coordinates":[[0.13666,8.15318],[0.14136,8.15462],[0.14651,8.15204],[0.15853,8.15087]]}},{"type":"Feature","properties":{"name":"Odaw River"},"geometry":{"type":"LineString","coordinates":[[-0.21793,5.56945],[-0.21782,5.56777]]}},{"type":"Feature","properties":{"name":"Odaw River"},"geometry":{"type":"LineString","coordinates":[[-0.21699,5.58583],[-0.21823,5.58387],[-0.21806,5.5766],[-0.21869,5.57221],[-0.21793,5.56945]]}},{"type":"Feature","properties":{"name":"Pru"},"geometry":{"type":"LineString","coordinates":[[-0.81036,8.05628],[-0.81724,8.05647],[-0.81896,8.05715],[-0.82229,8.06019],[-0.82611,8.0672],[-0.82577,8.06849],[-0.82153,8.06935],[-0.81232,8.06971]]}},{"type":"Feature","properties":{"name":"Pru"},"geometry":{"type":"LineString","coordinates":[[-0.84522,8.00384],[-0.84207,8.0129],[-0.84074,8.0146],[-0.83724,8.01701],[-0.83438,8.02072],[-0.8315,8.0213],[-0.82542,8.01859],[-0.81729,8.01805],[-0.8117,8.01944],[-0.80938,8.01903],[-0.80723,8.02344],[-0.8061,8.02384],[-0.80384,8.02335],[-0.80163,8.02584],[-0.7964,8.02907],[-0.79676,8.03036],[-0.79964,8.03108],[-0.80079,8.03036],[-0.80173,8.02861],[-0.80333,8.02841],[-0.80508,8.03094],[-0.8059,8.03385],[-0.80927,8.03347],[-0.81072,8.03608],[-0.81245,8.03662],[-0.81099,8.0411],[-0.80531,8.04597],[-0.80307,8.0493],[-0.80338,8.05093],[-0.80569,8.05419],[-0.80751,8.05551],[-0.81036,8.05628]]}},{"type":"Feature","properties":{"name":"Volta"},"geometry":{"type":"LineString","coordinates":[[0.05512,6.2996],[0.05595,6.29871]]}},{"type":"Feature","properties":{"name":"Volta"},"geometry":{"type":"LineString","coordinates":[[0.05595,6.29871],[0.06075,6.29754],[0.06412,6.29411],[0.064,6.29085],[0.06111,6.28546],[0.06066,6.28255],[0.06176,6.28033],[0.06434,6.27871],[0.0669,6.2782],[0.06932,6.27529],[0.07186,6.27339],[0.07753,6.27124],[0.08415,6.27016],[0.08708,6.26751],[0.09,6.26301],[0.0954,6.24019],[0.09816,6.23302],[0.10057,6.23062],[0.10263,6.23028],[0.10455,6.23104],[0.1063,6.22977],[0.10519,6.22586],[0.10561,6.21687],[0.10074,6.20939],[0.09904,6.20514],[0.09652,6.20129],[0.08588,6.17715],[0.07705,6.1689],[0.07608,6.16579],[0.07779,6.16027],[0.07792,6.15706],[0.08488,6.1484],[0.12267,6.12356],[0.12539,6.12088]]}},{"type":"Feature","properties":{},"geometry":{"type":"LineString","coordinates":[[-0.73431,9.40292],[-0.73304,9.40271],[-0.73262,9.40348],[-0.73223,9.40222],[-0.73093,9.40192],[-0.73021,9.40304],[-0.73146,9.40367],[-0.73168,9.40454],[-0.73064,9.40532],[-0.72931,9.40411],[-0.7291,9.40516],[-0.72727,9.40472],[-0.72564,9.40309],[-0.72507,9.40434],[-0.72425,9.40343],[-0.72352,9.40365],[-0.72305,9.40481],[-0.7223,9.40457],[-0.72277,9.40368],[-0.72233,9.40323],[-0.72003,9.40302],[-0.71992,9.40384],[-0.71938,9.40384],[-0.71853,9.40239],[-0.71793,9.40352],[-0.71534,9.40373],[-0.71391,9.40557],[-0.71299,9.40398],[-0.71118,9.40475],[-0.70999,9.40754],[-0.70861,9.40678],[-0.70707,9.41047],[-0.70557,9.41057]]}},{"type":"Feature","properties":{},"geometry":{"type":"LineString","coordinates":[[-0.47252,11.01001],[-0.47107,11.00818],[-0.47126,11.00666],[-0.47009,11.0049],[-0.47058,11.00295],[-0.47001,11.00264],[-0.47166,10.99852],[-0.47202,10.99339],[-0.46907,10.99011],[-0.46529,10.98905],[-0.46402,10.98721],[-0.46423,10.98526],[-0.4609,10.98156]]}},{"type":"Feature","properties":{},"geometry":{"type":"LineString","coordinates":[[-0.4775,11.00865],[-0.47578,11.01004],[-0.47126,11.00666]]}},{"type":"Feature","properties":{"name":"Akora River"},"geometry":{"type":"LineString","coordinates":[[-0.68952,5.51164],[-0.69008,5.51101],[-0.68967,5.5087],[-0.69107,5.50816],[-0.69102,5.50668],[-0.68819,5.5027],[-0.68717,5.50261],[-0.68735,5.50216],[-0.68628,5.50249],[-0.68659,5.501],[-0.68515,5.49903],[-0.68389,5.501],[-0.68328,5.49973],[-0.6824,5.4996],[-0.68123,5.50063],[-0.67932,5.50038],[-0.67774,5.50169],[-0.67637,5.50105],[-0.67616,5.5031],[-0.67664,5.50358],[-0.67572,5.50448],[-0.67505,5.50457],[-0.67534,5.504],[-0.67409,5.50346],[-0.67317,5.50365],[-0.67348,5.503],[-0.67252,5.50315],[-0.67246,5.50264],[-0.67187,5.50363],[-0.67131,5.50338],[-0.67153,5.50426],[-0.67078,5.50409],[-0.66957,5.50581],[-0.66841,5.50628],[-0.66733,5.50566],[-0.66669,5.50654],[-0.66395,5.50643],[-0.66285,5.50733]]}},{"type":"Feature","properties":{"name":"Ayensu"},"geometry":{"type":"LineString","coordinates":[[-0.66285,5.50733],[-0.66178,5.50728],[-0.65938,5.50485],[-0.65562,5.50503],[-0.65523,5.50405],[-0.65478,5.50483],[-0.65452,5.50364],[-0.65396,5.50384],[-0.65353,5.50308],[-0.65249,5.50343],[-0.65276,5.50078],[-0.6516,5.50058],[-0.65319,5.4997],[-0.65218,5.49902],[-0.65368,5.49769],[-0.65253,5.49726],[-0.6531,5.4968],[-0.65377,5.49724],[-0.6543,5.49632],[-0.65282,5.49489],[-0.65276,5.4932],[-0.6536,5.49235],[-0.6544,5.49262],[-0.65408,5.49185],[-0.65468,5.49188],[-0.65493,5.49089],[-0.65546,5.49121],[-0.65508,5.49025],[-0.65654,5.48963],[-0.6551,5.48722],[-0.65535,5.4864],[-0.6536,5.48673],[-0.6533,5.48748],[-0.65288,5.48712],[-0.65272,5.48818],[-0.65025,5.48818],[-0.6499,5.48621],[-0.64864,5.48677],[-0.64858,5.48596],[-0.64794,5.48594],[-0.64817,5.48522],[-0.64734,5.48491],[-0.64741,5.48399],[-0.6462,5.4844],[-0.64582,5.48396],[-0.64521,5.48486],[-0.64412,5.48445],[-0.64353,5.48331],[-0.64379,5.48141],[-0.64274,5.48072],[-0.6428,5.47919],[-0.6434,5.47876],[-0.64256,5.47805],[-0.64158,5.47349],[-0.63941,5.47116],[-0.63807,5.47144],[-0.63683,5.47002],[-0.63641,5.47074],[-0.63549,5.46989],[-0.63345,5.46961],[-0.63219,5.46829],[-0.63086,5.46806],[-0.63167,5.46724],[-0.63101,5.46647],[-0.63013,5.46684],[-0.63079,5.46598],[-0.63032,5.46526],[-0.63069,5.46464],[-0.63178,5.46399],[-0.63188,5.46461],[-0.63269,5.46373],[-0.63328,5.46403],[-0.6335,5.46334],[-0.63457,5.46352],[-0.63498,5.46248],[-0.63421,5.46242],[-0.63514,5.46129],[-0.63494,5.46065],[-0.63526,5.46029],[-0.6359,5.46113],[-0.63648,5.45993],[-0.63625,5.45803],[-0.63551,5.45783],[-0.63588,5.45738],[-0.63535,5.45708],[-0.635,5.45767],[-0.63534,5.45629],[-0.63456,5.45655],[-0.6336,5.45498],[-0.63193,5.45472],[-0.63182,5.45357],[-0.63087,5.45296],[-0.63264,5.44922],[-0.63332,5.44944],[-0.63312,5.44662],[-0.63139,5.44575],[-0.63151,5.44496],[-0.63075,5.44423],[-0.62803,5.44329]]}},{"type":"Feature","properties":{"name":"River Ayensu"},"geometry":{"type":"LineString","coordinates":[[-0.59208,5.35773],[-0.59596,5.35721],[-0.59712,5.3561],[-0.59948,5.35558],[-0.60206,5.35608],[-0.60478,5.35544],[-0.60569,5.35283]]}},{"type":"Feature","properties":{"name":"Kulubiliga"},"geometry":{"type":"LineString","coordinates":[[-0.66296,10.74337],[-0.66386,10.74215],[-0.66289,10.73846],[-0.66435,10.73668],[-0.66674,10.73517],[-0.66759,10.73542],[-0.66858,10.73481],[-0.66815,10.73426],[-0.66869,10.7335],[-0.66862,10.73228],[-0.66738,10.73203],[-0.66583,10.72907],[-0.66603,10.72846],[-0.66817,10.72827],[-0.66786,10.72635],[-0.66713,10.726],[-0.66783,10.72446],[-0.66654,10.72382],[-0.66667,10.72302],[-0.66804,10.72227],[-0.66803,10.72115],[-0.66669,10.72021],[-0.66738,10.71828],[-0.66543,10.71725],[-0.66674,10.7152],[-0.66674,10.7144],[-0.66588,10.7143],[-0.66659,10.71054],[-0.66339,10.7089],[-0.66528,10.7059],[-0.6653,10.70514],[-0.66386,10.70407],[-0.6656,10.70247],[-0.66431,10.70105],[-0.66506,10.6992],[-0.66326,10.69585],[-0.6633,10.6946],[-0.6612,10.69281],[-0.66053,10.69047],[-0.66167,10.69015],[-0.66219,10.6872],[-0.6633,10.68735],[-0.6639,10.6861],[-0.66526,10.68246],[-0.66403,10.67931],[-0.66602,10.67663],[-0.66425,10.67537],[-0.66283,10.67257],[-0.66551,10.66932],[-0.66712,10.669],[-0.66865,10.66765],[-0.66998,10.66439],[-0.67268,10.66331],[-0.67148,10.6612],[-0.67234,10.66103],[-0.67292,10.65989],[-0.67551,10.6603],[-0.6789,10.65901],[-0.67856,10.65732],[-0.68139,10.65445],[-0.68146,10.65199],[-0.68049,10.65184],[-0.68062,10.65095],[-0.68146,10.6503],[-0.68242,10.65064],[-0.68292,10.64577],[-0.68525,10.6424],[-0.68515,10.6413],[-0.68764,10.64047],[-0.68627,10.63968],[-0.68794,10.63756],[-0.68682,10.6372],[-0.68783,10.63613],[-0.68817,10.62902],[-0.68976,10.62693],[-0.68886,10.62628],[-0.68972,10.62567],[-0.69036,10.62649],[-0.69236,10.62672],[-0.69291,10.62807],[-0.69206,10.6287],[-0.69656,10.62835],[-0.69678,10.62908],[-0.69809,10.62961],[-0.69804,10.62717],[-0.69641,10.62569],[-0.69637,10.62415],[-0.69974,10.62436],[-0.7013,10.62282],[-0.70633,10.62209]]}},{"type":"Feature","properties":{"name":"White Volta"},"geometry":{"type":"LineString","coordinates":[[-1.07183,10.48845],[-1.07172,10.4827],[-1.07353,10.47577],[-1.07355,10.47209],[-1.07208,10.47015],[-1.06948,10.46841],[-1.06144,10.46828],[-1.06044,10.46695],[-1.06039,10.462],[-1.06253,10.45618],[-1.06303,10.45283],[-1.06399,10.4513],[-1.07471,10.44349],[-1.0773,10.44416],[-1.08039,10.44592],[-1.08221,10.44479],[-1.08294,10.44295],[-1.08334,10.43582],[-1.08264,10.43343],[-1.07692,10.42909],[-1.07727,10.42557],[-1.07964,10.42428],[-1.08066,10.42285],[-1.08038,10.41984],[-1.07088,10.41353],[-1.0687,10.411],[-1.06753,10.40815],[-1.06638,10.39665],[-1.06899,10.3903],[-1.06793,10.38574],[-1.06772,10.3801],[-1.06695,10.37893],[-1.06554,10.37845],[-1.06169,10.38335],[-1.05877,10.38302],[-1.05345,10.37733],[-1.05273,10.37311],[-1.05412,10.37004],[-1.0539,10.36499],[-1.05471,10.36026],[-1.06094,10.35552],[-1.06636,10.35379],[-1.06772,10.35231],[-1.0687,10.34897],[-1.07066,10.34807],[-1.07668,10.3474],[-1.08264,10.34898],[-1.08526,10.34725],[-1.08578,10.34488],[-1.08524,10.34175],[-1.08712,10.33783],[-1.08703,10.33609],[-1.0857,10.33333],[-1.08227,10.33094]]}},{"type":"Feature","properties":{},"geometry":{"type":"LineString","coordinates":[[-1.16337,10.91765],[-1.16242,10.91515],[-1.16241,10.91079],[-1.16129,10.90815],[-1.16131,10.90271],[-1.15788,10.89589],[-1.15803,10.89254],[-1.1605,10.88725],[-1.16033,10.88367],[-1.15674,10.87722]]}},{"type":"Feature","properties":{},"geometry":{"type":"LineString","coordinates":[[-1.16927,10.93606],[-1.1696,10.935],[-1.17018,10.93582],[-1.17145,10.93532],[-1.17118,10.93411],[-1.16944,10.93339],[-1.17134,10.9316],[-1.17154,10.9248],[-1.16563,10.92064],[-1.16337,10.91765]]}},{"type":"Feature","properties":{},"geometry":{"type":"LineString","coordinates":[[-1.17308,10.97719],[-1.17094,10.97714],[-1.17085,10.97318],[-1.17302,10.9733],[-1.1765,10.97105],[-1.17696,10.97004],[-1.17629,10.9679],[-1.17468,10.96715],[-1.17435,10.96601],[-1.17665,10.96373],[-1.17663,10.96253],[-1.17369,10.96133],[-1.17286,10.9585],[-1.17455,10.9554],[-1.17331,10.95135],[-1.1752,10.94976],[-1.17494,10.94855],[-1.17585,10.94812],[-1.17602,10.94603],[-1.17402,10.94103],[-1.17454,10.93971],[-1.17419,10.93875],[-1.17038,10.93727],[-1.16927,10.93606]]}},{"type":"Feature","properties":{"name":"Kulpawn"},"geometry":{"type":"LineString","coordinates":[[-1.21616,10.30399],[-1.21539,10.30269],[-1.21046,10.30218],[-1.20805,10.29903],[-1.20704,10.29464],[-1.20966,10.29055],[-1.20934,10.28775],[-1.2101,10.28612],[-1.20878,10.28469],[-1.20748,10.27909],[-1.20574,10.27785],[-1.20189,10.27702],[-1.19385,10.27714],[-1.18992,10.27964],[-1.18498,10.2798],[-1.18156,10.28381],[-1.17907,10.28544],[-1.17796,10.2851],[-1.17576,10.28266],[-1.17253,10.28281],[-1.17201,10.28422],[-1.17388,10.28635],[-1.17377,10.28841],[-1.17124,10.29051],[-1.16894,10.29144],[-1.16402,10.29556],[-1.16414,10.30183],[-1.15923,10.30446],[-1.15474,10.30571],[-1.14909,10.30582],[-1.14823,10.30498],[-1.14776,10.30274],[-1.14535,10.3006],[-1.14248,10.29916],[-1.14068,10.2973],[-1.13844,10.29804]]}},{"type":"Feature","properties":{"name":"Sissili River"},"geometry":{"type":"LineString","coordinates":[[-1.43822,10.46962],[-1.43319,10.46753],[-1.42974,10.46418],[-1.42727,10.46356],[-1.42401,10.46626],[-1.41731,10.46761],[-1.41543,10.47048],[-1.41339,10.47565]]}},{"type":"Feature","properties":{"name":"Asibelika"},"geometry":{"type":"LineString","coordinates":[[-1.0982,10.61453],[-1.094,10.604],[-1.09335,10.60352],[-1.09228,10.60467],[-1.09146,10.60451],[-1.09061,10.60357],[-1.09091,10.60201],[-1.09044,10.60188],[-1.09559,10.59842],[-1.09526,10.59677],[-1.09614,10.59502],[-1.0961,10.59251],[-1.09168,10.58751],[-1.08741,10.58662],[-1.08788,10.58384],[-1.08945,10.58376],[-1.09134,10.57998],[-1.08918,10.57727],[-1.08891,10.57564],[-1.08787,10.57526],[-1.08713,10.57265],[-1.08627,10.57223],[-1.08646,10.57034],[-1.08396,10.56741],[-1.08308,10.56509],[-1.08344,10.56439],[-1.08215,10.5633],[-1.08198,10.56119],[-1.07885,10.55804],[-1.07789,10.55531],[-1.07893,10.55499],[-1.07832,10.55374],[-1.07913,10.5534],[-1.07924,10.55035],[-1.07738,10.54726],[-1.07501,10.54679],[-1.0749,10.54592],[-1.07227,10.54314],[-1.07135,10.54076],[-1.07024,10.54066],[-1.06928,10.54162],[-1.06744,10.54029],[-1.0686,10.53904],[-1.0693,10.53671],[-1.06842,10.53359],[-1.06868,10.53102],[-1.07181,10.52853],[-1.07209,10.52648],[-1.07368,10.52711],[-1.07439,10.52646],[-1.07667,10.52658],[-1.07884,10.52461],[-1.07887,10.52349],[-1.07787,10.5228],[-1.07822,10.52085],[-1.0773,10.52068],[-1.07676,10.51887],[-1.08021,10.51815],[-1.08027,10.51646],[-1.07912,10.51634],[-1.07908,10.51537],[-1.0817,10.51413],[-1.08103,10.51338],[-1.0818,10.51238],[-1.08184,10.50951],[-1.08035,10.50762],[-1.07854,10.50787],[-1.07733,10.50651],[-1.0739,10.50652],[-1.07205,10.50533],[-1.07185,10.50392],[-1.06725,10.5029],[-1.06768,10.50036],[-1.06598,10.49943],[-1.06564,10.49802],[-1.06777,10.49808],[-1.06797,10.49645],[-1.06932,10.49597],[-1.07092,10.49369],[-1.07086,10.49129],[-1.07167,10.49059],[-1.07183,10.48845]]}},{"type":"Feature","properties":{"name":"Nazinon"},"geometry":{"type":"LineString","coordinates":[[-0.61849,10.91072],[-0.61849,10.90873],[-0.617,10.90725],[-0.61108,10.89151],[-0.60952,10.88665],[-0.60931,10.88304],[-0.60826,10.88043],[-0.60706,10.87918],[-0.60396,10.86702],[-0.60367,10.85895],[-0.60145,10.85397],[-0.58821,10.8363],[-0.57955,10.82972],[-0.57754,10.82939],[-0.57612,10.8278],[-0.57487,10.82771],[-0.57348,10.82561],[-0.57194,10.82513],[-0.57031,10.8259],[-0.56775,10.82381],[-0.5676,10.8206],[-0.56108,10.81396],[-0.55802,10.81003],[-0.55679,10.80683],[-0.55711,10.8047],[-0.55873,10.80364],[-0.5599,10.79927],[-0.56211,10.79657],[-0.56889,10.79409],[-0.57105,10.7914],[-0.5739,10.78975],[-0.57382,10.78803],[-0.57182,10.78469],[-0.5706,10.7798],[-0.57126,10.77782],[-0.57553,10.7738],[-0.57681,10.77103],[-0.57746,10.76643]]}},{"type":"Feature","properties":{"name":"White Volta"},"geometry":{"type":"LineString","coordinates":[[-0.35457,10.79948],[-0.34751,10.79713],[-0.34425,10.79688],[-0.34179,10.79494],[-0.33962,10.79424],[-0.33502,10.79386],[-0.33239,10.79072],[-0.33263,10.78862],[-0.3359,10.78535],[-0.34714,10.77848],[-0.34888,10.7768],[-0.35066,10.77239],[-0.3514,10.76585],[-0.35864,10.76218],[-0.36151,10.75939],[-0.372,10.75689],[-0.37384,10.7547],[-0.37577,10.7507],[-0.37611,10.74843],[-0.37541,10.74554],[-0.37302,10.74237],[-0.37243,10.74039],[-0.37244,10.73229],[-0.37348,10.72834],[-0.37105,10.72397],[-0.37267,10.71871],[-0.37026,10.71091],[-0.36723,10.70539],[-0.36618,10.69797],[-0.36719,10.69282],[-0.36637,10.6897],[-0.36683,10.68676],[-0.36631,10.6848],[-0.36439,10.68102],[-0.35909,10.67626],[-0.35275,10.6734],[-0.34838,10.67274],[-0.34646,10.67101],[-0.34286,10.67021],[-0.34169,10.66802],[-0.34002,10.66654],[-0.33897,10.66269],[-0.33579,10.65711],[-0.32964,10.64965],[-0.32992,10.64701],[-0.33791,10.63148],[-0.33891,10.62641],[-0.34323,10.62016]]}},{"type":"Feature","properties":{},"geometry":{"type":"LineString","coordinates":[[-2.35903,7.91399],[-2.3522,7.91815],[-2.34492,7.92052],[-2.34059,7.92434],[-2.33904,7.92861],[-2.33638,7.93293],[-2.33608,7.9346],[-2.33804,7.93891],[-2.33833,7.9433],[-2.33912,7.94399],[-2.33829,7.94528],[-2.33864,7.94682],[-2.33794,7.94915],[-2.33937,7.9505],[-2.33957,7.95214],[-2.3406,7.95368],[-2.34037,7.95505],[-2.34206,7.95717],[-2.34177,7.95828],[-2.34272,7.96041],[-2.34233,7.96161],[-2.3457,7.96522],[-2.347,7.96964]]}},{"type":"Feature","properties":{},"geometry":{"type":"LineString","coordinates":[[-2.35937,7.91388],[-2.35903,7.91399]]}},{"type":"Feature","properties":{},"geometry":{"type":"LineString","coordinates":[[-2.36224,7.91032],[-2.36118,7.91267],[-2.35937,7.91388]]}},{"type":"Feature","properties":{},"geometry":{"type":"LineString","coordinates":[[-0.16092,10.9369],[-0.1615,10.93185],[-0.17586,10.92085],[-0.17878,10.9197]]}},{"type":"Feature","properties":{},"geometry":{"type":"LineString","coordinates":[[-0.22516,11.13521],[-0.23016,11.13635],[-0.23322,11.13288],[-0.23923,11.13104],[-0.24297,11.1314],[-0.2492,11.13061],[-0.25207,11.13124],[-0.2572,11.13054],[-0.25853,11.12978],[-0.26131,11.12629],[-0.26242,11.12305],[-0.26376,11.12248],[-0.26709,11.12502],[-0.27132,11.12633]]}},{"type":"Feature","properties":{},"geometry":{"type":"LineString","coordinates":[[-1.15674,10.87722],[-1.14918,10.87021]]}},{"type":"Feature","properties":{},"geometry":{"type":"LineString","coordinates":[[-0.08362,11.01919],[-0.08524,11.01762],[-0.08562,11.01618],[-0.0877,11.01464],[-0.08729,11.01225],[-0.08832,11.01055],[-0.08736,11.00884],[-0.08933,11.00845],[-0.09013,11.00764],[-0.09375,11.00756],[-0.09598,11.0067],[-0.09739,11.00736],[-0.09987,11.00632],[-0.10288,11.00686],[-0.10414,11.00555],[-0.10823,11.00369],[-0.11117,11.0043],[-0.1136,11.00243],[-0.11529,11.00251],[-0.11742,10.99961],[-0.12055,10.9998],[-0.1238,10.99736],[-0.1248,10.99529],[-0.12816,10.99537]]}},{"type":"Feature","properties":{"name":"Sissili"},"geometry":{"type":"LineString","coordinates":[[-1.52633,10.76137],[-1.53215,10.75192],[-1.53341,10.748],[-1.53741,10.74795],[-1.53995,10.74919],[-1.55109,10.75055],[-1.55684,10.74717],[-1.55789,10.74579],[-1.56127,10.73771],[-1.56188,10.73504],[-1.56188,10.72868],[-1.56715,10.72351],[-1.56621,10.71616],[-1.56819,10.70573],[-1.56816,10.7017],[-1.56963,10.69321],[-1.57213,10.68264],[-1.57305,10.66659],[-1.57074,10.66276],[-1.57076,10.65434],[-1.56948,10.65046],[-1.56838,10.6497],[-1.56765,10.64672],[-1.56713,10.64319],[-1.56834,10.63875],[-1.56804,10.63588],[-1.56697,10.63239],[-1.56667,10.62675],[-1.56496,10.62244],[-1.566,10.61487],[-1.56597,10.60685],[-1.56687,10.60246],[-1.56654,10.59909],[-1.56439,10.59726],[-1.559,10.59539],[-1.55798,10.59446],[-1.55607,10.58836],[-1.55525,10.58718],[-1.55345,10.5864],[-1.53239,10.58814],[-1.52884,10.58894],[-1.52766,10.58854],[-1.52009,10.5818],[-1.51705,10.57816],[-1.51687,10.57413],[-1.52009,10.5664],[-1.51953,10.56291],[-1.51782,10.56121],[-1.5113,10.55944]]}},{"type":"Feature","properties":{},"geometry":{"type":"LineString","coordinates":[[-0.17878,10.9197],[-0.1803,10.91901],[-0.18373,10.92131],[-0.18464,10.92345],[-0.18524,10.92349]]}},{"type":"Feature","properties":{},"geometry":{"type":"LineString","coordinates":[[0.12609,8.12226],[0.12422,8.1178]]}},{"type":"Feature","properties":{},"geometry":{"type":"LineString","coordinates":[[0.14705,8.14055],[0.14872,8.13879],[0.1537,8.13883],[0.15978,8.13661]]}},{"type":"Feature","properties":{},"geometry":{"type":"LineString","coordinates":[[0.14591,8.13082],[0.16385,8.13027]]}},{"type":"Feature","properties":{},"geometry":{"type":"LineString","coordinates":[[0.13893,8.14968],[0.14131,8.15169],[0.14505,8.15251]]}},{"type":"Feature","properties":{"name":"Bia"},"geometry":{"type":"LineString","coordinates":[[-2.93759,6.48677],[-2.93989,6.48466],[-2.94022,6.48142],[-2.93939,6.48044],[-2.94032,6.48004],[-2.93576,6.47553],[-2.93506,6.47562],[-2.93545,6.47417],[-2.93335,6.47416],[-2.93213,6.47127],[-2.93328,6.46858],[-2.93465,6.46839],[-2.93455,6.466],[-2.93687,6.46316],[-2.93588,6.46004],[-2.93788,6.45958],[-2.93805,6.45707],[-2.94157,6.45634],[-2.94228,6.45331],[-2.94292,6.4536],[-2.94346,6.45302],[-2.94497,6.44806],[-2.94073,6.44539],[-2.93894,6.44187],[-2.94047,6.43903],[-2.94155,6.4387],[-2.94183,6.44004],[-2.9426,6.43988],[-2.94354,6.43857],[-2.94441,6.43481],[-2.94896,6.43087],[-2.94654,6.42879],[-2.94725,6.42813],[-2.94697,6.42437],[-2.94745,6.42357],[-2.94842,6.42351],[-2.95001,6.42107],[-2.94856,6.41873],[-2.94818,6.41528],[-2.9494,6.41015],[-2.94761,6.41012],[-2.94713,6.40891],[-2.94542,6.40976],[-2.94465,6.4092],[-2.94327,6.40707],[-2.94312,6.40543],[-2.94167,6.40534],[-2.94101,6.40378],[-2.94229,6.40288],[-2.94484,6.40355],[-2.94635,6.403],[-2.9468,6.40208],[-2.94846,6.40191],[-2.94756,6.40047],[-2.94802,6.39837],[-2.9469,6.39795],[-2.94698,6.39738],[-2.94781,6.39671],[-2.94872,6.39735],[-2.94811,6.39566],[-2.94882,6.39344],[-2.95295,6.3856],[-2.9496,6.38557],[-2.9491,6.3837],[-2.95014,6.38004],[-2.94931,6.379],[-2.95016,6.37737],[-2.94804,6.37691],[-2.94239,6.3772],[-2.9381,6.37478],[-2.93807,6.37344],[-2.93676,6.37091],[-2.93728,6.3707],[-2.93694,6.36889],[-2.93485,6.36747],[-2.93561,6.36663],[-2.93776,6.36636],[-2.93872,6.36549],[-2.93886,6.36426],[-2.9396,6.36371],[-2.93912,6.36214],[-2.94152,6.36057],[-2.94218,6.36123],[-2.94287,6.36096],[-2.94269,6.35903],[-2.94366,6.35799],[-2.94358,6.35883],[-2.94452,6.3585],[-2.94367,6.35708],[-2.94505,6.35643],[-2.94515,6.35476],[-2.94397,6.35412],[-2.94445,6.35226],[-2.94187,6.35218],[-2.93958,6.35005],[-2.93819,6.35051],[-2.93846,6.34916],[-2.93698,6.34724],[-2.94109,6.34668],[-2.9407,6.34517],[-2.94207,6.34517],[-2.94236,6.34307],[-2.93908,6.34109],[-2.93703,6.33839],[-2.93757,6.33437],[-2.93604,6.3315],[-2.93756,6.32986],[-2.93801,6.32801],[-2.93637,6.32706],[-2.93603,6.32507],[-2.94004,6.31966],[-2.93911,6.31847],[-2.94047,6.31774],[-2.94028,6.31685],[-2.94123,6.31669],[-2.94101,6.31535],[-2.93996,6.31478],[-2.9403,6.31341],[-2.93854,6.31323],[-2.93708,6.31188]]}},{"type":"Feature","properties":{},"geometry":{"type":"LineString","coordinates":[[-2.83384,6.67257],[-2.83737,6.67302],[-2.84057,6.67502],[-2.84221,6.67721],[-2.84426,6.67739],[-2.84624,6.67414],[-2.84591,6.67242],[-2.84662,6.67062],[-2.84486,6.6689],[-2.84556,6.66715],[-2.84727,6.66557],[-2.8487,6.66553],[-2.85029,6.66289],[-2.85568,6.66158]]}},{"type":"Feature","properties":{},"geometry":{"type":"LineString","coordinates":[[-2.74061,6.30389],[-2.74147,6.30235],[-2.74261,6.30235],[-2.74345,6.29984],[-2.74235,6.29956],[-2.74177,6.29853],[-2.74373,6.29637],[-2.74368,6.29567],[-2.7449,6.29557],[-2.74468,6.29431],[-2.74535,6.29423],[-2.74586,6.29203],[-2.74871,6.29202],[-2.7507,6.2934],[-2.7522,6.29302],[-2.75212,6.29153],[-2.75391,6.2914],[-2.75426,6.29006],[-2.75521,6.28988],[-2.75445,6.28895],[-2.75458,6.2879],[-2.75552,6.2878],[-2.75915,6.28506],[-2.76015,6.28521],[-2.76088,6.2842],[-2.76624,6.28198],[-2.76704,6.27842],[-2.76799,6.27782],[-2.76698,6.27635],[-2.76758,6.27643],[-2.76954,6.2736],[-2.77038,6.27099],[-2.76926,6.26791],[-2.76961,6.26747],[-2.77202,6.26845],[-2.77479,6.26646],[-2.77675,6.26723],[-2.7774,6.26615],[-2.77803,6.26707],[-2.7786,6.26596],[-2.77876,6.26802],[-2.78161,6.26908],[-2.78301,6.26808],[-2.78459,6.26835],[-2.78639,6.27016],[-2.78966,6.2715],[-2.79064,6.27057],[-2.79167,6.27058],[-2.79211,6.2693],[-2.79355,6.26824],[-2.79468,6.26857],[-2.79413,6.26741],[-2.79554,6.26778],[-2.79618,6.2664],[-2.7969,6.26643],[-2.79695,6.26467],[-2.79799,6.26545],[-2.79774,6.26651],[-2.79875,6.26648],[-2.7984,6.2633],[-2.79895,6.263],[-2.79946,6.26391],[-2.80038,6.26385],[-2.80028,6.26227],[-2.79923,6.26158],[-2.79979,6.2606],[-2.80033,6.26112],[-2.80091,6.26083],[-2.80011,6.25945],[-2.80274,6.25927],[-2.80302,6.25852],[-2.80287,6.25746],[-2.80159,6.25721],[-2.80312,6.25705],[-2.8043,6.25912],[-2.80504,6.25793],[-2.80638,6.25885],[-2.80636,6.25794],[-2.80757,6.25785],[-2.80749,6.25672],[-2.80873,6.25567],[-2.81131,6.25585],[-2.81101,6.25522],[-2.81182,6.25538],[-2.81264,6.25386],[-2.81414,6.25471],[-2.81367,6.25334],[-2.81585,6.25427],[-2.81685,6.25287],[-2.81752,6.25341],[-2.81846,6.25242],[-2.82033,6.25371],[-2.82117,6.25336],[-2.8233,6.24952],[-2.82208,6.24828],[-2.82605,6.24833],[-2.82675,6.2469],[-2.82624,6.24471],[-2.82702,6.24367],[-2.82612,6.24252],[-2.82738,6.23997],[-2.82673,6.23915],[-2.82901,6.23792],[-2.82939,6.23661],[-2.83036,6.23658],[-2.83142,6.23472],[-2.83276,6.23501],[-2.83347,6.23394],[-2.83447,6.23417],[-2.83466,6.23312],[-2.83603,6.23353],[-2.83634,6.23215],[-2.83877,6.23321],[-2.8393,6.23226],[-2.8412,6.23254],[-2.84102,6.23202],[-2.84211,6.23112],[-2.84359,6.23181],[-2.84422,6.23146],[-2.84439,6.23004],[-2.84641,6.22949],[-2.84633,6.22874],[-2.84549,6.22849],[-2.84681,6.22769],[-2.84678,6.2269],[-2.84747,6.22718],[-2.84639,6.22536],[-2.84694,6.22423],[-2.84867,6.22535],[-2.85029,6.22497],[-2.85009,6.22367],[-2.85094,6.2236],[-2.85143,6.22443],[-2.85087,6.22579],[-2.85223,6.22498],[-2.8523,6.2257],[-2.85398,6.22616],[-2.8546,6.22552],[-2.85601,6.22549],[-2.85697,6.22333],[-2.86159,6.22229],[-2.86143,6.22074],[-2.8651,6.22072],[-2.86606,6.21959],[-2.86735,6.21989],[-2.86857,6.218],[-2.86841,6.21713],[-2.86989,6.21625],[-2.87059,6.21432],[-2.87184,6.21446],[-2.87345,6.21307],[-2.87278,6.21198],[-2.87179,6.21214],[-2.87196,6.21154],[-2.8711,6.21131],[-2.871,6.21194],[-2.87052,6.21153],[-2.87165,6.21026],[-2.87424,6.20901],[-2.8729,6.20806],[-2.87288,6.20723],[-2.8755,6.20676],[-2.87561,6.20824],[-2.8784,6.20345],[-2.88002,6.20237],[-2.88079,6.20272],[-2.88291,6.20179],[-2.88329,6.20057],[-2.88253,6.19977],[-2.883,6.19881],[-2.88229,6.19782],[-2.88275,6.19711],[-2.88425,6.19765],[-2.88396,6.19622],[-2.8852,6.19688],[-2.88597,6.19606],[-2.88661,6.19667],[-2.88655,6.19572],[-2.8859,6.19558],[-2.88767,6.19497],[-2.88707,6.19364],[-2.88887,6.19246]]}},{"type":"Feature","properties":{"name":"Bia"},"geometry":{"type":"LineString","coordinates":[[-3.00657,6.17097],[-3.00573,6.17086],[-3.00391,6.16829],[-3.00246,6.16751],[-3.0029,6.16616],[-3.0058,6.16568],[-3.00605,6.16508],[-3.00466,6.16217],[-3.00577,6.16139],[-3.00623,6.16006],[-3.00411,6.15917],[-3.00547,6.15601],[-3.00909,6.15566],[-3.01265,6.15389],[-3.01435,6.15202],[-3.01675,6.15227],[-3.01911,6.15071],[-3.02065,6.15077],[-3.02129,6.14958],[-3.02428,6.14848],[-3.02434,6.14762],[-3.02681,6.14715],[-3.02788,6.14831],[-3.0266,6.15161],[-3.03132,6.15501],[-3.03549,6.16005],[-3.03898,6.15748],[-3.04145,6.15312],[-3.0429,6.15246],[-3.04865,6.14712],[-3.04709,6.1444],[-3.04741,6.14308],[-3.05077,6.14118],[-3.05157,6.14349],[-3.05252,6.14409],[-3.05568,6.14397],[-3.05738,6.14027],[-3.06221,6.14078],[-3.06678,6.13962],[-3.07045,6.13778],[-3.07076,6.13705],[-3.07018,6.13627],[-3.06745,6.13613],[-3.06736,6.13382],[-3.06537,6.13385],[-3.06529,6.13156],[-3.06364,6.13023],[-3.06334,6.12895],[-3.06601,6.12791],[-3.06544,6.12704],[-3.06625,6.12542],[-3.06843,6.12508],[-3.0693,6.1227],[-3.07082,6.12362],[-3.07111,6.1221],[-3.07186,6.12181],[-3.07129,6.12439],[-3.07323,6.12467],[-3.07368,6.12391],[-3.07326,6.12129],[-3.07456,6.12046],[-3.07493,6.11801],[-3.07576,6.11938],[-3.07705,6.11874],[-3.07889,6.11957],[-3.07957,6.11641],[-3.07716,6.11425],[-3.08052,6.11229],[-3.08071,6.11393],[-3.08153,6.11391],[-3.08125,6.11134],[-3.08175,6.11051],[-3.08125,6.10979],[-3.08013,6.11058],[-3.07921,6.11042],[-3.07901,6.10769],[-3.0774,6.1072],[-3.07708,6.10395],[-3.07909,6.10519],[-3.08066,6.10529],[-3.08181,6.10327],[-3.08429,6.1027],[-3.08317,6.10183],[-3.08502,6.10098],[-3.08423,6.10005],[-3.08435,6.09875],[-3.08326,6.09891],[-3.08339,6.09749],[-3.08197,6.0969],[-3.08216,6.09473],[-3.08337,6.09478],[-3.08465,6.09616],[-3.08633,6.09585],[-3.08639,6.09486],[-3.08693,6.09476],[-3.08753,6.09602],[-3.08684,6.09719],[-3.08751,6.09721],[-3.08851,6.09579],[-3.08788,6.09785],[-3.0884,6.0993],[-3.09293,6.09777],[-3.09452,6.09615],[-3.09682,6.09745],[-3.09714,6.09629],[-3.09811,6.09639],[-3.09863,6.09744],[-3.0993,6.09753],[-3.10269,6.09543],[-3.10109,6.09351],[-3.10006,6.09488],[-3.09974,6.09309],[-3.10057,6.09095],[-3.09843,6.09089],[-3.09847,6.08941],[-3.09781,6.08854],[-3.0948,6.08663],[-3.09309,6.08641],[-3.09269,6.08532],[-3.09475,6.08498],[-3.09618,6.08334],[-3.0985,6.08427],[-3.10182,6.08367],[-3.10601,6.07608],[-3.10756,6.07022],[-3.10962,6.06921],[-3.11034,6.06794],[-3.1127,6.06788],[-3.11356,6.06726],[-3.11405,6.06388],[-3.11185,6.06293],[-3.11006,6.06063],[-3.10446,6.05821],[-3.10711,6.05432],[-3.11027,6.05337],[-3.11187,6.05173],[-3.11225,6.04948],[-3.11375,6.04672],[-3.11312,6.04346],[-3.11395,6.04169],[-3.11523,6.04157],[-3.11973,6.04563],[-3.12231,6.04679],[-3.12398,6.04684],[-3.12498,6.04886],[-3.12686,6.0505],[-3.12769,6.0508],[-3.12926,6.04983],[-3.13071,6.04713],[-3.13147,6.04985],[-3.13589,6.05025],[-3.13748,6.04911],[-3.13775,6.0475],[-3.1409,6.04172],[-3.14277,6.04114],[-3.14282,6.03864],[-3.14529,6.03505],[-3.14593,6.03308],[-3.15513,6.03211],[-3.15743,6.03484],[-3.16121,6.03136],[-3.16135,6.02818],[-3.16195,6.02756],[-3.16655,6.02827],[-3.16786,6.0299],[-3.17128,6.02734],[-3.17031,6.02553],[-3.17136,6.0213],[-3.17229,6.02222],[-3.17153,6.02318],[-3.17227,6.02407],[-3.1764,6.02389],[-3.17767,6.02186],[-3.17865,6.02291],[-3.18041,6.02269],[-3.18149,6.02444],[-3.17988,6.02604],[-3.18244,6.02686],[-3.1872,6.02593],[-3.18876,6.0238],[-3.1924,6.022],[-3.19315,6.02103],[-3.1934,6.02],[-3.19123,6.02028],[-3.19171,6.01882],[-3.1933,6.01861],[-3.19764,6.0154],[-3.19842,6.01654],[-3.20042,6.01707],[-3.20415,6.0159],[-3.20536,6.01789],[-3.20703,6.01753],[-3.21079,6.0193],[-3.21132,6.01817],[-3.21003,6.01818],[-3.2098,6.01744],[-3.21042,6.01637],[-3.2103,6.01358],[-3.21138,6.01285],[-3.21574,6.01406],[-3.21801,6.01301],[-3.21992,6.01449],[-3.22331,6.01511],[-3.22539,6.01952],[-3.23353,6.01778],[-3.23621,6.01375],[-3.23718,6.00993],[-3.23696,6.00756],[-3.23786,6.00571],[-3.23921,6.00802],[-3.24217,6.00823],[-3.24378,6.00707],[-3.24496,6.00066],[-3.24668,5.99856],[-3.24623,5.99681],[-3.24779,5.99561],[-3.24839,5.99022],[-3.24935,5.98981],[-3.25054,5.99189],[-3.25389,5.9936],[-3.25528,5.99234],[-3.25564,5.98804],[-3.25494,5.98561],[-3.25812,5.98708],[-3.26335,5.98615],[-3.26875,5.98192],[-3.27035,5.98269],[-3.27121,5.98246],[-3.27161,5.98043],[-3.27096,5.98005],[-3.26993,5.98059],[-3.26902,5.98002],[-3.26823,5.97784],[-3.26811,5.97392],[-3.26473,5.97279],[-3.26539,5.97125],[-3.26465,5.96866],[-3.26407,5.96815],[-3.26246,5.96921],[-3.25925,5.96796],[-3.25718,5.96567],[-3.25759,5.96454],[-3.25924,5.96544],[-3.2604,5.96525],[-3.26177,5.9631],[-3.26425,5.9614],[-3.26316,5.96058],[-3.26064,5.96263],[-3.26134,5.96003],[-3.26093,5.95805],[-3.25861,5.95679],[-3.25442,5.96064],[-3.25352,5.96099],[-3.25217,5.96017],[-3.25206,5.95927],[-3.25379,5.95902],[-3.25448,5.95596],[-3.25253,5.95602],[-3.25128,5.95538],[-3.25201,5.95273],[-3.25158,5.95175],[-3.24929,5.95124],[-3.24462,5.94441],[-3.24913,5.94349],[-3.25034,5.94238],[-3.25288,5.93574],[-3.25723,5.934],[-3.26121,5.93586],[-3.26316,5.93566],[-3.26264,5.93153],[-3.26138,5.92794],[-3.25932,5.92786],[-3.25797,5.92627],[-3.25686,5.92788],[-3.25436,5.92824],[-3.24936,5.92653],[-3.24827,5.92444],[-3.2485,5.92361],[-3.25033,5.9225],[-3.25093,5.92064],[-3.25329,5.92155],[-3.25732,5.9178],[-3.25879,5.91278],[-3.25859,5.91175],[-3.25606,5.91077],[-3.25442,5.91091],[-3.25361,5.90884],[-3.25006,5.90783],[-3.25016,5.90672],[-3.25173,5.90699],[-3.25265,5.90608],[-3.25229,5.90427],[-3.24896,5.90431],[-3.2454,5.90219],[-3.24557,5.90057],[-3.24425,5.89541],[-3.2458,5.89284],[-3.24589,5.89131],[-3.24417,5.88796],[-3.24289,5.88742],[-3.2413,5.88775],[-3.23987,5.88582],[-3.2378,5.88523],[-3.23725,5.88621],[-3.23817,5.8871],[-3.23722,5.89149],[-3.23384,5.89371],[-3.23358,5.89202],[-3.23016,5.88756],[-3.22732,5.88723],[-3.22317,5.88554],[-3.22274,5.88476],[-3.22585,5.88196],[-3.22636,5.88027],[-3.22609,5.87889],[-3.22318,5.87615],[-3.22401,5.87363],[-3.22391,5.87148],[-3.2184,5.86898],[-3.21767,5.86734],[-3.21575,5.86736],[-3.2153,5.86683],[-3.21609,5.86535],[-3.21444,5.86217],[-3.21573,5.86088],[-3.21378,5.85733],[-3.21219,5.85605],[-3.2096,5.8595],[-3.20737,5.8607],[-3.2014,5.85534],[-3.20108,5.853],[-3.19913,5.85087],[-3.20221,5.84975],[-3.2025,5.84664],[-3.20077,5.84425],[-3.20354,5.83809],[-3.20194,5.83485],[-3.19833,5.83465],[-3.1975,5.83383],[-3.19732,5.83149],[-3.20028,5.82854],[-3.20045,5.82662],[-3.19964,5.82478],[-3.20109,5.82244]]}},{"type":"Feature","properties":{},"geometry":{"type":"LineString","coordinates":[[-2.37303,8.07979],[-2.37004,8.07913],[-2.36139,8.08054]]}},{"type":"Feature","properties":{},"geometry":{"type":"LineString","coordinates":[[-2.37594,8.06563],[-2.36864,8.06497],[-2.36544,8.06614],[-2.36411,8.06717],[-2.36341,8.06926],[-2.36266,8.06935],[-2.35998,8.07269]]}},{"type":"Feature","properties":{},"geometry":{"type":"LineString","coordinates":[[-2.15704,8.58258],[-2.1526,8.58169],[-2.14838,8.57912],[-2.14726,8.57775],[-2.14422,8.57625],[-2.14238,8.57628],[-2.1371,8.57289],[-2.13457,8.57327],[-2.13356,8.57263],[-2.13219,8.57331],[-2.12957,8.57342],[-2.12414,8.57199],[-2.12296,8.57299],[-2.11719,8.57352],[-2.11535,8.57507],[-2.11406,8.57492],[-2.11292,8.57575],[-2.10912,8.57503],[-2.10472,8.57543],[-2.1017,8.57486],[-2.09702,8.57647],[-2.08887,8.57647],[-2.08739,8.5749],[-2.08241,8.57395],[-2.08127,8.57295],[-2.07649,8.57202],[-2.07483,8.57091],[-2.07228,8.56722],[-2.06878,8.56486],[-2.06913,8.56092],[-2.0676,8.55827],[-2.06612,8.55829],[-2.06267,8.56039],[-2.06029,8.55962],[-2.0585,8.56068],[-2.05724,8.56049],[-2.0549,8.55778],[-2.05312,8.55746],[-2.05162,8.55625],[-2.04765,8.55642],[-2.04739,8.55763],[-2.04469,8.55799],[-2.04288,8.55931],[-2.04014,8.55918],[-2.03718,8.56198],[-2.03443,8.56217],[-2.02801,8.56094],[-2.02552,8.5623],[-2.02398,8.56421],[-2.02364,8.56565],[-2.02166,8.56682],[-2.02076,8.56542],[-2.01952,8.56506],[-2.01645,8.56656],[-2.01312,8.56624],[-2.00664,8.56813],[-2.00252,8.56601],[-2.0011,8.56588],[-1.99814,8.56767],[-1.99769,8.57189],[-1.99508,8.57272],[-1.99413,8.57566],[-1.99325,8.57611],[-1.99196,8.57554],[-1.98699,8.57545],[-1.98566,8.5746],[-1.98186,8.57448],[-1.97857,8.57607],[-1.97327,8.5731],[-1.97175,8.5739],[-1.96941,8.57668],[-1.96802,8.57713],[-1.9642,8.57456],[-1.96096,8.57726],[-1.9584,8.57707],[-1.95186,8.5818],[-1.94806,8.58195],[-1.94302,8.58337],[-1.94154,8.58485],[-1.93551,8.58315],[-1.9274,8.58197],[-1.92611,8.58082],[-1.92587,8.57698],[-1.923,8.57295],[-1.92221,8.57053],[-1.92128,8.569],[-1.91922,8.5683],[-1.91673,8.56412],[-1.91128,8.56518],[-1.90894,8.56296],[-1.90611,8.56145],[-1.90279,8.56153],[-1.90047,8.56071],[-1.89907,8.55657],[-1.89736,8.55515],[-1.89251,8.55707]]}},{"type":"Feature","properties":{},"geometry":{"type":"LineString","coordinates":[[-2.17225,8.55246],[-2.1697,8.54869],[-2.16659,8.54565],[-2.16365,8.54423],[-2.16094,8.54069],[-2.15627,8.53914],[-2.15509,8.53761],[-2.15346,8.5323],[-2.15082,8.52757],[-2.14363,8.52133],[-2.14324,8.51864],[-2.14474,8.5166],[-2.145,8.50928],[-2.14442,8.50794],[-2.14346,8.50673],[-2.14107,8.50552],[-2.13779,8.49924],[-2.13646,8.49827],[-2.13404,8.49801],[-2.13421,8.49708],[-2.13307,8.4965],[-2.12983,8.48833],[-2.12801,8.48532],[-2.12644,8.48413],[-2.12363,8.47609],[-2.12395,8.47413],[-2.11934,8.4697],[-2.11839,8.46696],[-2.1184,8.46298],[-2.11741,8.46254],[-2.11833,8.46192],[-2.11818,8.46095],[-2.11372,8.4572],[-2.114,8.4552],[-2.11129,8.45009],[-2.1106,8.44679],[-2.10778,8.44439],[-2.10612,8.43886],[-2.10232,8.4367],[-2.10142,8.43483],[-2.10013,8.43445],[-2.09691,8.4304],[-2.09508,8.43003],[-2.09149,8.42755],[-2.09111,8.42884],[-2.09022,8.42876],[-2.08937,8.42809],[-2.0889,8.42613],[-2.08607,8.42528],[-2.08553,8.42392],[-2.08367,8.4241],[-2.07664,8.42165],[-2.07573,8.42202],[-2.07506,8.41984],[-2.07423,8.42052],[-2.07389,8.41922],[-2.07094,8.41868],[-2.06928,8.41592],[-2.06776,8.41527],[-2.06253,8.41587],[-2.05764,8.41336],[-2.05484,8.41498],[-2.05229,8.41447],[-2.04514,8.41579],[-2.03768,8.41456],[-2.03514,8.41534],[-2.0211,8.41281]]}},{"type":"Feature","properties":{},"geometry":{"type":"LineString","coordinates":[[-2.17282,8.49748],[-2.1699,8.49717],[-2.16512,8.49529],[-2.16008,8.49485],[-2.15889,8.49526],[-2.15503,8.49331],[-2.15606,8.49132],[-2.15587,8.48999],[-2.15226,8.4865],[-2.15063,8.48213],[-2.15105,8.47996],[-2.15062,8.47922],[-2.14903,8.47757],[-2.14553,8.47628],[-2.14424,8.4751],[-2.14334,8.47472],[-2.14111,8.47549],[-2.14026,8.47387],[-2.13784,8.47242],[-2.13354,8.47453],[-2.13245,8.47441],[-2.13095,8.47224],[-2.12798,8.4736],[-2.12649,8.47533],[-2.1257,8.47546],[-2.12395,8.47413]]}},{"type":"Feature","properties":{"name":"Tono"},"geometry":{"type":"LineString","coordinates":[[-1.2188,10.92969],[-1.21515,10.92951],[-1.21294,10.93088],[-1.21249,10.93011],[-1.21021,10.92988],[-1.20566,10.9311],[-1.19813,10.92385],[-1.19521,10.9228],[-1.19227,10.92257],[-1.19053,10.92145],[-1.19009,10.92084],[-1.19111,10.91682],[-1.18989,10.91486],[-1.18873,10.91446],[-1.18589,10.91456],[-1.18469,10.91869],[-1.18153,10.91861],[-1.18148,10.91528],[-1.17785,10.90575],[-1.17421,10.90114],[-1.16404,10.89349],[-1.16033,10.88367]]}},{"type":"Feature","properties":{"name":"Ayensu"},"geometry":{"type":"LineString","coordinates":[[-0.62803,5.44329],[-0.62661,5.44411],[-0.62639,5.44332],[-0.62579,5.44386],[-0.62554,5.44294],[-0.62403,5.44365],[-0.62444,5.44443],[-0.62354,5.44407],[-0.62328,5.44449],[-0.62193,5.44067],[-0.62124,5.44068],[-0.62151,5.44135],[-0.62108,5.44145],[-0.62089,5.44062],[-0.61972,5.44078],[-0.61895,5.44173],[-0.61849,5.44013],[-0.61776,5.44019],[-0.61726,5.43911],[-0.61664,5.43886],[-0.61695,5.43972],[-0.6163,5.43959],[-0.61617,5.43799],[-0.61515,5.43694],[-0.61558,5.43477],[-0.61494,5.43501],[-0.61511,5.43413],[-0.61391,5.43414],[-0.61458,5.43339],[-0.61441,5.43174],[-0.615,5.43173],[-0.61429,5.43128],[-0.6158,5.42982],[-0.61634,5.43002],[-0.61676,5.42912],[-0.61616,5.42828],[-0.61636,5.4274],[-0.61458,5.42507],[-0.61543,5.42465],[-0.61585,5.42593],[-0.61637,5.42555],[-0.61673,5.42173],[-0.6162,5.42139],[-0.61669,5.42086],[-0.61471,5.42154]]}},{"type":"Feature","properties":{"name":"Kulpawn"},"geometry":{"type":"LineString","coordinates":[[-1.13844,10.29804],[-1.13714,10.30187],[-1.13423,10.30403],[-1.13339,10.30555],[-1.1319,10.31087],[-1.13058,10.31188],[-1.12794,10.31223],[-1.12585,10.31128],[-1.12461,10.30869],[-1.12464,10.30598],[-1.12393,10.30396],[-1.12556,10.30229],[-1.12566,10.30054],[-1.12483,10.2962],[-1.12259,10.29475],[-1.11571,10.29464],[-1.11019,10.29333],[-1.10662,10.29323],[-1.10347,10.29476],[-1.09795,10.30326],[-1.09376,10.30399],[-1.09282,10.30259],[-1.09276,10.30106],[-1.09056,10.30058],[-1.08775,10.30547],[-1.08875,10.31045],[-1.08773,10.31212],[-1.08533,10.31233],[-1.08342,10.30623],[-1.08197,10.30645],[-1.08003,10.30805],[-1.07825,10.31127],[-1.07876,10.31249],[-1.08153,10.31403],[-1.08217,10.31509],[-1.08159,10.31633],[-1.07824,10.31814],[-1.07772,10.31997],[-1.07833,10.3216],[-1.07932,10.32245],[-1.08415,10.32357],[-1.08845,10.32007],[-1.09038,10.32155],[-1.09098,10.32296],[-1.09066,10.32445],[-1.08877,10.32646],[-1.08446,10.32862],[-1.08227,10.33094]]}},{"type":"Feature","properties":{"name":"White Volta"},"geometry":{"type":"LineString","coordinates":[[-0.9812,9.94409],[-0.98029,9.94277],[-0.98012,9.94106],[-0.98282,9.93855],[-0.98959,9.93678],[-0.99486,9.93381],[-0.99994,9.92868],[-1.00889,9.92609],[-1.01105,9.92461],[-1.01404,9.92125],[-1.01914,9.91806],[-1.01891,9.91418],[-1.01701,9.912],[-1.01307,9.91044],[-1.0055,9.89803],[-1.00472,9.89449],[-1.006,9.8929],[-1.01022,9.89095],[-1.0133,9.89028],[-1.01702,9.89058],[-1.01996,9.89302],[-1.0238,9.89926],[-1.02549,9.89928],[-1.02693,9.89814],[-1.0278,9.89545],[-1.02745,9.89033],[-1.02465,9.87477],[-1.02313,9.87207],[-1.01745,9.87086],[-1.01396,9.86935],[-1.01081,9.86531],[-1.01066,9.86106],[-1.01001,9.85985],[-1.00764,9.85794],[-1.00473,9.85727],[-0.99903,9.85883],[-0.99766,9.85636],[-0.99748,9.85264],[-0.99674,9.85151],[-0.99379,9.85156],[-0.98779,9.85576],[-0.98509,9.85616],[-0.98098,9.85426],[-0.97476,9.84738],[-0.97238,9.83951],[-0.97275,9.8346],[-0.9723,9.83243],[-0.97086,9.82946],[-0.97157,9.82721],[-0.97721,9.81984],[-0.9772,9.81787],[-0.97252,9.80575],[-0.96968,9.80161],[-0.96521,9.79785],[-0.96011,9.7965],[-0.95859,9.79668],[-0.95747,9.79767],[-0.95398,9.80286],[-0.95254,9.8033],[-0.95156,9.8025],[-0.95036,9.79952],[-0.94804,9.77912],[-0.94645,9.77607],[-0.94079,9.76991],[-0.93927,9.76558],[-0.93986,9.76463],[-0.94226,9.76373],[-0.94349,9.76086],[-0.94593,9.75787],[-0.94645,9.75583],[-0.94632,9.75374],[-0.94263,9.74289],[-0.94372,9.73985],[-0.94582,9.73766],[-0.94727,9.73707],[-0.94877,9.73687],[-0.95292,9.73788],[-0.95757,9.73728],[-0.95928,9.73529],[-0.96245,9.72578],[-0.96496,9.72209],[-0.96922,9.72034],[-0.97691,9.72051],[-0.98073,9.71576],[-0.98116,9.71406],[-0.97886,9.70973],[-0.96943,9.70541],[-0.96692,9.70514],[-0.96369,9.7035],[-0.96281,9.7009],[-0.96377,9.69755],[-0.96909,9.69221],[-0.97299,9.69061],[-0.97544,9.69067],[-0.9808,9.69445],[-0.98326,9.69533],[-0.98531,9.6953],[-0.98847,9.6942],[-0.99208,9.69168],[-0.99779,9.68086],[-1.00177,9.67918]]}},{"type":"Feature","properties":{"name":"Sissili River"},"geometry":{"type":"LineString","coordinates":[[-1.3771,10.38698],[-1.37572,10.38553],[-1.37591,10.38319],[-1.37509,10.38215],[-1.36806,10.37962],[-1.36596,10.37721],[-1.36305,10.37749],[-1.36142,10.37643],[-1.35768,10.37555],[-1.3539,10.3768],[-1.35153,10.37335],[-1.3489,10.37202],[-1.34681,10.36662],[-1.34525,10.36479],[-1.34516,10.36307],[-1.34366,10.36105],[-1.34439,10.35712],[-1.34584,10.35532],[-1.34333,10.35134],[-1.34431,10.34999],[-1.34882,10.34885],[-1.34894,10.3475],[-1.34771,10.34655],[-1.34396,10.34678],[-1.34264,10.34543],[-1.3425,10.34327],[-1.3407,10.34287],[-1.33809,10.34766],[-1.33651,10.34789],[-1.3299,10.34104],[-1.32658,10.34133],[-1.32475,10.33965],[-1.32312,10.33434],[-1.32338,10.33358],[-1.32657,10.33241],[-1.32666,10.33156],[-1.31886,10.33017],[-1.31681,10.33081],[-1.31479,10.33058],[-1.31255,10.32914],[-1.31082,10.327],[-1.30771,10.32731],[-1.30515,10.32625],[-1.30266,10.32681],[-1.29704,10.32379],[-1.29468,10.32393],[-1.29096,10.32606],[-1.28979,10.32613],[-1.2877,10.32518],[-1.28812,10.32384],[-1.2876,10.32257],[-1.28554,10.32148],[-1.27913,10.3221],[-1.27591,10.32096],[-1.27237,10.32101],[-1.27142,10.32177],[-1.27108,10.32357],[-1.2736,10.32527],[-1.27337,10.32678],[-1.27098,10.32678],[-1.26881,10.32555],[-1.26748,10.3238],[-1.26921,10.32007],[-1.26906,10.31754],[-1.27176,10.31561],[-1.27169,10.31353],[-1.26731,10.30964],[-1.26505,10.3109],[-1.26446,10.31067],[-1.26345,10.30682],[-1.25937,10.30218],[-1.25684,10.30336],[-1.25581,10.30303],[-1.25526,10.29961],[-1.25564,10.29744],[-1.25454,10.29634],[-1.25431,10.29472],[-1.25656,10.29429],[-1.25817,10.29274],[-1.25741,10.29024],[-1.25509,10.28836],[-1.25658,10.28541],[-1.25549,10.28329],[-1.25555,10.28151],[-1.2526,10.28038],[-1.25415,10.27756],[-1.25277,10.2767],[-1.24893,10.27828],[-1.24859,10.27454],[-1.24694,10.27456],[-1.24574,10.27563],[-1.24384,10.27528],[-1.24295,10.27641],[-1.24379,10.2779],[-1.247,10.27793],[-1.24746,10.27848],[-1.24757,10.28063],[-1.24456,10.28136],[-1.24134,10.28038],[-1.24127,10.27939],[-1.24237,10.27795],[-1.24148,10.27681]]}},{"type":"Feature","properties":{},"geometry":{"type":"LineString","coordinates":[[-1.61378,10.38277],[-1.61267,10.3819],[-1.60695,10.38071],[-1.60078,10.3808],[-1.59928,10.38013],[-1.59726,10.37772],[-1.59645,10.3779],[-1.59673,10.37884],[-1.59617,10.3797],[-1.59229,10.37977],[-1.59036,10.37811],[-1.58828,10.37446],[-1.58478,10.3704],[-1.58168,10.36907],[-1.57938,10.36587],[-1.57254,10.36374],[-1.57088,10.36415],[-1.56903,10.36374],[-1.5656,10.36139],[-1.56115,10.36183],[-1.55865,10.36139],[-1.55551,10.35775],[-1.55017,10.35759],[-1.54934,10.35698],[-1.54752,10.35273],[-1.54114,10.3535],[-1.53865,10.35318],[-1.53456,10.35489],[-1.53157,10.35368],[-1.52996,10.35372],[-1.52434,10.35671],[-1.51948,10.35486],[-1.51745,10.35244],[-1.51655,10.35236],[-1.51513,10.35329],[-1.51229,10.35806],[-1.50872,10.35978],[-1.50768,10.36144],[-1.50753,10.36435],[-1.50591,10.3668],[-1.5044,10.3673],[-1.49884,10.36623],[-1.49437,10.36312],[-1.49226,10.36408],[-1.48927,10.37106],[-1.48531,10.37763],[-1.48395,10.37871],[-1.48152,10.37912],[-1.47629,10.37767],[-1.47033,10.37945],[-1.46846,10.37746],[-1.46391,10.37772],[-1.4608,10.37702],[-1.4569,10.37352],[-1.45346,10.37348],[-1.4479,10.37609],[-1.44402,10.37582],[-1.44275,10.37537],[-1.4394,10.37202],[-1.43629,10.37122],[-1.43125,10.3721],[-1.4259,10.37206],[-1.4214,10.37354],[-1.41552,10.37405],[-1.41313,10.37537]]}},{"type":"Feature","properties":{},"geometry":{"type":"LineString","coordinates":[[0.15046,8.09321],[0.15347,8.08961],[0.15239,8.08064],[0.15,8.07374]]}},{"type":"Feature","properties":{},"geometry":{"type":"LineString","coordinates":[[0.16258,8.09927],[0.16475,8.09437],[0.16651,8.08608],[0.16884,8.08009]]}},{"type":"Feature","properties":{"name":"Mi"},"geometry":{"type":"LineString","coordinates":[[0.29875,5.84433],[0.29799,5.84125],[0.29826,5.83964],[0.30079,5.83541],[0.30085,5.83386],[0.30169,5.83323],[0.30165,5.82966],[0.30355,5.82838],[0.30566,5.82414],[0.30527,5.82215],[0.30625,5.82158],[0.3085,5.82168],[0.30984,5.82074],[0.31096,5.81211],[0.31302,5.81019],[0.31274,5.80771],[0.3132,5.80665],[0.31507,5.80588],[0.31546,5.80722],[0.31658,5.80597],[0.31712,5.8078],[0.3187,5.80591],[0.31777,5.80206],[0.31597,5.80059],[0.31739,5.79568],[0.31436,5.79525],[0.31439,5.79456],[0.31672,5.79269],[0.317,5.79116],[0.31465,5.79019],[0.31409,5.78613],[0.3132,5.78459],[0.30882,5.78431]]}},{"type":"Feature","properties":{},"geometry":{"type":"LineString","coordinates":[[-1.81975,9.46286],[-1.81919,9.46205],[-1.81945,9.46023],[-1.8206,9.45758],[-1.82372,9.45619],[-1.82483,9.45435],[-1.82468,9.45192],[-1.82233,9.4495],[-1.823,9.44586],[-1.82768,9.44117],[-1.82737,9.44001],[-1.8251,9.43946],[-1.82386,9.44147],[-1.82259,9.44132],[-1.82155,9.43704],[-1.82191,9.43639],[-1.82245,9.43732],[-1.82322,9.43733],[-1.82491,9.43202],[-1.82861,9.43151],[-1.83008,9.42937],[-1.82943,9.42882],[-1.82993,9.42668],[-1.82936,9.42598],[-1.82787,9.42674],[-1.82653,9.42608],[-1.82625,9.42318],[-1.83008,9.41974],[-1.83204,9.41694],[-1.83305,9.41665],[-1.83463,9.41692],[-1.83745,9.4192],[-1.83657,9.4228],[-1.8375,9.42495]]}},{"type":"Feature","properties":{},"geometry":{"type":"LineString","coordinates":[[0.33243,7.30839],[0.33045,7.30809],[0.3268,7.30986],[0.32504,7.3097],[0.3263,7.30611],[0.32151,7.30543],[0.32058,7.30454],[0.32332,7.30327],[0.32824,7.30364],[0.32818,7.30265],[0.3217,7.30052],[0.32169,7.2994],[0.32423,7.29824],[0.3193,7.29587]]}},{"type":"Feature","properties":{},"geometry":{"type":"LineString","coordinates":[[0.45904,7.66546],[0.4581,7.66461],[0.4548,7.66405],[0.45274,7.66656],[0.44541,7.66729],[0.44339,7.67007],[0.44187,7.66997],[0.44099,7.67067],[0.44096,7.67565],[0.43755,7.67773],[0.43984,7.67925],[0.44045,7.68058],[0.44018,7.68225],[0.44114,7.68784],[0.44062,7.68838],[0.44003,7.68805]]}},{"type":"Feature","properties":{"name":"Oti"},"geometry":{"type":"LineString","coordinates":[[0.0939,8.06169],[0.09141,8.05473],[0.09158,8.05243],[0.09287,8.04971],[0.09596,8.04657],[0.10669,8.04011],[0.11038,8.03688],[0.11433,8.02982],[0.11733,8.01135],[0.11682,7.99657],[0.10122,7.97456],[0.06871,7.95324],[0.06484,7.94835],[0.06369,7.94568],[0.06343,7.93658],[0.06575,7.93369],[0.06884,7.93216],[0.0963,7.93165],[0.09802,7.9311],[0.10107,7.92872],[0.10205,7.92213],[0.10137,7.91592],[0.09956,7.91074],[0.08952,7.88974],[0.08686,7.88073],[0.08617,7.87069],[0.08673,7.86585],[0.08875,7.85786],[0.09615,7.84948],[0.10433,7.83639],[0.10664,7.82614],[0.11113,7.7937],[0.11263,7.79102],[0.11534,7.78815],[0.15467,7.77395],[0.17192,7.76415],[0.18007,7.75428],[0.18505,7.74025],[0.20104,7.65799],[0.20067,7.64703],[0.19878,7.64124],[0.19475,7.6369],[0.18908,7.63401],[0.10351,7.62346],[0.09793,7.62074],[0.09048,7.60987]]}},{"type":"Feature","properties":{"name":"Oti"},"geometry":{"type":"LineString","coordinates":[[0.21919,8.34202],[0.18891,8.33762],[0.18497,8.33393],[0.18329,8.33002],[0.18235,8.32365],[0.18415,8.31911],[0.18883,8.31265],[0.19402,8.30696],[0.19702,8.30132],[0.1984,8.29427],[0.19627,8.2749],[0.19269,8.25927],[0.1896,8.25337],[0.18655,8.24946],[0.18248,8.24615],[0.16866,8.24071],[0.13182,8.23313],[0.12821,8.23127],[0.12615,8.22848]]}},{"type":"Feature","properties":{},"geometry":{"type":"LineString","coordinates":[[-0.97225,8.04253],[-0.96587,8.03915],[-0.95844,8.03854],[-0.94892,8.03499],[-0.93706,8.03764],[-0.93301,8.03776],[-0.92051,8.03444],[-0.91373,8.03552],[-0.90783,8.03871],[-0.90484,8.03957],[-0.90051,8.03941],[-0.89541,8.03788],[-0.89077,8.03847],[-0.88837,8.03696],[-0.88592,8.03656],[-0.87672,8.03679],[-0.8717,8.03758],[-0.86933,8.03755],[-0.86796,8.03685],[-0.8594,8.03879],[-0.85646,8.03885],[-0.85492,8.03826],[-0.83698,8.04173]]}},{"type":"Feature","properties":{},"geometry":{"type":"LineString","coordinates":[[-1.45374,7.72091],[-1.46474,7.71954],[-1.48221,7.7215],[-1.48519,7.7202],[-1.48631,7.72069],[-1.48783,7.7201],[-1.48892,7.72022],[-1.49027,7.72149],[-1.49373,7.71939],[-1.49696,7.71533],[-1.49792,7.71574],[-1.49904,7.71536],[-1.49956,7.71479],[-1.49888,7.71359],[-1.49918,7.71252],[-1.50236,7.71144],[-1.5044,7.71167],[-1.50594,7.71108],[-1.50811,7.71152],[-1.5086,7.71061],[-1.51182,7.7095],[-1.51335,7.71044],[-1.51828,7.71069],[-1.51993,7.7121],[-1.52356,7.70908],[-1.52809,7.70837],[-1.52892,7.70754],[-1.53184,7.70704],[-1.53268,7.70578],[-1.5346,7.70485],[-1.53599,7.70572],[-1.53685,7.70448],[-1.53955,7.70441],[-1.54166,7.70318],[-1.54336,7.70342],[-1.54387,7.70551],[-1.54474,7.70629],[-1.54932,7.70527],[-1.55083,7.70549],[-1.55351,7.70443],[-1.5569,7.70501],[-1.56053,7.70069],[-1.56095,7.6988],[-1.56503,7.69761],[-1.56666,7.69382],[-1.57094,7.69178],[-1.57079,7.69078],[-1.57497,7.68725],[-1.57644,7.68432],[-1.57762,7.68479],[-1.57873,7.68393],[-1.58003,7.68413],[-1.58102,7.68262],[-1.58298,7.68208],[-1.58845,7.67868],[-1.59247,7.67754],[-1.59321,7.67656],[-1.59579,7.67716],[-1.59759,7.67505],[-1.60105,7.67514],[-1.60199,7.67333],[-1.6061,7.6733],[-1.60878,7.67167],[-1.60921,7.67066],[-1.61188,7.66867],[-1.62114,7.67037],[-1.6232,7.66925],[-1.62766,7.66882],[-1.63056,7.66906],[-1.63161,7.66984],[-1.63465,7.66895],[-1.63945,7.66996],[-1.6407,7.67169],[-1.64353,7.67138],[-1.64517,7.67189],[-1.64773,7.67084],[-1.65177,7.67278],[-1.65648,7.67251],[-1.6575,7.67501],[-1.65892,7.67457],[-1.66057,7.675],[-1.66466,7.67827]]}},{"type":"Feature","properties":{},"geometry":{"type":"LineString","coordinates":[[-1.68371,6.20739],[-1.68364,6.20752]]}},{"type":"Feature","properties":{},"geometry":{"type":"LineString","coordinates":[[-1.67748,6.21078],[-1.67651,6.21122]]}},{"type":"Feature","properties":{},"geometry":{"type":"LineString","coordinates":[[-1.67757,6.21082],[-1.67748,6.21078]]}},{"type":"Feature","properties":{},"geometry":{"type":"LineString","coordinates":[[-1.67648,6.21128],[-1.67445,6.21255],[-1.67232,6.21502]]}},{"type":"Feature","properties":{},"geometry":{"type":"LineString","coordinates":[[-1.67651,6.21122],[-1.67648,6.21128]]}},{"type":"Feature","properties":{},"geometry":{"type":"LineString","coordinates":[[-1.67224,6.21509],[-1.67032,6.2169]]}},{"type":"Feature","properties":{},"geometry":{"type":"LineString","coordinates":[[-1.67232,6.21502],[-1.67224,6.21509]]}},{"type":"Feature","properties":{},"geometry":{"type":"LineString","coordinates":[[-1.66882,6.21762],[-1.66682,6.21659]]}},{"type":"Feature","properties":{},"geometry":{"type":"LineString","coordinates":[[-1.67032,6.2169],[-1.67025,6.21695]]}},{"type":"Feature","properties":{},"geometry":{"type":"LineString","coordinates":[[-1.66675,6.21657],[-1.66321,6.21478],[-1.66293,6.2132],[-1.66105,6.21148],[-1.65818,6.21045],[-1.65713,6.21095],[-1.65627,6.21458],[-1.65533,6.21541]]}},{"type":"Feature","properties":{},"geometry":{"type":"LineString","coordinates":[[-1.66682,6.21659],[-1.66675,6.21657]]}},{"type":"Feature","properties":{},"geometry":{"type":"LineString","coordinates":[[0.68473,5.79101],[0.68404,5.78913],[0.68256,5.7883],[0.68441,5.78447],[0.68473,5.78094]]}},{"type":"Feature","properties":{},"geometry":{"type":"LineString","coordinates":[[0.68473,5.78094],[0.68117,5.78051],[0.67978,5.78125],[0.67431,5.78091],[0.67124,5.78417]]}},{"type":"Feature","properties":{"name":"Daka"},"geometry":{"type":"LineString","coordinates":[[-0.30366,8.35708],[-0.30556,8.35848],[-0.30808,8.35746],[-0.31293,8.35099],[-0.31366,8.34918],[-0.31901,8.34407],[-0.32389,8.34335],[-0.32568,8.34252],[-0.32664,8.34073],[-0.32664,8.33878],[-0.3259,8.33638],[-0.32254,8.33258],[-0.315,8.32829],[-0.30914,8.32134],[-0.3072,8.32023],[-0.30128,8.31869],[-0.29409,8.31904],[-0.28634,8.32163],[-0.28333,8.3216],[-0.27803,8.31954],[-0.27559,8.31969],[-0.26667,8.3267],[-0.26576,8.32823],[-0.26525,8.33134],[-0.26231,8.3366],[-0.25476,8.33546],[-0.24951,8.33359],[-0.24761,8.33378],[-0.24609,8.33494],[-0.24244,8.34096],[-0.23806,8.34283],[-0.23654,8.34275],[-0.23253,8.33956],[-0.22135,8.3378],[-0.21692,8.33878],[-0.21527,8.33988],[-0.2139,8.34193],[-0.21252,8.34614],[-0.20986,8.35047],[-0.20419,8.3504],[-0.19864,8.34781],[-0.19602,8.34758],[-0.19367,8.34887],[-0.19217,8.35074],[-0.18971,8.35672],[-0.18881,8.35729],[-0.18695,8.35709],[-0.1859,8.35539],[-0.18572,8.34935],[-0.1847,8.34628],[-0.1848,8.33841],[-0.18432,8.33698],[-0.17866,8.32887],[-0.17472,8.32588],[-0.17334,8.3221],[-0.17157,8.32087],[-0.16983,8.31694],[-0.16426,8.3119],[-0.16287,8.30814],[-0.16199,8.30218],[-0.15879,8.29585],[-0.15641,8.29337],[-0.14601,8.28741]]}},{"type":"Feature","properties":{"name":"Kulpawn"},"geometry":{"type":"LineString","coordinates":[[-2.1815,10.49219],[-2.17899,10.49048],[-2.17818,10.48763],[-2.18086,10.48264],[-2.18172,10.47926],[-2.18155,10.47572],[-2.18395,10.47285],[-2.18481,10.47015],[-2.18584,10.46339],[-2.18412,10.46103],[-2.18001,10.45985],[-2.17383,10.46272],[-2.16353,10.46508],[-2.15906,10.46238],[-2.14636,10.4504],[-2.1419,10.44398],[-2.1393,10.44134],[-2.13343,10.44069],[-2.12482,10.44143],[-2.12196,10.44272],[-2.12124,10.44584],[-2.11648,10.44897],[-2.10532,10.4493],[-2.09932,10.4445],[-2.09164,10.44407],[-2.08902,10.44297],[-2.087,10.43608],[-2.08456,10.43335],[-2.07736,10.42935],[-2.07548,10.42763],[-2.07104,10.42054],[-2.07304,10.41481],[-2.07283,10.41371],[-2.06671,10.40971],[-2.06302,10.4046],[-2.06277,10.40141],[-2.06471,10.39409],[-2.06472,10.39199],[-2.06292,10.38819],[-2.05634,10.37961],[-2.05246,10.35742],[-2.0502,10.3553],[-2.0494,10.35364],[-2.05038,10.35348],[-2.05239,10.35599],[-2.0533,10.35624],[-2.05404,10.35569],[-2.05452,10.35379],[-2.05246,10.34994],[-2.05227,10.34635],[-2.05968,10.34585],[-2.06453,10.34195],[-2.06822,10.338],[-2.06731,10.33574],[-2.06152,10.32927],[-2.05956,10.32324]]}},{"type":"Feature","properties":{},"geometry":{"type":"LineString","coordinates":[[-0.79911,7.5007],[-0.79777,7.49995],[-0.79699,7.50081],[-0.79576,7.4989],[-0.79347,7.50067],[-0.79207,7.50004]]}},{"type":"Feature","properties":{},"geometry":{"type":"LineString","coordinates":[[-1.88838,10.05651],[-1.88828,10.05641]]}},{"type":"Feature","properties":{},"geometry":{"type":"LineString","coordinates":[[-1.8979,10.06581],[-1.89692,10.06377],[-1.89324,10.05999],[-1.88809,10.05947],[-1.88795,10.0585],[-1.88894,10.05741],[-1.88838,10.05651]]}},{"type":"Feature","properties":{},"geometry":{"type":"LineString","coordinates":[[-1.88828,10.05641],[-1.88599,10.05629],[-1.88383,10.05517],[-1.88313,10.05192]]}},{"type":"Feature","properties":{},"geometry":{"type":"LineString","coordinates":[[-1.57638,6.18393],[-1.58271,6.18273],[-1.58582,6.18381],[-1.5863,6.18483],[-1.58834,6.18382],[-1.58915,6.18158],[-1.59387,6.17559],[-1.5956,6.17199],[-1.59707,6.17146],[-1.5981,6.17238],[-1.60027,6.17199],[-1.60424,6.16878],[-1.60403,6.16504],[-1.60637,6.16507],[-1.60805,6.16183],[-1.61765,6.16151],[-1.62295,6.15886],[-1.62548,6.15845],[-1.62709,6.15728],[-1.62651,6.15552],[-1.62698,6.15456],[-1.6279,6.15479],[-1.62767,6.15317],[-1.63042,6.15425],[-1.63236,6.15394],[-1.63292,6.15625],[-1.63399,6.15516],[-1.63499,6.15513],[-1.63541,6.15357],[-1.63394,6.14853],[-1.63498,6.1467],[-1.63639,6.14668],[-1.63945,6.14957],[-1.64235,6.15095]]}},{"type":"Feature","properties":{"name":"Ntakorfa River"},"geometry":{"type":"LineString","coordinates":[[-0.63685,5.36666],[-0.63741,5.36428]]}},{"type":"Feature","properties":{"name":"Ntakorfa River"},"geometry":{"type":"LineString","coordinates":[[-0.63678,5.37666],[-0.63566,5.37277],[-0.63681,5.36689]]}},{"type":"Feature","properties":{"name":"Ntakorfa River"},"geometry":{"type":"LineString","coordinates":[[-0.63681,5.36689],[-0.63685,5.36666]]}},{"type":"Feature","properties":{"name":"River Pratu"},"geometry":{"type":"LineString","coordinates":[[-0.67267,5.3696],[-0.67287,5.36754],[-0.6738,5.36688],[-0.67296,5.36573],[-0.67413,5.36479],[-0.67325,5.36429],[-0.67323,5.3615],[-0.67206,5.36046],[-0.67193,5.35887],[-0.67287,5.35727],[-0.67225,5.35669],[-0.6712,5.35775],[-0.67038,5.3569],[-0.67062,5.35328],[-0.66804,5.3518],[-0.66361,5.35252],[-0.66143,5.34987],[-0.65966,5.3492],[-0.65652,5.34313],[-0.65312,5.34251],[-0.64754,5.33992],[-0.64403,5.33743],[-0.6424,5.33491],[-0.64264,5.33263],[-0.64701,5.32816],[-0.6543,5.32545],[-0.65407,5.32451]]}},{"type":"Feature","properties":{},"geometry":{"type":"LineString","coordinates":[[-0.90248,9.44591],[-0.90239,9.4447],[-0.90368,9.44406],[-0.90582,9.44019],[-0.9069,9.43966],[-0.90787,9.43795],[-0.90816,9.43292],[-0.90697,9.4287],[-0.90747,9.42483],[-0.90641,9.42176],[-0.90761,9.41629],[-0.90682,9.41536],[-0.90508,9.41528],[-0.90448,9.41434],[-0.9039,9.41144],[-0.90504,9.40947],[-0.90424,9.40871],[-0.9047,9.40745],[-0.90296,9.40567],[-0.90517,9.40328],[-0.90499,9.40271],[-0.90633,9.40251],[-0.90567,9.40152],[-0.90606,9.39949],[-0.90525,9.39905],[-0.90523,9.39722],[-0.90612,9.39569],[-0.90554,9.3949],[-0.90594,9.39211],[-0.90699,9.39266],[-0.90812,9.39132],[-0.90698,9.38934],[-0.90831,9.3883],[-0.90865,9.38906],[-0.91094,9.3882],[-0.91134,9.38636],[-0.9124,9.38531],[-0.91139,9.38492],[-0.91084,9.38299],[-0.90928,9.38198],[-0.90989,9.38147],[-0.90923,9.38067],[-0.90954,9.38001],[-0.9085,9.37958],[-0.90878,9.3776],[-0.91088,9.37729],[-0.9109,9.37603],[-0.91202,9.37567],[-0.91242,9.37526],[-0.91196,9.37447],[-0.91302,9.37412],[-0.91275,9.37344],[-0.91489,9.37308],[-0.91474,9.37222],[-0.91575,9.37185],[-0.91517,9.37139],[-0.91574,9.3704],[-0.91705,9.3703],[-0.91717,9.36966],[-0.91799,9.37051],[-0.91839,9.37002],[-0.92027,9.37012],[-0.92045,9.36897],[-0.92222,9.36882],[-0.92254,9.36796],[-0.92306,9.36851],[-0.92433,9.3665],[-0.9233,9.36603],[-0.92447,9.36478],[-0.92385,9.3645],[-0.92386,9.36343],[-0.92587,9.36256],[-0.92551,9.36186],[-0.92831,9.36148],[-0.92848,9.36059],[-0.92751,9.35893],[-0.92794,9.35826],[-0.92587,9.35873],[-0.92566,9.3582],[-0.92663,9.35796],[-0.92665,9.35734],[-0.92563,9.35732],[-0.92649,9.35657],[-0.92622,9.35606],[-0.92561,9.35651],[-0.925,9.3559],[-0.92586,9.35546],[-0.92513,9.35478],[-0.92617,9.3545],[-0.92505,9.35351],[-0.9267,9.35322],[-0.92735,9.35239],[-0.92557,9.35176],[-0.92622,9.35138],[-0.92619,9.3503],[-0.92701,9.35028],[-0.92696,9.34892],[-0.92874,9.3487],[-0.92917,9.34733],[-0.92719,9.34647],[-0.92854,9.34412],[-0.92755,9.34419],[-0.92609,9.34258],[-0.92536,9.34263],[-0.92612,9.34158],[-0.92556,9.34103],[-0.92681,9.34057],[-0.92734,9.34095],[-0.92763,9.34006],[-0.92856,9.33972],[-0.92767,9.33893],[-0.92793,9.33789],[-0.92865,9.33811],[-0.92825,9.33654],[-0.92913,9.33629],[-0.92861,9.33582],[-0.9294,9.33519]]}},{"type":"Feature","properties":{"name":"Nasia"},"geometry":{"type":"LineString","coordinates":[[-0.60953,10.16277],[-0.61088,10.16411],[-0.62309,10.16451],[-0.62532,10.16579],[-0.6261,10.16834],[-0.62513,10.16922],[-0.62417,10.17269],[-0.62614,10.17453],[-0.62988,10.17503],[-0.63243,10.17692],[-0.633,10.18251],[-0.63397,10.18383],[-0.63712,10.18419],[-0.63842,10.18339],[-0.63968,10.18052],[-0.63879,10.17795],[-0.63967,10.17724],[-0.64204,10.17655],[-0.6442,10.17741],[-0.64412,10.18108],[-0.646,10.18268],[-0.64567,10.18388],[-0.64425,10.18506],[-0.64315,10.18436],[-0.64144,10.1881],[-0.64369,10.19018],[-0.64526,10.18995],[-0.64738,10.18834],[-0.64991,10.18164],[-0.65288,10.18063],[-0.65382,10.18165],[-0.6531,10.18376],[-0.6544,10.18764],[-0.65368,10.18888],[-0.65215,10.18965],[-0.65244,10.1914],[-0.65376,10.1924],[-0.65763,10.19196],[-0.65952,10.1903],[-0.65936,10.18828],[-0.66253,10.18651],[-0.6645,10.18205],[-0.66701,10.17988]]}},{"type":"Feature","properties":{"name":"White Volta"},"geometry":{"type":"LineString","coordinates":[[-1.0578,10.15729],[-1.06689,10.1544],[-1.0744,10.15622],[-1.07768,10.15633],[-1.08125,10.15568],[-1.08477,10.15359],[-1.08938,10.14814],[-1.09355,10.13813],[-1.09303,10.12866],[-1.08788,10.12173],[-1.07122,10.12139],[-1.06367,10.1219],[-1.06161,10.11902],[-1.06144,10.11412],[-1.06401,10.11057],[-1.07002,10.10872],[-1.07122,10.10601],[-1.06848,10.10449],[-1.06005,10.10273],[-1.05188,10.10302],[-1.04336,10.09894],[-1.03112,10.09695],[-1.0287,10.09704],[-1.0241,10.09931],[-1.01988,10.09996],[-1.0157,10.09679],[-1.011,10.08602],[-1.01079,10.07949],[-1.01151,10.07763],[-1.01469,10.07613],[-1.0207,10.07657],[-1.024,10.07564],[-1.02646,10.07054],[-1.02726,10.06189],[-1.02638,10.05871],[-1.02081,10.05033],[-1.01722,10.04306],[-1.01463,10.03994],[-1.01334,10.02608],[-1.01254,10.02475],[-1.00413,10.01982],[-1.00179,10.0166],[-1.00187,10.01453],[-1.00352,10.01172],[-1.00339,10.01001],[-1.0011,10.00787],[-0.9975,10.00797],[-0.99461,10.00684],[-0.99015,10.0042],[-0.98884,10.00221],[-0.98795,9.99982],[-0.98791,9.99744],[-0.98869,9.99517],[-0.99196,9.99176],[-0.99205,9.99045],[-0.99163,9.98905],[-0.98778,9.98575],[-0.98771,9.98444],[-0.9906,9.98091],[-0.99749,9.97742],[-0.99994,9.97513],[-1.00255,9.96945],[-1.00325,9.96634],[-1.00256,9.96347],[-1.00059,9.96017],[-0.99804,9.95803],[-0.99523,9.95689],[-0.99135,9.95312],[-0.99102,9.94747],[-0.9927,9.94472],[-0.99256,9.94319],[-0.99169,9.94277],[-0.98949,9.94415],[-0.98658,9.94493],[-0.98428,9.94503],[-0.9812,9.94409]]}},{"type":"Feature","properties":{},"geometry":{"type":"LineString","coordinates":[[-1.90758,9.10765],[-1.9035,9.1065],[-1.90154,9.1041],[-1.89877,9.10466],[-1.89472,9.10247],[-1.89321,9.10035],[-1.89119,9.09943],[-1.88971,9.09953],[-1.88863,9.09815],[-1.88331,9.09718],[-1.88333,9.09559],[-1.88183,9.0943],[-1.87768,9.08753],[-1.87761,9.08598],[-1.87853,9.08449],[-1.87589,9.08321],[-1.87427,9.08153],[-1.8717,9.0805],[-1.87045,9.07873],[-1.87042,9.07681],[-1.86582,9.07483],[-1.86719,9.07192],[-1.86633,9.07057],[-1.86643,9.06826],[-1.8684,9.06364],[-1.86595,9.06203],[-1.86447,9.06301],[-1.86409,9.06434],[-1.86308,9.06431],[-1.86236,9.06532],[-1.86185,9.06478],[-1.85885,9.06504],[-1.8576,9.06394],[-1.85735,9.06291],[-1.85603,9.062],[-1.85615,9.06027],[-1.85471,9.05981],[-1.85497,9.05858],[-1.85405,9.05821],[-1.85415,9.05728],[-1.85283,9.05698],[-1.85194,9.05518],[-1.85004,9.05458],[-1.8477,9.05156],[-1.84716,9.04986],[-1.84799,9.0476],[-1.84765,9.04671],[-1.84663,9.04581],[-1.84616,9.04614],[-1.84609,9.04507],[-1.84308,9.04315],[-1.84347,9.04081],[-1.84522,9.03969],[-1.84477,9.03735],[-1.84306,9.03663],[-1.84294,9.03426]]}},{"type":"Feature","properties":{},"geometry":{"type":"LineString","coordinates":[[-1.86069,9.06176],[-1.86136,9.06281]]}},{"type":"Feature","properties":{},"geometry":{"type":"LineString","coordinates":[[-1.86353,9.06272],[-1.86471,9.06273]]}},{"type":"Feature","properties":{},"geometry":{"type":"LineString","coordinates":[[-1.86566,9.08323],[-1.86683,9.08269],[-1.86853,9.0799],[-1.87011,9.08014],[-1.87158,9.08203],[-1.87427,9.08153]]}},{"type":"Feature","properties":{},"geometry":{"type":"LineString","coordinates":[[-1.25587,9.11006],[-1.25419,9.10919],[-1.25276,9.10651],[-1.24994,9.10635],[-1.24957,9.10823],[-1.24743,9.10877],[-1.24643,9.11005],[-1.24522,9.10903],[-1.2456,9.10729],[-1.245,9.10707],[-1.24354,9.10684],[-1.24276,9.10779],[-1.2413,9.1079],[-1.23899,9.10649],[-1.23795,9.10729],[-1.23588,9.10693],[-1.23426,9.1056],[-1.22926,9.10638],[-1.227,9.10604],[-1.22446,9.10392],[-1.22262,9.10541],[-1.22018,9.10541],[-1.21902,9.10447],[-1.22002,9.10223],[-1.21906,9.10053],[-1.21655,9.10108],[-1.21397,9.10038],[-1.211,9.10215],[-1.20958,9.10093],[-1.21012,9.0989],[-1.20647,9.09652],[-1.20361,9.09591],[-1.20461,9.09304],[-1.20236,9.08743],[-1.20264,9.08547],[-1.20166,9.08412],[-1.20128,9.07946],[-1.20239,9.07902],[-1.20206,9.07676],[-1.20309,9.07499],[-1.20194,9.07323],[-1.20253,9.07029],[-1.20098,9.06911],[-1.20314,9.05948],[-1.20209,9.05793],[-1.19866,9.05824],[-1.19493,9.05686],[-1.19306,9.05452],[-1.1916,9.05071],[-1.19362,9.04905],[-1.19582,9.04977],[-1.19513,9.04807],[-1.19643,9.04486],[-1.19468,9.04479],[-1.19449,9.043],[-1.19381,9.04226],[-1.19307,9.04238],[-1.19098,9.04001],[-1.1917,9.03886],[-1.18998,9.03418],[-1.1887,9.03325],[-1.18854,9.03162],[-1.18783,9.03114],[-1.1878,9.02846],[-1.18623,9.02743],[-1.18583,9.02613],[-1.1839,9.02605],[-1.18218,9.02518],[-1.18124,9.02558],[-1.18063,9.02444],[-1.18156,9.02374],[-1.17952,9.0212],[-1.1769,9.01935],[-1.17259,9.01857],[-1.16819,9.01617],[-1.16836,9.01416],[-1.16999,9.01109],[-1.1672,9.00863],[-1.16817,9.00397],[-1.16785,9.00261],[-1.16594,9.00227],[-1.16598,9.00021],[-1.1666,8.99585],[-1.16832,8.99447],[-1.16913,8.99506],[-1.16993,8.99121],[-1.1701,8.98743],[-1.1686,8.98233],[-1.17042,8.97035],[-1.16969,8.96815],[-1.16632,8.96471],[-1.16506,8.96238],[-1.16506,8.96153],[-1.16669,8.95944],[-1.16656,8.95721],[-1.16361,8.95021]]}},{"type":"Feature","properties":{},"geometry":{"type":"LineString","coordinates":[[-2.57751,8.93984],[-2.57503,8.94319]]}},{"type":"Feature","properties":{},"geometry":{"type":"LineString","coordinates":[[-2.35641,6.69292],[-2.35624,6.69219],[-2.35713,6.69258],[-2.35702,6.69176],[-2.35816,6.69185],[-2.35788,6.69081],[-2.35743,6.69098],[-2.3585,6.68941],[-2.35814,6.68879],[-2.35881,6.68918],[-2.35957,6.68772],[-2.36228,6.68748],[-2.36211,6.68842],[-2.36262,6.68872],[-2.36288,6.68806],[-2.36315,6.68918],[-2.36338,6.68848],[-2.36417,6.6884],[-2.36378,6.68731],[-2.36592,6.68559],[-2.3657,6.68507],[-2.36641,6.68488],[-2.36579,6.68445],[-2.36673,6.68395],[-2.36522,6.67923],[-2.36586,6.67838],[-2.36677,6.67898],[-2.36738,6.67709],[-2.36832,6.67669],[-2.36761,6.67578],[-2.36791,6.6752],[-2.37167,6.67559],[-2.37235,6.67445],[-2.37251,6.67159],[-2.37307,6.67202],[-2.37373,6.67133],[-2.37607,6.67236],[-2.37669,6.67201],[-2.3775,6.67351],[-2.38017,6.67424],[-2.38096,6.67336],[-2.3812,6.67056],[-2.38278,6.67212],[-2.38263,6.67106],[-2.38389,6.67222],[-2.38521,6.67166],[-2.38508,6.67089],[-2.38594,6.6714],[-2.38594,6.67063],[-2.38749,6.67071],[-2.38802,6.66924],[-2.38727,6.66776],[-2.38879,6.66761],[-2.38903,6.66568],[-2.39138,6.66725],[-2.39191,6.66671],[-2.39206,6.66718],[-2.39318,6.66669],[-2.39334,6.66718],[-2.39545,6.66631],[-2.39571,6.6667],[-2.39718,6.66574],[-2.39699,6.66486],[-2.39794,6.66545],[-2.39896,6.66488],[-2.39919,6.66568],[-2.3997,6.66441],[-2.40083,6.6649],[-2.40095,6.66571],[-2.40227,6.66473],[-2.40345,6.66545],[-2.40366,6.66412],[-2.40427,6.66447],[-2.4037,6.66326],[-2.40455,6.66328],[-2.40472,6.66166],[-2.40601,6.66168],[-2.40921,6.66347],[-2.40934,6.66094],[-2.41069,6.66009],[-2.41108,6.66073],[-2.41137,6.66021],[-2.41186,6.66064],[-2.41256,6.65889],[-2.41377,6.65893],[-2.41348,6.65813],[-2.41454,6.65865],[-2.41441,6.65956],[-2.41543,6.65906]]}},{"type":"Feature","properties":{"name":"Desiri River"},"geometry":{"type":"LineString","coordinates":[[-2.25959,6.7042],[-2.25959,6.7043]]}},{"type":"Feature","properties":{"name":"Desiri River"},"geometry":{"type":"LineString","coordinates":[[-2.23889,6.71646],[-2.23967,6.7169],[-2.24022,6.71614],[-2.24019,6.71242],[-2.24273,6.71174],[-2.24405,6.70824],[-2.24537,6.70857],[-2.2467,6.70528],[-2.24494,6.70419],[-2.24635,6.70413],[-2.24642,6.70226],[-2.24925,6.70108],[-2.24973,6.70006],[-2.25061,6.69985],[-2.25127,6.70026],[-2.25111,6.70103],[-2.25237,6.70102],[-2.25473,6.70266],[-2.25695,6.70319],[-2.25769,6.7048],[-2.25828,6.70448],[-2.25815,6.70306],[-2.25987,6.70286],[-2.25959,6.7042]]}},{"type":"Feature","properties":{"name":"Desiri River"},"geometry":{"type":"LineString","coordinates":[[-2.29092,6.70495],[-2.29391,6.70426],[-2.2956,6.70246],[-2.29693,6.70196],[-2.29759,6.69871],[-2.30011,6.69914],[-2.30254,6.69379],[-2.29969,6.69251],[-2.30095,6.69155],[-2.30137,6.69182],[-2.30203,6.68944],[-2.30392,6.69001],[-2.30386,6.68919],[-2.30628,6.6875],[-2.30693,6.68756],[-2.30696,6.68842],[-2.30809,6.68824],[-2.30846,6.68908],[-2.30828,6.68834],[-2.30882,6.68865],[-2.30866,6.69008],[-2.31041,6.6896],[-2.31155,6.69099],[-2.3133,6.69089],[-2.31309,6.69169],[-2.31564,6.69154],[-2.31772,6.69316],[-2.32002,6.69325],[-2.32059,6.69244],[-2.32173,6.6924],[-2.32144,6.69179],[-2.32369,6.69206],[-2.3234,6.69276],[-2.32467,6.69248],[-2.32508,6.69314],[-2.32589,6.69214],[-2.32601,6.6928],[-2.32679,6.69289],[-2.32586,6.69373],[-2.32711,6.69376],[-2.32694,6.6943],[-2.32621,6.69418],[-2.32706,6.69449],[-2.32703,6.69542],[-2.32962,6.69525],[-2.33086,6.69621],[-2.33043,6.69653],[-2.33157,6.69736],[-2.33167,6.69847],[-2.33311,6.69786],[-2.33311,6.69685],[-2.33435,6.69546],[-2.33454,6.69649],[-2.33639,6.69702],[-2.33722,6.69625],[-2.33738,6.69723],[-2.3381,6.69601],[-2.33854,6.69723],[-2.33966,6.6974],[-2.33831,6.69853],[-2.33851,6.69892],[-2.34157,6.69756],[-2.34282,6.69777],[-2.34274,6.69715],[-2.34502,6.69777],[-2.34592,6.69986],[-2.34773,6.69885],[-2.34831,6.69716],[-2.35054,6.69773],[-2.35173,6.69694],[-2.35242,6.69585],[-2.35254,6.69317],[-2.35599,6.69432],[-2.35641,6.69292]]}},{"type":"Feature","properties":{},"geometry":{"type":"LineString","coordinates":[[-2.26051,6.78468],[-2.26071,6.78454]]}},{"type":"Feature","properties":{},"geometry":{"type":"LineString","coordinates":[[-2.23761,6.80329],[-2.2481,6.79894],[-2.25625,6.79164]]}},{"type":"Feature","properties":{},"geometry":{"type":"LineString","coordinates":[[-2.26998,6.76967],[-2.26914,6.76663],[-2.27065,6.7635],[-2.27138,6.75889],[-2.27438,6.7559],[-2.27494,6.74989],[-2.27391,6.74955],[-2.27374,6.74853],[-2.27713,6.74316],[-2.2778,6.7399],[-2.27737,6.73956],[-2.27827,6.73741],[-2.27784,6.73647],[-2.27846,6.73025],[-2.28005,6.72739],[-2.28061,6.7236],[-2.28453,6.71897],[-2.28692,6.71486],[-2.28563,6.70727],[-2.28691,6.70612],[-2.29092,6.70495]]}},{"type":"Feature","properties":{},"geometry":{"type":"LineString","coordinates":[[-2.26997,6.76978],[-2.26998,6.76967]]}},{"type":"Feature","properties":{},"geometry":{"type":"LineString","coordinates":[[-2.26632,6.77868],[-2.26753,6.77799],[-2.2687,6.77593],[-2.26894,6.77423],[-2.26848,6.77449],[-2.26834,6.774],[-2.26965,6.77278],[-2.26997,6.76978]]}},{"type":"Feature","properties":{},"geometry":{"type":"LineString","coordinates":[[-2.55031,9.0312],[-2.54991,9.03148]]}},{"type":"Feature","properties":{"name":"Birim river"},"geometry":{"type":"LineString","coordinates":[[-0.6035,6.13403],[-0.60249,6.13493],[-0.60166,6.13773],[-0.60065,6.13847],[-0.59852,6.1437],[-0.59431,6.14684],[-0.59406,6.14925],[-0.59274,6.14998],[-0.59071,6.15005],[-0.59077,6.15363],[-0.58936,6.15476],[-0.58854,6.15776],[-0.58484,6.15905],[-0.57868,6.16428],[-0.57632,6.16457],[-0.57282,6.16662],[-0.572,6.16598],[-0.57075,6.16607],[-0.5697,6.165],[-0.56757,6.16464],[-0.56625,6.16385],[-0.56578,6.16233],[-0.56422,6.16174],[-0.56338,6.15927],[-0.56364,6.1584],[-0.5627,6.1579],[-0.56191,6.15614],[-0.56037,6.15703],[-0.55906,6.1568],[-0.557,6.15393],[-0.55555,6.15299],[-0.55166,6.15427],[-0.54999,6.1566],[-0.54813,6.15729],[-0.54682,6.15965]]}},{"type":"Feature","properties":{},"geometry":{"type":"LineString","coordinates":[[-2.52894,9.03618],[-2.53184,9.03561],[-2.53564,9.03904],[-2.53673,9.03935]]}},{"type":"Feature","properties":{},"geometry":{"type":"LineString","coordinates":[[-2.43307,8.93311],[-2.43638,8.93152],[-2.4378,8.93172],[-2.44102,8.93042],[-2.44803,8.92399],[-2.4501,8.92371],[-2.45071,8.92245],[-2.45004,8.91854],[-2.44776,8.91654],[-2.44722,8.9146],[-2.44836,8.91189],[-2.45015,8.91018],[-2.4518,8.90988],[-2.45347,8.90815],[-2.45345,8.90491],[-2.45606,8.90256],[-2.45816,8.89957],[-2.4628,8.89906],[-2.46272,8.89803],[-2.46359,8.89761],[-2.46615,8.8982],[-2.46972,8.89546],[-2.471,8.89334]]}},{"type":"Feature","properties":{},"geometry":{"type":"LineString","coordinates":[[-1.66888,6.21762],[-1.66882,6.21762]]}},{"type":"Feature","properties":{},"geometry":{"type":"LineString","coordinates":[[-1.67025,6.21695],[-1.66888,6.21762]]}},{"type":"Feature","properties":{},"geometry":{"type":"LineString","coordinates":[[-2.41477,8.94496],[-2.41493,8.94472]]}},{"type":"Feature","properties":{},"geometry":{"type":"LineString","coordinates":[[-2.4354,8.964],[-2.43554,8.96372]]}},{"type":"Feature","properties":{},"geometry":{"type":"LineString","coordinates":[[-2.43757,9.03593],[-2.43763,9.03578]]}},{"type":"Feature","properties":{},"geometry":{"type":"LineString","coordinates":[[-2.41185,9.03897],[-2.41192,9.0392]]}},{"type":"Feature","properties":{},"geometry":{"type":"LineString","coordinates":[[-2.41171,9.03863],[-2.41185,9.03897]]}},{"type":"Feature","properties":{},"geometry":{"type":"LineString","coordinates":[[-1.43026,7.92459],[-1.40623,7.89365],[-1.40472,7.88963]]}},{"type":"Feature","properties":{},"geometry":{"type":"LineString","coordinates":[[-1.45985,8.76307],[-1.4601,8.76498]]}},{"type":"Feature","properties":{},"geometry":{"type":"LineString","coordinates":[[-1.4133,8.88957],[-1.41179,8.88891],[-1.4087,8.88949],[-1.40599,8.88854],[-1.40662,8.88636],[-1.40558,8.8822],[-1.40647,8.8812],[-1.40393,8.8795],[-1.40217,8.87708],[-1.40074,8.87661],[-1.39833,8.87292],[-1.39702,8.87303],[-1.3973,8.87127],[-1.39672,8.86873],[-1.39805,8.86635],[-1.3976,8.86442],[-1.39795,8.86201],[-1.39735,8.86097],[-1.39516,8.8601],[-1.3951,8.85792],[-1.39285,8.85807],[-1.39156,8.85606],[-1.38928,8.85667],[-1.38795,8.85426],[-1.38757,8.85574],[-1.38578,8.85423],[-1.38475,8.85513],[-1.38329,8.85482],[-1.38237,8.85332],[-1.38118,8.85293],[-1.38153,8.85187],[-1.38091,8.85076],[-1.37879,8.85074],[-1.38031,8.84653],[-1.38157,8.84677],[-1.38192,8.84604],[-1.38131,8.84275],[-1.3792,8.84113],[-1.37753,8.84142],[-1.37433,8.83969],[-1.37308,8.83795],[-1.3713,8.83739],[-1.37015,8.8351],[-1.36768,8.83628],[-1.36112,8.83688],[-1.35564,8.8391],[-1.35415,8.83852],[-1.35333,8.82884],[-1.35129,8.82642],[-1.35137,8.82561],[-1.35245,8.82529],[-1.35208,8.82452],[-1.35322,8.82251],[-1.35163,8.82248],[-1.35458,8.8142],[-1.35464,8.8118],[-1.36067,8.8083],[-1.35935,8.80696]]}},{"type":"Feature","properties":{},"geometry":{"type":"LineString","coordinates":[[-2.34512,9.15418],[-2.33963,9.15054],[-2.33964,9.14906],[-2.33833,9.14863],[-2.33637,9.14648],[-2.33462,9.14644]]}},{"type":"Feature","properties":{},"geometry":{"type":"LineString","coordinates":[[-0.34836,5.92796],[-0.34833,5.92785]]}},{"type":"Feature","properties":{},"geometry":{"type":"LineString","coordinates":[[-1.47824,8.73814],[-1.47825,8.74043],[-1.48046,8.74897],[-1.48012,8.7504],[-1.47891,8.75144],[-1.479,8.75266],[-1.47994,8.75365],[-1.47966,8.75575],[-1.47457,8.75889],[-1.46728,8.75956]]}},{"type":"Feature","properties":{"name":"Odaw River"},"geometry":{"type":"LineString","coordinates":[[-0.21979,5.53766],[-0.21968,5.53345],[-0.22129,5.53106],[-0.22118,5.53011]]}},{"type":"Feature","properties":{},"geometry":{"type":"LineString","coordinates":[[-2.42262,8.92246],[-2.42536,8.92287],[-2.42721,8.92445],[-2.42905,8.92508],[-2.43268,8.9287],[-2.43367,8.93183],[-2.43307,8.93311]]}},{"type":"Feature","properties":{"name":"Atua"},"geometry":{"type":"LineString","coordinates":[[-2.82639,5.8244],[-2.82293,5.82447],[-2.82098,5.82529]]}},{"type":"Feature","properties":{},"geometry":{"type":"LineString","coordinates":[[-2.82538,5.82195],[-2.82537,5.82079],[-2.8234,5.8196]]}},{"type":"Feature","properties":{},"geometry":{"type":"LineString","coordinates":[[-2.84429,5.81807],[-2.84388,5.8187],[-2.84254,5.81872]]}},{"type":"Feature","properties":{},"geometry":{"type":"LineString","coordinates":[[-2.84525,5.82096],[-2.84466,5.82014],[-2.84601,5.81887]]}},{"type":"Feature","properties":{"name":"River Disue"},"geometry":{"type":"LineString","coordinates":[[-2.95808,5.82556],[-2.95815,5.82716],[-2.95629,5.82844],[-2.9568,5.82977],[-2.95607,5.83107],[-2.95707,5.83129],[-2.95666,5.83358],[-2.95738,5.83406],[-2.95713,5.83519],[-2.95882,5.83574],[-2.95899,5.83731],[-2.95977,5.83798],[-2.95979,5.83906],[-2.95868,5.83982],[-2.95867,5.84119],[-2.9572,5.84141],[-2.95728,5.84227],[-2.95826,5.84238],[-2.95745,5.84289],[-2.95826,5.84267],[-2.95864,5.84327],[-2.95822,5.84384],[-2.95927,5.84451],[-2.95796,5.84463],[-2.95818,5.84572],[-2.95928,5.84654],[-2.95883,5.84711],[-2.95795,5.84664],[-2.9567,5.8477],[-2.95694,5.84834],[-2.95753,5.84816],[-2.95666,5.84979],[-2.9547,5.84984],[-2.9545,5.85048],[-2.95547,5.85108],[-2.95476,5.852],[-2.95364,5.85205],[-2.95305,5.85331],[-2.95255,5.85263],[-2.95203,5.85325],[-2.95249,5.8567],[-2.95409,5.85797],[-2.95286,5.85781],[-2.95136,5.85908],[-2.95078,5.85853],[-2.95065,5.85953],[-2.94943,5.85992],[-2.9497,5.86093],[-2.94882,5.86127],[-2.94961,5.86184],[-2.94812,5.86125],[-2.94643,5.8623],[-2.94646,5.86435],[-2.9446,5.8626],[-2.94445,5.8648],[-2.94364,5.865],[-2.94262,5.8642],[-2.94121,5.86547],[-2.94016,5.86784],[-2.93893,5.86838],[-2.93889,5.86734],[-2.93832,5.86763],[-2.93949,5.87101],[-2.93921,5.87165],[-2.93614,5.86987],[-2.93585,5.86882],[-2.93514,5.86862],[-2.93494,5.86596],[-2.93318,5.86592],[-2.93107,5.86486],[-2.93143,5.86294],[-2.93014,5.86169],[-2.93062,5.8603],[-2.92621,5.85984],[-2.92542,5.85861],[-2.9248,5.85901],[-2.92435,5.85856],[-2.92498,5.85675],[-2.92789,5.85544],[-2.92832,5.85367],[-2.92619,5.85289],[-2.92604,5.85206],[-2.92465,5.85272],[-2.92302,5.85261],[-2.92264,5.85092],[-2.91942,5.85022],[-2.92054,5.848],[-2.91971,5.84711],[-2.9197,5.84565],[-2.91826,5.84468],[-2.9182,5.84323],[-2.91693,5.84308],[-2.91743,5.84016],[-2.91829,5.83922],[-2.91679,5.83843],[-2.9158,5.83895],[-2.91589,5.83755],[-2.91765,5.83614],[-2.91813,5.83487],[-2.91653,5.83298],[-2.91643,5.83176],[-2.91564,5.83254],[-2.91523,5.83225],[-2.91537,5.83015],[-2.91686,5.82898],[-2.91538,5.82641],[-2.91311,5.82581],[-2.91305,5.82505],[-2.91147,5.82377],[-2.9102,5.82475],[-2.90919,5.8239],[-2.90739,5.8243],[-2.90744,5.82311],[-2.90528,5.82359],[-2.90388,5.82243],[-2.90008,5.82339],[-2.8999,5.82237],[-2.89782,5.82397],[-2.89557,5.82125],[-2.89482,5.81833],[-2.89068,5.81953],[-2.89082,5.82015],[-2.89039,5.82011],[-2.889,5.81896],[-2.88915,5.8182],[-2.88762,5.81788],[-2.88646,5.81659],[-2.88557,5.81701],[-2.88558,5.81556],[-2.88444,5.81589],[-2.88344,5.81543],[-2.88283,5.81696],[-2.8774,5.8159],[-2.87625,5.81656],[-2.87473,5.81627],[-2.87289,5.81448],[-2.87125,5.81601],[-2.87075,5.81564],[-2.87042,5.81643],[-2.87093,5.81718],[-2.87033,5.81725],[-2.86746,5.81626],[-2.86778,5.81485],[-2.86694,5.81493],[-2.86532,5.81337],[-2.86503,5.81491],[-2.86397,5.81498],[-2.86255,5.81439],[-2.86157,5.81308],[-2.86081,5.81347],[-2.85972,5.81217],[-2.85842,5.81311],[-2.85915,5.81453],[-2.85869,5.81676],[-2.85599,5.81733],[-2.85491,5.81697],[-2.85397,5.81892],[-2.85184,5.8166],[-2.85204,5.81921],[-2.8484,5.82089],[-2.84736,5.82233],[-2.84585,5.82042],[-2.84591,5.81859],[-2.84453,5.81806],[-2.84267,5.81835],[-2.84192,5.82136],[-2.83586,5.82051],[-2.83304,5.81849],[-2.82873,5.81979],[-2.82794,5.81795],[-2.82587,5.81856],[-2.82528,5.81949],[-2.8238,5.81902],[-2.8235,5.81961],[-2.82135,5.81999],[-2.82017,5.81957],[-2.82035,5.82059],[-2.81898,5.82036],[-2.81838,5.82124],[-2.81619,5.82054],[-2.81516,5.82137],[-2.81577,5.82179],[-2.81524,5.82266],[-2.81325,5.82337],[-2.81415,5.82479],[-2.81388,5.82664],[-2.81465,5.82665],[-2.81336,5.82765],[-2.81216,5.82711],[-2.81095,5.8275],[-2.81135,5.82927],[-2.81017,5.83069],[-2.81037,5.83194],[-2.80906,5.83213],[-2.80966,5.8333],[-2.80939,5.83413],[-2.81029,5.8349],[-2.80997,5.83588],[-2.80819,5.83667],[-2.80515,5.83644],[-2.80519,5.83973],[-2.80436,5.84064],[-2.80246,5.84088],[-2.80263,5.8434],[-2.8003,5.84314],[-2.79945,5.84163],[-2.79987,5.84022],[-2.79894,5.83948],[-2.7974,5.84081],[-2.79545,5.84031],[-2.79368,5.84209],[-2.79192,5.84083],[-2.79135,5.84155],[-2.78859,5.84103],[-2.78705,5.83775],[-2.78536,5.83625],[-2.78169,5.83631],[-2.78334,5.83947],[-2.78207,5.83858],[-2.78122,5.83971],[-2.77782,5.84109],[-2.77501,5.84056],[-2.77551,5.83901],[-2.77366,5.83819],[-2.7745,5.83696],[-2.77389,5.83501],[-2.77171,5.83407],[-2.7696,5.83596],[-2.76869,5.83424],[-2.76763,5.83532],[-2.76674,5.83436],[-2.765,5.83743],[-2.7654,5.84016],[-2.76464,5.84166],[-2.76417,5.83993],[-2.76287,5.83884],[-2.76316,5.83737],[-2.76164,5.83545],[-2.75859,5.83605]]}},{"type":"Feature","properties":{"name":"Jensue River"},"geometry":{"type":"LineString","coordinates":[[-2.83784,5.83555],[-2.83903,5.83551],[-2.84086,5.83396],[-2.84159,5.83116],[-2.8447,5.82814],[-2.84438,5.82761],[-2.84376,5.8283],[-2.84274,5.82803],[-2.84201,5.82626],[-2.84358,5.82213],[-2.84242,5.82004]]}},{"type":"Feature","properties":{},"geometry":{"type":"LineString","coordinates":[[0.53288,7.23134],[0.53302,7.23135]]}},{"type":"Feature","properties":{},"geometry":{"type":"LineString","coordinates":[[0.52655,7.22982],[0.53065,7.23128],[0.53288,7.23134]]}},{"type":"Feature","properties":{"name":"Atua"},"geometry":{"type":"LineString","coordinates":[[-2.8252,5.82337],[-2.8264,5.82348]]}},{"type":"Feature","properties":{},"geometry":{"type":"LineString","coordinates":[[-0.46744,10.45233],[-0.46563,10.45048]]}},{"type":"Feature","properties":{},"geometry":{"type":"LineString","coordinates":[[-0.4677,10.4001],[-0.46741,10.39909]]}},{"type":"Feature","properties":{},"geometry":{"type":"LineString","coordinates":[[-0.46739,10.38713],[-0.46702,10.38689]]}},{"type":"Feature","properties":{},"geometry":{"type":"LineString","coordinates":[[-0.46761,10.38391],[-0.46752,10.38321]]}},{"type":"Feature","properties":{},"geometry":{"type":"LineString","coordinates":[[-0.46482,10.45191],[-0.46563,10.45141],[-0.46525,10.44961],[-0.46628,10.44848],[-0.46611,10.44574],[-0.46669,10.44429],[-0.46729,10.44422],[-0.46801,10.44137],[-0.46722,10.43898],[-0.46621,10.43806],[-0.46629,10.43714],[-0.46956,10.43489],[-0.46843,10.43211],[-0.46664,10.43096],[-0.46684,10.42712],[-0.46398,10.42711],[-0.46251,10.42445],[-0.46247,10.42355],[-0.46354,10.4237],[-0.46423,10.42209],[-0.4627,10.41955],[-0.46217,10.41685],[-0.46477,10.41477],[-0.46474,10.41175],[-0.46418,10.41104],[-0.46522,10.40955],[-0.46455,10.40669],[-0.4664,10.40269],[-0.4676,10.40241],[-0.46824,10.40145],[-0.46689,10.39943],[-0.46886,10.39668],[-0.46861,10.39564],[-0.46992,10.39145],[-0.46954,10.38989],[-0.46702,10.38689],[-0.46665,10.38535],[-0.46765,10.38374],[-0.46722,10.38168],[-0.46821,10.3811],[-0.468,10.37987],[-0.46864,10.37877],[-0.46757,10.37727],[-0.4693,10.3762],[-0.4701,10.37163]]}},{"type":"Feature","properties":{},"geometry":{"type":"LineString","coordinates":[[-2.76161,5.83485],[-2.76164,5.83545]]}},{"type":"Feature","properties":{},"geometry":{"type":"LineString","coordinates":[[-2.72562,5.7805],[-2.72287,5.78216],[-2.72134,5.78234]]}},{"type":"Feature","properties":{"name":"Adjo"},"geometry":{"type":"LineString","coordinates":[[-2.79312,5.76946],[-2.79223,5.76843],[-2.7917,5.76925],[-2.79285,5.77088],[-2.79112,5.7715],[-2.79157,5.77017],[-2.79058,5.76972],[-2.79061,5.77147],[-2.78978,5.77234],[-2.78864,5.77195],[-2.78748,5.7733],[-2.78588,5.77309],[-2.78587,5.7739]]}},{"type":"Feature","properties":{},"geometry":{"type":"LineString","coordinates":[[-1.31841,10.75183],[-1.31805,10.75352],[-1.31633,10.75395],[-1.31555,10.75334]]}},{"type":"Feature","properties":{"name":"Atua"},"geometry":{"type":"LineString","coordinates":[[-2.82089,5.82529],[-2.81724,5.82573],[-2.81647,5.82459],[-2.81533,5.825],[-2.81406,5.82451]]}},{"type":"Feature","properties":{"name":"Atua"},"geometry":{"type":"LineString","coordinates":[[-2.82098,5.82529],[-2.82089,5.82529]]}},{"type":"Feature","properties":{},"geometry":{"type":"LineString","coordinates":[[-0.21671,5.58629],[-0.21699,5.58583]]}},{"type":"Feature","properties":{},"geometry":{"type":"LineString","coordinates":[[-0.24188,5.65065],[-0.24006,5.65009]]}},{"type":"Feature","properties":{"name":"Koumongou"},"geometry":{"type":"LineString","coordinates":[[0.45197,10.20346],[0.45087,10.20436],[0.44858,10.20476],[0.4477,10.20404],[0.44676,10.20164],[0.44574,10.20112],[0.4428,10.20122],[0.44006,10.20018],[0.43848,10.19785],[0.44039,10.19548],[0.44008,10.19414],[0.43519,10.1923],[0.43363,10.19086],[0.42652,10.18735],[0.42315,10.18761],[0.42131,10.18698],[0.42141,10.19014],[0.42438,10.1932],[0.42457,10.19394],[0.42396,10.1945],[0.42003,10.19405],[0.41599,10.19103],[0.41299,10.19082],[0.41258,10.18635],[0.4111,10.18454],[0.41087,10.18261],[0.40927,10.18097],[0.40898,10.17977],[0.41215,10.17262],[0.41387,10.17344],[0.41642,10.17332],[0.41723,10.17451],[0.41711,10.17681],[0.41786,10.17748],[0.41872,10.1775],[0.42044,10.17613],[0.42411,10.1769],[0.42685,10.17479],[0.42643,10.1719],[0.42777,10.17115],[0.43079,10.17194],[0.4319,10.17073],[0.43186,10.16914],[0.42964,10.16574],[0.42644,10.16576],[0.4249,10.16474],[0.42047,10.16395],[0.41417,10.16794],[0.41252,10.16808],[0.41039,10.16619],[0.40945,10.15952],[0.40826,10.15686],[0.40655,10.15661],[0.39972,10.15857],[0.39883,10.15827],[0.39831,10.15606],[0.40178,10.15429],[0.40186,10.15194],[0.4038,10.14992],[0.40379,10.14801],[0.40212,10.14663],[0.39791,10.14815],[0.39344,10.14705],[0.39085,10.13914],[0.39195,10.13539],[0.39128,10.13334],[0.38793,10.13192],[0.38536,10.13198],[0.3836,10.13365],[0.38229,10.13718],[0.37804,10.1364],[0.37603,10.13852],[0.37396,10.13871],[0.37287,10.13821],[0.37191,10.13583],[0.36888,10.13418],[0.36829,10.13041],[0.36744,10.12945],[0.36616,10.12919],[0.36425,10.13074],[0.3657,10.13546],[0.36348,10.13798]]}},{"type":"Feature","properties":{"name":"River Boin"},"geometry":{"type":"LineString","coordinates":[[-2.75584,5.59277],[-2.75462,5.59192],[-2.75363,5.58896],[-2.75106,5.59067],[-2.74974,5.59087],[-2.74916,5.59032],[-2.74864,5.58901],[-2.7505,5.58841],[-2.75043,5.58762],[-2.74769,5.58705],[-2.74333,5.58821],[-2.74108,5.58727],[-2.74246,5.58533],[-2.74058,5.58489],[-2.73903,5.5821],[-2.73941,5.5814],[-2.7405,5.58149],[-2.741,5.5786],[-2.73803,5.57561],[-2.74047,5.57065],[-2.74004,5.56954],[-2.73807,5.56888],[-2.73764,5.56755],[-2.73833,5.56642],[-2.7419,5.56559],[-2.74128,5.56475],[-2.73881,5.56442],[-2.73744,5.5599],[-2.73628,5.55839],[-2.73538,5.55879],[-2.73521,5.56056],[-2.73667,5.56315],[-2.73487,5.56392],[-2.73216,5.56402],[-2.73305,5.56557],[-2.73276,5.56637],[-2.73016,5.56515],[-2.7273,5.56669],[-2.72641,5.56542],[-2.72686,5.55861],[-2.72428,5.55863],[-2.71562,5.55329],[-2.71297,5.55245],[-2.71473,5.54682],[-2.71304,5.54514],[-2.71459,5.54446],[-2.71632,5.54222],[-2.71609,5.54162],[-2.71462,5.54173],[-2.71499,5.54094],[-2.71846,5.53851],[-2.71637,5.53535],[-2.71463,5.53426],[-2.71386,5.53476],[-2.71302,5.53985],[-2.71064,5.53667],[-2.70626,5.53822],[-2.70378,5.53813],[-2.70189,5.53757],[-2.70102,5.53557],[-2.69949,5.53504],[-2.69793,5.53907],[-2.69651,5.54017],[-2.69282,5.53848],[-2.69058,5.53869],[-2.69115,5.53626],[-2.6951,5.53621],[-2.69443,5.53488],[-2.69566,5.53447],[-2.69499,5.5324],[-2.69682,5.532],[-2.69993,5.53294],[-2.7006,5.53197],[-2.69938,5.53218],[-2.69885,5.5299],[-2.70326,5.52944],[-2.70207,5.52567],[-2.69944,5.52411],[-2.69989,5.52336],[-2.6993,5.5212],[-2.69774,5.5209],[-2.69892,5.5202],[-2.69926,5.51823],[-2.69818,5.51843],[-2.69705,5.51761],[-2.69329,5.51952],[-2.68887,5.51869],[-2.68726,5.51683],[-2.68779,5.51436],[-2.68911,5.5156],[-2.68898,5.51366],[-2.68959,5.51312],[-2.68749,5.5126],[-2.688,5.51129],[-2.68759,5.51091],[-2.68644,5.51236],[-2.6858,5.51142],[-2.68678,5.50944],[-2.68549,5.50856],[-2.68483,5.50973],[-2.68293,5.50857],[-2.6844,5.50807],[-2.68346,5.507],[-2.68203,5.5072],[-2.68123,5.50917],[-2.68013,5.5084],[-2.68013,5.51001],[-2.67577,5.50797],[-2.67482,5.50697],[-2.67556,5.50619],[-2.67367,5.50688],[-2.67287,5.50611],[-2.67076,5.50756],[-2.66873,5.50583],[-2.67208,5.5046],[-2.67181,5.50374],[-2.67036,5.50334],[-2.66988,5.50231],[-2.67136,5.49932],[-2.6759,5.49806],[-2.676,5.49262],[-2.67875,5.491],[-2.67986,5.48947],[-2.67649,5.48853],[-2.6762,5.48738],[-2.67904,5.48539],[-2.68035,5.48366],[-2.67944,5.48262],[-2.67455,5.48461],[-2.67532,5.48267],[-2.67474,5.48086],[-2.67652,5.48132],[-2.67624,5.47668],[-2.66881,5.47488],[-2.66771,5.47539],[-2.66776,5.47354],[-2.66695,5.4722],[-2.66849,5.473],[-2.66945,5.47185],[-2.67058,5.47243],[-2.66885,5.46953],[-2.67031,5.46863],[-2.66998,5.46684],[-2.66882,5.46607],[-2.66806,5.4664],[-2.66975,5.4653],[-2.66846,5.46376],[-2.66955,5.46326],[-2.6697,5.46204],[-2.67206,5.46162],[-2.67337,5.46049],[-2.67349,5.4588],[-2.67267,5.45741],[-2.6733,5.4551],[-2.67435,5.45544],[-2.67366,5.45347],[-2.67579,5.45265],[-2.67652,5.4516],[-2.67723,5.45254],[-2.67794,5.45108],[-2.67872,5.45266],[-2.67943,5.45202],[-2.67979,5.4532],[-2.68041,5.45266],[-2.68132,5.45324],[-2.68029,5.45163],[-2.68067,5.45122],[-2.68275,5.45245],[-2.68329,5.4507],[-2.68614,5.44971],[-2.68597,5.44879],[-2.68717,5.44944],[-2.6882,5.44904],[-2.68704,5.44737],[-2.68834,5.44759],[-2.68888,5.44598],[-2.68784,5.44505],[-2.68566,5.44466],[-2.68596,5.44329],[-2.68693,5.44254],[-2.68606,5.44125],[-2.6884,5.44066],[-2.68866,5.43653],[-2.69042,5.43563],[-2.68935,5.43361],[-2.68773,5.43232],[-2.68874,5.43142],[-2.68749,5.43119],[-2.68681,5.43209],[-2.6864,5.43183],[-2.68699,5.42964],[-2.68609,5.42814],[-2.68681,5.42749],[-2.68655,5.42636],[-2.68534,5.42499],[-2.68277,5.4242],[-2.68343,5.41995],[-2.68171,5.41961],[-2.68094,5.41856],[-2.68049,5.4206],[-2.67911,5.41866],[-2.679,5.41737],[-2.67846,5.41794],[-2.67804,5.41754],[-2.67823,5.41612],[-2.679,5.41653],[-2.68002,5.41607],[-2.67786,5.41497],[-2.6791,5.41301],[-2.6782,5.41215],[-2.67862,5.41128],[-2.67767,5.4115],[-2.67587,5.41044],[-2.67385,5.40758],[-2.67285,5.408],[-2.67281,5.40666],[-2.66527,5.40598],[-2.66365,5.40496],[-2.6633,5.40229],[-2.66493,5.39833],[-2.66671,5.39801],[-2.6683,5.39679],[-2.67073,5.3982],[-2.67288,5.39859],[-2.67424,5.39326],[-2.67526,5.39266],[-2.67639,5.39316],[-2.67485,5.39571],[-2.67745,5.39836],[-2.67783,5.40182],[-2.67866,5.40319],[-2.67904,5.40265],[-2.67841,5.40119],[-2.68067,5.39929],[-2.68007,5.39611],[-2.68509,5.39499],[-2.68691,5.39325],[-2.68843,5.39322],[-2.68716,5.39176],[-2.68739,5.39039],[-2.68658,5.38996],[-2.6878,5.38608],[-2.68675,5.38439],[-2.6891,5.38227],[-2.69062,5.38334],[-2.69122,5.383],[-2.69169,5.38106],[-2.68888,5.38016],[-2.69194,5.37787],[-2.69156,5.3749],[-2.69347,5.3744],[-2.69376,5.37563],[-2.69272,5.37627],[-2.69306,5.3778],[-2.69388,5.37875],[-2.69479,5.3783],[-2.69448,5.37409],[-2.69564,5.37209],[-2.69521,5.37146],[-2.69322,5.3714],[-2.69143,5.37],[-2.69217,5.36632],[-2.69141,5.36192],[-2.69182,5.35688],[-2.69477,5.35502],[-2.69271,5.35286],[-2.69219,5.3486]]}},{"type":"Feature","properties":{},"geometry":{"type":"LineString","coordinates":[[-0.05605,10.82598],[-0.05335,10.82362],[-0.04672,10.82376]]}},{"type":"Feature","properties":{},"geometry":{"type":"LineString","coordinates":[[-0.06362,10.8356],[-0.05483,10.83353],[-0.05058,10.8313],[-0.04897,10.82695],[-0.04525,10.82232],[-0.04514,10.81974],[-0.04171,10.81236],[-0.04056,10.81085],[-0.03973,10.81122],[-0.03967,10.81021],[-0.03861,10.80988],[-0.03765,10.80803],[-0.03631,10.80721],[-0.03664,10.80511]]}},{"type":"Feature","properties":{},"geometry":{"type":"LineString","coordinates":[[-2.89949,5.81944],[-2.89487,5.81854]]}},{"type":"Feature","properties":{},"geometry":{"type":"LineString","coordinates":[[-2.96616,5.88693],[-2.96361,5.88594],[-2.96273,5.88617],[-2.96207,5.88527],[-2.96209,5.88442],[-2.9632,5.88495],[-2.96541,5.88236],[-2.96554,5.8832]]}},{"type":"Feature","properties":{"name":"R. Kowire"},"geometry":{"type":"LineString","coordinates":[[-1.07609,6.80478],[-1.07704,6.7992]]}},{"type":"Feature","properties":{},"geometry":{"type":"LineString","coordinates":[[-1.07607,6.80492],[-1.07609,6.80478]]}},{"type":"Feature","properties":{"name":"R. Kowire"},"geometry":{"type":"LineString","coordinates":[[-1.07709,6.79888],[-1.07866,6.79565],[-1.08268,6.79322],[-1.08603,6.78913],[-1.0922,6.78503],[-1.09507,6.78044],[-1.09739,6.78116]]}},{"type":"Feature","properties":{},"geometry":{"type":"LineString","coordinates":[[-1.07704,6.7992],[-1.07709,6.79888]]}},{"type":"Feature","properties":{"name":"R. Kowire"},"geometry":{"type":"LineString","coordinates":[[-0.82575,6.8987],[-0.83616,6.89925],[-0.84603,6.89891],[-0.85556,6.90018],[-0.86843,6.89831],[-0.87861,6.89886],[-0.88037,6.89963],[-0.88461,6.89869],[-0.88803,6.89701],[-0.88928,6.8973],[-0.89176,6.89601],[-0.89553,6.89683],[-0.89813,6.89546],[-0.89884,6.8961],[-0.90205,6.89635],[-0.90493,6.8996],[-0.91332,6.9008],[-0.91735,6.8985],[-0.91914,6.89891],[-0.92078,6.90082],[-0.92407,6.90104],[-0.92604,6.8994],[-0.92474,6.89823],[-0.9251,6.89695],[-0.92464,6.89619],[-0.92586,6.89479],[-0.92902,6.89471],[-0.93029,6.89273],[-0.92942,6.89083],[-0.93128,6.88465],[-0.93139,6.8796],[-0.93211,6.8771],[-0.93131,6.87284],[-0.93054,6.87176],[-0.93109,6.87053],[-0.93446,6.86759],[-0.93931,6.86416],[-0.94534,6.86386],[-0.94747,6.86281],[-0.94849,6.86117],[-0.94964,6.86177],[-0.9527,6.86181],[-0.95392,6.86109],[-0.95532,6.85856],[-0.95678,6.85768],[-0.96663,6.85585],[-0.97056,6.85363],[-0.97572,6.85247],[-0.98242,6.84613],[-0.98422,6.84678],[-0.98494,6.84597],[-0.98653,6.84675],[-0.98781,6.84594],[-0.9901,6.84679],[-0.99075,6.8477],[-0.99439,6.84776],[-0.99479,6.84917],[-0.99569,6.84931],[-0.99842,6.8461],[-0.99929,6.84634],[-1.00012,6.84478],[-1.00154,6.84495],[-1.00218,6.84363],[-1.0039,6.84351],[-1.00565,6.84548],[-1.00799,6.84387],[-1.00953,6.84368],[-1.01091,6.8443],[-1.01154,6.84198],[-1.01383,6.84026],[-1.01912,6.84108],[-1.02454,6.84071],[-1.02737,6.83721],[-1.02898,6.83405],[-1.02862,6.83335],[-1.02936,6.83015],[-1.03166,6.8297],[-1.03269,6.82886],[-1.03237,6.8261],[-1.03336,6.82265],[-1.03461,6.82219],[-1.03706,6.81931],[-1.04076,6.82016],[-1.04648,6.81696],[-1.04807,6.81382],[-1.04934,6.81457],[-1.05073,6.8135],[-1.05433,6.8136],[-1.05614,6.81318],[-1.0576,6.81201],[-1.06284,6.81107],[-1.06574,6.80967],[-1.06781,6.80968],[-1.06806,6.80859],[-1.07068,6.80835],[-1.07353,6.80716],[-1.07607,6.80492]]}},{"type":"Feature","properties":{},"geometry":{"type":"LineString","coordinates":[[-2.77016,5.89082],[-2.76779,5.88681],[-2.76913,5.88656],[-2.76899,5.88566],[-2.77075,5.8855],[-2.77089,5.88622],[-2.77173,5.88597],[-2.7721,5.88736],[-2.77274,5.88749],[-2.77486,5.88502],[-2.77631,5.88477],[-2.7749,5.88326],[-2.7743,5.88087],[-2.77655,5.87758],[-2.77586,5.87586],[-2.77663,5.8742],[-2.77657,5.87259],[-2.77598,5.87245],[-2.77595,5.87167],[-2.7738,5.87255],[-2.77411,5.87163],[-2.77354,5.87113],[-2.77371,5.86974],[-2.77431,5.86913],[-2.77574,5.86919],[-2.77652,5.86723],[-2.7759,5.86674],[-2.77499,5.86767],[-2.7737,5.8669],[-2.77394,5.86588],[-2.77558,5.86548],[-2.77561,5.86499],[-2.77141,5.86504],[-2.76979,5.86294],[-2.76795,5.8631],[-2.76926,5.8613],[-2.76821,5.8592],[-2.76535,5.85848],[-2.76503,5.8597],[-2.76626,5.86162],[-2.76461,5.8605],[-2.76111,5.86085],[-2.76004,5.85904],[-2.76076,5.85654],[-2.75854,5.85557],[-2.7582,5.85471],[-2.75827,5.85367],[-2.75959,5.85214],[-2.75875,5.85216],[-2.75843,5.85305],[-2.75685,5.85304],[-2.75583,5.85133],[-2.75622,5.8484],[-2.7535,5.84994],[-2.75175,5.84888],[-2.7528,5.84724],[-2.7527,5.84843],[-2.75508,5.84849],[-2.75537,5.84738],[-2.75369,5.84617],[-2.75382,5.84436],[-2.75443,5.84354],[-2.75669,5.84378],[-2.75707,5.8425],[-2.75606,5.84041],[-2.75461,5.84001],[-2.75241,5.83817],[-2.75215,5.83702],[-2.75306,5.83582]]}},{"type":"Feature","properties":{},"geometry":{"type":"LineString","coordinates":[[-2.44657,10.72909],[-2.44602,10.72724],[-2.44454,10.7266]]}},{"type":"Feature","properties":{},"geometry":{"type":"LineString","coordinates":[[-2.44665,10.72911],[-2.44657,10.72909]]}},{"type":"Feature","properties":{},"geometry":{"type":"LineString","coordinates":[[-2.44687,10.72921],[-2.44665,10.72911]]}},{"type":"Feature","properties":{},"geometry":{"type":"LineString","coordinates":[[-0.7544,7.20057],[-0.76149,7.18978],[-0.76313,7.18835],[-0.76721,7.18119],[-0.76811,7.18109],[-0.77016,7.17584],[-0.77164,7.1753],[-0.77387,7.17202],[-0.77619,7.16469],[-0.78062,7.1615],[-0.78238,7.15773],[-0.78765,7.15065],[-0.78776,7.14897],[-0.79112,7.14442],[-0.79138,7.14095],[-0.79091,7.1405],[-0.79148,7.13828],[-0.79389,7.13642],[-0.7949,7.13649],[-0.79526,7.13487],[-0.79442,7.13412],[-0.79444,7.13316]]}},{"type":"Feature","properties":{},"geometry":{"type":"LineString","coordinates":[[-0.79444,7.13316],[-0.79442,7.13306]]}},{"type":"Feature","properties":{},"geometry":{"type":"LineString","coordinates":[[-0.79442,7.13306],[-0.79603,7.13111],[-0.79631,7.12931],[-0.79741,7.12845],[-0.79668,7.12673],[-0.79784,7.12591]]}},{"type":"Feature","properties":{},"geometry":{"type":"LineString","coordinates":[[-0.79784,7.12591],[-0.79788,7.12579]]}},{"type":"Feature","properties":{},"geometry":{"type":"LineString","coordinates":[[-0.79788,7.12579],[-0.7981,7.1238],[-0.79896,7.12387],[-0.80021,7.12139],[-0.79958,7.12087],[-0.79976,7.11974],[-0.80197,7.1164],[-0.80372,7.11634],[-0.80559,7.11503],[-0.80791,7.11576],[-0.80947,7.11232],[-0.80773,7.10706],[-0.81111,7.1061],[-0.811,7.10459],[-0.81214,7.10139],[-0.81196,7.09973],[-0.81636,7.09615],[-0.81664,7.0944],[-0.81612,7.09306],[-0.81547,7.09297],[-0.81588,7.09199],[-0.81527,7.09156],[-0.81651,7.08992],[-0.81646,7.08884],[-0.81855,7.08821],[-0.81871,7.08936],[-0.82049,7.08824]]}},{"type":"Feature","properties":{},"geometry":{"type":"LineString","coordinates":[[-0.82049,7.08824],[-0.82057,7.08809]]}},{"type":"Feature","properties":{},"geometry":{"type":"LineString","coordinates":[[-0.82057,7.08809],[-0.82025,7.08588],[-0.81944,7.08534],[-0.81962,7.08422],[-0.82092,7.08328],[-0.82257,7.0831],[-0.82314,7.08076],[-0.82294,7.07956],[-0.82178,7.0787],[-0.82057,7.07498],[-0.82215,7.07502],[-0.8215,7.07367],[-0.8232,7.07257],[-0.82919,7.07408],[-0.83112,7.0735],[-0.83117,7.07036],[-0.82977,7.06902],[-0.82974,7.06811],[-0.8314,7.06565],[-0.83542,7.06216]]}},{"type":"Feature","properties":{},"geometry":{"type":"LineString","coordinates":[[-0.83542,7.06216],[-0.83533,7.06207]]}},{"type":"Feature","properties":{},"geometry":{"type":"LineString","coordinates":[[-0.83533,7.06207],[-0.83301,7.0592],[-0.83342,7.05631],[-0.8357,7.05361],[-0.83459,7.04956],[-0.83295,7.04928],[-0.83264,7.04856],[-0.83408,7.04476],[-0.83287,7.04315],[-0.82905,7.04296],[-0.82689,7.04094],[-0.8271,7.0391],[-0.82629,7.03826],[-0.82643,7.03397],[-0.82731,7.03013],[-0.82818,7.02988],[-0.82619,7.02531],[-0.8268,7.02231],[-0.82612,7.02241],[-0.82492,7.02087],[-0.82547,7.01697],[-0.82711,7.01513],[-0.82922,7.01413],[-0.83006,7.01203],[-0.82979,7.01054],[-0.83189,7.00905],[-0.8326,7.00679],[-0.83413,7.0063],[-0.83454,7.0041],[-0.83589,7.00396],[-0.83608,7.00343]]}},{"type":"Feature","properties":{},"geometry":{"type":"LineString","coordinates":[[-0.83608,7.00343],[-0.83602,7.00335]]}},{"type":"Feature","properties":{},"geometry":{"type":"LineString","coordinates":[[-0.83602,7.00335],[-0.8354,7.00093],[-0.83558,6.9959],[-0.83388,6.996],[-0.83445,6.99315],[-0.8353,6.9932],[-0.83643,6.99203],[-0.83597,6.991],[-0.83781,6.98466],[-0.83734,6.98152],[-0.83813,6.98173],[-0.84081,6.97981],[-0.84372,6.97972],[-0.84333,6.97868],[-0.8445,6.97869],[-0.84543,6.97772],[-0.84608,6.97818],[-0.84919,6.97741]]}},{"type":"Feature","properties":{},"geometry":{"type":"LineString","coordinates":[[-0.32512,9.25983],[-0.32453,9.25522],[-0.32273,9.25247],[-0.32286,9.25128],[-0.32203,9.25077],[-0.3223,9.24952],[-0.3213,9.24913],[-0.32091,9.24594],[-0.31954,9.24356],[-0.31979,9.24144],[-0.31718,9.23433],[-0.31753,9.23217],[-0.31677,9.22761],[-0.31555,9.2263],[-0.31103,9.21492],[-0.31001,9.21427],[-0.31054,9.21293],[-0.30701,9.20794],[-0.30639,9.20269],[-0.30823,9.19963],[-0.30855,9.1978]]}},{"type":"Feature","properties":{"name":"Jeb River"},"geometry":{"type":"LineString","coordinates":[[-0.30782,9.309],[-0.30791,9.30833],[-0.30664,9.30787],[-0.30795,9.3074],[-0.3071,9.30623],[-0.3073,9.30527],[-0.30598,9.30347],[-0.30399,9.30351],[-0.30416,9.30046],[-0.30246,9.29947],[-0.3026,9.29763],[-0.30186,9.29741],[-0.3025,9.29618],[-0.3033,9.29673],[-0.3044,9.29631],[-0.3046,9.29519],[-0.30333,9.29347],[-0.30255,9.29351],[-0.30216,9.29238],[-0.30118,9.29247],[-0.30025,9.29171],[-0.30088,9.29034],[-0.29936,9.29065],[-0.29869,9.28965],[-0.29917,9.28899],[-0.29723,9.28836],[-0.29642,9.28706],[-0.29723,9.2865],[-0.29657,9.28546],[-0.29775,9.28452],[-0.29449,9.28285],[-0.29537,9.28175],[-0.29432,9.28093],[-0.29479,9.28015],[-0.29378,9.27977],[-0.29362,9.28048],[-0.29317,9.27968],[-0.29254,9.27991],[-0.29271,9.27799],[-0.29368,9.27731],[-0.29402,9.276],[-0.29172,9.27484],[-0.29239,9.27141],[-0.29174,9.27115],[-0.29134,9.27176],[-0.29086,9.27104],[-0.29116,9.27055],[-0.29019,9.26966],[-0.29077,9.2682],[-0.2893,9.26859],[-0.28944,9.26781],[-0.28832,9.26766],[-0.28862,9.26682],[-0.28788,9.2664],[-0.28829,9.26616],[-0.28789,9.26519],[-0.28903,9.26522],[-0.28906,9.26463],[-0.28656,9.26349],[-0.28566,9.26085],[-0.28408,9.26062],[-0.28376,9.25864],[-0.2821,9.25786],[-0.28063,9.25431],[-0.28121,9.25278],[-0.2805,9.25126],[-0.28048,9.24864],[-0.2807,9.24808],[-0.28185,9.24799],[-0.28199,9.24598],[-0.28125,9.24634],[-0.28043,9.24544],[-0.28135,9.24481],[-0.28078,9.24447],[-0.28137,9.24314],[-0.28257,9.24222],[-0.28174,9.24162],[-0.28191,9.24083],[-0.28307,9.24116],[-0.28321,9.24062],[-0.28185,9.23854],[-0.27976,9.23894],[-0.28061,9.23654],[-0.28149,9.23673],[-0.28027,9.23225],[-0.28169,9.23005],[-0.28255,9.22996],[-0.28205,9.22836],[-0.28317,9.22862],[-0.28332,9.22749],[-0.28237,9.22739],[-0.2824,9.22666],[-0.28425,9.22575],[-0.28321,9.224],[-0.28379,9.22257],[-0.28289,9.22196],[-0.28602,9.2203],[-0.28515,9.21914],[-0.28719,9.21797],[-0.28677,9.21541],[-0.28929,9.21409],[-0.28941,9.21245],[-0.29069,9.21224],[-0.29141,9.20873],[-0.29348,9.20819],[-0.29332,9.20488],[-0.29418,9.20482],[-0.2946,9.20402],[-0.29355,9.20409],[-0.29364,9.20339],[-0.29755,9.20218],[-0.30023,9.19965]]}},{"type":"Feature","properties":{"name":"Jeb River"},"geometry":{"type":"LineString","coordinates":[[-0.35583,9.38964],[-0.35699,9.38841],[-0.35723,9.38731],[-0.35658,9.38622],[-0.35735,9.38538],[-0.35685,9.38477],[-0.35624,9.38507],[-0.35661,9.38362],[-0.35543,9.3831],[-0.35562,9.38214],[-0.3548,9.38212],[-0.35528,9.38044],[-0.35328,9.3802],[-0.35387,9.37849],[-0.35267,9.37713],[-0.35142,9.37713],[-0.34955,9.37586],[-0.34719,9.37608],[-0.34543,9.37342],[-0.34445,9.3729],[-0.34265,9.37316],[-0.34187,9.37185],[-0.34103,9.37219],[-0.34049,9.37176],[-0.34069,9.37079],[-0.33897,9.37062],[-0.33859,9.3691],[-0.33787,9.36882],[-0.33746,9.36938],[-0.33706,9.36891],[-0.33759,9.36773],[-0.33666,9.36752],[-0.3367,9.36656],[-0.33741,9.36557]]}},{"type":"Feature","properties":{"name":"Jeb River"},"geometry":{"type":"LineString","coordinates":[[-0.33741,9.36557],[-0.33608,9.36441],[-0.33534,9.36186],[-0.33327,9.35906],[-0.33322,9.35851],[-0.33391,9.35841],[-0.33301,9.35631],[-0.3331,9.3536],[-0.33261,9.35281],[-0.3311,9.35324],[-0.33054,9.35198],[-0.33116,9.35134],[-0.32928,9.34995],[-0.32939,9.3479],[-0.32867,9.34623],[-0.32904,9.34556],[-0.32757,9.34532],[-0.32722,9.34601],[-0.32409,9.34434],[-0.3236,9.34465],[-0.32341,9.34246],[-0.32224,9.3416],[-0.32147,9.33917],[-0.32202,9.33837],[-0.32126,9.33783],[-0.3206,9.33582],[-0.31951,9.336],[-0.31962,9.33453],[-0.3187,9.33447],[-0.31863,9.33387],[-0.31823,9.33426],[-0.31805,9.33313],[-0.31674,9.33273],[-0.31731,9.33025],[-0.31634,9.32895],[-0.31701,9.32724],[-0.31665,9.32676],[-0.3173,9.32635]]}},{"type":"Feature","properties":{"name":"Jeb River"},"geometry":{"type":"LineString","coordinates":[[-0.3173,9.32635],[-0.31639,9.32414],[-0.31574,9.32455],[-0.31502,9.32337],[-0.31535,9.32189],[-0.31662,9.32048],[-0.31658,9.31946],[-0.31557,9.31903],[-0.3155,9.31763],[-0.31392,9.31762],[-0.31417,9.31686],[-0.31338,9.31688],[-0.31116,9.3142],[-0.31151,9.31342],[-0.30989,9.31354],[-0.30882,9.31264],[-0.30801,9.31087],[-0.30864,9.3104],[-0.30782,9.309]]}},{"type":"Feature","properties":{"name":"Daka"},"geometry":{"type":"LineString","coordinates":[[-0.19514,8.97456],[-0.19536,8.97365]]}},{"type":"Feature","properties":{"name":"Daka"},"geometry":{"type":"LineString","coordinates":[[-0.20266,9.10916],[-0.20682,9.10558],[-0.20797,9.10185],[-0.20742,9.0997],[-0.2062,9.0983],[-0.20615,9.09587],[-0.20674,9.09403],[-0.20941,9.09409],[-0.20846,9.08917],[-0.20885,9.08749],[-0.21013,9.08658],[-0.20814,9.08405],[-0.20801,9.08288],[-0.2098,9.08056],[-0.21278,9.07978],[-0.21295,9.0792],[-0.2111,9.07248],[-0.2085,9.07149],[-0.20857,9.06894],[-0.20509,9.0657],[-0.20391,9.06269],[-0.20566,9.06189],[-0.20729,9.05954],[-0.20805,9.05601],[-0.21123,9.05456],[-0.21199,9.0555],[-0.21269,9.05516],[-0.21313,9.05114],[-0.21129,9.04659],[-0.21344,9.04259],[-0.21446,9.03909],[-0.21728,9.0358]]}},{"type":"Feature","properties":{},"geometry":{"type":"LineString","coordinates":[[-0.02592,5.68469],[-0.02437,5.68557],[-0.02176,5.68424]]}},{"type":"Feature","properties":{},"geometry":{"type":"LineString","coordinates":[[-0.02549,5.6859],[-0.02552,5.68507]]}},{"type":"Feature","properties":{},"geometry":{"type":"LineString","coordinates":[[-0.02651,5.68434],[-0.02441,5.68557]]}},{"type":"Feature","properties":{"name":"Afram"},"geometry":{"type":"LineString","coordinates":[[-1.38519,7.32215],[-1.3836,7.32085],[-1.38247,7.3209],[-1.38281,7.32004],[-1.38161,7.31968],[-1.38204,7.3174],[-1.38105,7.31681],[-1.38066,7.31545],[-1.3796,7.31559],[-1.37825,7.30877],[-1.375,7.30718],[-1.37406,7.30514],[-1.37348,7.30532],[-1.37259,7.30407],[-1.37205,7.30481],[-1.37084,7.30435],[-1.37019,7.30489],[-1.36995,7.30361],[-1.36883,7.30332],[-1.36925,7.30273],[-1.3686,7.30288],[-1.36708,7.30056],[-1.36782,7.29934],[-1.36666,7.29923],[-1.36672,7.29789],[-1.3656,7.29841],[-1.36531,7.29747],[-1.36365,7.29695],[-1.36386,7.29544],[-1.36318,7.29513],[-1.36379,7.29437],[-1.36277,7.29439],[-1.36256,7.29362],[-1.3631,7.29239],[-1.36178,7.29174],[-1.36182,7.29098],[-1.36087,7.29087],[-1.36035,7.28939],[-1.35849,7.2888],[-1.3587,7.28713],[-1.35738,7.28662],[-1.35751,7.28601],[-1.35682,7.28609],[-1.35688,7.28531],[-1.35529,7.28546],[-1.35533,7.28676],[-1.353,7.2867],[-1.34876,7.28402],[-1.34866,7.28329],[-1.34947,7.2829],[-1.34826,7.28197]]}},{"type":"Feature","properties":{"name":"Afram"},"geometry":{"type":"LineString","coordinates":[[-1.34826,7.28197],[-1.34753,7.28253],[-1.34705,7.28127],[-1.3464,7.28149],[-1.34701,7.28017],[-1.34605,7.27969],[-1.34724,7.27928],[-1.34706,7.27854],[-1.34615,7.27897],[-1.34557,7.27845],[-1.34587,7.27778],[-1.34508,7.278],[-1.34499,7.2775],[-1.34572,7.27739],[-1.34492,7.27698],[-1.34566,7.27642],[-1.34528,7.27573],[-1.34441,7.27557],[-1.34426,7.27473],[-1.34238,7.27452],[-1.34107,7.27239],[-1.33909,7.27319],[-1.33884,7.27217],[-1.33806,7.27261],[-1.33538,7.27082],[-1.33431,7.27135],[-1.33385,7.27072],[-1.33261,7.27067],[-1.332,7.27],[-1.33227,7.26844],[-1.33153,7.2685],[-1.33123,7.26729],[-1.33001,7.26739],[-1.32911,7.26643],[-1.32871,7.26733],[-1.32711,7.26697],[-1.32629,7.2648],[-1.3266,7.26415],[-1.32516,7.26369],[-1.3239,7.26414],[-1.32364,7.26224],[-1.32282,7.26143],[-1.32051,7.26066],[-1.32069,7.26141],[-1.32002,7.26194],[-1.31908,7.2614],[-1.31755,7.26171],[-1.31753,7.26098],[-1.31552,7.26067],[-1.31555,7.25978],[-1.31496,7.2602],[-1.3145,7.25955],[-1.31377,7.26016],[-1.31256,7.25938],[-1.31246,7.25693],[-1.31107,7.25691],[-1.31092,7.25616],[-1.3101,7.2563],[-1.30947,7.25556],[-1.30911,7.2563],[-1.30808,7.25529],[-1.30665,7.25581],[-1.30665,7.25499],[-1.30756,7.25448],[-1.30703,7.25389],[-1.30764,7.25271],[-1.30708,7.25153],[-1.30749,7.25112],[-1.30517,7.25018],[-1.30539,7.24935],[-1.30496,7.24931],[-1.30572,7.24871],[-1.30485,7.24805],[-1.30572,7.24638],[-1.30532,7.24547],[-1.30469,7.24563],[-1.30504,7.24426],[-1.30422,7.24425],[-1.30308,7.24242],[-1.30082,7.24188],[-1.3012,7.24091],[-1.29995,7.24034],[-1.29916,7.23938],[-1.29939,7.23849],[-1.29854,7.23777],[-1.29391,7.23647],[-1.29175,7.23315],[-1.28964,7.23169],[-1.28877,7.23195]]}},{"type":"Feature","properties":{"name":"Afram"},"geometry":{"type":"LineString","coordinates":[[-1.23406,7.21807],[-1.2313,7.21807],[-1.23055,7.21916],[-1.2294,7.21937],[-1.22908,7.21888],[-1.22784,7.21981],[-1.22678,7.21968],[-1.22613,7.21852],[-1.22537,7.21887],[-1.22531,7.22017],[-1.22442,7.22054],[-1.2236,7.21976],[-1.22304,7.22038],[-1.22086,7.21961],[-1.21933,7.22046],[-1.21626,7.21997],[-1.21431,7.22094],[-1.21356,7.22028],[-1.21125,7.22125],[-1.21022,7.22024],[-1.20737,7.21985],[-1.19952,7.21283],[-1.19714,7.21169],[-1.19299,7.21274],[-1.18735,7.21314],[-1.18485,7.21439],[-1.18269,7.21712],[-1.18103,7.21765],[-1.18016,7.21708],[-1.178,7.21806],[-1.1771,7.21952],[-1.17685,7.21861],[-1.17625,7.21912],[-1.17488,7.21889],[-1.17491,7.22028],[-1.17552,7.22049],[-1.17482,7.22108],[-1.17162,7.22115],[-1.16629,7.21814],[-1.16499,7.21654],[-1.16488,7.21494],[-1.16416,7.21519],[-1.16332,7.21381],[-1.16388,7.2119],[-1.16262,7.21032],[-1.16275,7.20875],[-1.1617,7.20853],[-1.16196,7.20781],[-1.16111,7.20765],[-1.16004,7.20873],[-1.15519,7.21061],[-1.15439,7.2116],[-1.15225,7.21161],[-1.15171,7.2122],[-1.14929,7.21226],[-1.1489,7.21152],[-1.14606,7.21175],[-1.14454,7.21021],[-1.14281,7.21055],[-1.14326,7.21023],[-1.14267,7.20946],[-1.1434,7.20834],[-1.14177,7.20786],[-1.14174,7.20723],[-1.14058,7.20748],[-1.1398,7.20695],[-1.13948,7.20536],[-1.14039,7.20532],[-1.13948,7.20381],[-1.13807,7.20305],[-1.13889,7.2021],[-1.13766,7.20108],[-1.13769,7.19977],[-1.13666,7.1997],[-1.13758,7.1988],[-1.13727,7.19787],[-1.13479,7.19762],[-1.13425,7.19658],[-1.13315,7.19635],[-1.13269,7.19391],[-1.13369,7.19272],[-1.13246,7.19149],[-1.13327,7.19115],[-1.13235,7.19051],[-1.13318,7.19008],[-1.1336,7.18848],[-1.13316,7.18758],[-1.13368,7.18698],[-1.12835,7.17969],[-1.12707,7.17917],[-1.12633,7.17631],[-1.12501,7.17459],[-1.12537,7.17151],[-1.12459,7.16869],[-1.12244,7.16739],[-1.12017,7.16798],[-1.11964,7.16748],[-1.12009,7.16666],[-1.11812,7.16512],[-1.11823,7.16454],[-1.11687,7.16345],[-1.11451,7.16313],[-1.11509,7.16262],[-1.11402,7.16262],[-1.11411,7.16107],[-1.11075,7.15863],[-1.11047,7.15765],[-1.11108,7.15694],[-1.11007,7.15588],[-1.11076,7.15517],[-1.11113,7.15294],[-1.10934,7.15158],[-1.10957,7.15057],[-1.11008,7.15081],[-1.1105,7.15004],[-1.11025,7.14953],[-1.11098,7.14974],[-1.1109,7.14341],[-1.10939,7.14241],[-1.10556,7.14229],[-1.10347,7.141],[-1.10247,7.13988],[-1.10194,7.13619],[-1.10057,7.13454],[-1.09971,7.13442],[-1.0999,7.13382],[-1.09924,7.1338],[-1.09852,7.13007],[-1.09588,7.1276],[-1.09685,7.12711],[-1.0968,7.1258],[-1.09314,7.12398],[-1.09301,7.1233],[-1.09233,7.12369],[-1.09183,7.1217],[-1.09289,7.12175],[-1.0924,7.11967],[-1.09321,7.11976],[-1.09293,7.11909],[-1.09402,7.11859],[-1.09335,7.11799],[-1.09363,7.11727],[-1.09251,7.11728],[-1.09308,7.11509],[-1.0924,7.11411]]}},{"type":"Feature","properties":{"name":"Afram"},"geometry":{"type":"LineString","coordinates":[[-1.00012,7.03428],[-0.99636,7.03439],[-0.99547,7.03513],[-0.99446,7.03409],[-0.99342,7.03424],[-0.99343,7.03354],[-0.99107,7.03388],[-0.99007,7.03252],[-0.9886,7.03279],[-0.98745,7.0317],[-0.9839,7.03085],[-0.98375,7.03002],[-0.98111,7.02991],[-0.97766,7.03096],[-0.977,7.03304],[-0.97615,7.03342],[-0.97325,7.03246],[-0.97077,7.03259],[-0.96972,7.03392],[-0.96945,7.03553],[-0.96775,7.03499],[-0.96494,7.03512],[-0.96415,7.0362],[-0.96217,7.0358],[-0.96202,7.03711],[-0.96099,7.03708],[-0.96067,7.03796],[-0.95933,7.03784],[-0.95906,7.03699],[-0.95819,7.03737],[-0.95735,7.03688],[-0.95701,7.0377],[-0.95614,7.03764],[-0.95587,7.03684],[-0.95691,7.03661],[-0.95673,7.03599],[-0.95316,7.03707],[-0.95177,7.03668],[-0.95127,7.03519],[-0.94909,7.03631],[-0.94809,7.03483],[-0.94672,7.03552],[-0.94622,7.0349],[-0.94705,7.03467],[-0.94649,7.0334],[-0.9471,7.03249],[-0.9457,7.03207],[-0.94336,7.03333],[-0.9433,7.03422],[-0.94219,7.03322],[-0.94129,7.03519],[-0.93907,7.03462],[-0.93899,7.03358],[-0.93669,7.03335],[-0.9363,7.03391],[-0.93532,7.03331],[-0.93499,7.03401],[-0.93551,7.03251],[-0.93412,7.03279],[-0.93363,7.03178],[-0.93286,7.0326],[-0.93233,7.03156],[-0.93168,7.03297],[-0.93094,7.03169],[-0.92989,7.03254],[-0.93025,7.03131],[-0.92982,7.03105],[-0.93005,7.03051],[-0.93065,7.03072],[-0.93091,7.02957],[-0.92994,7.02942],[-0.92979,7.02826],[-0.92902,7.02822],[-0.92763,7.02633],[-0.92639,7.02641],[-0.92615,7.02473],[-0.92543,7.02478],[-0.92412,7.02302],[-0.92454,7.02264],[-0.92399,7.02152],[-0.92033,7.02102],[-0.91511,7.01545],[-0.91173,7.01443],[-0.9107,7.01333],[-0.90952,7.01353],[-0.90934,7.0128],[-0.90768,7.01199],[-0.90693,7.0129],[-0.90516,7.01322]]}},{"type":"Feature","properties":{"name":"Afram"},"geometry":{"type":"LineString","coordinates":[[-1.2421,7.21772],[-1.23895,7.21717],[-1.23842,7.21813],[-1.23795,7.21734],[-1.23755,7.2183],[-1.23661,7.21832],[-1.23495,7.21757],[-1.23508,7.21681],[-1.23427,7.21716],[-1.23406,7.21807]]}},{"type":"Feature","properties":{},"geometry":{"type":"LineString","coordinates":[[-1.36276,7.29201],[-1.36259,7.2914],[-1.36209,7.29171]]}},{"type":"Feature","properties":{"name":"Afram"},"geometry":{"type":"LineString","coordinates":[[-1.36172,7.29097],[-1.36018,7.28777],[-1.35908,7.28877]]}},{"type":"Feature","properties":{},"geometry":{"type":"LineString","coordinates":[[-1.21999,7.21981],[-1.21843,7.21934],[-1.21734,7.21989]]}},{"type":"Feature","properties":{"name":"Kulpawn"},"geometry":{"type":"LineString","coordinates":[[-2.34644,10.73872],[-2.34285,10.73553],[-2.34322,10.73482],[-2.33923,10.73365],[-2.33951,10.73298],[-2.33891,10.73221],[-2.33911,10.73135],[-2.34001,10.73099],[-2.34345,10.73088],[-2.34519,10.72907],[-2.34375,10.72858],[-2.34559,10.72704],[-2.34533,10.72624],[-2.34842,10.72405],[-2.35042,10.72362],[-2.35088,10.72203],[-2.35078,10.71973],[-2.34967,10.71944],[-2.34832,10.7203],[-2.34796,10.71919],[-2.34718,10.71949],[-2.34481,10.71793],[-2.34315,10.71241],[-2.34376,10.71206],[-2.34319,10.71116],[-2.3436,10.71003],[-2.34075,10.70876],[-2.34122,10.70599],[-2.34257,10.70654],[-2.3421,10.70565],[-2.34396,10.70354],[-2.34396,10.70216],[-2.34324,10.70127],[-2.34392,10.69906],[-2.3435,10.69823],[-2.34403,10.69789],[-2.34327,10.69668],[-2.34343,10.69564],[-2.3422,10.69535],[-2.34205,10.69475],[-2.3411,10.69522],[-2.34122,10.69394],[-2.34288,10.69299],[-2.34423,10.6904],[-2.34574,10.69056],[-2.34643,10.68996],[-2.34756,10.69061],[-2.34769,10.6898],[-2.34973,10.68883]]}},{"type":"Feature","properties":{"name":"Kulpawn"},"geometry":{"type":"LineString","coordinates":[[-2.34973,10.68883],[-2.34927,10.6875],[-2.35107,10.68583],[-2.35031,10.68532],[-2.34903,10.68603],[-2.34998,10.6847],[-2.34942,10.68288],[-2.35113,10.68146],[-2.35069,10.6797],[-2.35289,10.67836],[-2.35367,10.67593],[-2.35294,10.67195],[-2.35409,10.67028],[-2.35478,10.66651],[-2.356,10.66475],[-2.35465,10.6606],[-2.35676,10.65707],[-2.35841,10.65584],[-2.3576,10.65188],[-2.35844,10.6504],[-2.35631,10.6499],[-2.35707,10.64827],[-2.35664,10.64787],[-2.35503,10.64833],[-2.35457,10.64666],[-2.35269,10.64513],[-2.35166,10.64332],[-2.35135,10.6415],[-2.35044,10.64114],[-2.35071,10.63993],[-2.34951,10.63825],[-2.35088,10.63673],[-2.35022,10.63508],[-2.34789,10.63444],[-2.34841,10.63289],[-2.34708,10.63114],[-2.34756,10.62844],[-2.34518,10.62873],[-2.34459,10.62824],[-2.34575,10.62635],[-2.34519,10.6256],[-2.3468,10.62326],[-2.3459,10.61975],[-2.34646,10.6181],[-2.34575,10.61725],[-2.34459,10.6171],[-2.3433,10.61863],[-2.34218,10.6183],[-2.34144,10.61747],[-2.34148,10.61573],[-2.34261,10.61315],[-2.34185,10.61257],[-2.33934,10.61274],[-2.33542,10.60862],[-2.33436,10.60488],[-2.33473,10.60297],[-2.33352,10.60269],[-2.33309,10.60148],[-2.33507,10.59824],[-2.33261,10.59593],[-2.32494,10.59539],[-2.3205,10.59354],[-2.31912,10.58839],[-2.31981,10.58725],[-2.32185,10.58642],[-2.32259,10.5854],[-2.32197,10.58212],[-2.31967,10.58257],[-2.31977,10.58167],[-2.32131,10.58115],[-2.32176,10.57981]]}},{"type":"Feature","properties":{"name":"Kulpawn"},"geometry":{"type":"LineString","coordinates":[[-1.70763,9.9036],[-1.7037,9.90902],[-1.70616,9.91601],[-1.70477,9.92008],[-1.70479,9.9224],[-1.70602,9.92577],[-1.7143,9.92938],[-1.71574,9.93358],[-1.71492,9.93723],[-1.7165,9.9406],[-1.71617,9.94218],[-1.71456,9.9441],[-1.70941,9.94533],[-1.70807,9.94616],[-1.70729,9.94776],[-1.70887,9.95034],[-1.70977,9.95416],[-1.70859,9.9583],[-1.70961,9.96],[-1.71253,9.96058],[-1.71282,9.96184],[-1.71202,9.96321],[-1.70826,9.96416],[-1.70774,9.96543],[-1.71039,9.96774],[-1.71364,9.96942],[-1.71225,9.97512],[-1.7123,9.9775],[-1.71082,9.97969],[-1.71042,9.98147],[-1.71512,9.98912],[-1.71711,9.99085],[-1.71758,9.99276],[-1.7166,9.9961],[-1.71838,9.99761],[-1.71881,9.99896],[-1.71581,10.01145],[-1.71356,10.01396],[-1.70722,10.01289],[-1.70419,10.01328],[-1.7012,10.01467],[-1.70101,10.01609],[-1.70209,10.01707],[-1.70274,10.01962],[-1.70145,10.02309],[-1.69847,10.02562],[-1.69437,10.02628],[-1.69533,10.03042],[-1.69417,10.03312],[-1.69138,10.03473],[-1.68997,10.03683],[-1.68574,10.03917],[-1.68437,10.03887],[-1.68036,10.03401],[-1.67606,10.02672],[-1.67472,10.02575],[-1.67364,10.02585],[-1.67205,10.02738],[-1.67003,10.03015],[-1.66794,10.03494],[-1.66744,10.03751],[-1.66847,10.04414],[-1.6676,10.04555],[-1.66501,10.04573],[-1.65172,10.04192],[-1.64677,10.03854],[-1.64439,10.03817],[-1.64029,10.0388],[-1.635,10.04293],[-1.62908,10.05089],[-1.62896,10.05236],[-1.63285,10.0542],[-1.63896,10.05553],[-1.6423,10.0577],[-1.64761,10.06452],[-1.64979,10.06534],[-1.65061,10.06629],[-1.65181,10.06904],[-1.65606,10.07236],[-1.65617,10.07417],[-1.65527,10.075],[-1.64196,10.07538],[-1.63939,10.07719],[-1.63504,10.07805],[-1.63179,10.07983],[-1.62554,10.07929],[-1.62436,10.07804],[-1.62337,10.07445],[-1.62344,10.07138],[-1.61982,10.06967],[-1.61595,10.06883],[-1.59947,10.07392],[-1.59188,10.07795],[-1.58761,10.07767],[-1.58545,10.07942]]}},{"type":"Feature","properties":{"name":"Kulpawn"},"geometry":{"type":"LineString","coordinates":[[-1.58545,10.07942],[-1.58329,10.0804],[-1.58123,10.08241],[-1.57968,10.0855],[-1.57899,10.08914],[-1.57393,10.09057],[-1.57006,10.09071],[-1.56562,10.09236],[-1.56054,10.09115],[-1.55884,10.0922],[-1.55864,10.09711],[-1.55731,10.0978],[-1.55375,10.0959],[-1.55119,10.09297],[-1.55021,10.0857],[-1.54895,10.08136],[-1.54848,10.07189],[-1.54706,10.0707],[-1.54605,10.07064],[-1.54446,10.07109],[-1.54305,10.07245],[-1.5386,10.07168],[-1.53227,10.07441],[-1.53044,10.07638],[-1.528,10.08117],[-1.52331,10.08417],[-1.51609,10.08691],[-1.50949,10.08345],[-1.50532,10.08347],[-1.5015,10.08593],[-1.49693,10.09049],[-1.48974,10.0926],[-1.48566,10.09562],[-1.48144,10.09706],[-1.47621,10.10044],[-1.47077,10.10103],[-1.46769,10.10373],[-1.46378,10.104],[-1.46,10.10302],[-1.45619,10.10385],[-1.45302,10.10295],[-1.44751,10.10303],[-1.44444,10.10169],[-1.44305,10.10182]]}},{"type":"Feature","properties":{"name":"Kulpawn"},"geometry":{"type":"LineString","coordinates":[[-2.05956,10.32324],[-2.0599,10.31642],[-2.05773,10.31542],[-2.05641,10.31228],[-2.05426,10.30978],[-2.05298,10.31046],[-2.05212,10.31341],[-2.0508,10.31411],[-2.04467,10.31046],[-2.0398,10.31097],[-2.03671,10.30915],[-2.03222,10.30967],[-2.03126,10.30825],[-2.03078,10.30343],[-2.02969,10.30207],[-2.02441,10.30319],[-2.02294,10.30265]]}},{"type":"Feature","properties":{},"geometry":{"type":"LineString","coordinates":[[-1.87628,10.46193],[-1.87619,10.45588],[-1.87765,10.44943],[-1.87933,10.44648],[-1.88011,10.44208],[-1.88044,10.43774],[-1.87984,10.43724],[-1.88183,10.43477],[-1.88387,10.4351],[-1.88443,10.4359],[-1.88513,10.43528],[-1.88584,10.43182],[-1.88769,10.42976],[-1.88808,10.42679],[-1.89062,10.42313],[-1.8923,10.42295],[-1.89429,10.4185],[-1.89277,10.41556],[-1.89346,10.41464],[-1.89539,10.41467]]}},{"type":"Feature","properties":{"name":"Kulpawn"},"geometry":{"type":"LineString","coordinates":[[-2.02294,10.30265],[-2.02092,10.3007],[-2.02016,10.29915],[-2.02044,10.29802],[-2.02873,10.29549],[-2.03071,10.29398],[-2.03203,10.29081],[-2.03182,10.28622],[-2.03115,10.28462],[-2.02772,10.28195],[-2.03072,10.27507],[-2.03128,10.27061],[-2.03214,10.26914],[-2.03208,10.26655],[-2.02693,10.26365],[-2.01789,10.2649],[-2.01379,10.26358],[-2.01295,10.26176],[-2.01478,10.25506],[-2.01407,10.24817],[-2.01314,10.24648],[-2.01203,10.24527],[-2.01019,10.24459],[-1.99786,10.246],[-1.99564,10.24471],[-1.99444,10.24201],[-1.99473,10.23963],[-1.99711,10.23554],[-2.00046,10.2321],[-2.0029,10.23194],[-2.00642,10.23327],[-2.00847,10.23285],[-2.00963,10.23062],[-2.00975,10.22642],[-2.01066,10.2244],[-2.01206,10.22332]]}},{"type":"Feature","properties":{},"geometry":{"type":"LineString","coordinates":[[-2.28098,10.24624],[-2.27955,10.24612],[-2.27226,10.24252],[-2.26982,10.23875],[-2.26368,10.23196],[-2.26402,10.23054],[-2.26182,10.22817],[-2.25862,10.22795],[-2.25907,10.22463],[-2.25699,10.22242],[-2.25624,10.21845],[-2.25021,10.21488],[-2.24934,10.2138]]}},{"type":"Feature","properties":{},"geometry":{"type":"LineString","coordinates":[[-2.43958,10.36908],[-2.42967,10.36685],[-2.42084,10.36879],[-2.4122,10.37399],[-2.40552,10.37308],[-2.38853,10.3686],[-2.38179,10.36537],[-2.37571,10.35882],[-2.37554,10.35469],[-2.37365,10.35102],[-2.3678,10.34419],[-2.3639,10.3367],[-2.35873,10.33453],[-2.35385,10.32761],[-2.3438,10.32229],[-2.33525,10.31263],[-2.33265,10.31133],[-2.33014,10.30897],[-2.32834,10.30228],[-2.32328,10.29651],[-2.31602,10.29108],[-2.30655,10.27987],[-2.30143,10.27135],[-2.29533,10.26466],[-2.2919,10.25951],[-2.28952,10.25139],[-2.28539,10.24647],[-2.28098,10.24624]]}},{"type":"Feature","properties":{"name":"White Volta"},"geometry":{"type":"LineString","coordinates":[[-0.84327,10.57403],[-0.84627,10.56992],[-0.84672,10.56225],[-0.854,10.55501],[-0.85632,10.5506],[-0.86254,10.54788],[-0.86312,10.54589],[-0.86273,10.54123],[-0.86332,10.53985],[-0.86971,10.53317],[-0.87475,10.53589],[-0.87645,10.5352],[-0.8805,10.5268],[-0.88047,10.52529],[-0.87911,10.52292],[-0.87946,10.52197],[-0.88359,10.52102],[-0.89047,10.51833]]}},{"type":"Feature","properties":{"name":"White Volta"},"geometry":{"type":"LineString","coordinates":[[-0.89047,10.51833],[-0.89857,10.51265],[-0.90104,10.50967],[-0.90257,10.50637],[-0.90622,10.50388],[-0.90957,10.50042],[-0.9154,10.49234],[-0.91678,10.48822],[-0.91885,10.48509],[-0.92244,10.482],[-0.92552,10.48054],[-0.93146,10.47997],[-0.9343,10.48238],[-0.93509,10.48464],[-0.93492,10.48677],[-0.92574,10.49715],[-0.92091,10.50028],[-0.91499,10.50962],[-0.91316,10.51439],[-0.90911,10.51856],[-0.90892,10.51999],[-0.91007,10.52457],[-0.91346,10.52741],[-0.91466,10.52772],[-0.91685,10.52759],[-0.92438,10.52487],[-0.9289,10.52397],[-0.93228,10.52442],[-0.93633,10.52594]]}},{"type":"Feature","properties":{},"geometry":{"type":"LineString","coordinates":[[-0.15856,9.68484],[-0.15731,9.68375],[-0.15624,9.684],[-0.15454,9.68134],[-0.15377,9.68149]]}},{"type":"Feature","properties":{},"geometry":{"type":"LineString","coordinates":[[-0.15377,9.68149],[-0.15297,9.67759],[-0.15175,9.67703],[-0.14612,9.67683],[-0.14255,9.67444],[-0.14465,9.6732],[-0.14482,9.67237],[-0.14379,9.66958],[-0.1451,9.66524],[-0.14457,9.66403],[-0.14281,9.66346],[-0.13977,9.66538],[-0.13809,9.66483],[-0.13868,9.66106],[-0.1369,9.65952],[-0.1369,9.65787],[-0.13393,9.65619],[-0.12998,9.65713],[-0.12756,9.65874],[-0.12665,9.65803],[-0.12619,9.65536],[-0.12259,9.65364],[-0.11734,9.6537],[-0.11571,9.65112],[-0.11661,9.6501],[-0.11662,9.64872],[-0.11425,9.64437],[-0.11139,9.64253],[-0.1092,9.6433],[-0.10737,9.64275],[-0.10352,9.63921],[-0.10214,9.63711],[-0.0981,9.63727],[-0.09731,9.63438],[-0.0982,9.63208],[-0.09758,9.62995]]}},{"type":"Feature","properties":{},"geometry":{"type":"LineString","coordinates":[[-0.18319,9.76211],[-0.18277,9.75942],[-0.18113,9.75792],[-0.17997,9.75476],[-0.18132,9.75399]]}},{"type":"Feature","properties":{},"geometry":{"type":"LineString","coordinates":[[-0.18132,9.75399],[-0.17987,9.75307],[-0.17802,9.75048],[-0.17597,9.74933],[-0.17694,9.74947],[-0.17687,9.74781],[-0.17767,9.74699],[-0.17748,9.74514],[-0.17814,9.74392],[-0.18113,9.74209],[-0.18228,9.74226],[-0.18292,9.74093],[-0.18127,9.73935],[-0.18148,9.73782],[-0.17963,9.73442],[-0.17743,9.73333],[-0.17781,9.73458],[-0.17729,9.73513],[-0.17576,9.73344],[-0.1757,9.7296],[-0.17354,9.72784],[-0.17327,9.72644]]}},{"type":"Feature","properties":{"name":"White Volta"},"geometry":{"type":"LineString","coordinates":[[-1.31436,9.65336],[-1.31584,9.6494],[-1.3191,9.64559],[-1.32076,9.64458],[-1.3261,9.64553],[-1.32827,9.64493],[-1.32984,9.64361],[-1.33074,9.64194],[-1.33046,9.64002],[-1.32769,9.6362],[-1.3284,9.63411],[-1.34578,9.62681],[-1.34883,9.62502],[-1.35241,9.62181],[-1.35776,9.61882],[-1.36321,9.61677],[-1.36921,9.61588],[-1.37082,9.61463],[-1.37318,9.61166],[-1.37363,9.60997],[-1.37292,9.60793],[-1.36734,9.60539],[-1.36474,9.60347],[-1.36385,9.59972]]}},{"type":"Feature","properties":{"name":"White Volta"},"geometry":{"type":"LineString","coordinates":[[-1.36385,9.59972],[-1.36415,9.59491],[-1.36612,9.59059],[-1.36974,9.58593],[-1.37278,9.58461],[-1.3764,9.5841],[-1.38469,9.58704],[-1.38983,9.5861],[-1.39564,9.58402],[-1.39702,9.58268],[-1.39801,9.58042],[-1.39785,9.5774],[-1.39582,9.57282],[-1.39868,9.56694],[-1.39875,9.56426],[-1.39172,9.5576],[-1.38799,9.55562],[-1.38464,9.55284],[-1.38265,9.54933],[-1.38309,9.54435],[-1.38421,9.54049],[-1.38303,9.53802],[-1.37292,9.53239],[-1.36614,9.53343],[-1.36455,9.53284],[-1.3597,9.52975],[-1.35294,9.52689],[-1.34919,9.52352],[-1.34863,9.52093],[-1.34857,9.50676],[-1.34998,9.49374],[-1.35299,9.48377],[-1.35351,9.47704],[-1.35531,9.47139],[-1.36234,9.46465],[-1.36411,9.46013],[-1.36117,9.45382],[-1.36069,9.45127],[-1.36138,9.43725],[-1.36105,9.43496],[-1.35982,9.43305],[-1.35844,9.43192],[-1.35333,9.43243],[-1.3473,9.43764],[-1.34417,9.44221],[-1.34226,9.44345],[-1.34065,9.44213],[-1.34171,9.43209],[-1.34404,9.42666],[-1.34682,9.42436],[-1.34911,9.42389],[-1.35332,9.42576],[-1.35472,9.42566],[-1.35705,9.42347],[-1.35688,9.42053],[-1.35441,9.41598],[-1.3537,9.4128],[-1.35597,9.40736],[-1.35835,9.40563],[-1.35982,9.4056],[-1.36448,9.40746],[-1.37063,9.41446],[-1.37187,9.41502],[-1.37456,9.41455],[-1.3759,9.41287],[-1.37609,9.41154],[-1.37532,9.40867],[-1.37434,9.40746],[-1.37069,9.40519],[-1.36614,9.40367],[-1.36131,9.40042],[-1.35859,9.39664],[-1.35616,9.39115],[-1.34394,9.38188]]}},{"type":"Feature","properties":{"name":"Daka"},"geometry":{"type":"LineString","coordinates":[[-0.21728,9.0358],[-0.21752,9.03428],[-0.217,9.03314],[-0.21584,9.03364],[-0.21394,9.0333],[-0.21221,9.03435],[-0.21199,9.03756],[-0.21075,9.03757],[-0.20993,9.0368],[-0.2084,9.03042],[-0.20904,9.02722]]}},{"type":"Feature","properties":{"name":"Daka"},"geometry":{"type":"LineString","coordinates":[[-0.20904,9.02722],[-0.20844,9.02524],[-0.20948,9.01922],[-0.21103,9.01789],[-0.21118,9.01693],[-0.21054,9.01358],[-0.20974,9.01254],[-0.21186,9.01302],[-0.2124,9.01211],[-0.20938,9.00791],[-0.20403,9.00479],[-0.204,9.00226],[-0.2058,8.99843],[-0.20522,8.99749],[-0.2045,8.99943],[-0.20326,8.99901],[-0.2022,8.99657],[-0.20183,8.99322],[-0.20114,8.99187],[-0.19894,8.99009],[-0.19832,8.98437],[-0.19725,8.98393],[-0.1969,8.98295],[-0.19747,8.98059],[-0.19514,8.97456]]}},{"type":"Feature","properties":{"name":"Oti"},"geometry":{"type":"LineString","coordinates":[[0.24718,9.438],[0.24588,9.43729],[0.23167,9.4351]]}},{"type":"Feature","properties":{"name":"Oti"},"geometry":{"type":"LineString","coordinates":[[0.23167,9.4351],[0.22627,9.4322],[0.22138,9.4281],[0.21743,9.42335],[0.21657,9.41883],[0.21777,9.4125],[0.21699,9.40556],[0.21456,9.39825],[0.20935,9.38797],[0.2082,9.38378],[0.20814,9.38016],[0.21069,9.37125],[0.21252,9.36891],[0.22322,9.36712],[0.22908,9.36514],[0.23728,9.36041],[0.24086,9.35721],[0.24235,9.35393],[0.24178,9.35207],[0.23634,9.34664],[0.23622,9.34539],[0.23754,9.34325],[0.24058,9.34042],[0.2452,9.33841]]}},{"type":"Feature","properties":{"name":"Oti"},"geometry":{"type":"LineString","coordinates":[[0.2452,9.33841],[0.24969,9.33521],[0.25108,9.33274],[0.25171,9.32935],[0.25142,9.32709],[0.24995,9.32386],[0.25009,9.32199],[0.25198,9.31871],[0.25438,9.31758],[0.25932,9.31786],[0.26006,9.31693],[0.25903,9.30344],[0.25708,9.29648],[0.25702,9.28902],[0.25085,9.28813],[0.24786,9.28923],[0.24629,9.2906],[0.246,9.29538],[0.24302,9.29848],[0.24061,9.29997],[0.23118,9.30289],[0.21643,9.30462],[0.19548,9.30466],[0.18957,9.3061],[0.18689,9.30589],[0.18516,9.30393],[0.18322,9.29151],[0.18081,9.28206],[0.18081,9.27822],[0.17915,9.27466],[0.1783,9.27058],[0.17829,9.25896],[0.17959,9.24443],[0.18117,9.24013],[0.18609,9.23448],[0.19065,9.23367],[0.19821,9.23462],[0.20495,9.23804],[0.21171,9.23806],[0.21824,9.23421],[0.2191,9.23258],[0.21935,9.22992],[0.21777,9.22557],[0.20518,9.21618],[0.19463,9.2009],[0.19097,9.19767],[0.18182,9.19488],[0.17477,9.19138]]}},{"type":"Feature","properties":{"name":"Oti"},"geometry":{"type":"LineString","coordinates":[[0.17477,9.19138],[0.1725,9.19022],[0.17129,9.18842],[0.17072,9.17887],[0.16696,9.16431],[0.16786,9.15806],[0.17525,9.14851]]}},{"type":"Feature","properties":{"name":"Oti"},"geometry":{"type":"LineString","coordinates":[[0.24133,8.99795],[0.23034,8.98618],[0.22221,8.9739],[0.22015,8.97347],[0.21617,8.97436],[0.21059,8.97436],[0.18587,8.9657],[0.18437,8.96468],[0.18106,8.95865],[0.1801,8.9537],[0.18583,8.9344],[0.18795,8.92931],[0.18898,8.92059],[0.18807,8.91867],[0.18555,8.91646],[0.18136,8.91386],[0.17357,8.90712],[0.17157,8.90361],[0.17064,8.90028],[0.17031,8.89586],[0.17122,8.88895],[0.17581,8.88329],[0.17856,8.87831],[0.18389,8.86591],[0.18583,8.85781],[0.18721,8.85459],[0.18944,8.85187],[0.19179,8.85017],[0.19503,8.84951],[0.21187,8.85043],[0.21803,8.84886],[0.22164,8.84525],[0.22381,8.83727]]}},{"type":"Feature","properties":{"name":"Daka"},"geometry":{"type":"LineString","coordinates":[[-0.03811,9.26747],[-0.03665,9.26446],[-0.03431,9.26391],[-0.03178,9.26188],[-0.03094,9.25827]]}},{"type":"Feature","properties":{"name":"White Volta"},"geometry":{"type":"LineString","coordinates":[[-1.25035,9.18882],[-1.24874,9.18332],[-1.24797,9.17462],[-1.24716,9.17271],[-1.24471,9.16982],[-1.23956,9.16758],[-1.22958,9.16606],[-1.22714,9.165],[-1.22105,9.15959],[-1.21572,9.15253],[-1.20549,9.14371],[-1.20352,9.14332],[-1.18764,9.14519],[-1.18297,9.14488],[-1.17722,9.14643],[-1.17361,9.14661],[-1.16931,9.14619],[-1.16492,9.14434],[-1.16181,9.14219],[-1.15433,9.13538],[-1.14129,9.12696],[-1.13445,9.12078],[-1.13011,9.11432],[-1.12799,9.10756],[-1.12567,9.10286],[-1.12033,9.09595],[-1.11897,9.09324],[-1.11031,9.06179],[-1.10688,9.05264],[-1.09692,9.03941],[-1.0961,9.03758],[-1.09645,9.03296],[-1.09933,9.02822],[-1.10126,9.02725],[-1.10557,9.02763],[-1.11292,9.03363],[-1.11488,9.03403],[-1.12005,9.03325],[-1.12518,9.03153],[-1.127,9.03001],[-1.12763,9.02799],[-1.12681,9.0238],[-1.11731,9.01811],[-1.11581,9.01466],[-1.11614,9.01257],[-1.12042,9.00627],[-1.12264,9.00509],[-1.12751,9.00072],[-1.13294,8.99752],[-1.13921,8.99186],[-1.15262,8.97385],[-1.15833,8.96297],[-1.16496,8.94697],[-1.16771,8.93563],[-1.16745,8.93056],[-1.16438,8.92327],[-1.16062,8.9174],[-1.14672,8.90173],[-1.12842,8.87735],[-1.12048,8.86025],[-1.11597,8.85261],[-1.1037,8.83979],[-1.09011,8.82227],[-1.08578,8.82051],[-1.07514,8.81977],[-1.07166,8.81892],[-1.05525,8.8119],[-1.04525,8.81029],[-1.04344,8.80929],[-1.03941,8.80465],[-1.03405,8.79278],[-1.03098,8.78983],[-1.01836,8.78321],[-1.00162,8.78088],[-0.99855,8.77982],[-0.99031,8.7749],[-0.98165,8.76663],[-0.98081,8.76512],[-0.98064,8.76249],[-0.98737,8.75331],[-0.98986,8.74875],[-0.995,8.73635],[-0.99585,8.72932],[-0.99396,8.7149],[-0.98379,8.67795],[-0.98262,8.64782]]}},{"type":"Feature","properties":{},"geometry":{"type":"LineString","coordinates":[[-0.09001,9.49333],[-0.09003,9.48948],[-0.08524,9.48836],[-0.0844,9.48612],[-0.08113,9.485],[-0.0775,9.48724],[-0.07547,9.48716],[-0.07396,9.48571],[-0.07447,9.48369],[-0.07207,9.48035],[-0.07485,9.4735],[-0.07423,9.46966],[-0.07449,9.46911],[-0.07736,9.46944],[-0.08069,9.46694],[-0.08068,9.46612],[-0.07936,9.46436],[-0.07553,9.46363],[-0.07377,9.46429],[-0.0706,9.46427],[-0.06742,9.466],[-0.06475,9.46531],[-0.06166,9.46279],[-0.06113,9.46007],[-0.06332,9.45711],[-0.06348,9.45558],[-0.06048,9.45473],[-0.05733,9.45494],[-0.05667,9.45373],[-0.05723,9.45142],[-0.06182,9.44695],[-0.06025,9.44314],[-0.06094,9.43814],[-0.05714,9.43649],[-0.05669,9.43548]]}},{"type":"Feature","properties":{},"geometry":{"type":"LineString","coordinates":[[-0.09758,9.62995],[-0.09315,9.62387],[-0.08916,9.62334],[-0.087,9.61917],[-0.08687,9.61759],[-0.08947,9.61415],[-0.08861,9.61141],[-0.09077,9.60811],[-0.08907,9.60546],[-0.08772,9.60502],[-0.08527,9.60704],[-0.08378,9.60715],[-0.08197,9.60627],[-0.08435,9.5967],[-0.07959,9.59246],[-0.07305,9.58852],[-0.07262,9.58673],[-0.06868,9.58671],[-0.06688,9.58856],[-0.06583,9.58858],[-0.06519,9.587],[-0.06517,9.58353],[-0.06768,9.57969],[-0.06853,9.57598],[-0.06721,9.57457],[-0.0645,9.57453],[-0.06154,9.57539],[-0.05973,9.57337],[-0.05944,9.57073],[-0.06318,9.56827],[-0.06338,9.5674],[-0.06247,9.56623],[-0.05822,9.56505],[-0.05737,9.56371],[-0.05297,9.56439],[-0.05174,9.5638],[-0.05156,9.56024],[-0.05297,9.55816],[-0.05562,9.55668],[-0.05535,9.55484],[-0.058,9.55157],[-0.05686,9.54784],[-0.05751,9.54698],[-0.06027,9.54645],[-0.06136,9.54692],[-0.06256,9.54953],[-0.06212,9.5535],[-0.06394,9.55581],[-0.06541,9.55583],[-0.06779,9.55293],[-0.06753,9.5506],[-0.06857,9.54817],[-0.07006,9.54771],[-0.07033,9.54479],[-0.06866,9.54233],[-0.06984,9.54077],[-0.06968,9.53783],[-0.073,9.53686],[-0.07416,9.53478],[-0.07358,9.53058],[-0.07204,9.5281],[-0.07129,9.51824],[-0.0724,9.51734],[-0.07265,9.51921],[-0.07819,9.5195],[-0.07921,9.52127],[-0.07959,9.52408],[-0.08079,9.52529],[-0.08471,9.52086],[-0.084,9.51478],[-0.08007,9.51069],[-0.07972,9.50959],[-0.08053,9.50773],[-0.08398,9.50747],[-0.08856,9.50461],[-0.09406,9.50346],[-0.09597,9.49989],[-0.09862,9.49791],[-0.09885,9.496],[-0.09755,9.49462],[-0.09001,9.49333]]}},{"type":"Feature","properties":{},"geometry":{"type":"LineString","coordinates":[[-0.05669,9.43548],[-0.05553,9.43452],[-0.05547,9.43058],[-0.05791,9.42819],[-0.05982,9.42515],[-0.05772,9.42144],[-0.05242,9.41981],[-0.05302,9.41591],[-0.051,9.41246],[-0.0495,9.41187],[-0.04798,9.41426],[-0.04686,9.41426],[-0.04581,9.41329],[-0.04472,9.4073],[-0.04304,9.40453],[-0.04499,9.39924],[-0.04139,9.39676],[-0.04043,9.39326],[-0.0442,9.39049],[-0.0445,9.38909],[-0.0439,9.38795],[-0.04073,9.38676],[-0.03875,9.38365],[-0.03972,9.37802],[-0.0421,9.37345],[-0.04671,9.3729],[-0.04806,9.36845],[-0.04933,9.36796],[-0.05497,9.37083],[-0.05624,9.3689]]}},{"type":"Feature","properties":{},"geometry":{"type":"LineString","coordinates":[[-0.05624,9.3689],[-0.05678,9.36788],[-0.05647,9.3668],[-0.05931,9.36566],[-0.0577,9.3599],[-0.05937,9.35592],[-0.0565,9.35054],[-0.05843,9.34838],[-0.05942,9.34815],[-0.05965,9.34669],[-0.05761,9.34326],[-0.06064,9.3394],[-0.06262,9.3338],[-0.06843,9.32843]]}},{"type":"Feature","properties":{},"geometry":{"type":"LineString","coordinates":[[-0.06843,9.32843],[-0.0692,9.32725],[-0.07164,9.32747]]}},{"type":"Feature","properties":{},"geometry":{"type":"LineString","coordinates":[[-0.63583,9.3182],[-0.63373,9.31794],[-0.63263,9.31551],[-0.6338,9.31524],[-0.6334,9.3144],[-0.6342,9.31372],[-0.63518,9.31435],[-0.63626,9.31412],[-0.63593,9.31232],[-0.63499,9.31251],[-0.63462,9.31141],[-0.63641,9.31147],[-0.6367,9.31086],[-0.63627,9.31023],[-0.63547,9.31035],[-0.63439,9.30873]]}},{"type":"Feature","properties":{},"geometry":{"type":"LineString","coordinates":[[-0.69205,9.81911],[-0.69339,9.8197],[-0.69523,9.81952],[-0.69643,9.82034],[-0.69948,9.82008],[-0.70094,9.81826],[-0.70326,9.81798],[-0.70509,9.81634],[-0.70818,9.81659],[-0.70881,9.81885],[-0.70988,9.81904],[-0.71369,9.81718],[-0.71392,9.81591],[-0.71674,9.81469],[-0.71984,9.8173],[-0.72004,9.81848],[-0.72202,9.82032],[-0.7234,9.81995],[-0.72347,9.81843],[-0.72464,9.81712],[-0.72888,9.81708],[-0.73293,9.82067],[-0.73818,9.81732],[-0.74755,9.81794]]}},{"type":"Feature","properties":{"name":"White Volta"},"geometry":{"type":"LineString","coordinates":[[-1.16072,9.70024],[-1.162,9.70263],[-1.16191,9.70561],[-1.16112,9.70732],[-1.15981,9.70916],[-1.15374,9.71316],[-1.15333,9.7154],[-1.15487,9.71754],[-1.15985,9.71965]]}},{"type":"Feature","properties":{"name":"White Volta"},"geometry":{"type":"LineString","coordinates":[[-1.09217,9.68916],[-1.0922,9.69199],[-1.09333,9.69658],[-1.09471,9.69994],[-1.09651,9.70223],[-1.09829,9.70341],[-1.10194,9.70449],[-1.11333,9.70379],[-1.11687,9.70449],[-1.11906,9.70669],[-1.11848,9.70954],[-1.11889,9.71128],[-1.12736,9.71344],[-1.13112,9.71379],[-1.13648,9.71291],[-1.14314,9.71105],[-1.14646,9.70923],[-1.1494,9.70607],[-1.15146,9.70041],[-1.1542,9.69767],[-1.15678,9.69783],[-1.16072,9.70024]]}},{"type":"Feature","properties":{"name":"Kulpawn"},"geometry":{"type":"LineString","coordinates":[[-1.44305,10.10182],[-1.43762,10.10374]]}},{"type":"Feature","properties":{"name":"White Volta"},"geometry":{"type":"LineString","coordinates":[[-1.24175,9.286],[-1.24059,9.28383],[-1.24038,9.28149],[-1.24053,9.27893],[-1.24222,9.27538],[-1.24652,9.27232],[-1.25109,9.27213],[-1.2524,9.27145],[-1.25304,9.27024],[-1.25225,9.26747],[-1.25107,9.26624],[-1.24636,9.2654],[-1.23948,9.26624],[-1.23703,9.26493],[-1.23626,9.26342],[-1.24,9.24356],[-1.23604,9.22752],[-1.23801,9.21155],[-1.24169,9.2093],[-1.24389,9.20697],[-1.24883,9.19602],[-1.25035,9.18882]]}},{"type":"Feature","properties":{"name":"White Volta"},"geometry":{"type":"LineString","coordinates":[[-1.57909,9.2761],[-1.57898,9.27791],[-1.57604,9.27835],[-1.57532,9.2814],[-1.57396,9.28306],[-1.57491,9.28358],[-1.57396,9.28519],[-1.57244,9.28585],[-1.56789,9.28536],[-1.56765,9.28646],[-1.571,9.28926],[-1.57014,9.29153],[-1.56785,9.29239],[-1.56463,9.29248],[-1.56311,9.29534]]}},{"type":"Feature","properties":{"name":"White Volta"},"geometry":{"type":"LineString","coordinates":[[-1.56311,9.29534],[-1.56017,9.29593],[-1.55929,9.29822],[-1.55789,9.29851],[-1.55742,9.29989],[-1.55293,9.30112],[-1.55156,9.29911],[-1.55356,9.29959],[-1.55409,9.29864],[-1.55388,9.29788],[-1.55111,9.29701],[-1.5527,9.29525],[-1.55268,9.29405],[-1.55184,9.29407],[-1.54721,9.29623],[-1.54663,9.29794],[-1.54881,9.29957],[-1.54916,9.30055],[-1.54858,9.30218],[-1.54476,9.3055],[-1.54156,9.3055],[-1.53749,9.30688],[-1.53283,9.30552],[-1.53263,9.305]]}},{"type":"Feature","properties":{"name":"White Volta"},"geometry":{"type":"LineString","coordinates":[[-1.53263,9.305],[-1.53262,9.30312],[-1.53107,9.30116],[-1.52929,9.30114],[-1.5289,9.29784],[-1.52667,9.29729],[-1.5265,9.29981],[-1.52429,9.29862],[-1.5242,9.29733],[-1.52577,9.29593],[-1.5248,9.29496],[-1.51871,9.29496],[-1.5152,9.2982],[-1.51364,9.2971],[-1.51266,9.29863],[-1.51157,9.2976],[-1.51127,9.3003],[-1.50921,9.30179],[-1.50899,9.30035],[-1.51013,9.2975],[-1.50905,9.29693],[-1.50757,9.29892],[-1.50538,9.2993],[-1.50547,9.30122],[-1.50783,9.3018],[-1.5071,9.30354],[-1.50454,9.30289],[-1.50356,9.30166],[-1.50282,9.30342],[-1.50356,9.3049],[-1.50188,9.30553],[-1.5018,9.30687],[-1.50059,9.3077],[-1.49949,9.31327],[-1.50012,9.31411],[-1.50177,9.31292],[-1.50199,9.3142],[-1.50026,9.31507],[-1.49753,9.31474],[-1.49733,9.31581],[-1.49853,9.31813],[-1.49944,9.31761],[-1.50031,9.3182],[-1.49944,9.31965],[-1.49858,9.31977],[-1.49752,9.31862],[-1.49654,9.32028],[-1.49395,9.31987],[-1.49471,9.32151],[-1.49394,9.32183],[-1.4939,9.3229],[-1.49575,9.32567],[-1.49329,9.32698],[-1.49069,9.32602],[-1.48879,9.32618],[-1.48608,9.32776],[-1.48546,9.32886],[-1.48411,9.32875],[-1.4822,9.33128],[-1.48122,9.33099],[-1.48113,9.3283],[-1.48246,9.32798],[-1.48266,9.32697],[-1.48146,9.3265],[-1.48113,9.32489],[-1.48134,9.32428],[-1.48284,9.32434],[-1.48293,9.32352],[-1.47861,9.322],[-1.47228,9.32135],[-1.46069,9.31786],[-1.45533,9.31989],[-1.45382,9.31881],[-1.45379,9.32029],[-1.44943,9.31936],[-1.44745,9.32026],[-1.44597,9.32397],[-1.44591,9.32595],[-1.44355,9.32723],[-1.44473,9.32818],[-1.44486,9.32931],[-1.44199,9.33006],[-1.44122,9.33105],[-1.4404,9.33108],[-1.43929,9.3296],[-1.43824,9.32938],[-1.43737,9.33191],[-1.43593,9.33124],[-1.43508,9.33154],[-1.43457,9.32993],[-1.4335,9.33012],[-1.43258,9.33174],[-1.43108,9.33086],[-1.43068,9.33231],[-1.42799,9.32944],[-1.42601,9.32805],[-1.42482,9.32823],[-1.42456,9.32711],[-1.42391,9.32685],[-1.41902,9.33085],[-1.41728,9.33825],[-1.41622,9.33961],[-1.41521,9.33898],[-1.41271,9.34046],[-1.40705,9.33802],[-1.40569,9.3383],[-1.40573,9.33905],[-1.4082,9.34051],[-1.40896,9.342],[-1.40678,9.34479],[-1.40741,9.34665],[-1.40562,9.34955],[-1.40644,9.35123],[-1.40451,9.35204],[-1.4027,9.3512],[-1.40329,9.35346],[-1.39915,9.35214],[-1.39574,9.35435],[-1.39458,9.35317],[-1.39639,9.35199],[-1.39675,9.35055],[-1.39265,9.352],[-1.39115,9.35728],[-1.39238,9.3576],[-1.39254,9.35843],[-1.39107,9.35991],[-1.38913,9.36007],[-1.3886,9.36065],[-1.3905,9.3646],[-1.38757,9.36848],[-1.3847,9.36802],[-1.38339,9.36875],[-1.38064,9.36821],[-1.37947,9.36886],[-1.37753,9.3716],[-1.37652,9.37186],[-1.37433,9.37139],[-1.37365,9.37044],[-1.37154,9.37121],[-1.36976,9.36923],[-1.36921,9.37032],[-1.37027,9.37173],[-1.37002,9.37355],[-1.36516,9.37254],[-1.3633,9.37094],[-1.36186,9.37063],[-1.36089,9.37124],[-1.36036,9.37346],[-1.35842,9.37544],[-1.35851,9.37796],[-1.35585,9.37752],[-1.35252,9.37794],[-1.34967,9.37718],[-1.3486,9.3786],[-1.35012,9.38074],[-1.34394,9.38188]]}},{"type":"Feature","properties":{"name":"White Volta"},"geometry":{"type":"LineString","coordinates":[[-1.34394,9.38188],[-1.3361,9.37804],[-1.32992,9.371],[-1.32288,9.36869],[-1.31273,9.35832],[-1.30805,9.34977],[-1.30514,9.34294],[-1.30203,9.34022],[-1.2954,9.33184],[-1.28946,9.32966],[-1.28647,9.32734],[-1.27514,9.31198],[-1.27106,9.30791],[-1.26531,9.29808],[-1.26165,9.29409],[-1.25263,9.28759],[-1.2498,9.28712],[-1.24588,9.2881],[-1.24388,9.28767],[-1.24175,9.286]]}},{"type":"Feature","properties":{"name":"Daka"},"geometry":{"type":"LineString","coordinates":[[-0.48587,8.68402],[-0.48398,8.68157],[-0.48143,8.68168],[-0.47979,8.68306],[-0.47653,8.68318],[-0.47529,8.68251],[-0.47065,8.67663],[-0.47029,8.67266],[-0.46967,8.67169],[-0.46651,8.67173],[-0.46401,8.6725],[-0.46443,8.67432],[-0.46059,8.67491],[-0.45995,8.67597],[-0.46028,8.67818],[-0.45896,8.67858],[-0.45776,8.67729],[-0.45291,8.67501],[-0.45163,8.67059],[-0.44865,8.66636],[-0.4471,8.66246],[-0.44446,8.66221],[-0.44059,8.66409],[-0.43917,8.6624],[-0.43936,8.66132],[-0.44039,8.66042],[-0.4395,8.65916],[-0.43522,8.65738],[-0.4343,8.65898],[-0.43284,8.65871],[-0.43233,8.65722],[-0.43298,8.65469],[-0.43538,8.65147],[-0.43632,8.64837],[-0.43582,8.64578],[-0.43475,8.64433],[-0.4352,8.64103],[-0.43415,8.6409],[-0.43185,8.64201],[-0.42404,8.65017],[-0.42107,8.65015],[-0.41771,8.64854],[-0.41779,8.64567],[-0.41997,8.6438],[-0.42008,8.64267],[-0.41893,8.63813],[-0.41478,8.63179],[-0.41249,8.62611],[-0.41348,8.62262],[-0.41485,8.62159],[-0.41526,8.6194],[-0.41347,8.617],[-0.4136,8.61589],[-0.41511,8.61407],[-0.41708,8.61317],[-0.41517,8.60769],[-0.41428,8.60765],[-0.41253,8.60987],[-0.40942,8.60774],[-0.40918,8.60373],[-0.41168,8.60057],[-0.41071,8.59884],[-0.40734,8.59821],[-0.40637,8.60119],[-0.40405,8.60158],[-0.40426,8.60392],[-0.40059,8.60534],[-0.39964,8.6046],[-0.39865,8.59691],[-0.39566,8.59328],[-0.39151,8.59545],[-0.38998,8.59543],[-0.38533,8.5925],[-0.38174,8.59263],[-0.37818,8.59362],[-0.37711,8.59463],[-0.37706,8.59553],[-0.3792,8.59574],[-0.37949,8.59653],[-0.37686,8.59916],[-0.37428,8.59941],[-0.37266,8.59595],[-0.37337,8.58824],[-0.37226,8.58717],[-0.36513,8.59272],[-0.36407,8.59742],[-0.36284,8.59879],[-0.3593,8.59981],[-0.35747,8.5991],[-0.3573,8.59821],[-0.35935,8.59534],[-0.3578,8.59301],[-0.35806,8.59032]]}},{"type":"Feature","properties":{"name":"Volta"},"geometry":{"type":"LineString","coordinates":[[-0.71051,8.34501],[-0.69508,8.33191]]}},{"type":"Feature","properties":{"name":"Volta"},"geometry":{"type":"LineString","coordinates":[[-0.8674,8.52959],[-0.86406,8.52178],[-0.8605,8.51545],[-0.84208,8.49198],[-0.82363,8.47483],[-0.80226,8.44614],[-0.77711,8.41753],[-0.75141,8.38532],[-0.71051,8.34501]]}},{"type":"Feature","properties":{},"geometry":{"type":"LineString","coordinates":[[-0.77694,8.63966],[-0.7784,8.62872],[-0.78432,8.61514]]}},{"type":"Feature","properties":{},"geometry":{"type":"LineString","coordinates":[[-2.19482,8.8227],[-2.19331,8.82325],[-2.19252,8.82222],[-2.19131,8.82195],[-2.19075,8.82086],[-2.18885,8.82025],[-2.1885,8.819],[-2.18698,8.81906],[-2.18442,8.81653],[-2.18228,8.81721],[-2.17986,8.81701],[-2.17861,8.81787],[-2.1745,8.81589],[-2.17295,8.81577],[-2.16312,8.81871],[-2.16188,8.8184],[-2.161,8.81733],[-2.15995,8.81781],[-2.15855,8.81745],[-2.1575,8.8191],[-2.15662,8.81883],[-2.15564,8.82001],[-2.15285,8.82025],[-2.15013,8.8227],[-2.14935,8.82456],[-2.14741,8.82538],[-2.14507,8.82494],[-2.14423,8.82592],[-2.1387,8.82748],[-2.1347,8.82584],[-2.13267,8.82643],[-2.13212,8.82553],[-2.13105,8.82535],[-2.12883,8.82813]]}},{"type":"Feature","properties":{"name":"Black Volta"},"geometry":{"type":"LineString","coordinates":[[-2.03074,8.15469],[-2.01657,8.15536],[-2.00683,8.15463],[-1.99808,8.15768],[-1.99225,8.159],[-1.98913,8.16033],[-1.98515,8.16338],[-1.9776,8.1661],[-1.9658,8.16702],[-1.96123,8.16868],[-1.95705,8.17173],[-1.95208,8.17637],[-1.94923,8.18015],[-1.9434,8.18399],[-1.93273,8.20109],[-1.93279,8.20646],[-1.93213,8.20978],[-1.92968,8.21269],[-1.92371,8.21594],[-1.9196,8.22018],[-1.91854,8.22264],[-1.91662,8.22409],[-1.91403,8.22754],[-1.91065,8.23881],[-1.90688,8.24709],[-1.90144,8.25617],[-1.89587,8.26101],[-1.89282,8.26154],[-1.88467,8.26141],[-1.87612,8.25902],[-1.86823,8.25856],[-1.84218,8.25153],[-1.83821,8.24988],[-1.83357,8.24696],[-1.8282,8.24484],[-1.82217,8.24013],[-1.81368,8.23642],[-1.80619,8.22933],[-1.80175,8.22602],[-1.7985,8.22509],[-1.79198,8.22473],[-1.78562,8.22555],[-1.77455,8.23001],[-1.77042,8.23274],[-1.76686,8.23687],[-1.76488,8.24133],[-1.76248,8.24373],[-1.75852,8.24588],[-1.75464,8.24993],[-1.75191,8.25497],[-1.74844,8.25852],[-1.74662,8.26282],[-1.74621,8.26934],[-1.7467,8.27686],[-1.74844,8.28066],[-1.75323,8.2862],[-1.75637,8.29124],[-1.76447,8.30661],[-1.76653,8.31074],[-1.76868,8.3209],[-1.76984,8.32305],[-1.7724,8.32478],[-1.78174,8.3285],[-1.78983,8.33693],[-1.79471,8.33867],[-1.80729,8.34034],[-1.81776,8.33957],[-1.82883,8.3342],[-1.8342,8.33251],[-1.83949,8.33208],[-1.84499,8.33014],[-1.84852,8.32963],[-1.85385,8.32967],[-1.86081,8.3307],[-1.86923,8.33307],[-1.87216,8.3353],[-1.88295,8.34742],[-1.88909,8.35933],[-1.8912,8.36599],[-1.89932,8.37902],[-1.90117,8.38637],[-1.90766,8.39707],[-1.90697,8.40717],[-1.91028,8.42621],[-1.91028,8.43098],[-1.9093,8.43747],[-1.90844,8.44001],[-1.90311,8.44719],[-1.90091,8.44904],[-1.89683,8.45071],[-1.89468,8.45338],[-1.89206,8.45531],[-1.88647,8.46395],[-1.88273,8.4744],[-1.88308,8.4833],[-1.88514,8.48691],[-1.88699,8.49671],[-1.88982,8.5075],[-1.89322,8.51665],[-1.8967,8.5329],[-1.89494,8.55078],[-1.89266,8.55542],[-1.88888,8.58775],[-1.88105,8.60644],[-1.88063,8.6104],[-1.87938,8.61371],[-1.87332,8.62467],[-1.87194,8.62923],[-1.87087,8.63632],[-1.86868,8.64027],[-1.85492,8.65433]]}},{"type":"Feature","properties":{},"geometry":{"type":"LineString","coordinates":[[0.08098,10.34943],[0.08168,10.34972],[0.0821,10.35168],[0.08377,10.35172],[0.08403,10.35328],[0.08585,10.35239],[0.086,10.3544],[0.08768,10.35487],[0.09134,10.35324],[0.09571,10.35389],[0.09595,10.35336],[0.09508,10.35227],[0.09645,10.35163],[0.09685,10.35073],[0.09826,10.35121],[0.09876,10.35251],[0.10173,10.35205],[0.10248,10.35119],[0.10319,10.35164],[0.10417,10.35061],[0.10758,10.35096],[0.10846,10.35238],[0.10836,10.3538],[0.11018,10.35423],[0.11158,10.35265],[0.11288,10.35236],[0.11461,10.35008],[0.11434,10.34878],[0.11513,10.34832],[0.11595,10.34576],[0.11726,10.34516],[0.11704,10.34368],[0.11572,10.34406],[0.11524,10.34345],[0.11669,10.34197]]}},{"type":"Feature","properties":{"name":"Morago"},"geometry":{"type":"LineString","coordinates":[[-0.24431,10.64388],[-0.25077,10.64279],[-0.25126,10.6413],[-0.25373,10.64093],[-0.25644,10.63869],[-0.25785,10.63838],[-0.25879,10.63694],[-0.25894,10.63454],[-0.26017,10.63433],[-0.25907,10.63264],[-0.26051,10.63148],[-0.26071,10.63218],[-0.26207,10.63147],[-0.26418,10.63202],[-0.26439,10.63423],[-0.26586,10.63444],[-0.26577,10.63349],[-0.26643,10.63306],[-0.26826,10.63369],[-0.26774,10.63417],[-0.26808,10.63465],[-0.26954,10.63429],[-0.27043,10.6353],[-0.26995,10.63585],[-0.27035,10.63779],[-0.27105,10.63823],[-0.27191,10.63831],[-0.27251,10.63683],[-0.27347,10.63747],[-0.27527,10.63716],[-0.27747,10.63916],[-0.27846,10.63851],[-0.28016,10.63938],[-0.28099,10.6388],[-0.28142,10.63955],[-0.28268,10.63874],[-0.2824,10.63758],[-0.28297,10.63694],[-0.28235,10.63632],[-0.28361,10.63454],[-0.28457,10.63466],[-0.285,10.63408],[-0.28638,10.63554],[-0.28757,10.63546],[-0.29053,10.63672],[-0.29235,10.63451],[-0.2951,10.63535],[-0.29692,10.63205],[-0.29871,10.63198],[-0.30003,10.63344],[-0.302,10.63034],[-0.30364,10.63039],[-0.30475,10.62831],[-0.30828,10.6272],[-0.31052,10.62294],[-0.31217,10.62343],[-0.31289,10.62278],[-0.31466,10.62264],[-0.31662,10.62319],[-0.31992,10.62268],[-0.32028,10.62156],[-0.32099,10.62151],[-0.32182,10.62212],[-0.32377,10.62197],[-0.32426,10.62334],[-0.32332,10.62505],[-0.32376,10.6255],[-0.32617,10.62476],[-0.32689,10.62329],[-0.32761,10.62426],[-0.32692,10.62478],[-0.32815,10.62484],[-0.33015,10.62301],[-0.33092,10.62541],[-0.33395,10.62379],[-0.33462,10.62145],[-0.33773,10.62019],[-0.33801,10.61951],[-0.33991,10.62064],[-0.34096,10.6197],[-0.34323,10.62016]]}},{"type":"Feature","properties":{"name":"White Volta"},"geometry":{"type":"LineString","coordinates":[[-0.52084,10.55839],[-0.52447,10.55776],[-0.52821,10.55851],[-0.53794,10.56432],[-0.54152,10.56525],[-0.54405,10.56693],[-0.5459,10.56935],[-0.54858,10.57073],[-0.55615,10.57182],[-0.55925,10.57085],[-0.5666,10.56597],[-0.57017,10.562],[-0.57324,10.5565],[-0.57551,10.55388],[-0.57664,10.55078],[-0.58165,10.54811],[-0.58745,10.54836],[-0.58967,10.54784],[-0.59247,10.54614],[-0.59525,10.54628],[-0.60064,10.54858],[-0.60524,10.55234],[-0.60823,10.55363],[-0.61092,10.55276],[-0.61248,10.55292],[-0.61847,10.55564],[-0.62941,10.55245],[-0.63076,10.5526],[-0.63454,10.55471],[-0.63946,10.55565],[-0.6484,10.55278],[-0.65402,10.54824],[-0.65807,10.54131],[-0.66249,10.53759],[-0.66354,10.53501],[-0.66422,10.53022],[-0.66743,10.52665]]}},{"type":"Feature","properties":{},"geometry":{"type":"LineString","coordinates":[[0.45417,6.0956],[0.45543,6.09718],[0.45654,6.0968],[0.45669,6.09557],[0.45516,6.0932],[0.458,6.09067],[0.45915,6.08756],[0.45904,6.084],[0.4607,6.08345],[0.46202,6.08449],[0.46314,6.0838],[0.46279,6.08028],[0.45893,6.08047],[0.45739,6.07871],[0.45766,6.07778],[0.46005,6.07732],[0.46195,6.07543],[0.4611,6.07286]]}},{"type":"Feature","properties":{},"geometry":{"type":"LineString","coordinates":[[0.71224,5.85393],[0.7154,5.85106],[0.7157,5.84707]]}},{"type":"Feature","properties":{"name":"Todzie"},"geometry":{"type":"LineString","coordinates":[[0.66053,6.31635],[0.66206,6.31284],[0.66341,6.31223],[0.66619,6.31535],[0.67361,6.31659],[0.67514,6.32089],[0.6736,6.32297],[0.67352,6.32548],[0.67052,6.32748],[0.67007,6.32934],[0.67387,6.33032]]}},{"type":"Feature","properties":{"name":"Todzie"},"geometry":{"type":"LineString","coordinates":[[0.67387,6.33032],[0.67516,6.32787],[0.67917,6.32684],[0.68065,6.32472],[0.68669,6.32102],[0.68844,6.31908],[0.68995,6.31564],[0.69556,6.31208]]}},{"type":"Feature","properties":{"name":"Todzie"},"geometry":{"type":"LineString","coordinates":[[0.69556,6.31208],[0.69955,6.3073],[0.69603,6.30368],[0.69511,6.30059],[0.69773,6.29979],[0.69806,6.29885],[0.69742,6.29669],[0.69829,6.29258],[0.69741,6.291],[0.69816,6.28958],[0.69764,6.28846],[0.69795,6.28745],[0.69863,6.28697],[0.69953,6.28788],[0.7007,6.28783],[0.7003,6.28683],[0.70073,6.28478],[0.70163,6.28474],[0.70404,6.28687],[0.70515,6.28511],[0.70591,6.28609],[0.70738,6.28611],[0.70697,6.2836],[0.70893,6.28412],[0.70819,6.28279],[0.70983,6.27934],[0.70933,6.27821],[0.70986,6.27762],[0.71085,6.27778],[0.71167,6.27503],[0.71145,6.27455],[0.71014,6.27479],[0.71052,6.2739],[0.71,6.27293],[0.70815,6.27258],[0.70906,6.27119],[0.70759,6.27017],[0.71061,6.2677],[0.70957,6.26564],[0.71146,6.26454],[0.71253,6.26518],[0.71266,6.2642],[0.71204,6.26382],[0.71459,6.26254],[0.71412,6.25548],[0.71349,6.25511],[0.71195,6.2556],[0.71056,6.25361],[0.70833,6.25324],[0.70855,6.25112],[0.7067,6.2507],[0.70576,6.24899],[0.70581,6.2479],[0.70781,6.2472],[0.70772,6.24644],[0.7067,6.24627],[0.70814,6.24587],[0.71023,6.24379],[0.70853,6.2422],[0.71031,6.24182],[0.71037,6.23846],[0.70878,6.23726],[0.7072,6.23713],[0.70724,6.23628],[0.70829,6.23611],[0.70786,6.23517],[0.70558,6.23541],[0.70507,6.23473]]}},{"type":"Feature","properties":{"name":"Todzie"},"geometry":{"type":"LineString","coordinates":[[0.71884,6.15473],[0.71925,6.15378],[0.71804,6.15441],[0.71809,6.1526],[0.72027,6.15353],[0.72104,6.15152],[0.7207,6.15009],[0.72205,6.14941],[0.72211,6.14747],[0.72387,6.14689],[0.72364,6.1458],[0.72516,6.14301],[0.72424,6.1416],[0.72505,6.13861],[0.72289,6.13646],[0.72465,6.13563],[0.72353,6.13486],[0.72405,6.13413],[0.72349,6.13309],[0.72583,6.13262],[0.72525,6.13115],[0.7239,6.13108],[0.72437,6.12942],[0.72576,6.12952],[0.7257,6.12803],[0.72739,6.12626],[0.72823,6.12882],[0.72932,6.12882],[0.72864,6.12756],[0.72907,6.12718],[0.73018,6.12831],[0.73083,6.12767],[0.73246,6.12846],[0.73486,6.1281],[0.73533,6.12731],[0.73703,6.12865],[0.73795,6.12778],[0.73922,6.12888],[0.73977,6.12758],[0.74136,6.12733],[0.74147,6.12596],[0.74231,6.12671],[0.74374,6.12622],[0.74201,6.1244],[0.74312,6.12357],[0.74289,6.12255],[0.74372,6.12242],[0.74349,6.12088],[0.74441,6.12088],[0.7452,6.1196],[0.74604,6.12073],[0.74705,6.12022],[0.74701,6.11909],[0.74583,6.11813],[0.74578,6.11655],[0.74477,6.11668],[0.74428,6.11489],[0.74329,6.11506],[0.74426,6.11399],[0.74383,6.11037],[0.74462,6.11066],[0.7451,6.10934],[0.74374,6.10687],[0.74437,6.10646],[0.74428,6.10563],[0.74351,6.10507],[0.74252,6.10047],[0.74392,6.09904],[0.74593,6.09825],[0.7452,6.0962],[0.74645,6.09607],[0.74688,6.09543],[0.74563,6.09302],[0.74731,6.09287],[0.74748,6.09212],[0.74671,6.09042],[0.74859,6.08901],[0.75027,6.08882],[0.75078,6.08664],[0.75252,6.08564],[0.75173,6.08427],[0.75246,6.0841]]}},{"type":"Feature","properties":{"name":"Todzie"},"geometry":{"type":"LineString","coordinates":[[0.70507,6.23473],[0.70624,6.23375],[0.70602,6.23289],[0.70716,6.2322],[0.70838,6.23331],[0.70948,6.23259],[0.71006,6.23377],[0.71086,6.23386],[0.70927,6.22965],[0.70772,6.22983],[0.7059,6.22846],[0.70704,6.22829],[0.708,6.22668],[0.71021,6.22591],[0.71143,6.22291],[0.71212,6.22437],[0.71378,6.22248],[0.71698,6.22309],[0.71837,6.21999],[0.71852,6.21887],[0.71713,6.21747],[0.71484,6.21851],[0.71323,6.21539],[0.71386,6.21237],[0.71666,6.20919],[0.71485,6.20606],[0.7151,6.20489],[0.71629,6.20375],[0.71605,6.20101],[0.71708,6.20117],[0.71825,6.19729],[0.7193,6.19825],[0.72002,6.19761],[0.71798,6.19634],[0.71813,6.19381],[0.71925,6.19185],[0.71916,6.1893],[0.72096,6.18772],[0.72127,6.18566],[0.72048,6.18405],[0.71844,6.18307],[0.71857,6.18235],[0.72012,6.183],[0.72056,6.18224],[0.72124,6.18284],[0.72213,6.18224],[0.72118,6.18165],[0.72171,6.18108],[0.7206,6.17979],[0.72113,6.17909],[0.72193,6.17933],[0.72147,6.17741],[0.7209,6.17741],[0.72072,6.1782],[0.7195,6.17826],[0.71869,6.17617],[0.71875,6.17496],[0.71965,6.17402],[0.71997,6.17562],[0.72085,6.17569],[0.72085,6.17377],[0.71993,6.17372],[0.71936,6.17273],[0.7206,6.17272],[0.72057,6.17181],[0.72166,6.17163],[0.72111,6.17009],[0.72218,6.16844],[0.72076,6.16786],[0.72092,6.16612],[0.71966,6.16669],[0.72034,6.16596],[0.71968,6.16523],[0.72044,6.16298],[0.71929,6.16207],[0.72071,6.16146],[0.72145,6.16002],[0.72074,6.15956],[0.72105,6.15771],[0.7191,6.15589],[0.71884,6.15473]]}},{"type":"Feature","properties":{},"geometry":{"type":"LineString","coordinates":[[0.28417,6.68392],[0.26183,6.65949],[0.25397,6.6537],[0.24204,6.64969],[0.23183,6.64781],[0.21887,6.64798],[0.19887,6.6537],[0.18694,6.65966],[0.17111,6.67214]]}},{"type":"Feature","properties":{},"geometry":{"type":"LineString","coordinates":[[0.32594,6.84044],[0.32665,6.83938],[0.32554,6.83856],[0.32142,6.83898],[0.31525,6.83733],[0.31513,6.83625],[0.31684,6.83355],[0.31956,6.83115],[0.31756,6.8285],[0.31614,6.82791],[0.3153,6.82622],[0.31315,6.82481],[0.31112,6.82544],[0.31194,6.82765],[0.31093,6.82947],[0.30855,6.82989],[0.30677,6.82902],[0.30863,6.82671],[0.30899,6.82508],[0.30775,6.82407],[0.30572,6.8242],[0.30534,6.82047],[0.30712,6.81874],[0.31327,6.81668],[0.31442,6.81522],[0.31424,6.81438],[0.31212,6.81333],[0.30966,6.81382],[0.30826,6.81308],[0.31089,6.81087],[0.31095,6.80869],[0.30901,6.80615],[0.30734,6.80521],[0.30771,6.80392],[0.31142,6.8013],[0.31117,6.79966],[0.30991,6.79901],[0.30445,6.79843],[0.30204,6.79749],[0.30131,6.79625],[0.30218,6.79324],[0.31057,6.79009],[0.31092,6.78546],[0.30635,6.7784],[0.29929,6.76387],[0.29263,6.75487],[0.29238,6.73442],[0.29307,6.72767],[0.28835,6.71501],[0.28871,6.71254],[0.29298,6.70578],[0.2935,6.70246],[0.29161,6.69329],[0.28934,6.68967],[0.28417,6.68392]]}},{"type":"Feature","properties":{},"geometry":{"type":"LineString","coordinates":[[-1.39703,7.283],[-1.39459,7.28298],[-1.39225,7.28413],[-1.39077,7.28557],[-1.38992,7.28773],[-1.38658,7.28881],[-1.38507,7.28872],[-1.38448,7.28791],[-1.37776,7.28922],[-1.37548,7.2889],[-1.37335,7.29],[-1.36734,7.28944],[-1.36572,7.2889],[-1.36567,7.28829],[-1.36177,7.29061]]}},{"type":"Feature","properties":{},"geometry":{"type":"LineString","coordinates":[[-1.39716,7.28302],[-1.39703,7.283]]}},{"type":"Feature","properties":{},"geometry":{"type":"LineString","coordinates":[[-1.91385,5.46195],[-1.91364,5.46135]]}},{"type":"Feature","properties":{"name":"Densu"},"geometry":{"type":"LineString","coordinates":[[-0.40517,5.69955],[-0.40492,5.69817],[-0.4044,5.69785],[-0.40462,5.69869],[-0.40376,5.69825],[-0.40498,5.69702],[-0.40384,5.6967],[-0.40355,5.69741],[-0.40287,5.69609],[-0.40347,5.69561],[-0.40252,5.69538],[-0.40266,5.69452],[-0.40133,5.69389],[-0.40219,5.69307],[-0.40083,5.69172],[-0.4022,5.69044],[-0.40169,5.68983],[-0.40349,5.69028],[-0.40263,5.68859],[-0.40152,5.68915],[-0.40191,5.68815],[-0.40102,5.68844],[-0.40111,5.68705],[-0.39989,5.68719],[-0.3996,5.68609],[-0.39892,5.68597],[-0.39909,5.68664],[-0.39839,5.68696],[-0.39778,5.68665],[-0.39807,5.68611],[-0.39747,5.68645],[-0.39755,5.68779],[-0.39831,5.68757],[-0.39841,5.68808],[-0.39711,5.6882],[-0.39694,5.68871],[-0.39647,5.68756],[-0.39529,5.68864],[-0.39436,5.6879],[-0.39448,5.68714],[-0.39319,5.68735],[-0.39162,5.6863],[-0.39153,5.68518],[-0.38998,5.68499],[-0.39131,5.68405],[-0.39106,5.68262],[-0.38878,5.68406],[-0.38766,5.68388],[-0.38781,5.68506],[-0.38662,5.68454],[-0.38606,5.68565],[-0.38217,5.68507],[-0.38267,5.68356],[-0.38148,5.68397],[-0.38107,5.68485],[-0.38032,5.68365],[-0.37952,5.6841],[-0.37868,5.68319],[-0.37872,5.68427],[-0.37734,5.68342],[-0.37696,5.68431],[-0.376,5.68376],[-0.37472,5.68426],[-0.37434,5.68303],[-0.37351,5.6834],[-0.37384,5.6827],[-0.37311,5.68311],[-0.37286,5.6824],[-0.3712,5.68267],[-0.37061,5.68097],[-0.36923,5.68174],[-0.3696,5.68007],[-0.36889,5.68],[-0.36925,5.6794],[-0.36867,5.67931],[-0.36871,5.67855],[-0.3692,5.67752],[-0.3699,5.67818],[-0.37061,5.67686],[-0.36919,5.67685],[-0.37026,5.67565],[-0.36907,5.67424],[-0.36904,5.67222],[-0.36815,5.67198],[-0.36863,5.67081],[-0.36781,5.67021],[-0.36824,5.66984],[-0.36691,5.66876],[-0.36565,5.66883],[-0.36526,5.66742],[-0.36447,5.66762],[-0.36448,5.66681],[-0.36382,5.66714],[-0.3632,5.6664],[-0.36253,5.66779],[-0.36129,5.66731],[-0.3611,5.6683],[-0.36033,5.66899],[-0.35962,5.66861],[-0.35954,5.66937],[-0.35847,5.66848],[-0.35904,5.66967],[-0.35815,5.67047],[-0.35756,5.6702],[-0.35789,5.6708],[-0.35686,5.67086],[-0.35464,5.66607],[-0.35363,5.66638],[-0.35342,5.66548],[-0.35151,5.66444],[-0.35088,5.66526],[-0.34977,5.66399],[-0.35,5.6633],[-0.34829,5.66316],[-0.34906,5.65819],[-0.35015,5.658],[-0.34977,5.65534],[-0.35047,5.65453],[-0.35035,5.65336],[-0.35137,5.65202],[-0.35221,5.65322],[-0.35243,5.65214],[-0.35404,5.65085],[-0.35262,5.64895],[-0.35438,5.64817],[-0.3547,5.64716],[-0.35337,5.64411],[-0.35374,5.64367],[-0.35448,5.64414],[-0.35523,5.6417],[-0.35629,5.6415],[-0.35636,5.64035],[-0.35843,5.63848],[-0.35894,5.63926],[-0.35978,5.63899],[-0.35964,5.6375],[-0.36102,5.63444],[-0.35999,5.63356],[-0.35995,5.6325],[-0.35831,5.63288],[-0.35782,5.63079],[-0.35692,5.63037],[-0.35765,5.62896],[-0.35621,5.62693],[-0.35751,5.62547],[-0.35702,5.62347],[-0.35603,5.62362],[-0.3545,5.6199],[-0.35464,5.61927],[-0.35756,5.61783],[-0.35807,5.61292],[-0.3574,5.60903],[-0.36206,5.6027],[-0.36468,5.59591],[-0.36176,5.58489],[-0.35047,5.57648],[-0.34434,5.56973]]}},{"type":"Feature","properties":{"name":"Densu"},"geometry":{"type":"LineString","coordinates":[[-0.3024,5.94269],[-0.30318,5.9418],[-0.30263,5.94147],[-0.3041,5.94099],[-0.30323,5.94055],[-0.30384,5.9395],[-0.30477,5.93978],[-0.30476,5.93876],[-0.30587,5.93894],[-0.30538,5.93773],[-0.30681,5.93661],[-0.30655,5.93622],[-0.30767,5.93607],[-0.30746,5.93518],[-0.30968,5.9352],[-0.30959,5.93355],[-0.3106,5.93421],[-0.31123,5.93309],[-0.31033,5.93265],[-0.31054,5.93156],[-0.3118,5.93065],[-0.31239,5.93132],[-0.31295,5.92853],[-0.31256,5.92776],[-0.31322,5.92667],[-0.3121,5.92607],[-0.31187,5.92456],[-0.31244,5.92365],[-0.31185,5.92345],[-0.31352,5.9223],[-0.31511,5.91985],[-0.3159,5.91977],[-0.31588,5.91824],[-0.31668,5.91828],[-0.31668,5.91675],[-0.31836,5.91553],[-0.3184,5.9133],[-0.31897,5.91384],[-0.31908,5.91269],[-0.31982,5.91291],[-0.32063,5.91188],[-0.32232,5.9131],[-0.32333,5.91295],[-0.3228,5.91349],[-0.32411,5.91408],[-0.32459,5.91344],[-0.32383,5.91331],[-0.32414,5.91285],[-0.32534,5.91288],[-0.32589,5.9136],[-0.32571,5.91259],[-0.32677,5.91089],[-0.32815,5.91099],[-0.32838,5.90911],[-0.32967,5.90878],[-0.33039,5.90947],[-0.33042,5.90864],[-0.33146,5.90905],[-0.33183,5.90851],[-0.33408,5.90905],[-0.33421,5.90835],[-0.33358,5.90808],[-0.33516,5.90755],[-0.33532,5.90847],[-0.33582,5.90756],[-0.3361,5.90844],[-0.33699,5.90744]]}},{"type":"Feature","properties":{},"geometry":{"type":"LineString","coordinates":[[-0.4591,5.44437],[-0.4591,5.44432]]}},{"type":"Feature","properties":{},"geometry":{"type":"LineString","coordinates":[[-0.45916,5.44677],[-0.45851,5.44512],[-0.4591,5.44437]]}},{"type":"Feature","properties":{},"geometry":{"type":"LineString","coordinates":[[-0.9389,5.51071],[-0.93496,5.51],[-0.93293,5.50888],[-0.93175,5.5049],[-0.93004,5.50423],[-0.92974,5.50319],[-0.92757,5.50317],[-0.92685,5.50408],[-0.92537,5.50417],[-0.92499,5.50068],[-0.9243,5.50071]]}},{"type":"Feature","properties":{},"geometry":{"type":"LineString","coordinates":[[-0.94655,5.54472],[-0.94752,5.54337],[-0.94677,5.54256],[-0.93887,5.53802],[-0.93745,5.53871],[-0.93816,5.53692],[-0.93753,5.53655],[-0.93823,5.53389],[-0.93702,5.5329],[-0.93588,5.52914],[-0.93624,5.52854],[-0.93492,5.52799],[-0.93542,5.52698],[-0.93477,5.52673],[-0.93455,5.52759],[-0.93414,5.52713],[-0.93461,5.52572],[-0.93389,5.52509],[-0.93397,5.52422],[-0.93467,5.52391],[-0.93432,5.52239],[-0.9367,5.52157],[-0.93752,5.51975],[-0.9363,5.51825],[-0.93643,5.51644],[-0.93705,5.5159],[-0.93778,5.51636],[-0.93778,5.51543],[-0.93845,5.5161],[-0.93972,5.51579],[-0.9389,5.51071]]}},{"type":"Feature","properties":{},"geometry":{"type":"LineString","coordinates":[[-1.03147,5.26989],[-1.02802,5.26526],[-1.02833,5.26125],[-1.02784,5.25975],[-1.02568,5.25821],[-1.02511,5.25699],[-1.02747,5.25567],[-1.02779,5.25323],[-1.02569,5.25171],[-1.02407,5.24762],[-1.02304,5.24716],[-1.02257,5.24391],[-1.02337,5.24351],[-1.0232,5.24134],[-1.01974,5.23995],[-1.02091,5.23874],[-1.02015,5.23805],[-1.0176,5.23761],[-1.01624,5.23655],[-1.01497,5.23454],[-1.01489,5.23171],[-1.01363,5.23141],[-1.01328,5.23063],[-1.0146,5.22964],[-1.01614,5.22221],[-1.01823,5.21993],[-1.02001,5.21899],[-1.02049,5.21787],[-1.01987,5.21656],[-1.01699,5.21518],[-1.01683,5.21441],[-1.01888,5.21236],[-1.01753,5.21195],[-1.01749,5.2114],[-1.01905,5.21141],[-1.01923,5.21089],[-1.01767,5.20957],[-1.01857,5.20814],[-1.01683,5.20607],[-1.01733,5.20389],[-1.01357,5.20245],[-1.01125,5.20324],[-1.00652,5.20212],[-1.00133,5.20289],[-1.00055,5.20282],[-1.00063,5.20186]]}},{"type":"Feature","properties":{},"geometry":{"type":"LineString","coordinates":[[-1.00444,5.28704],[-1.00376,5.28666],[-1.00345,5.28527],[-1.00428,5.28462],[-1.00296,5.28294],[-1.00311,5.2823],[-1.00166,5.28177],[-1.00189,5.2798],[-1.00423,5.27856],[-1.00369,5.27734],[-1.00275,5.27697],[-1.00302,5.27643],[-1.00207,5.27658],[-1.00282,5.27596],[-1.00211,5.27513],[-1.00246,5.27424],[-1.00446,5.27333],[-1.00301,5.27224],[-1.00401,5.2707],[-1.0036,5.26978],[-1.00617,5.26813],[-1.00489,5.26545],[-1.00564,5.26462],[-1.00466,5.2641],[-1.00569,5.26271],[-1.00543,5.26182],[-1.00685,5.26152],[-1.00633,5.26036],[-1.00831,5.25982],[-1.00743,5.25873],[-1.00834,5.25721],[-1.00647,5.2558],[-1.00657,5.25499],[-1.00461,5.25469],[-1.00429,5.25382],[-1.00481,5.25284],[-1.00565,5.25357],[-1.00566,5.25255],[-1.00481,5.25169],[-1.00542,5.25107],[-1.0048,5.25015],[-1.00518,5.24944],[-1.00292,5.24688],[-1.00252,5.24788],[-1.002,5.24544],[-1.00082,5.24605],[-0.99796,5.24365],[-0.99804,5.23925],[-0.99714,5.23844],[-0.99819,5.23851],[-0.99787,5.23774],[-0.99846,5.23757],[-0.99638,5.23623],[-0.99756,5.23559],[-0.99787,5.23462],[-0.99558,5.2311],[-0.99641,5.23111],[-0.99669,5.23005],[-0.99944,5.23022],[-1.00108,5.22796],[-1.00032,5.22789],[-1.00095,5.22676],[-1.00027,5.2261],[-1.00295,5.22398],[-1.00177,5.22356],[-1.00063,5.22102],[-0.99959,5.22115],[-0.99842,5.21881],[-0.99686,5.21759],[-0.99704,5.21679],[-0.99633,5.21588],[-0.99738,5.21446],[-0.99783,5.21068],[-0.99895,5.20912],[-1.00187,5.21027],[-1.0062,5.20924],[-1.00899,5.20673],[-1.01036,5.20634],[-1.01125,5.20324]]}},{"type":"Feature","properties":{},"geometry":{"type":"LineString","coordinates":[[-0.86748,5.39651],[-0.867,5.39371],[-0.86754,5.39338],[-0.86639,5.39364],[-0.86569,5.3927],[-0.86769,5.39011],[-0.86733,5.38886],[-0.86624,5.3882],[-0.86785,5.38703],[-0.8673,5.38634],[-0.86798,5.38566],[-0.86681,5.38568],[-0.86633,5.38506],[-0.8658,5.38552],[-0.86563,5.3845]]}},{"type":"Feature","properties":{},"geometry":{"type":"LineString","coordinates":[[-0.87089,5.42338],[-0.87032,5.42123],[-0.87088,5.42061],[-0.87017,5.4204],[-0.87159,5.41949],[-0.87087,5.4172],[-0.87145,5.41523],[-0.87056,5.41449],[-0.86962,5.4151],[-0.86916,5.41369],[-0.86776,5.41436],[-0.86781,5.41324],[-0.86693,5.41262],[-0.86776,5.41222],[-0.8662,5.41181],[-0.86699,5.4109],[-0.8658,5.41059],[-0.86635,5.40956],[-0.86515,5.40924],[-0.86553,5.40881],[-0.8646,5.40772],[-0.86466,5.40655],[-0.86639,5.40563],[-0.86547,5.4052],[-0.86764,5.40351],[-0.86701,5.4015],[-0.86632,5.40125],[-0.86686,5.39929],[-0.86613,5.39731],[-0.8667,5.39721],[-0.86621,5.39661],[-0.86748,5.39651]]}},{"type":"Feature","properties":{"name":"Akora River"},"geometry":{"type":"LineString","coordinates":[[-0.69627,5.52949],[-0.69596,5.52848],[-0.69486,5.52801],[-0.69267,5.52532],[-0.6916,5.52287],[-0.6935,5.52056],[-0.69369,5.51929],[-0.69086,5.51415],[-0.68908,5.51311],[-0.68952,5.51164]]}},{"type":"Feature","properties":{},"geometry":{"type":"LineString","coordinates":[[-1.03004,5.34306],[-1.02894,5.34022],[-1.03048,5.3397],[-1.03086,5.33806],[-1.02924,5.33632],[-1.0295,5.3357],[-1.03083,5.33606],[-1.0312,5.3354],[-1.03024,5.33359],[-1.03083,5.33326],[-1.03003,5.33114],[-1.0286,5.33023],[-1.03041,5.32922],[-1.02927,5.32891],[-1.03045,5.32682],[-1.02837,5.32554],[-1.02852,5.32491],[-1.02685,5.32426],[-1.02749,5.3237],[-1.02665,5.32261],[-1.02722,5.32232],[-1.02699,5.32164],[-1.02618,5.32162],[-1.02736,5.3208],[-1.02681,5.31983],[-1.02617,5.31993],[-1.02659,5.3193],[-1.02572,5.31909]]}},{"type":"Feature","properties":{},"geometry":{"type":"LineString","coordinates":[[-1.02572,5.31909],[-1.026,5.31837],[-1.02536,5.31791],[-1.02411,5.31954],[-1.02426,5.3185],[-1.02294,5.31741],[-1.02236,5.31815],[-1.02168,5.31682],[-1.02121,5.31704],[-1.02167,5.31558],[-1.02056,5.31391],[-1.01899,5.31386],[-1.01874,5.31272],[-1.01958,5.3112],[-1.01838,5.30938],[-1.01904,5.30838],[-1.01765,5.30763],[-1.01869,5.30672],[-1.01714,5.30457],[-1.01769,5.30352],[-1.01717,5.3038],[-1.01653,5.30277],[-1.01764,5.30002],[-1.01649,5.30015],[-1.01559,5.29892],[-1.01486,5.29962],[-1.01426,5.29846],[-1.01494,5.29746],[-1.01408,5.29682],[-1.01447,5.29644],[-1.01348,5.29518],[-1.01362,5.29435],[-1.01102,5.29435],[-1.00965,5.29307],[-1.00913,5.29371],[-1.00845,5.29295],[-1.00846,5.29165],[-1.0068,5.29064],[-1.00724,5.28947],[-1.0052,5.28903],[-1.00444,5.28704]]}},{"type":"Feature","properties":{},"geometry":{"type":"LineString","coordinates":[[-1.29635,5.14391],[-1.29645,5.1421],[-1.29797,5.14111],[-1.29842,5.14165],[-1.29927,5.13978],[-1.29925,5.13924],[-1.29866,5.13946],[-1.29879,5.13876],[-1.29767,5.13882],[-1.2982,5.13759],[-1.29727,5.13721],[-1.29765,5.13595],[-1.29675,5.13583],[-1.2966,5.13413],[-1.29774,5.13395],[-1.29782,5.13302],[-1.29957,5.13153],[-1.30051,5.13164],[-1.29993,5.13088],[-1.30068,5.13066],[-1.30129,5.12818],[-1.30251,5.1277],[-1.30273,5.12643],[-1.30435,5.12635],[-1.30459,5.12735],[-1.30679,5.12569],[-1.30625,5.12405],[-1.30699,5.1241],[-1.30871,5.12155],[-1.30905,5.12059],[-1.3084,5.11816],[-1.30962,5.11775],[-1.31006,5.11644],[-1.30962,5.11535],[-1.31044,5.11561],[-1.30996,5.11395],[-1.31075,5.11305],[-1.31096,5.11115],[-1.31291,5.11002],[-1.31496,5.11002],[-1.31571,5.10788],[-1.31659,5.10747],[-1.31621,5.10617],[-1.31766,5.10524],[-1.31697,5.10334],[-1.31779,5.10137],[-1.31657,5.10069],[-1.32204,5.09762],[-1.32087,5.09678]]}},{"type":"Feature","properties":{"name":"Pra River"},"geometry":{"type":"LineString","coordinates":[[-1.59281,5.5466],[-1.59492,5.53564],[-1.59356,5.53117],[-1.59394,5.52929],[-1.596,5.52918],[-1.60158,5.53134],[-1.60742,5.53156],[-1.60946,5.53045],[-1.61285,5.52344],[-1.6163,5.52062],[-1.6164,5.51797],[-1.61564,5.51573]]}},{"type":"Feature","properties":{"name":"Pra River"},"geometry":{"type":"LineString","coordinates":[[-1.61564,5.51573],[-1.61669,5.50992],[-1.61987,5.50646],[-1.62029,5.49803],[-1.61539,5.49194],[-1.61752,5.48882],[-1.61774,5.48688],[-1.61525,5.48301],[-1.61267,5.47659],[-1.61296,5.46552],[-1.60976,5.46034],[-1.60705,5.45806],[-1.60303,5.45592],[-1.60185,5.45255],[-1.60258,5.44991],[-1.60862,5.44662],[-1.61586,5.44471],[-1.62322,5.43975],[-1.62772,5.43173],[-1.62736,5.42848],[-1.62911,5.42258]]}},{"type":"Feature","properties":{"name":"Pra River"},"geometry":{"type":"LineString","coordinates":[[-1.62911,5.42258],[-1.63066,5.41726],[-1.63081,5.4139],[-1.63302,5.41186],[-1.63255,5.40719],[-1.6308,5.40524],[-1.6309,5.40329],[-1.63325,5.39962],[-1.63389,5.39663],[-1.63627,5.39382],[-1.63576,5.38632],[-1.6329,5.37756],[-1.62986,5.37545],[-1.6306,5.37297],[-1.62993,5.36905],[-1.62637,5.36506],[-1.62417,5.36461],[-1.62265,5.36324],[-1.62299,5.36095],[-1.62105,5.3503],[-1.62157,5.34637],[-1.61754,5.34278],[-1.61529,5.34252],[-1.61526,5.3377],[-1.61408,5.3347],[-1.60612,5.33028],[-1.60494,5.32897],[-1.60393,5.32552],[-1.60544,5.32462],[-1.60783,5.32146],[-1.60787,5.31595],[-1.60685,5.31437],[-1.60041,5.31393],[-1.59869,5.31346],[-1.59774,5.31221],[-1.59734,5.30747],[-1.59951,5.30159],[-1.59954,5.29587],[-1.59425,5.28522],[-1.58645,5.28005],[-1.59297,5.27024],[-1.5929,5.26811],[-1.59081,5.26439],[-1.59194,5.26331],[-1.59607,5.26313],[-1.59629,5.2591],[-1.60013,5.25551],[-1.60205,5.24841],[-1.59651,5.24357],[-1.59922,5.23434],[-1.59753,5.22984],[-1.59484,5.22855],[-1.58226,5.23231],[-1.57737,5.23084],[-1.57391,5.22888],[-1.5706,5.23019],[-1.56923,5.22969],[-1.56746,5.22292],[-1.56041,5.22026],[-1.55948,5.21779]]}},{"type":"Feature","properties":{"name":"Pra River"},"geometry":{"type":"LineString","coordinates":[[-1.57784,5.80246],[-1.57959,5.79824],[-1.57931,5.79408],[-1.5773,5.79122],[-1.57705,5.78838],[-1.57719,5.78644],[-1.57875,5.78406],[-1.57882,5.77991],[-1.57611,5.77523],[-1.5715,5.77166],[-1.57348,5.76528],[-1.57472,5.76317],[-1.57312,5.75823]]}},{"type":"Feature","properties":{},"geometry":{"type":"LineString","coordinates":[[-1.53963,5.85281],[-1.54176,5.85128],[-1.54192,5.84929],[-1.54615,5.84288],[-1.54587,5.84123]]}},{"type":"Feature","properties":{},"geometry":{"type":"LineString","coordinates":[[-1.55443,5.82462],[-1.55255,5.82275],[-1.55313,5.81973],[-1.55566,5.81977],[-1.55623,5.82034],[-1.5571,5.81958],[-1.55823,5.82005]]}},{"type":"Feature","properties":{},"geometry":{"type":"LineString","coordinates":[[-1.56466,5.80996],[-1.564,5.80907],[-1.56469,5.80607],[-1.56631,5.80488],[-1.56705,5.80517]]}},{"type":"Feature","properties":{"name":"Pra River"},"geometry":{"type":"LineString","coordinates":[[-1.5224,5.8753],[-1.5269,5.87148],[-1.52819,5.87231],[-1.5302,5.8721],[-1.53446,5.87339],[-1.5358,5.87598],[-1.5371,5.8758],[-1.54034,5.86994],[-1.5377,5.86792],[-1.53612,5.86809],[-1.53703,5.86486],[-1.53863,5.86271],[-1.5383,5.85943],[-1.53978,5.85691],[-1.53963,5.85281],[-1.53873,5.8521],[-1.54003,5.85026],[-1.54058,5.84799],[-1.54313,5.84533],[-1.54281,5.8421],[-1.54587,5.84123],[-1.54872,5.83627],[-1.54696,5.83253],[-1.54753,5.82887],[-1.55215,5.82712],[-1.55443,5.82462],[-1.5553,5.82192],[-1.55939,5.81959],[-1.56245,5.8168],[-1.56558,5.81159],[-1.56583,5.80764],[-1.56705,5.80517],[-1.57445,5.80449],[-1.57784,5.80246]]}},{"type":"Feature","properties":{"name":"Ofin River"},"geometry":{"type":"LineString","coordinates":[[-1.54454,5.93859],[-1.54289,5.93833],[-1.54108,5.93933],[-1.53779,5.93945],[-1.53496,5.93786],[-1.53103,5.93889],[-1.52958,5.93807],[-1.52816,5.93691],[-1.52662,5.93396],[-1.52698,5.93336],[-1.52921,5.93288],[-1.53108,5.93061],[-1.53043,5.92836],[-1.53098,5.92322],[-1.52705,5.92137],[-1.52534,5.9215],[-1.52521,5.92502],[-1.52424,5.92795],[-1.52344,5.92867],[-1.5211,5.92855],[-1.51946,5.92664],[-1.52011,5.92334],[-1.51663,5.914],[-1.51493,5.91354],[-1.5139,5.91221],[-1.51141,5.9122],[-1.50903,5.91005],[-1.50442,5.90862],[-1.50089,5.90556],[-1.50038,5.90429],[-1.50006,5.90304],[-1.50326,5.90036],[-1.50542,5.89588],[-1.50467,5.89511],[-1.50241,5.89581],[-1.50095,5.89518],[-1.49828,5.89125],[-1.49874,5.89024],[-1.50363,5.88861],[-1.50559,5.88733],[-1.5071,5.8876],[-1.50731,5.88983],[-1.5082,5.89098],[-1.51107,5.89164],[-1.51612,5.89086],[-1.51685,5.89008],[-1.51712,5.88681],[-1.51925,5.88136],[-1.5197,5.87799],[-1.52024,5.87682],[-1.5224,5.8753]]}},{"type":"Feature","properties":{"name":"Ofin"},"geometry":{"type":"LineString","coordinates":[[-1.81014,6.00615],[-1.80735,6.0022],[-1.80623,6.00234],[-1.80505,5.9979],[-1.80341,5.99659],[-1.80313,5.993],[-1.80231,5.9932],[-1.80227,5.99495],[-1.79961,5.99877],[-1.79718,6.00009],[-1.79675,5.99916],[-1.79802,5.99749],[-1.79778,5.99583],[-1.79564,5.99416],[-1.79432,5.99159],[-1.79203,5.99029]]}},{"type":"Feature","properties":{"name":"Goa"},"geometry":{"type":"LineString","coordinates":[[-2.49205,6.76902],[-2.49085,6.76856]]}},{"type":"Feature","properties":{},"geometry":{"type":"LineString","coordinates":[[-2.49085,6.76856],[-2.48995,6.76733],[-2.48909,6.76788],[-2.48932,6.76668],[-2.48827,6.7667],[-2.48736,6.76779],[-2.48593,6.76825],[-2.48442,6.76777],[-2.48398,6.76668],[-2.48298,6.76793],[-2.48058,6.76786],[-2.48044,6.76716],[-2.47985,6.76772],[-2.47935,6.76689],[-2.47825,6.76725],[-2.47592,6.76595],[-2.47511,6.76475],[-2.47354,6.76496],[-2.47331,6.7659],[-2.47218,6.76501],[-2.47174,6.76539],[-2.47181,6.76455],[-2.46814,6.76457],[-2.46779,6.76303],[-2.46629,6.76336],[-2.46576,6.76276],[-2.46604,6.76171],[-2.46434,6.76142],[-2.46366,6.76225],[-2.46252,6.76235],[-2.4612,6.76174],[-2.46125,6.76101],[-2.46169,6.76111],[-2.46094,6.76036],[-2.46076,6.76086],[-2.46001,6.76027],[-2.45905,6.76122],[-2.45863,6.76036],[-2.45824,6.76131],[-2.45734,6.76038],[-2.45725,6.76106],[-2.45653,6.76022],[-2.45495,6.76035],[-2.45507,6.75979],[-2.45332,6.75994],[-2.45223,6.76197],[-2.45123,6.7619],[-2.45148,6.76291],[-2.44764,6.76285],[-2.44599,6.76118],[-2.44635,6.76056],[-2.44432,6.76014],[-2.44419,6.75952],[-2.44179,6.75991],[-2.44126,6.75884],[-2.44167,6.75834],[-2.4397,6.75755],[-2.43993,6.75688],[-2.4388,6.7567],[-2.43733,6.75469],[-2.4363,6.75472],[-2.43752,6.75265],[-2.43846,6.75357],[-2.43874,6.75239],[-2.43719,6.75139],[-2.43775,6.74981],[-2.43679,6.74893]]}},{"type":"Feature","properties":{"name":"Tano River"},"geometry":{"type":"LineString","coordinates":[[-2.32126,7.02482],[-2.32188,7.02198],[-2.31793,7.02007],[-2.31759,7.01817],[-2.31832,7.01659],[-2.31883,7.01731],[-2.3198,7.01714],[-2.32044,7.01574],[-2.32182,7.0152],[-2.32301,7.0123],[-2.32444,7.01211],[-2.32629,7.01082],[-2.32577,7.00951],[-2.32737,7.00894],[-2.32775,7.0035],[-2.3263,7.00195],[-2.32644,7.00087],[-2.32799,6.99584],[-2.32975,6.99427],[-2.32919,6.99341],[-2.32933,6.98057],[-2.32778,6.97625],[-2.32851,6.9692]]}},{"type":"Feature","properties":{"name":"Tano River"},"geometry":{"type":"LineString","coordinates":[[-2.32851,6.9692],[-2.32792,6.96823],[-2.32146,6.96605],[-2.32222,6.96407],[-2.32175,6.96315],[-2.32294,6.96287],[-2.32238,6.96211],[-2.32387,6.9611],[-2.3243,6.95875],[-2.32518,6.95927],[-2.32581,6.95837],[-2.32552,6.95694],[-2.32392,6.9564],[-2.32341,6.95498],[-2.32179,6.95605],[-2.32198,6.95465],[-2.32378,6.95441],[-2.32449,6.95326],[-2.32534,6.9535],[-2.32602,6.95142],[-2.32523,6.94975],[-2.32318,6.94954],[-2.32279,6.94769],[-2.3246,6.94709],[-2.32696,6.94851],[-2.32786,6.94551],[-2.32677,6.94445],[-2.32731,6.9438],[-2.32704,6.94255],[-2.32805,6.94232],[-2.32942,6.94029],[-2.32786,6.93771],[-2.32712,6.93778],[-2.32633,6.93451],[-2.32475,6.93454],[-2.32484,6.93279]]}},{"type":"Feature","properties":{"name":"Tano River"},"geometry":{"type":"LineString","coordinates":[[-2.43081,6.35485],[-2.43014,6.35379],[-2.42843,6.35292],[-2.42859,6.35045]]}},{"type":"Feature","properties":{"name":"Bia"},"geometry":{"type":"LineString","coordinates":[[-2.76178,7.06054],[-2.76104,7.05532],[-2.76255,7.04795],[-2.76246,7.04246],[-2.76388,7.03952],[-2.76177,7.03522],[-2.76791,7.0299],[-2.77079,7.02487],[-2.77026,7.02194]]}},{"type":"Feature","properties":{"name":"Bia"},"geometry":{"type":"LineString","coordinates":[[-2.87995,6.62936],[-2.87919,6.62795],[-2.8781,6.62766],[-2.87871,6.62446],[-2.87795,6.62352],[-2.87948,6.62337],[-2.87996,6.62272],[-2.8793,6.62247],[-2.87931,6.62153],[-2.88163,6.62011],[-2.88107,6.61873],[-2.87994,6.61925],[-2.88089,6.61831],[-2.8805,6.6177],[-2.87942,6.61817],[-2.87972,6.61679],[-2.87817,6.61661],[-2.8761,6.61524],[-2.87465,6.61203],[-2.87325,6.61169],[-2.87396,6.61112],[-2.8739,6.60995],[-2.87442,6.60993],[-2.8739,6.60871],[-2.87514,6.60795],[-2.8747,6.60694],[-2.87538,6.60547],[-2.87767,6.60474],[-2.8777,6.60583],[-2.87829,6.60579],[-2.87875,6.6052],[-2.87985,6.6018],[-2.87925,6.60073],[-2.87971,6.59842],[-2.88338,6.59537],[-2.88449,6.5957],[-2.88801,6.59265],[-2.88971,6.59399],[-2.89063,6.59061],[-2.88999,6.58663],[-2.89573,6.58215],[-2.89365,6.57677],[-2.89452,6.57273],[-2.89766,6.57021],[-2.8978,6.56768],[-2.89642,6.56628],[-2.8963,6.56533],[-2.89539,6.56526],[-2.89545,6.56383],[-2.89445,6.56375],[-2.89631,6.56114],[-2.89509,6.5595],[-2.89902,6.55898],[-2.90043,6.55705],[-2.90006,6.5561],[-2.90114,6.55662],[-2.90032,6.55539],[-2.90213,6.55522],[-2.90301,6.55659],[-2.90515,6.55665],[-2.90664,6.55571],[-2.90714,6.55473],[-2.90596,6.55262],[-2.90704,6.5517],[-2.90994,6.55145],[-2.91247,6.54989],[-2.91322,6.55113],[-2.91557,6.55197],[-2.91803,6.54904],[-2.91771,6.54633],[-2.91905,6.54614],[-2.92019,6.54392],[-2.92207,6.54268],[-2.92292,6.54062],[-2.91978,6.53659],[-2.92096,6.53467],[-2.92322,6.53388],[-2.92387,6.53418],[-2.92363,6.53197],[-2.92239,6.53024],[-2.92174,6.52788],[-2.92062,6.5279],[-2.91904,6.52564],[-2.91965,6.52534],[-2.91999,6.5237],[-2.92195,6.52278],[-2.92404,6.52318],[-2.92455,6.52253]]}},{"type":"Feature","properties":{"name":"Tano River"},"geometry":{"type":"LineString","coordinates":[[-2.2961,7.11235],[-2.29573,7.11105],[-2.29639,7.11085],[-2.29653,7.10973],[-2.29541,7.10874],[-2.2945,7.10905],[-2.29553,7.10832],[-2.29529,7.1069],[-2.29648,7.10626],[-2.29577,7.10578],[-2.29844,7.10176],[-2.29786,7.10085],[-2.29876,7.10055],[-2.29872,7.09994],[-2.29803,7.09857]]}},{"type":"Feature","properties":{},"geometry":{"type":"LineString","coordinates":[[-2.18392,7.03625],[-2.18495,7.03581],[-2.18532,7.03623],[-2.18659,7.03497],[-2.18723,7.03525],[-2.18735,7.03429],[-2.18852,7.03368],[-2.18915,7.03223],[-2.19132,7.03129],[-2.19203,7.02914],[-2.19278,7.02928],[-2.19342,7.02823],[-2.19502,7.02881],[-2.19594,7.02781],[-2.19799,7.02816],[-2.19884,7.02711],[-2.20041,7.02713],[-2.20044,7.02661],[-2.20197,7.0275],[-2.20201,7.02638],[-2.20264,7.02678],[-2.20306,7.02605],[-2.20556,7.02601],[-2.20696,7.02393],[-2.20793,7.02445],[-2.20786,7.02383],[-2.21021,7.02288],[-2.21177,7.02176],[-2.21182,7.02087],[-2.21311,7.02075],[-2.21429,7.01968],[-2.21477,7.01696],[-2.21438,7.01444],[-2.21471,7.01348],[-2.21551,7.01348],[-2.21522,7.01289],[-2.2161,7.01182],[-2.21729,7.01187],[-2.21734,7.01083],[-2.21857,7.01066],[-2.21949,7.00935],[-2.22192,7.0095],[-2.22311,7.0076],[-2.22425,7.00827],[-2.22674,7.0076]]}},{"type":"Feature","properties":{},"geometry":{"type":"LineString","coordinates":[[-2.22674,7.0076],[-2.2294,7.00726],[-2.23078,7.00587],[-2.23009,7.00597],[-2.23046,7.00518],[-2.2313,7.00475],[-2.2316,7.00526],[-2.23299,7.00339],[-2.23358,7.00377],[-2.23335,7.00289],[-2.23504,7.00318],[-2.23528,7.00139],[-2.23727,7.0009],[-2.23805,7.00027],[-2.23791,6.99921],[-2.2393,6.99901],[-2.2399,6.99759],[-2.24139,6.99717],[-2.24192,6.99459],[-2.2429,6.995],[-2.24378,6.99337],[-2.24511,6.99341],[-2.24568,6.99266],[-2.24511,6.99209],[-2.24715,6.99096],[-2.2478,6.98821],[-2.24652,6.98735],[-2.24705,6.98316],[-2.2494,6.98149],[-2.25205,6.97731],[-2.25272,6.97739],[-2.25345,6.9764],[-2.25415,6.97663],[-2.25417,6.97564],[-2.25493,6.97515],[-2.25721,6.9746],[-2.25742,6.97367],[-2.25895,6.97357],[-2.25927,6.97263],[-2.26007,6.97254],[-2.25985,6.97157],[-2.26106,6.97142],[-2.26259,6.97019],[-2.26287,6.96884],[-2.2622,6.96783],[-2.26405,6.96692],[-2.26378,6.96633],[-2.26473,6.96515],[-2.2674,6.96482],[-2.26879,6.96332],[-2.26914,6.9637],[-2.27104,6.96257],[-2.27123,6.96078],[-2.27372,6.96054],[-2.27591,6.95702],[-2.27676,6.95746],[-2.27929,6.95369],[-2.2817,6.95277],[-2.28202,6.95198],[-2.28403,6.952],[-2.28428,6.95033],[-2.28581,6.9489],[-2.28668,6.94911],[-2.28903,6.94565],[-2.29088,6.94515],[-2.29489,6.94162],[-2.29581,6.94191],[-2.29679,6.94088],[-2.29858,6.94147],[-2.30188,6.94129],[-2.30308,6.94028],[-2.30502,6.94158],[-2.30762,6.9412],[-2.31104,6.94184],[-2.31317,6.93946],[-2.31482,6.93935],[-2.3167,6.93666],[-2.31774,6.93613],[-2.31839,6.93659],[-2.31886,6.93586],[-2.3185,6.93495],[-2.3205,6.93456],[-2.32107,6.93283],[-2.32203,6.9326],[-2.32251,6.93316],[-2.32325,6.93256],[-2.32296,6.93449],[-2.32484,6.93279]]}},{"type":"Feature","properties":{"name":"Tano River"},"geometry":{"type":"LineString","coordinates":[[-2.29803,7.09857],[-2.29613,7.09489],[-2.29458,7.09464],[-2.29198,7.09287],[-2.2907,7.09107],[-2.28794,7.09033],[-2.28707,7.08875],[-2.28734,7.08751],[-2.28883,7.08746],[-2.28893,7.08613],[-2.29274,7.08048],[-2.29395,7.08003],[-2.29669,7.08127],[-2.29739,7.08055],[-2.29791,7.07685],[-2.2992,7.07619],[-2.30011,7.07411],[-2.29965,7.07133],[-2.29773,7.06742],[-2.29952,7.05355],[-2.30326,7.04978],[-2.30649,7.04975],[-2.30879,7.05102],[-2.31124,7.05136],[-2.31546,7.04865],[-2.31474,7.04575],[-2.31521,7.04433],[-2.31418,7.04395],[-2.31463,7.043],[-2.31364,7.04267],[-2.31402,7.04209],[-2.31309,7.04093],[-2.31644,7.0401],[-2.31838,7.03679],[-2.31774,7.03383],[-2.31546,7.03093],[-2.31688,7.02941],[-2.31928,7.02876],[-2.32046,7.02744],[-2.32126,7.02482]]}},{"type":"Feature","properties":{"name":"Tano River"},"geometry":{"type":"LineString","coordinates":[[-2.41806,6.82401],[-2.41975,6.82376],[-2.41898,6.82206],[-2.41805,6.82269],[-2.41894,6.82108],[-2.41968,6.82178],[-2.41968,6.81987],[-2.42107,6.82021],[-2.42298,6.81927],[-2.42367,6.8196],[-2.42445,6.8187],[-2.42608,6.81837],[-2.42631,6.81716],[-2.42685,6.81839],[-2.42829,6.81714],[-2.42781,6.81538],[-2.42951,6.81648],[-2.42967,6.81505],[-2.43079,6.81484],[-2.42998,6.81411],[-2.43078,6.81338],[-2.43055,6.81135],[-2.42857,6.81197],[-2.42812,6.81073],[-2.42705,6.81107],[-2.42663,6.8094],[-2.42576,6.80909],[-2.42634,6.80877],[-2.42779,6.80947],[-2.42793,6.80744],[-2.42957,6.80707],[-2.4272,6.80435],[-2.42753,6.8027],[-2.42832,6.80198],[-2.42824,6.80113],[-2.42901,6.80243],[-2.4296,6.80202],[-2.42946,6.80093],[-2.42858,6.80101],[-2.42834,6.80047],[-2.42985,6.80015],[-2.42983,6.79915],[-2.43058,6.79901],[-2.42984,6.79823],[-2.43092,6.79765],[-2.4321,6.79518],[-2.43076,6.79543],[-2.43073,6.79412],[-2.42946,6.79451],[-2.42931,6.79352],[-2.4285,6.79471],[-2.42805,6.79446],[-2.42888,6.79241],[-2.42719,6.79137],[-2.42682,6.78981],[-2.42574,6.79081],[-2.42498,6.79033],[-2.42584,6.7896],[-2.4251,6.78897],[-2.42602,6.78855],[-2.42501,6.78808],[-2.42552,6.78735],[-2.42637,6.78803],[-2.42821,6.78689],[-2.42877,6.78471],[-2.42701,6.78201],[-2.42858,6.77822],[-2.42985,6.77816],[-2.4296,6.77728],[-2.43142,6.77601],[-2.43277,6.77589],[-2.43315,6.7775],[-2.4338,6.7776],[-2.43575,6.77608],[-2.43602,6.77673],[-2.43695,6.77591],[-2.43744,6.77638],[-2.4383,6.77437],[-2.43873,6.76842],[-2.4377,6.7682],[-2.43688,6.76947],[-2.43394,6.76942],[-2.43304,6.76712],[-2.4322,6.76859],[-2.43107,6.76822],[-2.43051,6.76715],[-2.43066,6.76379],[-2.43259,6.76354],[-2.4333,6.7624],[-2.43313,6.75894],[-2.43177,6.75869],[-2.43251,6.75674],[-2.43367,6.75658],[-2.43386,6.7554],[-2.43254,6.7552],[-2.43261,6.75478],[-2.43439,6.75362],[-2.43386,6.75243],[-2.43567,6.75114],[-2.43593,6.74866],[-2.43679,6.74893]]}},{"type":"Feature","properties":{"name":"Desiri River"},"geometry":{"type":"LineString","coordinates":[[-2.25959,6.7043],[-2.25913,6.70474],[-2.26014,6.7049],[-2.25988,6.70541],[-2.26104,6.70649],[-2.26168,6.70564],[-2.26261,6.706],[-2.26346,6.70546],[-2.26213,6.70802],[-2.26439,6.7087],[-2.26378,6.71006],[-2.26463,6.71048],[-2.26454,6.7099],[-2.26574,6.71001],[-2.26571,6.70922],[-2.26763,6.70931],[-2.26803,6.70832],[-2.27014,6.70739],[-2.27228,6.70775],[-2.27203,6.70714],[-2.2728,6.70685],[-2.27215,6.70537],[-2.2726,6.70471],[-2.27423,6.70445],[-2.27442,6.70705],[-2.2764,6.70482],[-2.2776,6.70493],[-2.2779,6.70419],[-2.27833,6.70458],[-2.27787,6.70596],[-2.28092,6.70597],[-2.28292,6.70434],[-2.28261,6.70353],[-2.28342,6.70151],[-2.28503,6.70058],[-2.2842,6.69945],[-2.28454,6.69892],[-2.28677,6.6987],[-2.28724,6.70017],[-2.28665,6.70148],[-2.28772,6.70103],[-2.28828,6.70146],[-2.28838,6.70291],[-2.29039,6.70237],[-2.29131,6.70277],[-2.29054,6.70442],[-2.29092,6.70495]]}},{"type":"Feature","properties":{},"geometry":{"type":"LineString","coordinates":[[-2.25625,6.79164],[-2.25662,6.78978],[-2.26051,6.78468]]}},{"type":"Feature","properties":{"name":"Tano River"},"geometry":{"type":"LineString","coordinates":[[-2.41626,6.66208],[-2.41538,6.66154],[-2.41639,6.66054],[-2.41498,6.66034],[-2.41543,6.65906]]}},{"type":"Feature","properties":{"name":"Tano River"},"geometry":{"type":"LineString","coordinates":[[-2.44796,6.43089],[-2.44864,6.43275],[-2.45024,6.43119],[-2.45159,6.43157],[-2.45044,6.43055],[-2.44847,6.43078],[-2.44829,6.42963],[-2.44685,6.42891],[-2.44415,6.43142],[-2.44355,6.43093],[-2.44409,6.42895],[-2.43908,6.42819],[-2.43937,6.42581],[-2.4388,6.42414],[-2.43916,6.42109],[-2.44067,6.41885],[-2.44024,6.41703],[-2.43907,6.41656],[-2.4384,6.41732],[-2.43809,6.41831],[-2.43872,6.42054],[-2.43787,6.42143],[-2.43499,6.42092],[-2.43482,6.41726],[-2.43391,6.41713],[-2.43218,6.4183],[-2.4304,6.41705],[-2.42872,6.41752],[-2.42819,6.41504],[-2.42714,6.41427],[-2.42679,6.4116],[-2.42542,6.4117],[-2.42434,6.41005],[-2.4242,6.41131],[-2.42369,6.41118],[-2.42401,6.40952],[-2.42577,6.40758],[-2.42192,6.40835],[-2.42155,6.40772],[-2.42238,6.40595],[-2.42024,6.40482],[-2.42098,6.404],[-2.42174,6.40442],[-2.4235,6.40399],[-2.42471,6.40491],[-2.42563,6.40446],[-2.42486,6.4028],[-2.42618,6.40116],[-2.42453,6.40074],[-2.42516,6.39955],[-2.42483,6.39887],[-2.42378,6.39878],[-2.42275,6.39509],[-2.42357,6.39436],[-2.42372,6.39194],[-2.42471,6.39065],[-2.42308,6.38954],[-2.4255,6.38786],[-2.42411,6.38626],[-2.42488,6.38361],[-2.42606,6.38284],[-2.4256,6.38189],[-2.4241,6.38226],[-2.42394,6.38006],[-2.42502,6.37871],[-2.42435,6.3774],[-2.42596,6.37667],[-2.42544,6.37505],[-2.42852,6.37352],[-2.42758,6.37191],[-2.42906,6.37147],[-2.42913,6.37065],[-2.42816,6.36892],[-2.42833,6.36737],[-2.42712,6.36611],[-2.42618,6.36367],[-2.42888,6.36172],[-2.42845,6.35775],[-2.43081,6.35485]]}},{"type":"Feature","properties":{"name":"Tain"},"geometry":{"type":"LineString","coordinates":[[-2.11684,8.13581],[-2.11744,8.13718],[-2.11977,8.13909],[-2.11937,8.14375],[-2.12174,8.15105]]}},{"type":"Feature","properties":{"name":"Chen"},"geometry":{"type":"LineString","coordinates":[[-2.34088,7.97644],[-2.34048,7.976],[-2.33873,7.97678],[-2.33843,7.97793],[-2.33897,7.97892],[-2.33759,7.97908],[-2.33651,7.98013],[-2.33534,7.97948],[-2.33414,7.98043],[-2.33423,7.98276],[-2.33317,7.98355],[-2.33355,7.98427],[-2.33055,7.98481],[-2.3291,7.98581],[-2.32878,7.98693],[-2.32428,7.98799],[-2.32209,7.98945],[-2.32046,7.9896],[-2.31493,7.98758],[-2.31112,7.98377],[-2.31019,7.98415],[-2.3105,7.98527],[-2.30992,7.98585],[-2.30659,7.98501],[-2.30566,7.98411],[-2.30504,7.98497],[-2.30199,7.98442],[-2.30174,7.98545],[-2.30052,7.9858],[-2.3001,7.98702],[-2.29964,7.98633],[-2.29526,7.98478],[-2.29072,7.98099],[-2.28809,7.97991],[-2.28702,7.98036],[-2.28622,7.97914],[-2.28472,7.97984],[-2.28371,7.9783],[-2.28179,7.97853],[-2.27928,7.97699],[-2.27657,7.97698],[-2.27202,7.97504],[-2.271,7.97545],[-2.2709,7.97457],[-2.26951,7.97378],[-2.26926,7.97201],[-2.26735,7.96987],[-2.26403,7.96897],[-2.2638,7.96794],[-2.25614,7.96574],[-2.25539,7.966],[-2.2511,7.96379],[-2.2485,7.9636],[-2.2464,7.96266],[-2.2422,7.96441],[-2.24088,7.96427],[-2.23664,7.96184],[-2.23472,7.96159],[-2.23384,7.9604],[-2.2293,7.95784],[-2.22695,7.95834],[-2.22582,7.95698],[-2.22447,7.95694],[-2.22337,7.95734],[-2.22263,7.95862],[-2.22096,7.95873],[-2.21572,7.95716],[-2.21274,7.955],[-2.21156,7.95542],[-2.20948,7.95317],[-2.20848,7.95294],[-2.20678,7.95367],[-2.20704,7.95454],[-2.20621,7.955],[-2.20606,7.95619],[-2.20436,7.95587],[-2.20302,7.95787],[-2.20167,7.95813],[-2.20039,7.95651],[-2.19899,7.95639],[-2.19801,7.95741],[-2.19689,7.95694],[-2.19392,7.95984],[-2.19145,7.9603],[-2.1912,7.96227],[-2.19293,7.96192],[-2.19141,7.96456],[-2.19018,7.96516],[-2.18526,7.9648],[-2.18032,7.96265],[-2.17933,7.96462],[-2.17537,7.96403],[-2.17578,7.96572],[-2.17403,7.96541],[-2.17423,7.96703],[-2.17306,7.96858],[-2.17406,7.96878],[-2.17373,7.97142],[-2.17101,7.97611],[-2.1699,7.97442],[-2.16527,7.97396],[-2.16571,7.97625],[-2.16239,7.97985],[-2.16264,7.98083],[-2.16098,7.98647],[-2.16166,7.98783],[-2.16142,7.98908],[-2.1586,7.99198],[-2.15833,7.99333],[-2.15673,7.99453],[-2.15562,7.99351],[-2.15425,7.99476],[-2.1536,7.99429],[-2.15365,7.99553],[-2.14995,7.99468]]}},{"type":"Feature","properties":{"name":"Bia"},"geometry":{"type":"LineString","coordinates":[[-2.77026,7.02194],[-2.77318,7.02022],[-2.77743,7.0206]]}},{"type":"Feature","properties":{},"geometry":{"type":"LineString","coordinates":[[-1.61102,7.56678],[-1.60817,7.5681],[-1.60643,7.56584],[-1.60398,7.56723],[-1.60231,7.56595],[-1.59885,7.56646],[-1.59714,7.56542],[-1.59589,7.56697],[-1.59244,7.56654],[-1.59134,7.56506],[-1.58894,7.56557],[-1.58634,7.56395],[-1.583,7.56474],[-1.58139,7.56691],[-1.57883,7.56714],[-1.57551,7.56608],[-1.57474,7.56352],[-1.57501,7.56193],[-1.57001,7.55842],[-1.56783,7.55884],[-1.56566,7.56046],[-1.55974,7.56293],[-1.55742,7.56318],[-1.55557,7.56193],[-1.55422,7.55859],[-1.55111,7.55725],[-1.55102,7.55504],[-1.54933,7.55461],[-1.54444,7.55604],[-1.54403,7.55955],[-1.53918,7.56403],[-1.53691,7.56429],[-1.53343,7.56327],[-1.53214,7.56608],[-1.53019,7.56703],[-1.52392,7.56335],[-1.52294,7.56159],[-1.51772,7.56074],[-1.51399,7.55827],[-1.51208,7.55953],[-1.50985,7.55984],[-1.50515,7.55829],[-1.50133,7.55929],[-1.49794,7.55895],[-1.49551,7.56104],[-1.49256,7.56128],[-1.49138,7.56343],[-1.48885,7.56351],[-1.48833,7.56496],[-1.48727,7.56569]]}},{"type":"Feature","properties":{},"geometry":{"type":"LineString","coordinates":[[-1.47142,7.6167],[-1.47029,7.61694],[-1.47044,7.61646],[-1.46969,7.61621],[-1.46964,7.61758],[-1.46874,7.61763],[-1.46911,7.61794],[-1.46856,7.61896],[-1.46982,7.61883],[-1.46973,7.61984],[-1.46871,7.62066],[-1.46555,7.62095],[-1.46388,7.62318],[-1.46348,7.62223],[-1.46309,7.62326],[-1.46282,7.62229],[-1.462,7.62214],[-1.46203,7.62327],[-1.46139,7.62214],[-1.46103,7.62288],[-1.45999,7.62305],[-1.45798,7.62204],[-1.45817,7.6232],[-1.45556,7.62441],[-1.45464,7.62236]]}},{"type":"Feature","properties":{},"geometry":{"type":"LineString","coordinates":[[-1.48727,7.56569],[-1.48673,7.56678],[-1.4857,7.56719],[-1.48518,7.56648],[-1.48478,7.56781],[-1.48457,7.56707],[-1.48374,7.56742],[-1.48398,7.56807],[-1.48323,7.56795],[-1.48275,7.56678],[-1.48185,7.56737],[-1.48105,7.56693],[-1.48088,7.56822],[-1.47923,7.56964],[-1.48034,7.56975],[-1.47872,7.57244],[-1.47927,7.57298],[-1.47869,7.57475],[-1.47743,7.57546],[-1.47772,7.57626],[-1.477,7.57635],[-1.47763,7.57704],[-1.47659,7.57723],[-1.477,7.57826],[-1.47477,7.57853],[-1.47488,7.57946],[-1.47376,7.57875],[-1.4725,7.57893],[-1.47202,7.58073],[-1.47151,7.58084],[-1.47233,7.58335],[-1.47166,7.58394]]}},{"type":"Feature","properties":{},"geometry":{"type":"LineString","coordinates":[[-1.39833,7.52077],[-1.40554,7.53183],[-1.41533,7.55004],[-1.41481,7.56382],[-1.40949,7.57369],[-1.40597,7.58792]]}},{"type":"Feature","properties":{},"geometry":{"type":"LineString","coordinates":[[-1.45618,7.56467],[-1.43764,7.57216],[-1.43442,7.57271]]}},{"type":"Feature","properties":{"name":"Afram"},"geometry":{"type":"LineString","coordinates":[[-1.65649,7.25112],[-1.65717,7.25213],[-1.65716,7.25486],[-1.65491,7.25574],[-1.65288,7.25847],[-1.65158,7.25892],[-1.64999,7.2585],[-1.649,7.26228],[-1.64705,7.26425],[-1.6457,7.26448],[-1.64379,7.26289],[-1.64279,7.26292],[-1.64327,7.26498],[-1.64249,7.27006],[-1.64299,7.27113],[-1.64043,7.27446],[-1.64092,7.27618],[-1.64023,7.28047],[-1.63909,7.28203],[-1.63856,7.2865],[-1.63814,7.28798],[-1.63666,7.2888],[-1.63563,7.29163],[-1.63645,7.29681],[-1.63586,7.3011],[-1.64053,7.30962],[-1.63961,7.31311],[-1.64068,7.314],[-1.63796,7.31555],[-1.63782,7.31784],[-1.63924,7.3228],[-1.64195,7.32442]]}},{"type":"Feature","properties":{"name":"Afram"},"geometry":{"type":"LineString","coordinates":[[-1.64195,7.32442],[-1.6418,7.32606],[-1.64338,7.3291],[-1.64289,7.33114],[-1.64163,7.33264],[-1.64302,7.33451],[-1.64287,7.33607],[-1.6404,7.33791],[-1.63897,7.33655],[-1.63646,7.3368],[-1.63568,7.33823],[-1.63358,7.33814],[-1.63299,7.33905],[-1.6309,7.33932],[-1.63024,7.33868],[-1.62763,7.3385],[-1.62395,7.34095],[-1.62358,7.34634],[-1.62252,7.34733],[-1.62121,7.34743],[-1.62118,7.34837],[-1.61981,7.34955],[-1.61908,7.34934],[-1.61907,7.35115],[-1.61623,7.35414],[-1.61225,7.35566],[-1.60701,7.35972],[-1.60545,7.36265],[-1.60532,7.36428],[-1.59952,7.36962],[-1.5988,7.37125],[-1.59902,7.37252],[-1.59825,7.37285],[-1.59703,7.37649],[-1.59418,7.3808],[-1.59128,7.38218],[-1.58963,7.3843],[-1.58611,7.39234],[-1.5847,7.39412],[-1.58405,7.39739],[-1.58201,7.3984],[-1.58115,7.39999],[-1.57887,7.4016],[-1.57444,7.40331],[-1.57272,7.40339],[-1.57079,7.40519],[-1.56771,7.40454],[-1.56491,7.4053],[-1.55448,7.40156],[-1.55326,7.40195],[-1.55196,7.4015],[-1.55222,7.40107],[-1.5509,7.39967],[-1.54859,7.4006],[-1.54512,7.40022],[-1.54518,7.39971],[-1.54285,7.39908],[-1.54206,7.39824],[-1.54106,7.39859],[-1.54013,7.39746],[-1.53868,7.39741],[-1.53839,7.39686],[-1.5375,7.39742],[-1.53711,7.39869],[-1.53653,7.39818],[-1.53531,7.40058],[-1.53386,7.40004],[-1.53319,7.40052],[-1.53217,7.39977],[-1.5312,7.40044],[-1.52836,7.39977],[-1.52587,7.39708],[-1.52229,7.39646],[-1.51835,7.39351],[-1.51754,7.39167],[-1.51581,7.39072]]}},{"type":"Feature","properties":{},"geometry":{"type":"LineString","coordinates":[[-1.97058,7.46213],[-1.97388,7.46338],[-1.97536,7.46273],[-1.97798,7.46448],[-1.98051,7.46418],[-1.98548,7.46528],[-1.98853,7.46494],[-1.99067,7.46354],[-1.99419,7.46286],[-2.00449,7.46524],[-2.00551,7.46702],[-2.00887,7.46775],[-2.0117,7.46945],[-2.01688,7.46994],[-2.02136,7.46856],[-2.02621,7.4652],[-2.02882,7.46418],[-2.02977,7.46299],[-2.03075,7.45922],[-2.03211,7.45739],[-2.03571,7.45639]]}},{"type":"Feature","properties":{},"geometry":{"type":"LineString","coordinates":[[-1.9354,7.60532],[-1.94246,7.60519],[-1.9502,7.60349],[-1.95177,7.60443],[-1.9537,7.60389]]}},{"type":"Feature","properties":{"name":"Black Volta"},"geometry":{"type":"LineString","coordinates":[[-2.12174,8.15105],[-2.11964,8.15645],[-2.11822,8.15762],[-2.11214,8.15737],[-2.10596,8.15798],[-2.10362,8.15686],[-2.10015,8.1562],[-2.09451,8.15628],[-2.09036,8.15466],[-2.08606,8.15451],[-2.08095,8.15318],[-2.07493,8.15135],[-2.07299,8.1493],[-2.06845,8.14716],[-2.06482,8.14639],[-2.05594,8.14859],[-2.04251,8.14831],[-2.03705,8.15045],[-2.03074,8.15469]]}},{"type":"Feature","properties":{"name":"Pru"},"geometry":{"type":"LineString","coordinates":[[-1.05342,7.96503],[-1.05212,7.96245],[-1.05235,7.96186],[-1.05018,7.96297],[-1.04854,7.96239],[-1.04782,7.96357],[-1.04507,7.96375],[-1.04344,7.96455],[-1.04355,7.96636],[-1.04244,7.96786],[-1.04474,7.9704],[-1.0429,7.97027],[-1.04223,7.97175],[-1.04367,7.97149],[-1.04381,7.9719],[-1.04177,7.97248],[-1.042,7.97381],[-1.04323,7.97379],[-1.04324,7.97426],[-1.03998,7.97623],[-1.0403,7.97771],[-1.03894,7.97725],[-1.03892,7.97627],[-1.03799,7.9765],[-1.03697,7.97847],[-1.03779,7.97986],[-1.03743,7.98035],[-1.03652,7.97935],[-1.03435,7.97957],[-1.03433,7.98187],[-1.0355,7.98424],[-1.03407,7.98473],[-1.03258,7.9838],[-1.03236,7.98508],[-1.03337,7.98684],[-1.03098,7.9872],[-1.0314,7.98819],[-1.03251,7.9887],[-1.03113,7.98968]]}},{"type":"Feature","properties":{"name":"Pru"},"geometry":{"type":"LineString","coordinates":[[-1.03113,7.98968],[-1.03388,7.99201],[-1.03227,7.99285],[-1.03398,7.99364],[-1.03352,7.99572],[-1.03403,7.99625],[-1.03306,7.9981],[-1.03082,7.99987],[-1.03058,8.00088],[-1.03246,8.00301],[-1.02995,8.00332],[-1.0288,8.00592],[-1.02774,8.00539],[-1.02754,8.00427],[-1.02551,8.00624],[-1.02566,8.00693],[-1.02661,8.00633],[-1.02713,8.00689],[-1.02705,8.00846],[-1.02576,8.0085],[-1.02603,8.00957],[-1.02482,8.01064],[-1.02499,8.01119],[-1.02719,8.01164],[-1.02711,8.01292],[-1.02589,8.01388],[-1.02471,8.01348],[-1.024,8.0113],[-1.02297,8.01239],[-1.02072,8.0116],[-1.01818,8.01279],[-1.01701,8.01179],[-1.01649,8.01283],[-1.01556,8.01299],[-1.01631,8.01447],[-1.01569,8.01461],[-1.01487,8.01358],[-1.01401,8.0141],[-1.01384,8.01534],[-1.01267,8.01346],[-1.01206,8.01343],[-1.01167,8.01538],[-1.01083,8.01482],[-1.0103,8.01264],[-1.00848,8.01281],[-1.00695,8.01606],[-1.00513,8.01595],[-1.00375,8.01822],[-0.99978,8.01611],[-0.99612,8.01783],[-0.99576,8.01975],[-0.99308,8.01998],[-0.99067,8.01897],[-0.98486,8.01846],[-0.98174,8.01909],[-0.98089,8.01832],[-0.98225,8.0166],[-0.98262,8.01231],[-0.98083,8.00884],[-0.98269,8.00593],[-0.98214,8.00451],[-0.98039,8.00368],[-0.97615,8.00485],[-0.97466,8.00457],[-0.97342,8.00376],[-0.97174,7.99967],[-0.97042,7.9992],[-0.96906,7.99962],[-0.96352,8.00638],[-0.96037,8.00705],[-0.95711,8.00603],[-0.95641,8.0052],[-0.95671,8.00418],[-0.96085,8.00066],[-0.96209,7.99433],[-0.9605,7.99135],[-0.95757,7.98949],[-0.95138,7.99033],[-0.94727,7.98945],[-0.94637,7.98609],[-0.94828,7.98292],[-0.95083,7.98092],[-0.95777,7.98013],[-0.95937,7.97851],[-0.9621,7.97302],[-0.9616,7.97088],[-0.95631,7.9692],[-0.95473,7.96329],[-0.95334,7.96329],[-0.95012,7.96646],[-0.9469,7.97261],[-0.94418,7.97333],[-0.93945,7.9712],[-0.93699,7.96744],[-0.93503,7.96696],[-0.93258,7.96753],[-0.93013,7.96996],[-0.92871,7.97003],[-0.92542,7.96884],[-0.9225,7.96596],[-0.91969,7.96485],[-0.91863,7.96578],[-0.92038,7.96697],[-0.92145,7.96979],[-0.91916,7.97422],[-0.91749,7.98014],[-0.91673,7.98048],[-0.91216,7.98064],[-0.9073,7.97723],[-0.90071,7.97841],[-0.89557,7.97847],[-0.88544,7.98242],[-0.88023,7.98127],[-0.86309,7.9824],[-0.85668,7.97965],[-0.85125,7.98036],[-0.84833,7.9826],[-0.84769,7.98393],[-0.84736,7.98598],[-0.84938,7.99077],[-0.84934,7.99335],[-0.84522,8.00384]]}},{"type":"Feature","properties":{"name":"Pru"},"geometry":{"type":"LineString","coordinates":[[-1.13281,7.71264],[-1.13156,7.71378],[-1.13163,7.71459],[-1.13012,7.71552],[-1.13095,7.71608],[-1.13168,7.71551],[-1.13075,7.71755],[-1.13148,7.71833],[-1.13228,7.71755],[-1.13164,7.72085],[-1.1324,7.72149],[-1.1304,7.72326],[-1.13182,7.72571],[-1.13015,7.72708],[-1.1312,7.72716],[-1.13058,7.72805],[-1.13145,7.72866],[-1.13191,7.73081],[-1.13342,7.73027],[-1.13275,7.73218],[-1.13391,7.73312],[-1.13266,7.73412],[-1.13442,7.73469],[-1.13415,7.73551],[-1.1352,7.73625],[-1.1354,7.73771],[-1.13741,7.7401],[-1.13653,7.74061],[-1.13713,7.74139],[-1.13643,7.742],[-1.13738,7.74227],[-1.13883,7.74482],[-1.13939,7.7447],[-1.13925,7.74701],[-1.14028,7.74716],[-1.14019,7.74904],[-1.14115,7.74946],[-1.14037,7.74947],[-1.14056,7.7511],[-1.13996,7.75149],[-1.14205,7.75182],[-1.14242,7.75233],[-1.14185,7.75296],[-1.14242,7.75336],[-1.14346,7.75305],[-1.14433,7.75476],[-1.14317,7.75478],[-1.14361,7.75689],[-1.14488,7.75687],[-1.14458,7.7576],[-1.14564,7.75783],[-1.14538,7.75934],[-1.14631,7.76019],[-1.14521,7.7615],[-1.14735,7.76203],[-1.14771,7.76304],[-1.14686,7.76351],[-1.14875,7.76496],[-1.14808,7.76752],[-1.14907,7.76825],[-1.14789,7.76928],[-1.14902,7.77097],[-1.14818,7.77131],[-1.14986,7.77239],[-1.14892,7.77293],[-1.14889,7.77433],[-1.14993,7.77589],[-1.1495,7.7772],[-1.15112,7.77999],[-1.15045,7.78162],[-1.15095,7.78499],[-1.15024,7.78549],[-1.15219,7.78643],[-1.1497,7.78903],[-1.15047,7.78987],[-1.15076,7.79112],[-1.15011,7.7922],[-1.15079,7.79291],[-1.14958,7.79392],[-1.14831,7.79339],[-1.14882,7.79441],[-1.14831,7.79523],[-1.14758,7.79522],[-1.14788,7.79633],[-1.14628,7.79601],[-1.14601,7.79704],[-1.14533,7.79658],[-1.14406,7.79742],[-1.14404,7.79851],[-1.14276,7.79816],[-1.14346,7.79992],[-1.1426,7.80046],[-1.14247,7.80182],[-1.14338,7.80407],[-1.14203,7.80467],[-1.14195,7.80591],[-1.14076,7.8048],[-1.14016,7.80499],[-1.1408,7.80603],[-1.14032,7.80667],[-1.142,7.80825],[-1.13979,7.80795],[-1.14101,7.80904],[-1.13999,7.8109],[-1.14082,7.81077],[-1.1404,7.81233],[-1.14114,7.81319],[-1.14058,7.81387],[-1.14058,7.81577],[-1.14375,7.81894],[-1.14294,7.81997],[-1.14367,7.81988],[-1.14378,7.8211],[-1.14281,7.82229],[-1.14209,7.82219],[-1.1413,7.82527],[-1.14347,7.8277],[-1.14771,7.82898],[-1.14875,7.82882],[-1.14902,7.82783],[-1.15165,7.83016],[-1.15409,7.83107],[-1.15746,7.83041],[-1.15967,7.83099],[-1.15983,7.8296],[-1.16204,7.82899],[-1.16349,7.82941],[-1.16602,7.83233],[-1.16668,7.83487],[-1.16734,7.83404],[-1.17211,7.83312],[-1.17301,7.83342],[-1.17269,7.8341],[-1.17446,7.83419],[-1.17432,7.83315],[-1.17523,7.83329],[-1.17516,7.83235],[-1.17746,7.83081],[-1.17863,7.83211],[-1.18564,7.83543],[-1.18601,7.83624],[-1.18682,7.83584],[-1.18752,7.83708],[-1.18796,7.83484],[-1.18851,7.83614],[-1.1892,7.83586],[-1.18972,7.83649],[-1.1881,7.83906],[-1.19187,7.84127],[-1.19145,7.84213],[-1.1921,7.84407],[-1.19306,7.84365],[-1.19358,7.84476]]}},{"type":"Feature","properties":{},"geometry":{"type":"LineString","coordinates":[[-1.39336,7.63905],[-1.3924,7.63914],[-1.39194,7.63828],[-1.39143,7.63873]]}},{"type":"Feature","properties":{},"geometry":{"type":"LineString","coordinates":[[-1.40988,7.63336],[-1.40931,7.63321]]}},{"type":"Feature","properties":{},"geometry":{"type":"LineString","coordinates":[[-1.31921,7.65019],[-1.31824,7.65004]]}},{"type":"Feature","properties":{},"geometry":{"type":"LineString","coordinates":[[-1.31792,7.38858],[-1.30848,7.38552],[-1.29646,7.3908],[-1.27123,7.39931],[-1.26539,7.40578],[-1.25818,7.40799],[-1.24514,7.40884],[-1.23947,7.41088],[-1.22694,7.42076],[-1.21441,7.42654],[-1.20926,7.43097],[-1.20737,7.43437],[-1.19911,7.43894],[-1.19551,7.43864],[-1.19003,7.43642],[-1.17682,7.43676],[-1.17046,7.43625],[-1.16085,7.43727],[-1.16013,7.43676],[-1.15781,7.4377]]}},{"type":"Feature","properties":{"name":"River Pra"},"geometry":{"type":"LineString","coordinates":[[-1.31091,7.62232],[-1.30426,7.62167],[-1.28848,7.61564],[-1.28706,7.6156],[-1.28652,7.61489],[-1.28528,7.61486],[-1.28218,7.61654],[-1.28137,7.61623]]}},{"type":"Feature","properties":{},"geometry":{"type":"LineString","coordinates":[[-1.14497,7.46945],[-1.14357,7.47203],[-1.13356,7.47182],[-1.12944,7.47454],[-1.11622,7.47063],[-1.11189,7.47073],[-1.11009,7.46911],[-1.10807,7.46524],[-1.10679,7.46467]]}},{"type":"Feature","properties":{"name":"River Pru"},"geometry":{"type":"LineString","coordinates":[[-0.94681,7.89893],[-0.94556,7.89845],[-0.94559,7.89948],[-0.94393,7.89822],[-0.94114,7.89884],[-0.94124,7.89771],[-0.93825,7.89902],[-0.9378,7.90037],[-0.93715,7.89947],[-0.93389,7.89878],[-0.93347,7.89819],[-0.93283,7.89886],[-0.93091,7.89767],[-0.93057,7.89837],[-0.93025,7.89758],[-0.92945,7.89869],[-0.92661,7.89926],[-0.92571,7.89864],[-0.92636,7.89785],[-0.92426,7.89705],[-0.9248,7.89615],[-0.92395,7.89556],[-0.92338,7.89679],[-0.92301,7.89618],[-0.92111,7.89687],[-0.92111,7.89637],[-0.92043,7.8964],[-0.91956,7.89832],[-0.91778,7.89809],[-0.91701,7.89736],[-0.91376,7.89834],[-0.91428,7.89923],[-0.91379,7.90011],[-0.91194,7.90117],[-0.91109,7.90093],[-0.91105,7.9018],[-0.91012,7.90218],[-0.90829,7.90161],[-0.90728,7.90202],[-0.90737,7.90113],[-0.90597,7.90154],[-0.90546,7.9009],[-0.90433,7.90139],[-0.90363,7.90082],[-0.90306,7.90139],[-0.90223,7.90028],[-0.90228,7.90145],[-0.90061,7.90313],[-0.89956,7.90231],[-0.89815,7.90351],[-0.89806,7.9053],[-0.89606,7.9082],[-0.89677,7.90993],[-0.89584,7.91137],[-0.89682,7.91109],[-0.89738,7.91365],[-0.89611,7.91655],[-0.8978,7.9177],[-0.89808,7.92058],[-0.8935,7.92312],[-0.8939,7.92393],[-0.89154,7.92558],[-0.89287,7.92825],[-0.89218,7.92877],[-0.89238,7.93024]]}},{"type":"Feature","properties":{"name":"River Pru"},"geometry":{"type":"LineString","coordinates":[[-0.82255,7.96439],[-0.82251,7.96496],[-0.82153,7.96472],[-0.82223,7.9658],[-0.82092,7.96555],[-0.8213,7.96643],[-0.82039,7.96675],[-0.82089,7.9675],[-0.81973,7.96806],[-0.8194,7.96741],[-0.81876,7.96755],[-0.81858,7.96901],[-0.81758,7.96794],[-0.81733,7.96926],[-0.81659,7.9685],[-0.816,7.96939],[-0.81495,7.96896]]}},{"type":"Feature","properties":{"name":"River Pru"},"geometry":{"type":"LineString","coordinates":[[-0.81495,7.96896],[-0.81373,7.97096],[-0.8143,7.9734],[-0.81385,7.97401],[-0.81493,7.97399],[-0.81559,7.97509],[-0.81428,7.97585],[-0.81355,7.97559],[-0.81525,7.97749],[-0.81491,7.97957],[-0.81367,7.9796],[-0.81633,7.98025],[-0.81816,7.98261],[-0.81541,7.98345],[-0.81537,7.98487],[-0.81429,7.98517],[-0.81469,7.98617],[-0.81399,7.98772],[-0.81201,7.98858],[-0.81316,7.99178],[-0.81294,7.99312],[-0.81152,7.99467],[-0.81116,7.99746],[-0.80863,7.99781],[-0.80594,7.99648],[-0.80393,7.99939],[-0.80215,7.99954],[-0.802,7.99864],[-0.8007,7.99862],[-0.80056,7.99913],[-0.80162,7.99959],[-0.80159,8.00049],[-0.79793,8.00461],[-0.79753,8.00677],[-0.79703,8.00698],[-0.79599,8.00515],[-0.79436,8.00525],[-0.79494,8.00749],[-0.79594,8.00851],[-0.79488,8.0093],[-0.79501,8.00986],[-0.7954,8.01055],[-0.79621,8.01033],[-0.79669,8.01205],[-0.79772,8.01283],[-0.7969,8.01367],[-0.7962,8.01284],[-0.7951,8.01304],[-0.79534,8.01411],[-0.79388,8.01491],[-0.79603,8.01581],[-0.79622,8.01674],[-0.79378,8.01689],[-0.79522,8.01943],[-0.79705,8.01964],[-0.79597,8.02081],[-0.79588,8.02263],[-0.7968,8.02335],[-0.79589,8.02514],[-0.79708,8.02567],[-0.7965,8.02715],[-0.797,8.02872]]}},{"type":"Feature","properties":{},"geometry":{"type":"LineString","coordinates":[[-0.72634,7.52284],[-0.72381,7.52368],[-0.72209,7.52332],[-0.72139,7.52473],[-0.71897,7.52601],[-0.71688,7.52573],[-0.71496,7.52686],[-0.71552,7.52817],[-0.71445,7.52889],[-0.7121,7.52754],[-0.71025,7.52765],[-0.70801,7.52925],[-0.70671,7.52908],[-0.70405,7.53236],[-0.69946,7.5323],[-0.69652,7.53779],[-0.6934,7.54012],[-0.69141,7.54016],[-0.68937,7.54308],[-0.68702,7.5429],[-0.68561,7.5399],[-0.68701,7.538],[-0.68743,7.53384],[-0.68418,7.53383],[-0.68291,7.53271],[-0.68251,7.52897],[-0.68079,7.52905],[-0.67855,7.53026]]}},{"type":"Feature","properties":{},"geometry":{"type":"LineString","coordinates":[[-2.75306,5.83582],[-2.75287,5.83485]]}},{"type":"Feature","properties":{"name":"Bia"},"geometry":{"type":"LineString","coordinates":[[-2.87729,6.65398],[-2.87792,6.65189],[-2.87967,6.65061],[-2.8806,6.64872],[-2.88063,6.64642],[-2.88178,6.64591],[-2.88244,6.64166],[-2.88233,6.63974],[-2.87978,6.63535],[-2.88009,6.63455],[-2.87891,6.63373],[-2.88035,6.63321],[-2.87958,6.63253],[-2.87953,6.63015],[-2.87883,6.6297],[-2.87995,6.62936]]}},{"type":"Feature","properties":{},"geometry":{"type":"LineString","coordinates":[[-2.88887,6.19246],[-2.8907,6.19349],[-2.89067,6.19571],[-2.89206,6.19469],[-2.89407,6.18976],[-2.89492,6.19035],[-2.89543,6.18953],[-2.89655,6.19074],[-2.89566,6.19099],[-2.89585,6.19174],[-2.89713,6.1912],[-2.89751,6.19189],[-2.90004,6.18858],[-2.90108,6.18877],[-2.90057,6.18904],[-2.90102,6.18992],[-2.90157,6.18963],[-2.90157,6.18728],[-2.90363,6.18581],[-2.90448,6.18406],[-2.90784,6.18567],[-2.90896,6.18425],[-2.90768,6.18376],[-2.90873,6.18191],[-2.90797,6.18064],[-2.90833,6.17995],[-2.90992,6.18216],[-2.91038,6.18186],[-2.9106,6.18304],[-2.91297,6.18473],[-2.91321,6.18384],[-2.91566,6.18454],[-2.91551,6.18401],[-2.91681,6.18345],[-2.91734,6.18159],[-2.91999,6.18254],[-2.91993,6.18321],[-2.92192,6.18266],[-2.92274,6.17809],[-2.92331,6.17947],[-2.92532,6.17806],[-2.92643,6.17574],[-2.927,6.17735],[-2.92917,6.17544],[-2.92969,6.17647],[-2.93226,6.17624],[-2.93329,6.17516],[-2.93228,6.17471],[-2.93371,6.17373],[-2.93442,6.17392],[-2.93462,6.17277],[-2.93532,6.17308],[-2.93699,6.17041],[-2.93833,6.17234],[-2.94104,6.16882],[-2.94341,6.17107],[-2.94511,6.16778],[-2.94629,6.16782],[-2.94641,6.16653],[-2.94765,6.16715],[-2.94829,6.1656]]}},{"type":"Feature","properties":{},"geometry":{"type":"LineString","coordinates":[[-2.94829,6.1656],[-2.95104,6.16689],[-2.95133,6.16489],[-2.9529,6.16509],[-2.95334,6.16413],[-2.95421,6.16416],[-2.95427,6.16303],[-2.95623,6.165],[-2.95973,6.16476],[-2.95853,6.16605],[-2.96022,6.16685]]}},{"type":"Feature","properties":{},"geometry":{"type":"LineString","coordinates":[[-2.96022,6.16685],[-2.96194,6.16644],[-2.96189,6.16523],[-2.96457,6.16484],[-2.96535,6.16574],[-2.96552,6.16928],[-2.96718,6.17044],[-2.96864,6.17032],[-2.96824,6.17123],[-2.96913,6.17186],[-2.97027,6.17039],[-2.97049,6.17157],[-2.97224,6.17132],[-2.97336,6.16876],[-2.97394,6.16876],[-2.97427,6.16771],[-2.97541,6.16748],[-2.97566,6.16826],[-2.97922,6.16825],[-2.98125,6.16934],[-2.98145,6.17143],[-2.98248,6.17237],[-2.98564,6.17204],[-2.98601,6.17254],[-2.98668,6.17197],[-2.98859,6.17282],[-2.98956,6.17259],[-2.98951,6.17211],[-2.99161,6.1719],[-2.99423,6.16998],[-2.99402,6.16893],[-2.996,6.16904],[-2.99513,6.16781],[-2.99743,6.1688],[-2.99767,6.17129],[-3.00022,6.17117],[-3.00426,6.17288],[-3.00502,6.1728],[-3.00657,6.17097]]}},{"type":"Feature","properties":{"name":"Bia"},"geometry":{"type":"LineString","coordinates":[[-2.96662,6.1983],[-2.96774,6.19876],[-2.96875,6.19764],[-2.96955,6.19866],[-2.97027,6.19791],[-2.97057,6.19846],[-2.96996,6.1995],[-2.97236,6.19925],[-2.97237,6.19989],[-2.9738,6.1991],[-2.97419,6.20023],[-2.97568,6.20039],[-2.97629,6.20213],[-2.97791,6.2039],[-2.97886,6.20392],[-2.97914,6.20278],[-2.97993,6.20246],[-2.98032,6.20453],[-2.98102,6.20298],[-2.98136,6.20451],[-2.98387,6.20537],[-2.9863,6.20421],[-2.98602,6.20588],[-2.98735,6.20357],[-2.98665,6.20254],[-2.98784,6.20241],[-2.98726,6.20125],[-2.9904,6.19958],[-2.99122,6.19702],[-2.99336,6.19746],[-2.99561,6.1947],[-2.99809,6.19621],[-2.99947,6.1959],[-3.00115,6.19777]]}},{"type":"Feature","properties":{"name":"Bia"},"geometry":{"type":"LineString","coordinates":[[-3.00115,6.19777],[-3.00141,6.19612],[-3.00002,6.19529],[-3.00047,6.1944],[-3.00126,6.19515],[-3.00213,6.19484],[-3.00474,6.19158],[-3.0056,6.18921],[-3.00505,6.1882],[-3.00603,6.1876],[-3.0046,6.18797],[-3.0037,6.18713],[-3.00319,6.18774],[-3.00243,6.1874],[-3.00121,6.18769],[-3.0008,6.18917],[-2.99999,6.18893],[-3.00047,6.18741],[-2.99914,6.18685],[-2.99848,6.18737],[-2.99888,6.18621],[-3.00031,6.18594],[-3.00077,6.1847],[-3.00032,6.18474],[-2.99997,6.18279],[-2.99853,6.18092],[-2.99968,6.18012],[-3.00247,6.18024],[-3.00422,6.17913],[-3.00446,6.176],[-3.00478,6.17529],[-3.00646,6.17468],[-3.00705,6.17287],[-3.00657,6.17097]]}},{"type":"Feature","properties":{"name":"Bia"},"geometry":{"type":"LineString","coordinates":[[-2.93708,6.31188],[-2.93673,6.30859],[-2.94251,6.30517],[-2.9416,6.30445],[-2.94084,6.30012],[-2.93967,6.30045],[-2.9383,6.29901],[-2.93709,6.29317],[-2.9359,6.29259],[-2.93644,6.2913],[-2.9372,6.2913],[-2.93698,6.29229],[-2.93762,6.2928],[-2.93937,6.29161],[-2.94287,6.2926],[-2.94578,6.29076],[-2.9457,6.28961],[-2.94907,6.28909],[-2.94852,6.28782],[-2.94934,6.28711],[-2.94798,6.28609],[-2.94772,6.28461],[-2.95153,6.278],[-2.95243,6.27745],[-2.95473,6.27777],[-2.95573,6.2762],[-2.95992,6.27524],[-2.96119,6.273]]}},{"type":"Feature","properties":{"name":"Bia"},"geometry":{"type":"LineString","coordinates":[[-2.96119,6.273],[-2.95969,6.27406],[-2.95764,6.27109],[-2.95371,6.26733],[-2.95386,6.2645],[-2.95219,6.26131],[-2.95128,6.25842],[-2.95128,6.25576],[-2.95025,6.25329],[-2.94942,6.25257],[-2.94703,6.25265],[-2.9444,6.25503],[-2.94359,6.25503],[-2.94042,6.25276],[-2.9407,6.25066],[-2.93982,6.24815],[-2.94071,6.24751],[-2.94226,6.24892],[-2.94344,6.2487],[-2.94466,6.24709],[-2.95029,6.24493],[-2.95049,6.23998],[-2.95263,6.23621],[-2.95535,6.23659],[-2.9573,6.23569],[-2.95813,6.2345],[-2.95725,6.23107],[-2.95761,6.23042],[-2.95528,6.22635],[-2.95821,6.22412],[-2.96062,6.22418],[-2.96108,6.2237],[-2.96062,6.2221],[-2.95921,6.22097],[-2.96055,6.2174],[-2.96138,6.21726],[-2.96107,6.21873],[-2.9623,6.21988],[-2.96241,6.21851],[-2.96338,6.21721],[-2.96433,6.21699],[-2.96289,6.21589],[-2.96332,6.21497],[-2.9624,6.21396],[-2.96468,6.20888],[-2.96333,6.20608],[-2.96503,6.20662],[-2.9659,6.20543],[-2.96571,6.20332],[-2.96731,6.19966],[-2.96641,6.19898],[-2.96662,6.1983]]}},{"type":"Feature","properties":{"name":"Bia"},"geometry":{"type":"LineString","coordinates":[[-2.92455,6.52253],[-2.9234,6.51783],[-2.92491,6.51733],[-2.92531,6.5165],[-2.92377,6.51425],[-2.92334,6.51169],[-2.92536,6.51125],[-2.92623,6.51209],[-2.9273,6.51144],[-2.9287,6.51238],[-2.92836,6.51001],[-2.93033,6.50764],[-2.93019,6.5047],[-2.92849,6.50143],[-2.92848,6.50013],[-2.9296,6.49906],[-2.9282,6.49743],[-2.92477,6.4967],[-2.92488,6.49595],[-2.92574,6.4949],[-2.92688,6.49517],[-2.92875,6.49445],[-2.92889,6.49362],[-2.93259,6.49186],[-2.93496,6.49011],[-2.93423,6.48881],[-2.93465,6.48832],[-2.93759,6.48677]]}},{"type":"Feature","properties":{"name":"Boin"},"geometry":{"type":"LineString","coordinates":[[-2.76195,5.59338],[-2.75772,5.59579],[-2.75513,5.59621],[-2.75445,5.59531],[-2.75672,5.59389],[-2.75584,5.59277]]}},{"type":"Feature","properties":{"name":"Tano River"},"geometry":{"type":"LineString","coordinates":[[-2.73763,5.14925],[-2.7347,5.14856],[-2.73353,5.14891],[-2.73264,5.15224],[-2.73144,5.1525],[-2.73038,5.15187],[-2.72971,5.14813],[-2.72778,5.1471],[-2.72646,5.14483],[-2.72699,5.14057],[-2.72619,5.14042],[-2.7249,5.14163],[-2.72365,5.1416],[-2.72404,5.13795],[-2.72548,5.13726],[-2.72688,5.13783],[-2.72767,5.13719],[-2.72717,5.13246],[-2.72788,5.13102],[-2.7294,5.13199],[-2.73033,5.13443],[-2.73232,5.13484],[-2.73272,5.13315],[-2.73129,5.13048],[-2.73178,5.12859],[-2.73268,5.12838],[-2.73619,5.12967],[-2.73799,5.12847],[-2.73983,5.12537],[-2.73993,5.12143],[-2.73963,5.12048],[-2.73729,5.11969],[-2.73719,5.11898],[-2.73768,5.11779],[-2.74173,5.11425],[-2.74351,5.1138],[-2.74612,5.1169],[-2.74695,5.11713],[-2.75093,5.11544],[-2.75399,5.11725],[-2.75608,5.11206],[-2.75595,5.11102],[-2.75454,5.10947],[-2.75471,5.10747],[-2.75656,5.10481],[-2.75693,5.10158],[-2.75801,5.10088],[-2.76008,5.1014],[-2.75977,5.10319],[-2.76054,5.10426],[-2.76494,5.10472],[-2.76557,5.10553],[-2.76541,5.10897],[-2.76588,5.10978],[-2.76883,5.10892],[-2.77231,5.11135],[-2.77802,5.11075],[-2.78068,5.11259],[-2.78333,5.1095],[-2.78654,5.1101],[-2.78674,5.11108],[-2.78454,5.11562],[-2.78461,5.11665],[-2.78558,5.11753],[-2.78684,5.11671],[-2.78793,5.11118],[-2.79081,5.10664],[-2.79313,5.10794],[-2.79515,5.10663],[-2.79712,5.10752],[-2.80129,5.10757],[-2.80621,5.11178],[-2.807,5.11171],[-2.8076,5.11059],[-2.80689,5.10734],[-2.80748,5.1066],[-2.81172,5.10652],[-2.81274,5.1077],[-2.81192,5.10901],[-2.81176,5.11101],[-2.81313,5.11303],[-2.81452,5.11332],[-2.81689,5.11155],[-2.81683,5.11073],[-2.81434,5.10829],[-2.81425,5.10682],[-2.816,5.10574],[-2.81734,5.10566],[-2.81838,5.10647],[-2.81919,5.10957],[-2.82173,5.10992],[-2.82366,5.11169],[-2.82427,5.11599],[-2.8281,5.12058],[-2.83326,5.12189],[-2.83538,5.12094],[-2.83563,5.11741],[-2.83649,5.11546],[-2.83853,5.11475],[-2.84067,5.11506],[-2.84031,5.11311],[-2.83797,5.11133],[-2.8379,5.10982],[-2.84079,5.10826],[-2.84421,5.10783],[-2.85026,5.10958],[-2.85326,5.11162],[-2.8547,5.116],[-2.85838,5.11612],[-2.85915,5.11687],[-2.86001,5.12058],[-2.8633,5.12326],[-2.86688,5.12265],[-2.86929,5.12297],[-2.87395,5.12572],[-2.87623,5.12793],[-2.88069,5.12701],[-2.88328,5.12402],[-2.88497,5.12347],[-2.88881,5.12666],[-2.89051,5.12676],[-2.89119,5.12519],[-2.89062,5.12073],[-2.89102,5.11955],[-2.89193,5.11927],[-2.89621,5.12284],[-2.89831,5.12261],[-2.90164,5.12096],[-2.90564,5.12338],[-2.90732,5.12278],[-2.90992,5.12059],[-2.91488,5.12224],[-2.92128,5.12271],[-2.92544,5.12126],[-2.92715,5.12171],[-2.92829,5.12111],[-2.93069,5.12331],[-2.93361,5.12238],[-2.93608,5.1263],[-2.93834,5.12538],[-2.94079,5.12532]]}},{"type":"Feature","properties":{},"geometry":{"type":"LineString","coordinates":[[-1.78724,4.90576],[-1.78691,4.90435],[-1.78781,4.90282],[-1.7865,4.9008],[-1.78791,4.89886],[-1.78645,4.89785],[-1.78807,4.89578],[-1.78651,4.89483],[-1.7853,4.89079]]}},{"type":"Feature","properties":{"name":"Hwin"},"geometry":{"type":"LineString","coordinates":[[-1.7853,4.89079],[-1.78187,4.88848],[-1.78022,4.88514],[-1.77993,4.88166],[-1.77884,4.88007],[-1.77369,4.87886],[-1.77114,4.8763],[-1.76836,4.87574],[-1.76785,4.87486]]}},{"type":"Feature","properties":{},"geometry":{"type":"LineString","coordinates":[[-1.6691,4.96819],[-1.67048,4.96738],[-1.67278,4.9672],[-1.67255,4.96601]]}},{"type":"Feature","properties":{},"geometry":{"type":"LineString","coordinates":[[-1.67211,4.98087],[-1.67201,4.97845],[-1.66916,4.9777],[-1.66832,4.97649],[-1.6696,4.97377],[-1.66895,4.97305],[-1.66917,4.9715],[-1.67067,4.97086],[-1.67074,4.96962],[-1.6691,4.96819]]}},{"type":"Feature","properties":{},"geometry":{"type":"LineString","coordinates":[[-1.93567,5.20044],[-1.93584,5.19973],[-1.93705,5.19998],[-1.93855,5.19838],[-1.94014,5.19861],[-1.94215,5.19491],[-1.94292,5.19481],[-1.94487,5.19772],[-1.94827,5.19837],[-1.94896,5.19919],[-1.94914,5.20149],[-1.94994,5.2023],[-1.94984,5.20616]]}},{"type":"Feature","properties":{},"geometry":{"type":"LineString","coordinates":[[-1.87872,5.23334],[-1.87996,5.23267],[-1.88054,5.23053],[-1.88267,5.2311],[-1.88313,5.23003],[-1.88446,5.22978],[-1.88578,5.22833],[-1.8852,5.22628],[-1.88623,5.22565],[-1.88653,5.22457],[-1.8877,5.2247],[-1.88767,5.22609],[-1.88844,5.22647],[-1.89115,5.22676],[-1.89056,5.22786],[-1.89093,5.22883],[-1.89234,5.22871],[-1.89455,5.23017],[-1.89661,5.23003],[-1.89707,5.2289],[-1.8985,5.2294],[-1.89856,5.22825],[-1.89963,5.22789],[-1.90086,5.22876],[-1.90449,5.22804],[-1.90456,5.22633],[-1.90399,5.22597],[-1.90495,5.22529],[-1.90414,5.22412],[-1.90464,5.22186],[-1.90415,5.21917],[-1.90519,5.2184],[-1.90621,5.21516],[-1.90767,5.21493],[-1.91558,5.20774],[-1.91909,5.20694],[-1.92854,5.20918],[-1.93382,5.20803],[-1.93372,5.20738],[-1.93245,5.20733],[-1.93201,5.20615],[-1.93555,5.20301],[-1.93567,5.20044]]}},{"type":"Feature","properties":{},"geometry":{"type":"LineString","coordinates":[[-1.85225,5.69286],[-1.85321,5.6915]]}},{"type":"Feature","properties":{},"geometry":{"type":"LineString","coordinates":[[-2.13734,5.24751],[-2.14048,5.24879],[-2.14118,5.25169],[-2.14404,5.24903],[-2.14479,5.24903],[-2.14771,5.25008],[-2.15177,5.25283],[-2.15145,5.25356],[-2.15025,5.25364],[-2.1491,5.25937],[-2.15163,5.25904],[-2.15254,5.26099],[-2.15145,5.26272],[-2.14887,5.26379],[-2.14848,5.26554],[-2.1489,5.2669],[-2.15204,5.26652],[-2.15172,5.2686],[-2.15226,5.27082]]}},{"type":"Feature","properties":{},"geometry":{"type":"LineString","coordinates":[[-2.01174,5.63754],[-2.01344,5.63623],[-2.01522,5.63628],[-2.01529,5.63696],[-2.01673,5.6359],[-2.01803,5.63688],[-2.01871,5.63624],[-2.01853,5.63384],[-2.02053,5.63325],[-2.02216,5.63093],[-2.02324,5.63143],[-2.02343,5.63038],[-2.02447,5.63025],[-2.02258,5.62483],[-2.0235,5.6235],[-2.02335,5.62184],[-2.0243,5.62137]]}},{"type":"Feature","properties":{},"geometry":{"type":"LineString","coordinates":[[-2.0243,5.62137],[-2.02457,5.62046],[-2.02639,5.62012],[-2.02589,5.61926],[-2.02461,5.61944],[-2.02502,5.6162],[-2.02637,5.61627],[-2.02663,5.61678],[-2.02581,5.61756],[-2.02618,5.61796],[-2.02825,5.61646],[-2.02853,5.61355],[-2.02717,5.61335],[-2.02828,5.6121],[-2.02712,5.60976],[-2.02801,5.60852],[-2.02769,5.60765],[-2.02971,5.60794],[-2.02947,5.60935],[-2.03022,5.61006],[-2.03275,5.60929],[-2.03265,5.60815],[-2.03398,5.60851],[-2.0341,5.60943],[-2.03591,5.60919],[-2.03715,5.60991],[-2.03741,5.60845],[-2.0395,5.60802],[-2.03872,5.60472],[-2.04016,5.60355],[-2.0391,5.60171],[-2.04009,5.60099],[-2.04102,5.60217],[-2.0416,5.59856],[-2.04388,5.59895],[-2.0454,5.59793],[-2.04711,5.6002],[-2.04636,5.60134],[-2.04671,5.60351],[-2.04824,5.60443],[-2.05262,5.60163],[-2.0535,5.59932],[-2.05483,5.59852],[-2.05638,5.59873],[-2.05683,5.59709],[-2.05745,5.59792],[-2.05779,5.60092],[-2.05958,5.60125],[-2.0606,5.59743],[-2.06167,5.59624],[-2.06216,5.59656],[-2.06217,5.59906],[-2.06456,5.5984],[-2.0647,5.60255],[-2.06543,5.60274],[-2.06599,5.60171],[-2.06771,5.60323],[-2.06986,5.60176],[-2.06972,5.60047],[-2.07115,5.59873],[-2.07131,5.59774],[-2.07041,5.59578],[-2.07073,5.59489],[-2.07325,5.59333],[-2.07658,5.58959],[-2.07845,5.58954],[-2.0786,5.59266],[-2.08181,5.5934],[-2.08342,5.59459],[-2.08542,5.5947],[-2.08541,5.59158],[-2.08622,5.59072],[-2.08914,5.59305],[-2.09252,5.59308],[-2.09729,5.59162],[-2.09539,5.5885],[-2.09202,5.58485],[-2.09212,5.58285],[-2.09408,5.58106],[-2.0948,5.57895],[-2.09718,5.57677],[-2.09709,5.57575],[-2.09839,5.57541],[-2.09833,5.57318],[-2.09942,5.57229],[-2.10112,5.57234],[-2.1012,5.57147],[-2.10013,5.56969],[-2.09819,5.56923],[-2.09601,5.56396],[-2.09165,5.56287],[-2.09117,5.56188],[-2.09111,5.55881],[-2.09336,5.55669],[-2.09172,5.55535],[-2.09167,5.55348],[-2.0896,5.5527],[-2.09078,5.54736],[-2.09036,5.54664],[-2.09176,5.5459],[-2.09034,5.545],[-2.08785,5.54642],[-2.0863,5.5434],[-2.08125,5.53956],[-2.08009,5.53765],[-2.0837,5.5335],[-2.08577,5.5364],[-2.08744,5.53527],[-2.08577,5.53201],[-2.08579,5.52942],[-2.08538,5.52869],[-2.08397,5.52852],[-2.08456,5.5258],[-2.08373,5.52393],[-2.08447,5.52289],[-2.08357,5.52166],[-2.08593,5.52008],[-2.08728,5.52033],[-2.08847,5.5192],[-2.08805,5.5181],[-2.08874,5.51749],[-2.08928,5.51838],[-2.09007,5.51802],[-2.09042,5.51683],[-2.08805,5.51639],[-2.08788,5.51524],[-2.08927,5.51367],[-2.09313,5.5143],[-2.093,5.5116],[-2.0935,5.511],[-2.09941,5.51053],[-2.10058,5.50903],[-2.10075,5.50744],[-2.10165,5.50891],[-2.10183,5.50719],[-2.10003,5.50464],[-2.09764,5.50453],[-2.0968,5.50506],[-2.09414,5.50172],[-2.09731,5.5021],[-2.09949,5.50055],[-2.09823,5.49755],[-2.09878,5.49629],[-2.09832,5.49495],[-2.09874,5.49241],[-2.09997,5.4913],[-2.10185,5.49216],[-2.10359,5.49188],[-2.1052,5.49243]]}},{"type":"Feature","properties":{},"geometry":{"type":"LineString","coordinates":[[-1.91122,5.66904],[-1.91444,5.66329],[-1.91612,5.66219],[-1.91655,5.66061],[-1.91901,5.65949],[-1.921,5.66098],[-1.92136,5.663],[-1.92367,5.66261],[-1.92438,5.66178],[-1.92372,5.66101],[-1.92446,5.65787],[-1.93094,5.65522],[-1.93024,5.65379],[-1.93149,5.65097],[-1.93587,5.65061],[-1.93592,5.64956],[-1.93852,5.65107],[-1.94052,5.6504],[-1.94225,5.64874],[-1.94353,5.64612],[-1.94152,5.64613],[-1.94096,5.64285],[-1.94254,5.63858],[-1.94404,5.63789],[-1.94337,5.63685],[-1.94545,5.63703],[-1.94384,5.63456],[-1.94661,5.63336],[-1.94691,5.63137],[-1.94758,5.63194],[-1.94923,5.63142],[-1.95097,5.63203],[-1.95218,5.62976],[-1.9536,5.62911],[-1.95574,5.62972],[-1.95633,5.63049],[-1.95749,5.62959],[-1.95917,5.6299],[-1.96246,5.62705],[-1.96315,5.62738],[-1.96227,5.62886],[-1.96507,5.63078],[-1.96531,5.62954],[-1.96365,5.62832],[-1.96623,5.62398],[-1.96876,5.62442],[-1.97081,5.62601],[-1.9722,5.62949],[-1.97325,5.62916],[-1.97461,5.62602],[-1.97539,5.62563],[-1.97568,5.62706],[-1.97679,5.62797],[-1.97778,5.62706],[-1.98111,5.62623],[-1.98257,5.62813],[-1.98262,5.63067],[-1.98389,5.63176],[-1.98339,5.63294],[-1.9848,5.6326],[-1.98683,5.63497],[-1.98766,5.63394],[-1.98853,5.63413],[-1.99149,5.63226],[-1.99201,5.63439],[-1.99331,5.63255],[-1.99466,5.6334],[-1.99536,5.63244],[-1.99504,5.63131],[-1.99786,5.63055],[-1.99968,5.62898],[-2.00032,5.62958],[-2.00282,5.62931],[-2.00403,5.63032],[-2.003,5.63199],[-2.00645,5.6331],[-2.00731,5.63243],[-2.00761,5.63374],[-2.00858,5.63349],[-2.00959,5.63646],[-2.01116,5.63649],[-2.01174,5.63754]]}},{"type":"Feature","properties":{"name":"Ankobra River"},"geometry":{"type":"LineString","coordinates":[[-2.16216,5.62206],[-2.16117,5.62006],[-2.15892,5.61806],[-2.15857,5.61626],[-2.15996,5.61441],[-2.16389,5.61436],[-2.16453,5.61307],[-2.16617,5.61257],[-2.16768,5.60934],[-2.16763,5.60569],[-2.16995,5.60335],[-2.17208,5.60232],[-2.17178,5.60116],[-2.17074,5.60185],[-2.1667,5.59932],[-2.1681,5.598],[-2.16845,5.5953],[-2.16935,5.59494],[-2.17357,5.5892],[-2.17027,5.58697],[-2.17075,5.58354],[-2.16959,5.58041],[-2.16991,5.57888],[-2.16865,5.57701],[-2.16729,5.5773],[-2.1671,5.57541],[-2.16597,5.57345],[-2.16662,5.57289],[-2.16817,5.57338],[-2.17214,5.57294],[-2.17491,5.56916],[-2.17348,5.56848],[-2.17296,5.56588],[-2.1705,5.56465],[-2.16287,5.5665],[-2.16024,5.56326],[-2.15991,5.56184],[-2.15899,5.56163],[-2.15857,5.55949],[-2.15858,5.55693],[-2.15991,5.55426],[-2.16197,5.55422],[-2.1623,5.55336],[-2.16393,5.55255],[-2.16586,5.55309],[-2.16663,5.55272],[-2.16721,5.55116],[-2.16631,5.55061],[-2.16755,5.54746]]}},{"type":"Feature","properties":{"name":"Ankobra River"},"geometry":{"type":"LineString","coordinates":[[-2.16755,5.54746],[-2.16773,5.54685],[-2.16871,5.5467],[-2.16968,5.54245],[-2.16824,5.5397],[-2.16898,5.53763],[-2.16829,5.5363],[-2.16616,5.53536],[-2.1616,5.53077],[-2.16234,5.53002],[-2.16384,5.53018],[-2.16838,5.53159],[-2.16688,5.52676],[-2.16763,5.5262],[-2.16917,5.52645],[-2.16944,5.52531],[-2.16777,5.52395],[-2.16702,5.522],[-2.16223,5.52102],[-2.16298,5.51982],[-2.16172,5.518],[-2.1606,5.51753],[-2.16026,5.51574],[-2.15782,5.5131],[-2.15413,5.51333],[-2.15151,5.51224],[-2.14536,5.51234],[-2.14461,5.50998],[-2.14267,5.50874],[-2.14383,5.50641],[-2.14368,5.50552],[-2.14153,5.5031],[-2.13194,5.5025],[-2.12491,5.50346],[-2.12167,5.5031],[-2.12051,5.50292],[-2.11873,5.50105],[-2.11721,5.501],[-2.11559,5.49982],[-2.11088,5.49816],[-2.10994,5.49912],[-2.10848,5.49919],[-2.10573,5.49658],[-2.10721,5.49436],[-2.1051,5.4927],[-2.10682,5.49152]]}},{"type":"Feature","properties":{"name":"Tano River"},"geometry":{"type":"LineString","coordinates":[[-2.61805,5.41248],[-2.62135,5.4082],[-2.6241,5.40734],[-2.62582,5.40203],[-2.62925,5.40194],[-2.63188,5.39962],[-2.63341,5.39932],[-2.63555,5.39772],[-2.63652,5.39388],[-2.63961,5.39131],[-2.63997,5.38857],[-2.64092,5.387],[-2.64295,5.38533],[-2.64808,5.38483],[-2.64729,5.38265],[-2.65052,5.3782],[-2.65215,5.3771],[-2.65438,5.37735],[-2.65913,5.37296],[-2.66455,5.37266],[-2.6681,5.36997],[-2.67139,5.36842],[-2.67205,5.36392],[-2.675,5.36003],[-2.67802,5.35793],[-2.67885,5.35434],[-2.68168,5.35344],[-2.6868,5.3482],[-2.69342,5.34837],[-2.69511,5.34447],[-2.6982,5.34248],[-2.70012,5.34282],[-2.70397,5.34767],[-2.71126,5.34772],[-2.71375,5.34918],[-2.71483,5.34913],[-2.72006,5.34665],[-2.72415,5.34281]]}},{"type":"Feature","properties":{"name":"Ankobra River"},"geometry":{"type":"LineString","coordinates":[[-2.15226,5.27082],[-2.15334,5.27052],[-2.15428,5.26851],[-2.15564,5.26824],[-2.16175,5.27047],[-2.16428,5.26981],[-2.16541,5.27232],[-2.16773,5.27176]]}},{"type":"Feature","properties":{},"geometry":{"type":"LineString","coordinates":[[-2.10678,5.20507],[-2.10591,5.20687],[-2.10615,5.20816],[-2.10758,5.20911],[-2.10903,5.21401],[-2.11266,5.21461],[-2.11463,5.21716],[-2.11455,5.21955],[-2.11872,5.21977],[-2.11849,5.2214],[-2.1167,5.22416],[-2.11842,5.22475],[-2.11879,5.22851],[-2.12104,5.23308],[-2.12145,5.23561],[-2.12317,5.23778],[-2.12423,5.24635],[-2.1265,5.24743],[-2.12988,5.24652],[-2.1321,5.24473],[-2.13709,5.24417],[-2.13734,5.24751]]}},{"type":"Feature","properties":{"name":"Ankobra River"},"geometry":{"type":"LineString","coordinates":[[-2.21452,4.95916],[-2.21643,4.94803],[-2.22076,4.94396],[-2.22193,4.94105],[-2.22302,4.94078]]}},{"type":"Feature","properties":{},"geometry":{"type":"LineString","coordinates":[[-0.32131,5.51274],[-0.32414,5.51299],[-0.32607,5.50876]]}},{"type":"Feature","properties":{"name":"Volta"},"geometry":{"type":"LineString","coordinates":[[0.18233,7.1797],[0.17473,7.1439],[0.16411,7.10324],[0.15772,7.06885],[0.15479,7.0419],[0.15811,7.00895],[0.16567,6.98777],[0.1686,6.97278],[0.17239,6.94536],[0.17422,6.88227],[0.17977,6.85862],[0.18933,6.83542],[0.20031,6.80088],[0.20837,6.76509],[0.21122,6.72883],[0.20613,6.70901],[0.19744,6.69524],[0.18455,6.68163],[0.17111,6.67214]]}},{"type":"Feature","properties":{"name":"Volta"},"geometry":{"type":"LineString","coordinates":[[0.17111,6.67214],[0.15669,6.66195],[0.11638,6.63087],[0.09327,6.60533],[0.08148,6.5771]]}},{"type":"Feature","properties":{"name":"Volta"},"geometry":{"type":"LineString","coordinates":[[0.08148,6.5771],[0.09786,6.5013],[0.1211,6.44947],[0.1244,6.42322],[0.11712,6.39958],[0.09721,6.35349],[0.08434,6.3325],[0.06301,6.30954],[0.059,6.30355],[0.0549,6.30097],[0.05512,6.2996]]}},{"type":"Feature","properties":{"name":"Volta"},"geometry":{"type":"LineString","coordinates":[[0.12539,6.12088],[0.12555,6.12075]]}},{"type":"Feature","properties":{"name":"Volta"},"geometry":{"type":"LineString","coordinates":[[0.12555,6.12075],[0.13833,6.10984],[0.16767,6.09946]]}},{"type":"Feature","properties":{"name":"Densu"},"geometry":{"type":"LineString","coordinates":[[-0.29397,6.06146],[-0.29406,6.05988],[-0.29233,6.05788],[-0.29218,6.05645],[-0.2937,6.05235],[-0.29267,6.04973],[-0.29328,6.0468],[-0.29227,6.04574],[-0.29297,6.04444],[-0.29248,6.04038],[-0.29304,6.03776],[-0.28287,6.03257],[-0.28093,6.03075],[-0.28058,6.02953],[-0.27389,6.02559],[-0.26758,6.01939]]}},{"type":"Feature","properties":{"name":"Densu"},"geometry":{"type":"LineString","coordinates":[[-0.3265,6.10177],[-0.32277,6.09944],[-0.32109,6.09953],[-0.32197,6.0946],[-0.3195,6.09524],[-0.31637,6.09315],[-0.31481,6.09016],[-0.31367,6.08163],[-0.30912,6.08124],[-0.30494,6.07979],[-0.30393,6.07879],[-0.30238,6.0751],[-0.2976,6.06951],[-0.29519,6.06915],[-0.29322,6.06724],[-0.28983,6.06832],[-0.29013,6.06709],[-0.29126,6.06697],[-0.29397,6.06146]]}},{"type":"Feature","properties":{"name":"Densu"},"geometry":{"type":"LineString","coordinates":[[-0.34035,5.89829],[-0.33928,5.89773],[-0.33979,5.89669],[-0.33923,5.89552],[-0.33864,5.89541],[-0.33851,5.8963],[-0.33805,5.89521],[-0.33557,5.8943],[-0.3351,5.89263],[-0.33437,5.89284],[-0.33307,5.89102],[-0.3334,5.89039],[-0.33236,5.8897],[-0.33276,5.88905],[-0.33205,5.88839],[-0.33275,5.88799],[-0.33194,5.88694],[-0.33294,5.88615],[-0.33268,5.88562],[-0.33358,5.88541],[-0.33341,5.8826],[-0.33436,5.88259],[-0.33404,5.8814],[-0.33533,5.87994],[-0.3345,5.87933],[-0.33564,5.87854],[-0.33461,5.87797],[-0.3348,5.87745]]}},{"type":"Feature","properties":{"name":"Densu"},"geometry":{"type":"LineString","coordinates":[[-0.29054,5.95739],[-0.29139,5.95521],[-0.29248,5.95508],[-0.29198,5.95433],[-0.29347,5.954],[-0.29337,5.95274],[-0.29494,5.95273],[-0.29494,5.95205],[-0.29396,5.95176],[-0.29554,5.95085],[-0.29522,5.94984],[-0.29638,5.94903],[-0.2976,5.9492],[-0.29736,5.94824],[-0.29897,5.94745],[-0.29838,5.94667],[-0.30047,5.94617],[-0.30033,5.94543],[-0.30131,5.94505],[-0.3024,5.94269]]}},{"type":"Feature","properties":{"name":"Densu"},"geometry":{"type":"LineString","coordinates":[[-0.28874,5.95811],[-0.29054,5.95739]]}},{"type":"Feature","properties":{"name":"Densu"},"geometry":{"type":"LineString","coordinates":[[-0.33699,5.90744],[-0.33737,5.90725],[-0.33665,5.90579],[-0.33803,5.9053],[-0.33708,5.90451],[-0.33661,5.90295],[-0.33853,5.90258],[-0.34035,5.89829]]}},{"type":"Feature","properties":{"name":"Afram"},"geometry":{"type":"LineString","coordinates":[[-0.15781,6.59412],[-0.12593,6.573],[-0.09253,6.55727]]}},{"type":"Feature","properties":{"name":"Birim river"},"geometry":{"type":"LineString","coordinates":[[-0.54682,6.15965],[-0.54636,6.16078],[-0.54715,6.16118],[-0.54737,6.16235],[-0.54944,6.16209],[-0.5484,6.16513],[-0.54953,6.16677],[-0.54933,6.16916],[-0.54868,6.16972],[-0.54754,6.16927],[-0.54458,6.16992],[-0.54377,6.17222],[-0.54265,6.17149],[-0.54237,6.17038],[-0.54112,6.17047],[-0.53947,6.1726],[-0.53988,6.17462],[-0.53941,6.17737],[-0.54038,6.17955],[-0.54158,6.17991],[-0.5413,6.1816],[-0.53939,6.18411],[-0.53792,6.18369],[-0.53629,6.18431],[-0.53621,6.18555],[-0.53341,6.18632],[-0.5328,6.18784],[-0.53079,6.18953],[-0.53,6.18918],[-0.52913,6.18993],[-0.52985,6.1917],[-0.52944,6.19439],[-0.53048,6.19615],[-0.52926,6.19693],[-0.52932,6.2001],[-0.5286,6.2004],[-0.52693,6.19972],[-0.52463,6.20161],[-0.52459,6.20354],[-0.52343,6.20519],[-0.52345,6.20624],[-0.522,6.207],[-0.52185,6.20802],[-0.51902,6.21118],[-0.51933,6.21259],[-0.51737,6.21355],[-0.51602,6.21601],[-0.51618,6.21723],[-0.51413,6.21782],[-0.51261,6.21697],[-0.5116,6.21897],[-0.50822,6.2177],[-0.50748,6.21969],[-0.50572,6.21845],[-0.50418,6.2183],[-0.50301,6.21892],[-0.50251,6.21854],[-0.50033,6.22007],[-0.49818,6.21892],[-0.49695,6.22271],[-0.49613,6.22274],[-0.49537,6.22176],[-0.49508,6.22374],[-0.49393,6.22309],[-0.49352,6.22374],[-0.49085,6.22316],[-0.49029,6.22363],[-0.49026,6.22618],[-0.48909,6.22683],[-0.48829,6.22974],[-0.48898,6.23138],[-0.49007,6.23168],[-0.49033,6.23241],[-0.48774,6.23319],[-0.48701,6.23506],[-0.48748,6.23874],[-0.48654,6.23813],[-0.48601,6.23868],[-0.48496,6.2378],[-0.48464,6.23912],[-0.48538,6.23961],[-0.48477,6.24092],[-0.48576,6.24189],[-0.4827,6.24407],[-0.48452,6.24916],[-0.48097,6.24983],[-0.47997,6.2509],[-0.48077,6.25293],[-0.48068,6.25375],[-0.4793,6.25438],[-0.47875,6.25575],[-0.47947,6.25755],[-0.47758,6.25836],[-0.47694,6.25742],[-0.47447,6.25868],[-0.4716,6.2652],[-0.46899,6.26819],[-0.46936,6.26952],[-0.47079,6.27098],[-0.4711,6.27318],[-0.47071,6.27494],[-0.46947,6.275],[-0.46911,6.27575],[-0.46916,6.27733],[-0.46759,6.27774],[-0.46773,6.27961],[-0.46701,6.28067],[-0.46358,6.28218],[-0.45745,6.2881],[-0.45819,6.28993],[-0.45757,6.29045],[-0.45846,6.29084],[-0.45732,6.2927],[-0.45849,6.29517],[-0.45906,6.29564],[-0.45924,6.29485],[-0.45953,6.29518],[-0.45951,6.29635],[-0.4575,6.29781],[-0.45889,6.29807],[-0.45877,6.2993],[-0.46004,6.29822],[-0.46099,6.29914],[-0.46008,6.3005],[-0.45834,6.30015],[-0.4568,6.30113],[-0.45829,6.3017],[-0.4587,6.3013],[-0.45919,6.30227],[-0.45847,6.3024],[-0.46008,6.30249],[-0.45966,6.30355],[-0.46041,6.30304],[-0.45982,6.30381],[-0.46078,6.30394],[-0.45964,6.30562],[-0.46068,6.30698],[-0.45988,6.30728],[-0.4602,6.30775],[-0.45828,6.30811],[-0.45721,6.31032],[-0.45781,6.31123],[-0.45731,6.31151],[-0.45964,6.31219],[-0.46164,6.31143],[-0.46256,6.3122],[-0.46229,6.31418],[-0.46365,6.31479],[-0.46318,6.31543],[-0.46367,6.3165],[-0.46262,6.31719],[-0.46302,6.32023],[-0.46225,6.32098],[-0.46212,6.32245],[-0.46337,6.32366],[-0.46316,6.32467],[-0.4638,6.32452],[-0.46403,6.32575],[-0.4647,6.32584],[-0.46282,6.32628],[-0.46342,6.32742],[-0.46271,6.32733],[-0.46445,6.32952],[-0.4625,6.32977],[-0.46169,6.33244],[-0.45896,6.33062],[-0.4586,6.33122],[-0.4589,6.33228],[-0.4583,6.3326],[-0.46058,6.33389],[-0.45981,6.33573],[-0.45798,6.33542],[-0.46006,6.33656],[-0.45999,6.33765],[-0.46102,6.33861],[-0.45978,6.33891],[-0.46013,6.33934],[-0.46155,6.33904],[-0.46194,6.34003],[-0.46348,6.33955],[-0.4662,6.34113],[-0.46688,6.34051],[-0.46711,6.34133],[-0.46751,6.34034],[-0.46861,6.34027],[-0.47018,6.34113],[-0.47051,6.34227],[-0.47191,6.34255],[-0.47263,6.34423],[-0.47349,6.34486],[-0.47358,6.34434],[-0.48043,6.34938],[-0.48002,6.3503],[-0.48085,6.35062],[-0.48093,6.35182],[-0.47969,6.35344],[-0.47966,6.35656],[-0.48174,6.35689],[-0.48138,6.35625],[-0.48255,6.35622],[-0.48202,6.35562],[-0.48318,6.35521],[-0.48423,6.35851],[-0.48832,6.35773],[-0.48809,6.35974],[-0.48518,6.36069],[-0.48654,6.36184],[-0.48574,6.36284],[-0.48727,6.36263],[-0.48682,6.36412],[-0.48887,6.36372],[-0.48849,6.36727],[-0.49128,6.36784],[-0.49162,6.36823],[-0.49105,6.36905],[-0.49231,6.3681],[-0.49304,6.36842],[-0.49432,6.36598],[-0.49623,6.36598],[-0.4966,6.36801],[-0.4956,6.36921],[-0.49594,6.3703],[-0.49458,6.37057],[-0.49445,6.37114],[-0.49609,6.37078],[-0.49694,6.37184],[-0.49841,6.37123],[-0.49908,6.37155],[-0.49807,6.37201],[-0.49856,6.37266],[-0.49746,6.37337],[-0.49797,6.37391],[-0.49715,6.37539],[-0.49768,6.37609],[-0.50127,6.37851],[-0.50932,6.38235],[-0.5125,6.38524],[-0.51276,6.38768],[-0.51463,6.3886],[-0.51499,6.38982],[-0.51577,6.38937],[-0.52097,6.39222],[-0.52328,6.39231],[-0.52611,6.39013],[-0.53035,6.391],[-0.5484,6.38969],[-0.55302,6.38619],[-0.55915,6.38458],[-0.56164,6.3828],[-0.5657,6.38247],[-0.57195,6.37989],[-0.57589,6.3809],[-0.58305,6.3861],[-0.58743,6.38702],[-0.58981,6.38567],[-0.59328,6.38239],[-0.59983,6.37317],[-0.60365,6.37154],[-0.60548,6.36816],[-0.61034,6.36673],[-0.61108,6.36447],[-0.61375,6.36293],[-0.61587,6.36255],[-0.61729,6.36305],[-0.61937,6.36123],[-0.61902,6.3597],[-0.61967,6.35844],[-0.6215,6.35882],[-0.622,6.35808],[-0.62287,6.35814],[-0.6235,6.36032],[-0.62238,6.3615],[-0.62483,6.36144],[-0.62437,6.36212],[-0.62582,6.36213],[-0.62681,6.36109],[-0.62767,6.36121],[-0.62811,6.36233],[-0.62638,6.36304],[-0.6263,6.36557],[-0.62834,6.36715],[-0.6286,6.36624],[-0.63089,6.36436],[-0.63241,6.36413],[-0.63315,6.36496],[-0.63335,6.36352],[-0.63481,6.36211],[-0.63535,6.36244],[-0.63509,6.36321],[-0.63598,6.3631],[-0.63608,6.36361],[-0.6348,6.36379],[-0.63539,6.36406],[-0.63652,6.36378],[-0.63656,6.36225],[-0.63694,6.36357],[-0.63814,6.36383],[-0.63822,6.36301],[-0.64022,6.36242],[-0.64188,6.36293],[-0.64192,6.36153],[-0.64071,6.36126],[-0.64186,6.36027],[-0.64169,6.35924],[-0.64241,6.35925],[-0.64224,6.35825],[-0.64375,6.35771],[-0.64427,6.35659],[-0.64501,6.35737],[-0.64566,6.3569],[-0.64541,6.35619],[-0.64666,6.35632],[-0.64653,6.35506],[-0.64512,6.35478],[-0.64516,6.3535],[-0.64422,6.35373],[-0.64453,6.3521],[-0.64544,6.3526],[-0.64547,6.35151],[-0.6467,6.35163],[-0.64738,6.35051],[-0.64891,6.35025],[-0.64935,6.34919],[-0.65112,6.34817],[-0.65217,6.34951],[-0.65512,6.34847],[-0.65494,6.3506],[-0.65667,6.35594],[-0.65661,6.35743],[-0.66,6.35895],[-0.66015,6.35757],[-0.66192,6.35731],[-0.66459,6.35359],[-0.66715,6.35437],[-0.66734,6.35568],[-0.66928,6.35673],[-0.67065,6.3553],[-0.67049,6.35361],[-0.67207,6.35341],[-0.67162,6.3546],[-0.67291,6.35457],[-0.6739,6.35104],[-0.67498,6.35101],[-0.67673,6.35255],[-0.6779,6.35061],[-0.67958,6.35151],[-0.68026,6.35066],[-0.68196,6.35121],[-0.68196,6.35006],[-0.68118,6.3499],[-0.68145,6.34883],[-0.68353,6.34895],[-0.68417,6.34425],[-0.68509,6.34303],[-0.68774,6.34178],[-0.6891,6.33781],[-0.69085,6.33643],[-0.69238,6.33706],[-0.69578,6.3369],[-0.69615,6.33312],[-0.69418,6.33135],[-0.69259,6.33127],[-0.69246,6.33],[-0.69709,6.32962],[-0.69808,6.32914],[-0.69833,6.32822],[-0.69753,6.32742],[-0.69528,6.32733],[-0.69467,6.32627],[-0.69602,6.32594],[-0.69733,6.32424],[-0.70009,6.32482],[-0.7038,6.32363],[-0.70449,6.32295],[-0.70398,6.32141],[-0.70614,6.31967],[-0.70696,6.31675],[-0.70611,6.31622],[-0.70397,6.3175],[-0.7028,6.3145],[-0.70311,6.31376],[-0.70555,6.31364],[-0.70615,6.31174],[-0.70323,6.31118],[-0.70101,6.30952],[-0.70097,6.30775],[-0.69959,6.30612],[-0.7009,6.30452],[-0.70046,6.30211],[-0.70198,6.30219],[-0.70305,6.30362],[-0.7033,6.30172],[-0.70528,6.30103],[-0.70697,6.29932],[-0.70828,6.30196],[-0.71052,6.30261],[-0.71163,6.30164],[-0.71265,6.29627],[-0.71666,6.29676],[-0.71937,6.29621],[-0.71985,6.29498],[-0.72244,6.29403],[-0.7239,6.29229],[-0.7251,6.29203],[-0.72543,6.29093],[-0.72641,6.29091],[-0.72739,6.28964],[-0.72871,6.28919],[-0.72804,6.28689],[-0.73469,6.2914],[-0.73616,6.29079],[-0.73627,6.28962],[-0.73727,6.28904],[-0.74021,6.28865],[-0.74206,6.28977],[-0.74237,6.28943]]}},{"type":"Feature","properties":{"name":"Afram"},"geometry":{"type":"LineString","coordinates":[[-0.33197,6.66299],[-0.31226,6.66485],[-0.2629,6.6652],[-0.25475,6.66376],[-0.24273,6.65779],[-0.21299,6.63873],[-0.15781,6.59412]]}},{"type":"Feature","properties":{"name":"Afram"},"geometry":{"type":"LineString","coordinates":[[-0.68334,6.83188],[-0.66321,6.83448],[-0.65978,6.83342],[-0.65785,6.83167],[-0.65682,6.82928],[-0.65464,6.81583],[-0.65351,6.81241],[-0.65004,6.81011],[-0.63729,6.80653],[-0.63257,6.80338],[-0.63051,6.80005],[-0.62974,6.79494],[-0.63086,6.77482],[-0.63017,6.77039],[-0.62802,6.76634],[-0.62343,6.76298]]}},{"type":"Feature","properties":{"name":"Afram"},"geometry":{"type":"LineString","coordinates":[[-0.75569,6.87651],[-0.75344,6.8759],[-0.75276,6.87442],[-0.74563,6.87326],[-0.74066,6.87158],[-0.73391,6.85948],[-0.71787,6.84561],[-0.70196,6.82839],[-0.69979,6.82736],[-0.69622,6.82739],[-0.68334,6.83188]]}},{"type":"Feature","properties":{"name":"Afram"},"geometry":{"type":"LineString","coordinates":[[-0.09253,6.55727],[-0.07725,6.55138],[0.00464,6.54886],[0.08148,6.5771]]}},{"type":"Feature","properties":{},"geometry":{"type":"LineString","coordinates":[[-0.1593,7.19457],[-0.15827,7.19351],[-0.15437,7.19444],[-0.15299,7.19547],[-0.14952,7.20096],[-0.14711,7.20202],[-0.14501,7.19866],[-0.14527,7.19713],[-0.14295,7.19462],[-0.13121,7.19468],[-0.12834,7.19413],[-0.12379,7.19481],[-0.10677,7.1944],[-0.10162,7.191],[-0.0965,7.18416]]}},{"type":"Feature","properties":{"name":"Birim"},"geometry":{"type":"LineString","coordinates":[[-0.83334,6.07679],[-0.83131,6.07358],[-0.83209,6.07272],[-0.83412,6.0723],[-0.83393,6.07105],[-0.8317,6.06753],[-0.83315,6.06679],[-0.83405,6.06462],[-0.83568,6.06321],[-0.83529,6.05597],[-0.83956,6.05563],[-0.83985,6.05362],[-0.84123,6.05263],[-0.83969,6.05096],[-0.83919,6.04927],[-0.8364,6.04874],[-0.83593,6.04808],[-0.8345,6.04408],[-0.83469,6.04301],[-0.83666,6.0421],[-0.83849,6.04295],[-0.83838,6.04389],[-0.83948,6.044],[-0.84015,6.04372],[-0.83994,6.04305],[-0.8414,6.04083],[-0.84225,6.04076],[-0.84259,6.04182],[-0.84535,6.04027],[-0.84701,6.04064],[-0.8551,6.0379],[-0.85523,6.03714],[-0.85219,6.03635],[-0.85114,6.03523],[-0.85151,6.03442],[-0.85238,6.03533],[-0.85497,6.03519],[-0.85404,6.03315],[-0.85623,6.0319],[-0.8572,6.02978],[-0.85638,6.02764],[-0.85653,6.02599],[-0.85769,6.02571],[-0.85927,6.02347],[-0.8591,6.01853],[-0.85822,6.01587],[-0.86069,6.0116],[-0.86106,6.00676],[-0.86233,6.00666],[-0.86415,6.00365],[-0.86401,6.00108],[-0.86621,6.00182],[-0.86872,5.99982],[-0.86875,5.99797],[-0.87185,5.99726]]}},{"type":"Feature","properties":{"name":"Birim"},"geometry":{"type":"LineString","coordinates":[[-0.94901,5.95224],[-0.95243,5.95203],[-0.95547,5.95507],[-0.9579,5.95953],[-0.96237,5.95695],[-0.96539,5.95711]]}},{"type":"Feature","properties":{"name":"Birim"},"geometry":{"type":"LineString","coordinates":[[-0.96539,5.95711],[-0.96696,5.95581],[-0.96731,5.95473],[-0.96622,5.95337],[-0.96388,5.95214],[-0.9665,5.94575],[-0.9685,5.94404],[-0.97188,5.94836],[-0.97402,5.94907],[-0.97467,5.95089],[-0.97585,5.95053],[-0.97698,5.9515],[-0.97883,5.95052],[-0.98031,5.95223],[-0.97933,5.95371],[-0.9812,5.95434],[-0.98206,5.95276],[-0.98275,5.95306],[-0.9835,5.95423],[-0.98234,5.95609],[-0.98465,5.95749],[-0.98652,5.95169],[-0.98626,5.95111],[-0.98471,5.95093],[-0.98474,5.94994],[-0.98528,5.94924],[-0.98599,5.94944],[-0.98859,5.95151],[-0.98935,5.94959],[-0.98867,5.94823],[-0.98959,5.94821],[-0.9904,5.94989],[-0.99298,5.94794],[-0.99273,5.94629],[-0.99087,5.94386],[-0.99156,5.94292],[-0.99399,5.94421],[-0.99469,5.94213],[-0.99654,5.94338],[-0.99863,5.93855],[-0.99661,5.93721],[-0.99576,5.93568],[-0.99773,5.93464],[-0.99894,5.93205],[-1.00002,5.9319],[-1.00188,5.93279],[-1.00655,5.93659],[-1.0088,5.93753],[-1.00949,5.93692],[-1.00925,5.93587],[-1.0056,5.93486],[-1.00569,5.93387],[-1.00689,5.93257]]}},{"type":"Feature","properties":{"name":"Birim"},"geometry":{"type":"LineString","coordinates":[[-1.00689,5.93257],[-1.0097,5.93128],[-1.01223,5.92768],[-1.01271,5.92598],[-1.01882,5.92771],[-1.02057,5.92675],[-1.02269,5.92717],[-1.02364,5.92481],[-1.02308,5.92272],[-1.02608,5.92319],[-1.02727,5.92191],[-1.02811,5.9219],[-1.03215,5.92451],[-1.03358,5.92452],[-1.03389,5.92264],[-1.03316,5.92029],[-1.03134,5.91813],[-1.03322,5.91812],[-1.03908,5.91484],[-1.03971,5.91366],[-1.04149,5.91347],[-1.0426,5.91388],[-1.04348,5.91728],[-1.04562,5.91812],[-1.04829,5.92188],[-1.05094,5.92395],[-1.05287,5.92413],[-1.05401,5.92289],[-1.05496,5.92442],[-1.05565,5.92306],[-1.05735,5.92281],[-1.05931,5.92561],[-1.06154,5.92646],[-1.06316,5.92596],[-1.06422,5.9268],[-1.06419,5.92881],[-1.0661,5.92864],[-1.06744,5.92778],[-1.06826,5.92821],[-1.06754,5.93073],[-1.06859,5.93218],[-1.06777,5.93498],[-1.07084,5.93591],[-1.07217,5.93848],[-1.07715,5.93994],[-1.07753,5.94092],[-1.07704,5.94212]]}},{"type":"Feature","properties":{"name":"Birim"},"geometry":{"type":"LineString","coordinates":[[-1.07704,5.94212],[-1.0778,5.94217],[-1.07882,5.9407],[-1.07956,5.94109],[-1.08059,5.9422],[-1.08084,5.94504],[-1.08149,5.94478],[-1.08278,5.94368],[-1.08348,5.94173],[-1.08307,5.93826],[-1.08365,5.93784],[-1.08417,5.93789],[-1.08552,5.942],[-1.08687,5.94208],[-1.08748,5.9414],[-1.08697,5.93867],[-1.08743,5.93744],[-1.09064,5.93758],[-1.0916,5.93703],[-1.09174,5.93468],[-1.09314,5.9335]]}},{"type":"Feature","properties":{},"geometry":{"type":"LineString","coordinates":[[-1.12016,6.22797],[-1.12137,6.22609],[-1.12203,6.22623],[-1.12125,6.22252],[-1.1223,6.22145],[-1.12282,6.22232],[-1.12291,6.22187],[-1.12238,6.22095],[-1.12152,6.22141],[-1.12065,6.2205],[-1.12241,6.21937],[-1.12193,6.21795],[-1.12308,6.21784],[-1.12064,6.21642],[-1.1212,6.21538],[-1.12023,6.21445],[-1.12118,6.21404],[-1.1207,6.21283],[-1.12217,6.21237],[-1.1219,6.21135],[-1.12254,6.21092],[-1.12182,6.21004],[-1.12052,6.21039],[-1.12013,6.20917],[-1.12338,6.20878],[-1.12364,6.20666]]}},{"type":"Feature","properties":{},"geometry":{"type":"LineString","coordinates":[[-0.99506,6.42166],[-0.99977,6.42071],[-1.00159,6.42168],[-1.00177,6.42003],[-1.0036,6.4188],[-1.00726,6.42098],[-1.00967,6.42111],[-1.00982,6.41823],[-1.01055,6.41697]]}},{"type":"Feature","properties":{},"geometry":{"type":"LineString","coordinates":[[-1.15528,7.46903],[-1.15158,7.46876],[-1.14497,7.46945]]}},{"type":"Feature","properties":{"name":"Afram"},"geometry":{"type":"LineString","coordinates":[[-1.28877,7.23195],[-1.28425,7.23119],[-1.28338,7.22982],[-1.28381,7.22928],[-1.28262,7.22844],[-1.28108,7.22849],[-1.282,7.22704],[-1.28193,7.22479],[-1.27875,7.22315],[-1.27752,7.22422],[-1.27635,7.2236],[-1.27533,7.22474],[-1.27445,7.22452],[-1.27437,7.22555],[-1.27361,7.22596],[-1.27232,7.2256],[-1.27094,7.22643],[-1.26956,7.22529],[-1.26777,7.22566],[-1.26659,7.2246],[-1.26274,7.22352],[-1.26103,7.22057],[-1.25777,7.21918],[-1.25518,7.21898],[-1.25524,7.22008],[-1.25414,7.22119],[-1.25198,7.22071]]}},{"type":"Feature","properties":{},"geometry":{"type":"LineString","coordinates":[[-1.14987,7.44145],[-1.14759,7.44091],[-1.14489,7.44358],[-1.14489,7.45061],[-1.13939,7.45514],[-1.13253,7.45939],[-1.1248,7.46127],[-1.11828,7.46348],[-1.11567,7.46509],[-1.11316,7.46456],[-1.1111,7.46494],[-1.1094,7.4636],[-1.10679,7.46467]]}},{"type":"Feature","properties":{"name":"Afram"},"geometry":{"type":"LineString","coordinates":[[-1.1029,7.06831],[-1.10147,7.06713],[-1.10128,7.06518],[-1.1003,7.0655],[-1.09857,7.06466]]}},{"type":"Feature","properties":{"name":"Afram"},"geometry":{"type":"LineString","coordinates":[[-1.0924,7.11411],[-1.0951,7.11103],[-1.09542,7.11012],[-1.09493,7.1092],[-1.09542,7.10883],[-1.09472,7.10746],[-1.0957,7.1073],[-1.09675,7.10322],[-1.09899,7.09957],[-1.1,7.09967],[-1.10021,7.09883],[-1.10258,7.09745],[-1.10451,7.09485],[-1.1044,7.09322],[-1.10678,7.08916],[-1.10612,7.0869],[-1.107,7.08681],[-1.10705,7.08603],[-1.10612,7.08493],[-1.10689,7.0846],[-1.10842,7.08086],[-1.10741,7.0799],[-1.10853,7.07927],[-1.10739,7.07798],[-1.1073,7.07724],[-1.10805,7.07679],[-1.10782,7.0752],[-1.10607,7.07423],[-1.10616,7.07259],[-1.10515,7.07238],[-1.1046,7.07125],[-1.10371,7.0714],[-1.10438,7.07071],[-1.10328,7.0694],[-1.10222,7.06916],[-1.1029,7.06831]]}},{"type":"Feature","properties":{"name":"Afram"},"geometry":{"type":"LineString","coordinates":[[-1.25198,7.22071],[-1.24913,7.22041],[-1.24847,7.22108],[-1.24592,7.21896],[-1.24482,7.21881],[-1.24443,7.2194],[-1.2421,7.21772]]}},{"type":"Feature","properties":{},"geometry":{"type":"LineString","coordinates":[[-1.02661,6.9429],[-1.0207,6.94467],[-1.0223,6.9497],[-1.01848,6.94941],[-1.01674,6.95091],[-1.01551,6.95494],[-1.01359,6.95735],[-1.00678,6.96153],[-1.00285,6.96577],[-1.00071,6.96722],[-0.99898,6.97077],[-0.99372,6.97219],[-0.98718,6.98185],[-0.98416,6.98749],[-0.97725,6.99267],[-0.97336,6.99482],[-0.97124,6.9988],[-0.9686,6.99927],[-0.96617,7.00189],[-0.9607,7.00892],[-0.96015,7.01207],[-0.95854,7.01371],[-0.95781,7.01987],[-0.95487,7.0237],[-0.95268,7.02802],[-0.95272,7.03303],[-0.95097,7.03514]]}},{"type":"Feature","properties":{"name":"Afram"},"geometry":{"type":"LineString","coordinates":[[-1.09857,7.06466],[-1.09885,7.06352],[-1.09773,7.06317],[-1.09718,7.06491],[-1.09575,7.06373],[-1.09521,7.06414],[-1.09541,7.06536],[-1.09381,7.06514],[-1.09361,7.06589],[-1.09237,7.06543],[-1.09165,7.06584],[-1.0908,7.06494],[-1.09209,7.06483],[-1.09205,7.06426],[-1.08971,7.06437],[-1.0915,7.06297],[-1.09078,7.06166],[-1.08955,7.06234],[-1.08886,7.06106],[-1.08802,7.06134],[-1.08715,7.05904],[-1.08589,7.05813],[-1.08482,7.05845],[-1.08483,7.05725],[-1.08376,7.05733],[-1.0829,7.05629],[-1.0811,7.05658],[-1.0805,7.0559],[-1.07918,7.05697],[-1.07805,7.05611],[-1.07812,7.05753],[-1.07568,7.05571],[-1.07131,7.05596],[-1.07048,7.0553],[-1.06657,7.05647],[-1.0661,7.0553],[-1.0633,7.05524],[-1.06304,7.05633],[-1.06157,7.05645],[-1.06067,7.0558],[-1.06092,7.05521],[-1.05976,7.05637],[-1.05925,7.05571],[-1.05786,7.05621],[-1.05559,7.05518],[-1.05565,7.0557],[-1.05499,7.05548],[-1.05508,7.05626],[-1.05343,7.05738],[-1.05028,7.05728],[-1.04956,7.05823],[-1.04757,7.05908],[-1.04342,7.05633],[-1.03723,7.05373],[-1.03735,7.05321],[-1.03635,7.05324],[-1.03623,7.04966],[-1.03521,7.04867],[-1.03233,7.04774],[-1.02937,7.04403],[-1.0257,7.04268],[-1.01916,7.03629],[-1.01341,7.03388],[-1.01231,7.03225],[-1.00761,7.03123],[-1.00347,7.03409],[-1.00012,7.03428]]}},{"type":"Feature","properties":{"name":"Pra River"},"geometry":{"type":"LineString","coordinates":[[-1.20561,6.11621],[-1.20674,6.11238],[-1.20429,6.1118],[-1.20257,6.11042],[-1.2011,6.10989],[-1.20072,6.11039],[-1.20161,6.1116],[-1.20105,6.11251],[-1.19645,6.11229],[-1.19496,6.11367],[-1.19273,6.11267],[-1.19179,6.11057],[-1.18999,6.10983]]}},{"type":"Feature","properties":{},"geometry":{"type":"LineString","coordinates":[[-1.69707,6.85426],[-1.69915,6.85298],[-1.70636,6.85165],[-1.71048,6.84326],[-1.7146,6.83964],[-1.72097,6.83523],[-1.7218,6.83519]]}},{"type":"Feature","properties":{"name":"Ofin"},"geometry":{"type":"LineString","coordinates":[[-1.7218,6.83519],[-1.72188,6.8352]]}},{"type":"Feature","properties":{},"geometry":{"type":"LineString","coordinates":[[-1.6454,6.75838],[-1.64667,6.75869],[-1.64742,6.75735],[-1.6488,6.75712],[-1.65078,6.75475]]}},{"type":"Feature","properties":{},"geometry":{"type":"LineString","coordinates":[[-1.40069,6.85431],[-1.40146,6.855],[-1.40713,6.85649]]}},{"type":"Feature","properties":{"name":"Owabi"},"geometry":{"type":"LineString","coordinates":[[-1.70174,6.75027],[-1.70352,6.75176],[-1.70534,6.7502],[-1.70642,6.75011],[-1.70798,6.75108],[-1.70975,6.75039]]}},{"type":"Feature","properties":{"name":"Owabi"},"geometry":{"type":"LineString","coordinates":[[-1.70982,6.75028],[-1.71005,6.74965],[-1.71198,6.74972],[-1.71276,6.75136]]}},{"type":"Feature","properties":{"name":"River Offin"},"geometry":{"type":"LineString","coordinates":[[-1.59731,6.6136],[-1.59833,6.61342],[-1.59926,6.61143],[-1.59623,6.60842],[-1.59706,6.60427],[-1.59536,6.60392],[-1.59482,6.60293],[-1.59748,6.60038],[-1.59807,6.59765],[-1.59385,6.59693],[-1.59401,6.59607],[-1.59321,6.59615],[-1.59384,6.5953],[-1.59127,6.59459],[-1.59159,6.59205],[-1.60046,6.59219],[-1.60201,6.59372],[-1.60481,6.59303],[-1.60625,6.59336],[-1.60822,6.5914],[-1.60815,6.59026],[-1.61043,6.58961],[-1.61145,6.5885],[-1.61203,6.5887],[-1.61242,6.58776]]}},{"type":"Feature","properties":{},"geometry":{"type":"LineString","coordinates":[[-1.62357,6.77088],[-1.62918,6.76601]]}},{"type":"Feature","properties":{},"geometry":{"type":"LineString","coordinates":[[-1.62918,6.76601],[-1.63422,6.76593],[-1.63524,6.76453],[-1.63823,6.76407],[-1.64069,6.75917],[-1.6454,6.75838]]}},{"type":"Feature","properties":{"name":"Anum River"},"geometry":{"type":"LineString","coordinates":[[-1.26763,6.66087],[-1.26812,6.66067],[-1.2683,6.65809],[-1.26584,6.65367],[-1.26653,6.65304],[-1.26578,6.65172],[-1.2663,6.652],[-1.26716,6.65132],[-1.26792,6.64988],[-1.26723,6.6496],[-1.2678,6.64919],[-1.26993,6.64948],[-1.27062,6.64879],[-1.27051,6.64787],[-1.27114,6.64822],[-1.27126,6.64759],[-1.27241,6.6473],[-1.27299,6.64564],[-1.27264,6.64495],[-1.27334,6.64426],[-1.27282,6.64374],[-1.27466,6.64323],[-1.27552,6.64386],[-1.27674,6.64225],[-1.27823,6.64358],[-1.27852,6.64157],[-1.27985,6.6391]]}},{"type":"Feature","properties":{"name":"Anum River"},"geometry":{"type":"LineString","coordinates":[[-1.24,6.72214],[-1.24075,6.72099],[-1.24012,6.72007],[-1.24087,6.71956],[-1.24041,6.71772],[-1.2423,6.71617],[-1.24179,6.71216],[-1.24507,6.71044],[-1.24513,6.71096],[-1.24652,6.71079],[-1.24727,6.70803],[-1.2467,6.7078],[-1.24762,6.70757],[-1.2471,6.70706],[-1.24745,6.70631],[-1.24653,6.70626],[-1.2467,6.70545],[-1.24613,6.70539],[-1.24619,6.70396],[-1.24538,6.70362],[-1.24527,6.70127],[-1.2447,6.70098],[-1.24464,6.69995],[-1.24717,6.69622],[-1.24654,6.69616],[-1.24572,6.69412],[-1.24526,6.69217],[-1.24567,6.69056],[-1.24469,6.6897],[-1.24498,6.68873],[-1.24676,6.68718],[-1.24696,6.68515],[-1.24851,6.68544],[-1.24973,6.6837],[-1.25409,6.68357],[-1.25427,6.6819],[-1.25513,6.68271],[-1.25646,6.68139],[-1.25623,6.68024],[-1.25663,6.68059],[-1.25675,6.68007],[-1.25946,6.67955],[-1.25935,6.67617],[-1.25854,6.67582],[-1.25854,6.67479],[-1.25878,6.67129],[-1.2604,6.66796],[-1.25977,6.66767],[-1.26092,6.66629],[-1.26144,6.66434],[-1.26294,6.66492],[-1.26466,6.66406],[-1.26432,6.66325],[-1.26559,6.66107],[-1.26763,6.66087]]}},{"type":"Feature","properties":{"name":"Anum River"},"geometry":{"type":"LineString","coordinates":[[-1.29821,6.43305],[-1.29977,6.43076],[-1.2999,6.428],[-1.30264,6.42589],[-1.30316,6.42443],[-1.29863,6.41955],[-1.29945,6.41318],[-1.29832,6.40924],[-1.29898,6.40805],[-1.29688,6.40743],[-1.29632,6.40839],[-1.29522,6.40798],[-1.2947,6.40682],[-1.29334,6.40708]]}},{"type":"Feature","properties":{"name":"Oda"},"geometry":{"type":"LineString","coordinates":[[-1.60017,6.54605],[-1.59995,6.54432],[-1.59818,6.5444],[-1.5958,6.54189],[-1.59646,6.53976],[-1.59709,6.53976],[-1.5965,6.53914],[-1.59767,6.53772],[-1.59693,6.53622],[-1.5975,6.53558],[-1.59734,6.5343],[-1.59609,6.53284],[-1.59673,6.53124],[-1.59603,6.53029],[-1.59676,6.53036],[-1.59703,6.5294],[-1.59655,6.52836]]}},{"type":"Feature","properties":{"name":"River Offin"},"geometry":{"type":"LineString","coordinates":[[-1.60254,6.62434],[-1.60076,6.61946],[-1.59856,6.61687],[-1.59731,6.6136]]}},{"type":"Feature","properties":{"name":"Oda"},"geometry":{"type":"LineString","coordinates":[[-1.59655,6.52836],[-1.59456,6.52654],[-1.59305,6.52637],[-1.59218,6.52459],[-1.59132,6.52441],[-1.59152,6.5236],[-1.59024,6.52363],[-1.58896,6.51973],[-1.58809,6.51943],[-1.58902,6.51872],[-1.58833,6.51645],[-1.5876,6.51613],[-1.58787,6.51519],[-1.58644,6.51501],[-1.5875,6.5132],[-1.58672,6.51144],[-1.58748,6.51132],[-1.58609,6.51056],[-1.58645,6.50952],[-1.58534,6.50718],[-1.58592,6.50645],[-1.58539,6.50559],[-1.586,6.50498],[-1.5848,6.50127]]}},{"type":"Feature","properties":{"name":"Anum River"},"geometry":{"type":"LineString","coordinates":[[-1.19761,6.19958],[-1.19491,6.20031],[-1.1948,6.19893],[-1.19423,6.19865],[-1.19369,6.20065],[-1.19333,6.1987],[-1.19227,6.19973],[-1.19188,6.19931]]}},{"type":"Feature","properties":{"name":"Anum River"},"geometry":{"type":"LineString","coordinates":[[-1.23407,6.28172],[-1.23274,6.28177],[-1.22998,6.28476]]}},{"type":"Feature","properties":{"name":"Anum River"},"geometry":{"type":"LineString","coordinates":[[-1.27985,6.6391],[-1.27962,6.63732],[-1.28042,6.63755],[-1.28083,6.63652],[-1.28302,6.63537],[-1.28332,6.63442],[-1.28434,6.63452],[-1.28578,6.63274],[-1.28659,6.63303],[-1.2859,6.63216],[-1.28653,6.63222],[-1.28682,6.63142],[-1.28612,6.63133],[-1.28648,6.62947],[-1.28539,6.62901],[-1.28654,6.62671],[-1.28482,6.62522],[-1.28598,6.62258],[-1.28477,6.62309],[-1.28494,6.62194],[-1.28431,6.62114],[-1.28402,6.62171],[-1.28339,6.62125],[-1.28218,6.62188],[-1.28195,6.62114],[-1.28115,6.62096],[-1.2815,6.61947],[-1.28034,6.61993],[-1.27948,6.61927],[-1.27989,6.61717],[-1.27564,6.61189],[-1.27582,6.61114],[-1.27444,6.60919],[-1.27565,6.60718],[-1.27715,6.60643],[-1.27767,6.60356],[-1.2786,6.60282],[-1.27779,6.6023],[-1.27768,6.60064],[-1.27843,6.60047],[-1.27694,6.59782],[-1.27625,6.59782],[-1.27636,6.59644],[-1.27539,6.59501],[-1.27487,6.59524],[-1.27464,6.59426],[-1.27309,6.59397],[-1.27252,6.59156],[-1.2731,6.59081],[-1.27189,6.58995],[-1.27006,6.5861],[-1.26685,6.58384],[-1.26593,6.57915],[-1.26904,6.57778],[-1.27197,6.57755],[-1.27306,6.57887],[-1.27641,6.57446],[-1.2771,6.57457],[-1.28027,6.57096],[-1.28096,6.57119],[-1.28223,6.57039],[-1.28534,6.56764],[-1.28678,6.56512],[-1.28667,6.5642],[-1.28885,6.56334],[-1.29191,6.5599],[-1.29146,6.55663],[-1.29307,6.55549],[-1.29341,6.55422],[-1.29485,6.55342],[-1.29595,6.55342],[-1.29681,6.55429],[-1.29853,6.55377],[-1.29721,6.55314],[-1.29785,6.55171],[-1.29733,6.55039],[-1.29826,6.54786],[-1.29631,6.5466],[-1.29608,6.54378],[-1.29367,6.54056],[-1.2935,6.53919],[-1.29189,6.53798],[-1.29086,6.53568],[-1.28972,6.53476],[-1.28957,6.53421],[-1.29052,6.53339],[-1.28934,6.53207],[-1.28917,6.53055],[-1.28532,6.52926],[-1.28486,6.52762],[-1.28378,6.52729],[-1.28416,6.52514],[-1.28316,6.52428],[-1.28446,6.52364],[-1.28447,6.52301],[-1.28428,6.52196],[-1.28279,6.5209],[-1.28289,6.52008],[-1.28391,6.51972],[-1.28361,6.51841],[-1.2844,6.51839],[-1.28539,6.51949],[-1.28433,6.51639],[-1.28521,6.51599],[-1.28464,6.5147],[-1.28551,6.51382],[-1.28451,6.51191],[-1.28713,6.50964],[-1.28651,6.50844],[-1.28633,6.50492],[-1.27913,6.50191],[-1.27975,6.50056],[-1.28118,6.4996],[-1.28042,6.4973],[-1.2826,6.49704],[-1.284,6.49548],[-1.28418,6.48796],[-1.2855,6.48722],[-1.2869,6.48431],[-1.28508,6.48186],[-1.28524,6.48012],[-1.28684,6.47833],[-1.28942,6.47797],[-1.28944,6.47482],[-1.29069,6.47208],[-1.29045,6.46401],[-1.29025,6.46328],[-1.28805,6.46272],[-1.28924,6.45862],[-1.2881,6.45648],[-1.28835,6.45468],[-1.2872,6.4543],[-1.28559,6.45077],[-1.28726,6.45059],[-1.29124,6.4519],[-1.29275,6.45127],[-1.29402,6.44964],[-1.29376,6.44571],[-1.29281,6.44512],[-1.29257,6.44412],[-1.2948,6.44129],[-1.29439,6.44027],[-1.2948,6.43714],[-1.29524,6.43613],[-1.29656,6.43586],[-1.29626,6.43313],[-1.29703,6.43265],[-1.29821,6.43305]]}},{"type":"Feature","properties":{},"geometry":{"type":"LineString","coordinates":[[-1.64993,6.13721],[-1.65382,6.13689],[-1.6549,6.13622],[-1.65484,6.13368],[-1.65344,6.13258],[-1.65563,6.12852],[-1.65579,6.12735],[-1.65514,6.12681],[-1.65648,6.1262],[-1.65635,6.12438],[-1.65757,6.12358],[-1.65774,6.12267],[-1.65878,6.1227],[-1.65958,6.12107],[-1.6601,6.1212],[-1.66043,6.11971]]}},{"type":"Feature","properties":{},"geometry":{"type":"LineString","coordinates":[[-1.56297,6.19657],[-1.56499,6.19413],[-1.56668,6.19344],[-1.5672,6.19203],[-1.56836,6.19163],[-1.56895,6.19015],[-1.57187,6.18749],[-1.57299,6.18534],[-1.57638,6.18393]]}},{"type":"Feature","properties":{},"geometry":{"type":"LineString","coordinates":[[-1.62796,6.176],[-1.63312,6.175],[-1.63718,6.16746],[-1.63841,6.16646],[-1.63723,6.16276],[-1.63946,6.15754],[-1.63897,6.15725],[-1.63915,6.15619],[-1.64067,6.15514],[-1.64125,6.15212],[-1.64372,6.14928],[-1.64366,6.14765],[-1.64488,6.14647],[-1.64993,6.13721]]}},{"type":"Feature","properties":{},"geometry":{"type":"LineString","coordinates":[[-1.62131,6.18663],[-1.62215,6.18564],[-1.62124,6.18494],[-1.62224,6.18353],[-1.62287,6.18283],[-1.62316,6.18324],[-1.62314,6.18262],[-1.62435,6.18245],[-1.62564,6.18036],[-1.62708,6.17989],[-1.62634,6.17819],[-1.62554,6.17777],[-1.62796,6.176]]}},{"type":"Feature","properties":{"name":"Ofin River"},"geometry":{"type":"LineString","coordinates":[[-1.55923,5.92342],[-1.55812,5.92354],[-1.55637,5.92516],[-1.55521,5.92869],[-1.54614,5.92652],[-1.54386,5.92947],[-1.53916,5.93047],[-1.53942,5.9314],[-1.5426,5.93339],[-1.54584,5.93434],[-1.54639,5.93553],[-1.54604,5.93822],[-1.54454,5.93859]]}},{"type":"Feature","properties":{"name":"Ofin"},"geometry":{"type":"LineString","coordinates":[[-1.80369,6.02933],[-1.80141,6.02659],[-1.80141,6.02571],[-1.80244,6.02545],[-1.80397,6.02366],[-1.80637,6.0227],[-1.80695,6.0191],[-1.81098,6.01422],[-1.81264,6.01123],[-1.8101,6.0101],[-1.81014,6.00615]]}},{"type":"Feature","properties":{"name":"Oda"},"geometry":{"type":"LineString","coordinates":[[-1.67571,6.40374],[-1.67659,6.40327],[-1.67608,6.40296],[-1.67639,6.40217],[-1.6785,6.40262],[-1.6795,6.40153],[-1.6813,6.4015],[-1.68132,6.40017],[-1.68223,6.40048],[-1.68247,6.39999],[-1.68183,6.39926],[-1.68266,6.39738],[-1.68437,6.396],[-1.68374,6.39468],[-1.68508,6.3951],[-1.68496,6.39345],[-1.68612,6.39426],[-1.68783,6.39303],[-1.68728,6.39272],[-1.68664,6.3933],[-1.68647,6.39266],[-1.68948,6.39078],[-1.68865,6.39004],[-1.68867,6.3882],[-1.68941,6.38723],[-1.68902,6.38585],[-1.6904,6.38331],[-1.69089,6.38313],[-1.6917,6.38428],[-1.69268,6.38399],[-1.69224,6.38483],[-1.69303,6.38518],[-1.6959,6.385],[-1.69637,6.38291],[-1.69503,6.38396],[-1.69509,6.38242],[-1.69805,6.38005],[-1.69945,6.38024],[-1.6994,6.37913],[-1.70057,6.37975],[-1.70111,6.37851],[-1.70048,6.37671],[-1.70088,6.37546],[-1.70175,6.37543],[-1.70119,6.37397],[-1.7022,6.37265],[-1.70206,6.37162],[-1.70303,6.37142],[-1.70272,6.37041],[-1.70435,6.37041],[-1.70474,6.37128],[-1.70805,6.37139],[-1.70888,6.37097],[-1.70898,6.36993],[-1.71064,6.36995],[-1.71062,6.36922],[-1.71148,6.36904],[-1.71132,6.36839],[-1.71278,6.36828],[-1.71277,6.36747],[-1.71365,6.36802],[-1.71361,6.36726],[-1.71435,6.36702],[-1.71785,6.36899],[-1.71881,6.36789],[-1.71933,6.36836],[-1.72052,6.36687],[-1.71979,6.36526],[-1.72075,6.36582],[-1.72065,6.36411],[-1.72454,6.36497],[-1.72511,6.3642],[-1.72485,6.36309],[-1.72587,6.36204],[-1.72531,6.36111],[-1.72619,6.36043],[-1.72595,6.35912],[-1.72695,6.35838],[-1.72721,6.35966],[-1.72902,6.36104],[-1.73062,6.36071],[-1.73255,6.35909],[-1.73298,6.35789],[-1.73454,6.35792],[-1.73498,6.3568],[-1.73533,6.35793],[-1.73682,6.35815],[-1.73709,6.35744],[-1.73767,6.35836],[-1.73882,6.35703],[-1.7396,6.35857],[-1.74079,6.35586],[-1.74064,6.35369],[-1.74262,6.35172],[-1.74264,6.35062],[-1.74353,6.35038],[-1.74364,6.35137],[-1.7442,6.35119],[-1.74426,6.34888],[-1.74705,6.34868],[-1.74902,6.34721],[-1.75053,6.34818],[-1.75311,6.34672],[-1.7538,6.34731],[-1.75619,6.34736],[-1.75637,6.3461],[-1.75817,6.34522],[-1.75646,6.34269],[-1.75756,6.34155],[-1.75663,6.33908],[-1.75795,6.339]]}},{"type":"Feature","properties":{"name":"Oda"},"geometry":{"type":"LineString","coordinates":[[-1.75795,6.339],[-1.75944,6.33911],[-1.75994,6.34061],[-1.7618,6.34179],[-1.76317,6.34137],[-1.76342,6.3424],[-1.76495,6.3416],[-1.76563,6.34269],[-1.76478,6.34331],[-1.76551,6.34518],[-1.76651,6.34461],[-1.76828,6.34486],[-1.76867,6.34623],[-1.76925,6.34586],[-1.76991,6.34653],[-1.77058,6.34916],[-1.77277,6.35024],[-1.77294,6.35135],[-1.7739,6.35159],[-1.7734,6.35241],[-1.77386,6.35344],[-1.77227,6.35325],[-1.77436,6.35618],[-1.77314,6.35875],[-1.77405,6.35981],[-1.7737,6.36275],[-1.77633,6.3614],[-1.77857,6.35878],[-1.77903,6.3565],[-1.77978,6.3559],[-1.77905,6.35334],[-1.77967,6.3518],[-1.78187,6.35458],[-1.78458,6.3564],[-1.78513,6.35796],[-1.78604,6.35779],[-1.78643,6.35838]]}},{"type":"Feature","properties":{"name":"Oda"},"geometry":{"type":"LineString","coordinates":[[-1.89923,6.2886],[-1.89975,6.28807],[-1.89916,6.28766],[-1.89739,6.28928],[-1.89505,6.28877],[-1.89576,6.28627],[-1.89706,6.28553],[-1.89711,6.28318],[-1.89949,6.28297],[-1.90013,6.28209],[-1.89881,6.28115],[-1.89883,6.28056],[-1.90081,6.28134],[-1.90348,6.27943],[-1.90407,6.27743],[-1.90589,6.27672],[-1.90753,6.27346],[-1.90719,6.27241],[-1.90866,6.27246],[-1.90762,6.27151],[-1.90755,6.27049],[-1.90605,6.26992],[-1.90583,6.2688],[-1.9039,6.26898],[-1.90376,6.26771],[-1.90262,6.26675]]}},{"type":"Feature","properties":{"name":"Ofin"},"geometry":{"type":"LineString","coordinates":[[-1.90701,6.74497],[-1.90759,6.74451],[-1.9074,6.74307],[-1.90862,6.74283],[-1.90561,6.74095],[-1.90569,6.74048],[-1.90494,6.74053],[-1.90538,6.73686],[-1.90721,6.73614],[-1.90645,6.7355],[-1.90695,6.73472],[-1.90802,6.73548],[-1.90782,6.73435],[-1.9107,6.7342],[-1.91069,6.73327],[-1.91198,6.73384],[-1.91294,6.73337],[-1.91344,6.73408],[-1.91416,6.73358],[-1.9149,6.7343],[-1.9142,6.7343],[-1.91448,6.735],[-1.9167,6.73398],[-1.91901,6.73492],[-1.92014,6.73442],[-1.92197,6.73536],[-1.92249,6.73499],[-1.92511,6.73727],[-1.92513,6.73997],[-1.92643,6.74101],[-1.92656,6.74202]]}},{"type":"Feature","properties":{"name":"Ofin"},"geometry":{"type":"LineString","coordinates":[[-2.04206,6.477],[-2.04085,6.47675],[-2.04115,6.47502],[-2.03974,6.47474],[-2.04158,6.47381],[-2.04066,6.47244],[-2.03979,6.47282],[-2.03912,6.47194],[-2.03862,6.47245],[-2.03859,6.47115],[-2.03739,6.47187],[-2.03681,6.47151],[-2.03666,6.47047],[-2.03775,6.46991],[-2.03714,6.46922],[-2.03764,6.46846],[-2.03644,6.4687],[-2.03613,6.46721],[-2.03543,6.46797],[-2.03398,6.46642],[-2.03277,6.46789],[-2.03265,6.46618],[-2.0321,6.46696],[-2.03115,6.46701],[-2.03091,6.46553],[-2.03001,6.46594],[-2.03052,6.46464],[-2.0297,6.46408],[-2.03207,6.46382],[-2.03034,6.46307],[-2.03045,6.46167],[-2.0289,6.462],[-2.02995,6.4609],[-2.0291,6.45987],[-2.03096,6.46013],[-2.02985,6.45859],[-2.03158,6.45862],[-2.03263,6.4578],[-2.03181,6.45515],[-2.03262,6.45339],[-2.03174,6.45327],[-2.03141,6.45223],[-2.0326,6.45093],[-2.03226,6.45024],[-2.03117,6.4506],[-2.03326,6.44788],[-2.03443,6.449],[-2.03453,6.44585],[-2.03408,6.4448],[-2.03317,6.44445],[-2.03366,6.44362],[-2.03337,6.44244]]}},{"type":"Feature","properties":{"name":"Ofin"},"geometry":{"type":"LineString","coordinates":[[-2.04491,6.38881],[-2.04424,6.38897],[-2.04386,6.38754],[-2.04342,6.38826],[-2.04258,6.38807],[-2.04287,6.38536],[-2.04227,6.38504],[-2.04189,6.38602],[-2.04049,6.3851],[-2.04043,6.38411],[-2.04114,6.38351],[-2.03925,6.38225],[-2.03955,6.38075],[-2.03723,6.37999],[-2.03671,6.37799],[-2.03739,6.37734],[-2.03544,6.37656],[-2.03678,6.37596],[-2.03408,6.37494],[-2.03453,6.37421],[-2.0341,6.37352],[-2.03518,6.37329],[-2.03629,6.37202],[-2.03784,6.37329],[-2.04051,6.37248],[-2.0395,6.37431],[-2.04253,6.3724],[-2.04399,6.37359],[-2.04546,6.37267],[-2.04422,6.37166],[-2.04562,6.37177],[-2.04668,6.37271],[-2.04662,6.3714],[-2.04809,6.37162],[-2.04873,6.36984],[-2.04679,6.36911],[-2.0474,6.36822],[-2.04624,6.36811],[-2.04631,6.36691],[-2.04128,6.36897],[-2.04093,6.36735],[-2.03988,6.36643],[-2.04014,6.36431],[-2.03922,6.36495],[-2.03793,6.3636],[-2.03879,6.36328],[-2.0382,6.36181],[-2.03863,6.36109],[-2.03688,6.35998],[-2.03647,6.35885],[-2.03564,6.35959],[-2.03577,6.3609],[-2.03406,6.35977],[-2.03429,6.36143],[-2.03064,6.36059],[-2.02981,6.35856]]}},{"type":"Feature","properties":{"name":"Ofin"},"geometry":{"type":"LineString","coordinates":[[-1.88528,6.72],[-1.88573,6.72069],[-1.88519,6.7211],[-1.88647,6.72083],[-1.88724,6.72248],[-1.88847,6.72238],[-1.88908,6.72368],[-1.89125,6.7247],[-1.89111,6.72577],[-1.8903,6.72617],[-1.89178,6.72764],[-1.89273,6.72752],[-1.89231,6.72839],[-1.89323,6.72785],[-1.89303,6.72866],[-1.89365,6.72889],[-1.89307,6.72999],[-1.89364,6.73072],[-1.89255,6.73112],[-1.89749,6.73415],[-1.89737,6.73513],[-1.8966,6.73533],[-1.89653,6.73816],[-1.89784,6.73806],[-1.89722,6.73908],[-1.898,6.74035],[-1.89888,6.74021],[-1.89952,6.74269],[-1.90063,6.74298],[-1.90219,6.74204],[-1.90252,6.74278],[-1.90344,6.74174],[-1.90434,6.74187],[-1.90447,6.74243],[-1.9055,6.74235],[-1.90701,6.74497]]}},{"type":"Feature","properties":{"name":"Ofin"},"geometry":{"type":"LineString","coordinates":[[-1.92656,6.74202],[-1.92985,6.74161],[-1.93074,6.74097],[-1.93143,6.74189],[-1.93179,6.74131],[-1.93103,6.74011],[-1.93213,6.7404],[-1.9329,6.73985],[-1.93345,6.74071],[-1.9338,6.73944],[-1.93523,6.74032],[-1.93467,6.7389],[-1.9355,6.73869],[-1.93629,6.73941],[-1.93643,6.73847],[-1.93542,6.73702],[-1.93253,6.73527],[-1.93388,6.73514],[-1.93087,6.73433],[-1.93069,6.73262],[-1.93166,6.73164],[-1.93113,6.73098],[-1.9321,6.73076],[-1.93369,6.73241],[-1.93494,6.73191],[-1.9356,6.73297],[-1.93821,6.73282],[-1.93869,6.73138],[-1.93731,6.72917],[-1.93802,6.7287],[-1.93794,6.72788],[-1.93649,6.72745],[-1.93683,6.72662],[-1.93565,6.72638],[-1.93646,6.72448],[-1.93737,6.72401],[-1.9376,6.7215],[-1.94174,6.7189],[-1.94361,6.71892],[-1.94434,6.71468],[-1.94348,6.71487],[-1.94344,6.71387],[-1.94393,6.7112],[-1.94464,6.71048],[-1.94573,6.70999],[-1.94904,6.71054],[-1.9506,6.7085],[-1.95048,6.7075],[-1.95121,6.70741],[-1.9511,6.70632],[-1.95241,6.70575],[-1.95281,6.70624]]}},{"type":"Feature","properties":{},"geometry":{"type":"LineString","coordinates":[[-2.26071,6.78454],[-2.2623,6.78305],[-2.26342,6.78068],[-2.26632,6.77868]]}},{"type":"Feature","properties":{"name":"Afram"},"geometry":{"type":"LineString","coordinates":[[-1.67458,7.19184],[-1.68194,7.19742],[-1.68411,7.20161],[-1.6803,7.20951],[-1.67929,7.20964],[-1.67872,7.21087],[-1.67868,7.21538],[-1.6801,7.21862],[-1.67964,7.22152],[-1.67873,7.22247],[-1.67927,7.22422],[-1.678,7.22886],[-1.67867,7.23002],[-1.67739,7.23309],[-1.67183,7.23857],[-1.66503,7.24393],[-1.6623,7.24463],[-1.66036,7.24639],[-1.65951,7.24858],[-1.6578,7.24834],[-1.65801,7.24902],[-1.65649,7.25112]]}},{"type":"Feature","properties":{},"geometry":{"type":"LineString","coordinates":[[-1.2929,10.82489],[-1.29226,10.82458],[-1.29103,10.8256],[-1.28985,10.82438],[-1.28989,10.82304],[-1.2799,10.81939],[-1.27872,10.81732],[-1.2772,10.81622],[-1.27362,10.81577],[-1.27364,10.8141],[-1.27113,10.81321],[-1.27111,10.8118],[-1.26504,10.81114],[-1.26281,10.80885],[-1.26114,10.80821],[-1.2597,10.80904],[-1.25786,10.80832],[-1.25709,10.80572],[-1.25781,10.80469],[-1.25563,10.80205],[-1.24745,10.80504],[-1.24171,10.79944],[-1.24079,10.79643],[-1.24122,10.79523]]}},{"type":"Feature","properties":{},"geometry":{"type":"LineString","coordinates":[[-1.31835,10.8495],[-1.31721,10.84862],[-1.3166,10.84498],[-1.31492,10.84444],[-1.31262,10.84558],[-1.31032,10.84529],[-1.30696,10.84331],[-1.30443,10.84318],[-1.3034,10.84079],[-1.30249,10.84117],[-1.3001,10.83736],[-1.30123,10.83574],[-1.29973,10.83445],[-1.29739,10.83042],[-1.29507,10.82886],[-1.2929,10.82489]]}},{"type":"Feature","properties":{},"geometry":{"type":"LineString","coordinates":[[0.07347,10.35515],[0.07669,10.35739],[0.0777,10.35585],[0.07927,10.3557],[0.07753,10.35133],[0.08098,10.34943]]}},{"type":"Feature","properties":{},"geometry":{"type":"LineString","coordinates":[[-1.61453,6.72772],[-1.61349,6.7281],[-1.60924,6.726]]}},{"type":"Feature","properties":{"name":"River Offin"},"geometry":{"type":"LineString","coordinates":[[-1.60349,6.62725],[-1.60402,6.62649],[-1.60254,6.62434]]}},{"type":"Feature","properties":{},"geometry":{"type":"LineString","coordinates":[[0.11489,8.23398],[0.11933,8.23379],[0.1216,8.23213],[0.1238,8.22884],[0.12615,8.22848]]}},{"type":"Feature","properties":{},"geometry":{"type":"LineString","coordinates":[[0.30834,8.18038],[0.30594,8.18205],[0.30375,8.18144],[0.30367,8.18066],[0.3024,8.18233],[0.2997,8.18214],[0.29913,8.18271],[0.29954,8.1842],[0.29828,8.18518],[0.29728,8.1845],[0.29438,8.18435],[0.29214,8.18315],[0.28941,8.18492],[0.28907,8.1865],[0.28472,8.18824],[0.28413,8.18916],[0.28247,8.18852],[0.28274,8.18736],[0.28134,8.18863],[0.28009,8.18888],[0.27769,8.18816],[0.27665,8.1871],[0.27546,8.18751]]}},{"type":"Feature","properties":{"name":"Oti"},"geometry":{"type":"LineString","coordinates":[[0.12615,8.22848],[0.12488,8.22463],[0.12437,8.21994],[0.12523,8.21315],[0.12793,8.20639],[0.13179,8.201],[0.13656,8.19815],[0.14355,8.19662],[0.14917,8.19603],[0.1678,8.19626],[0.17535,8.19573],[0.17823,8.19497],[0.18035,8.19363],[0.182,8.19029]]}},{"type":"Feature","properties":{},"geometry":{"type":"LineString","coordinates":[[0.62128,7.90136],[0.61999,7.90063],[0.61658,7.9006],[0.60655,7.90258],[0.60224,7.89971],[0.59258,7.90023],[0.59243,7.90346],[0.58879,7.90442],[0.58642,7.90185],[0.57511,7.90752],[0.57327,7.912],[0.56925,7.91072],[0.56887,7.91323],[0.56445,7.91515],[0.56366,7.91986],[0.56267,7.92049],[0.56015,7.92068],[0.55875,7.91965],[0.55629,7.91962],[0.55409,7.91559],[0.55195,7.91461],[0.55155,7.91372],[0.55044,7.91384],[0.54687,7.9121],[0.5407,7.9131],[0.53808,7.91129],[0.53511,7.91097],[0.53491,7.90842],[0.53162,7.90873],[0.53203,7.91311],[0.52956,7.91596],[0.5235,7.91911],[0.52391,7.92227],[0.51826,7.92756],[0.51333,7.92665],[0.50767,7.913],[0.50531,7.91362],[0.50202,7.90985],[0.505,7.90761],[0.50315,7.90435],[0.49955,7.90445],[0.49921,7.90393]]}},{"type":"Feature","properties":{},"geometry":{"type":"LineString","coordinates":[[0.49921,7.90393],[0.49967,7.90213],[0.4989,7.8997],[0.50213,7.89857],[0.50259,7.89704],[0.50027,7.89499],[0.50137,7.89427],[0.50192,7.89268]]}},{"type":"Feature","properties":{},"geometry":{"type":"LineString","coordinates":[[0.44003,7.68805],[0.43796,7.68669],[0.43558,7.68797],[0.43296,7.68819],[0.43213,7.68863],[0.43031,7.69211],[0.42815,7.69202],[0.42688,7.69066],[0.42464,7.69003],[0.42416,7.68844],[0.42182,7.68847]]}},{"type":"Feature","properties":{"name":"Oti"},"geometry":{"type":"LineString","coordinates":[[0.16884,8.08009],[0.1505,8.07385],[0.13887,8.07168],[0.13591,8.07176],[0.11338,8.07597],[0.11066,8.0758],[0.10557,8.07325],[0.10068,8.06926],[0.0939,8.06169]]}},{"type":"Feature","properties":{"name":"Volta"},"geometry":{"type":"LineString","coordinates":[[0.17261,7.39966],[0.18308,7.39166],[0.19697,7.37291],[0.20514,7.33372],[0.20773,7.29782],[0.20514,7.26752],[0.18875,7.19608],[0.18233,7.1797]]}},{"type":"Feature","properties":{},"geometry":{"type":"LineString","coordinates":[[0.55862,5.98338],[0.56279,5.98128],[0.56373,5.98004],[0.56521,5.9797],[0.56997,5.97317],[0.57087,5.97052],[0.57001,5.96369],[0.56645,5.9595],[0.56295,5.95658],[0.56177,5.95379],[0.55924,5.95046],[0.5573,5.95024],[0.55471,5.94781],[0.55416,5.94666],[0.55456,5.94525]]}},{"type":"Feature","properties":{"name":"Volta"},"geometry":{"type":"LineString","coordinates":[[0.67124,5.78417],[0.66948,5.78148],[0.66966,5.77692],[0.67226,5.77428]]}},{"type":"Feature","properties":{},"geometry":{"type":"LineString","coordinates":[[-2.61423,9.71392],[-2.61736,9.71003],[-2.61908,9.70652],[-2.62097,9.70517],[-2.62316,9.70136],[-2.62453,9.70031]]}},{"type":"Feature","properties":{},"geometry":{"type":"LineString","coordinates":[[-2.58016,9.68105],[-2.58616,9.68494],[-2.59788,9.6907],[-2.60659,9.69184],[-2.60973,9.69319],[-2.61307,9.69687],[-2.62359,9.70022],[-2.62698,9.70055],[-2.62938,9.69988],[-2.6344,9.69607],[-2.63844,9.69565],[-2.64818,9.69814],[-2.65007,9.69814],[-2.65449,9.69675],[-2.65539,9.69548],[-2.65796,9.69675],[-2.66487,9.69764],[-2.67015,9.69628],[-2.67144,9.69654],[-2.6729,9.69514],[-2.67586,9.69518],[-2.67697,9.69349],[-2.68178,9.6896],[-2.68569,9.68905],[-2.68929,9.68875],[-2.69637,9.69184],[-2.6998,9.69121]]}},{"type":"Feature","properties":{},"geometry":{"type":"LineString","coordinates":[[-2.66607,9.75487],[-2.67659,9.74916],[-2.67826,9.74742],[-2.68011,9.74717],[-2.68324,9.74078],[-2.6832,9.73905],[-2.68418,9.73757],[-2.68637,9.72919],[-2.6859,9.72771],[-2.6883,9.72682],[-2.69285,9.72238],[-2.69616,9.71739],[-2.69787,9.7116],[-2.69804,9.70593],[-2.6992,9.70474],[-2.70113,9.69594],[-2.6995,9.69336],[-2.6998,9.69121],[-2.70324,9.68638],[-2.70202,9.68303],[-2.70249,9.6813],[-2.70103,9.68021],[-2.70081,9.67898],[-2.70487,9.67079],[-2.70802,9.66238],[-2.7101,9.65887],[-2.71154,9.65809],[-2.71075,9.65584],[-2.71061,9.6519],[-2.71261,9.651],[-2.71352,9.64975],[-2.71752,9.64845],[-2.71893,9.64806],[-2.72012,9.64896],[-2.72114,9.64631],[-2.72269,9.6464],[-2.72481,9.64486],[-2.72784,9.64526],[-2.7319,9.64323]]}},{"type":"Feature","properties":{"name":"Goa"},"geometry":{"type":"LineString","coordinates":[[-2.519,6.79653],[-2.51769,6.79669]]}},{"type":"Feature","properties":{"name":"Goa"},"geometry":{"type":"LineString","coordinates":[[-2.51196,6.79492],[-2.51077,6.79488]]}},{"type":"Feature","properties":{"name":"Goa"},"geometry":{"type":"LineString","coordinates":[[-2.51193,6.79507],[-2.51196,6.79492]]}},{"type":"Feature","properties":{"name":"Goa"},"geometry":{"type":"LineString","coordinates":[[-2.50954,6.80809],[-2.50891,6.80762],[-2.50871,6.80483],[-2.50808,6.8049],[-2.50847,6.80404],[-2.50773,6.80322],[-2.50765,6.80164],[-2.50917,6.7974],[-2.51193,6.79507]]}},{"type":"Feature","properties":{},"geometry":{"type":"LineString","coordinates":[[-2.79309,5.29872],[-2.79088,5.29928],[-2.7898,5.29905],[-2.78942,5.29803],[-2.78757,5.29972],[-2.78582,5.29925],[-2.78467,5.30083],[-2.78377,5.29968],[-2.78318,5.30004],[-2.78277,5.29854],[-2.78159,5.29824],[-2.78223,5.29747],[-2.78169,5.29525],[-2.78362,5.29528],[-2.78415,5.29289]]}},{"type":"Feature","properties":{},"geometry":{"type":"LineString","coordinates":[[-0.38245,7.52859],[-0.38091,7.52792],[-0.37993,7.52837],[-0.37436,7.52782],[-0.37266,7.52821],[-0.36722,7.52752],[-0.36584,7.52801],[-0.36423,7.52716],[-0.36062,7.52871],[-0.35723,7.52911],[-0.34768,7.52891],[-0.34143,7.52972],[-0.30594,7.52936],[-0.3006,7.52989],[-0.29382,7.52811],[-0.2841,7.53047],[-0.28167,7.52896],[-0.27236,7.5304],[-0.25988,7.5298],[-0.25455,7.53066],[-0.24698,7.52762],[-0.24185,7.52789],[-0.23882,7.52713],[-0.23528,7.52928],[-0.22981,7.52909],[-0.2241,7.53213],[-0.21192,7.53285],[-0.19106,7.54059],[-0.17003,7.54059],[-0.14188,7.53872],[-0.08489,7.53115],[-0.05939,7.53174],[-0.03253,7.53123],[-0.00704,7.52868],[0.02789,7.524],[0.09527,7.51286]]}},{"type":"Feature","properties":{},"geometry":{"type":"LineString","coordinates":[[-1.85672,6.82183],[-1.85678,6.82174]]}},{"type":"Feature","properties":{},"geometry":{"type":"LineString","coordinates":[[-0.88038,7.43947],[-0.8802,7.43983]]}},{"type":"Feature","properties":{},"geometry":{"type":"LineString","coordinates":[[-0.95036,7.35164],[-0.94023,7.36117],[-0.93611,7.36781],[-0.93474,7.3753],[-0.92993,7.38416],[-0.9253,7.3879],[-0.92255,7.39369],[-0.9198,7.40203],[-0.91053,7.40969],[-0.90109,7.42416],[-0.89663,7.42927],[-0.88564,7.4342],[-0.88152,7.4371],[-0.88038,7.43947]]}},{"type":"Feature","properties":{},"geometry":{"type":"LineString","coordinates":[[-2.52898,9.62396],[-2.52649,9.62186],[-2.52248,9.6166]]}},{"type":"Feature","properties":{},"geometry":{"type":"LineString","coordinates":[[-2.50328,9.64174],[-2.5062,9.6408],[-2.51583,9.64]]}},{"type":"Feature","properties":{},"geometry":{"type":"LineString","coordinates":[[-2.52533,9.63395],[-2.52651,9.63236],[-2.52728,9.62881],[-2.52981,9.62802]]}},{"type":"Feature","properties":{},"geometry":{"type":"LineString","coordinates":[[-2.50476,9.65429],[-2.50647,9.65445],[-2.50867,9.65253],[-2.51144,9.64263],[-2.5228,9.63501]]}},{"type":"Feature","properties":{},"geometry":{"type":"LineString","coordinates":[[-1.2979,7.32195],[-1.29776,7.32163]]}},{"type":"Feature","properties":{},"geometry":{"type":"LineString","coordinates":[[-1.29776,7.32163],[-1.29364,7.31335],[-1.28943,7.30798],[-1.28117,7.30363],[-1.27489,7.30234],[-1.2693,7.29596],[-1.25935,7.28762],[-1.25248,7.28064],[-1.23856,7.26486],[-1.23188,7.25969],[-1.22536,7.2568],[-1.21905,7.25224],[-1.21403,7.24675],[-1.19978,7.23568],[-1.19824,7.23364],[-1.19551,7.22679],[-1.19097,7.2244],[-1.18867,7.22398],[-1.18376,7.2245],[-1.1803,7.22378],[-1.17482,7.22108]]}},{"type":"Feature","properties":{},"geometry":{"type":"LineString","coordinates":[[-0.04029,9.44002],[-0.03032,9.43909],[-0.02962,9.43849],[-0.02917,9.43903],[-0.02474,9.43916],[-0.02311,9.43797]]}},{"type":"Feature","properties":{},"geometry":{"type":"LineString","coordinates":[[-0.02304,9.4379],[-0.02048,9.43631],[-0.01811,9.43573],[-0.01038,9.43626]]}},{"type":"Feature","properties":{},"geometry":{"type":"LineString","coordinates":[[-0.02311,9.43797],[-0.02304,9.4379]]}},{"type":"Feature","properties":{},"geometry":{"type":"LineString","coordinates":[[-0.05648,9.43531],[-0.05561,9.43726],[-0.05465,9.43722],[-0.05449,9.43649],[-0.05387,9.4372],[-0.05228,9.43633],[-0.05076,9.43788],[-0.04987,9.43737],[-0.04887,9.43925],[-0.04763,9.43937],[-0.04641,9.4412],[-0.04029,9.44002]]}},{"type":"Feature","properties":{},"geometry":{"type":"LineString","coordinates":[[-1.35296,5.09113],[-1.35397,5.09039],[-1.35602,5.09062],[-1.35617,5.08942],[-1.35502,5.0887]]}},{"type":"Feature","properties":{},"geometry":{"type":"LineString","coordinates":[[0.63938,7.32404],[0.63994,7.32475],[0.63867,7.33313],[0.63993,7.33911],[0.63928,7.3403],[0.64141,7.34678],[0.64148,7.3511],[0.64088,7.35187],[0.64276,7.35717],[0.64259,7.35983],[0.64347,7.36068],[0.64339,7.36249]]}},{"type":"Feature","properties":{},"geometry":{"type":"LineString","coordinates":[[-2.38149,4.94307],[-2.38112,4.94236],[-2.38203,4.94159]]}},{"type":"Feature","properties":{},"geometry":{"type":"LineString","coordinates":[[-0.06984,10.88723],[-0.07058,10.88682],[-0.07454,10.88953],[-0.07789,10.89029]]}},{"type":"Feature","properties":{},"geometry":{"type":"LineString","coordinates":[[-0.07811,10.89062],[-0.07939,10.89125],[-0.08059,10.89295],[-0.08009,10.89437]]}},{"type":"Feature","properties":{},"geometry":{"type":"LineString","coordinates":[[-0.08009,10.89437],[-0.08436,10.89413],[-0.08486,10.89506],[-0.08662,10.8947],[-0.08883,10.89559],[-0.0902,10.89536],[-0.09043,10.89452],[-0.0923,10.89482],[-0.09321,10.8936],[-0.09606,10.89492],[-0.09815,10.89423],[-0.10102,10.89493],[-0.10235,10.89442],[-0.10318,10.89528]]}},{"type":"Feature","properties":{},"geometry":{"type":"LineString","coordinates":[[-1.38835,6.8538],[-1.38832,6.85371]]}},{"type":"Feature","properties":{},"geometry":{"type":"LineString","coordinates":[[-1.38963,6.85528],[-1.38892,6.85514],[-1.38835,6.8538]]}},{"type":"Feature","properties":{},"geometry":{"type":"LineString","coordinates":[[-0.7996,10.76355],[-0.80506,10.75923],[-0.80801,10.76073],[-0.80901,10.76066]]}},{"type":"Feature","properties":{},"geometry":{"type":"LineString","coordinates":[[0.60629,5.81299],[0.60613,5.81203],[0.60904,5.81037],[0.61025,5.81188],[0.61077,5.81054],[0.61151,5.81174],[0.61478,5.8119],[0.61507,5.8113],[0.61424,5.81046],[0.61481,5.80828],[0.61581,5.80914]]}},{"type":"Feature","properties":{},"geometry":{"type":"LineString","coordinates":[[-2.33456,9.48626],[-2.33962,9.48062]]}},{"type":"Feature","properties":{"name":"Pra River"},"geometry":{"type":"LineString","coordinates":[[-1.53832,5.62625],[-1.53697,5.62572],[-1.53671,5.62446],[-1.53864,5.62231]]}},{"type":"Feature","properties":{},"geometry":{"type":"LineString","coordinates":[[-1.26533,10.98872],[-1.2659,10.98762]]}},{"type":"Feature","properties":{},"geometry":{"type":"LineString","coordinates":[[-1.55317,5.59894],[-1.55393,5.59478],[-1.55656,5.59296],[-1.55668,5.59097]]}},{"type":"Feature","properties":{"name":"Nwi"},"geometry":{"type":"LineString","coordinates":[[-0.91441,6.48975],[-0.91515,6.48723],[-0.91644,6.48649],[-0.91594,6.4856],[-0.91702,6.48511],[-0.91826,6.48643],[-0.92019,6.48619],[-0.9221,6.48386],[-0.92302,6.48391],[-0.92315,6.48222],[-0.92589,6.48226],[-0.92644,6.47979],[-0.92911,6.47819],[-0.93136,6.47234],[-0.9329,6.47224],[-0.93097,6.47034],[-0.93233,6.4683],[-0.9322,6.46734],[-0.93286,6.46682],[-0.93473,6.46731],[-0.93578,6.46675],[-0.93352,6.45942],[-0.93567,6.45581],[-0.93562,6.45492],[-0.93819,6.45353],[-0.93728,6.45236],[-0.93842,6.44747],[-0.93769,6.44581],[-0.93842,6.44443],[-0.94026,6.44413],[-0.94187,6.44011],[-0.94379,6.43962],[-0.94635,6.44038],[-0.95065,6.44038],[-0.95482,6.43913],[-0.95775,6.44042],[-0.95852,6.43962],[-0.96055,6.43975],[-0.96042,6.43769],[-0.96218,6.4382],[-0.96149,6.43762],[-0.96152,6.4337],[-0.96601,6.43406],[-0.97072,6.43318],[-0.9712,6.43239],[-0.9706,6.43221],[-0.97078,6.4307],[-0.97165,6.42873],[-0.97379,6.42916],[-0.97557,6.42671],[-0.97763,6.42702],[-0.97849,6.42619],[-0.98222,6.42578],[-0.98194,6.42505],[-0.98335,6.42456],[-0.98331,6.42374],[-0.98441,6.42341],[-0.98455,6.42237],[-0.98626,6.4212],[-0.98624,6.42042],[-0.98707,6.42007],[-0.98735,6.42118],[-0.98877,6.42095],[-0.98982,6.42173],[-0.99026,6.42135],[-0.99081,6.42211],[-0.99188,6.42214],[-0.99187,6.42152],[-0.99469,6.42223],[-0.99506,6.42166]]}},{"type":"Feature","properties":{},"geometry":{"type":"LineString","coordinates":[[-1.55647,5.61016],[-1.55443,5.60923],[-1.55409,5.60828],[-1.55493,5.60737],[-1.55481,5.60465],[-1.5553,5.6039]]}},{"type":"Feature","properties":{},"geometry":{"type":"LineString","coordinates":[[-1.94657,7.59205],[-1.94664,7.592]]}},{"type":"Feature","properties":{},"geometry":{"type":"LineString","coordinates":[[-1.94298,7.59241],[-1.94657,7.59205]]}},{"type":"Feature","properties":{},"geometry":{"type":"LineString","coordinates":[[-1.67551,8.08136],[-1.67882,8.08091],[-1.68113,8.08219],[-1.68198,8.08175],[-1.6908,8.08247],[-1.69519,8.08513],[-1.698,8.08595]]}},{"type":"Feature","properties":{"name":"Pumpum River"},"geometry":{"type":"LineString","coordinates":[[-1.71164,8.01011],[-1.71276,8.01548],[-1.71472,8.02075],[-1.71491,8.02417],[-1.71915,8.03075],[-1.72401,8.03419]]}},{"type":"Feature","properties":{"name":"Pumpum River"},"geometry":{"type":"LineString","coordinates":[[-1.70368,7.99304],[-1.70668,7.99194],[-1.70877,7.99334],[-1.71204,7.99896],[-1.715,8.00044],[-1.7289,8.01047],[-1.7295,8.01408],[-1.72682,8.01889],[-1.72704,8.02365],[-1.72555,8.0244],[-1.72344,8.0287],[-1.72401,8.03419],[-1.72253,8.03821]]}},{"type":"Feature","properties":{"name":"Pumpum River"},"geometry":{"type":"LineString","coordinates":[[-1.72253,8.03821],[-1.72037,8.04391],[-1.71716,8.0488],[-1.71571,8.04997]]}},{"type":"Feature","properties":{},"geometry":{"type":"LineString","coordinates":[[-1.65763,6.74392],[-1.65925,6.74308]]}},{"type":"Feature","properties":{},"geometry":{"type":"LineString","coordinates":[[-1.65292,6.76972],[-1.65463,6.76236],[-1.6562,6.76072],[-1.65757,6.75774],[-1.65859,6.75709]]}},{"type":"Feature","properties":{},"geometry":{"type":"LineString","coordinates":[[0.25314,9.6712],[0.25381,9.67117],[0.25362,9.67068]]}},{"type":"Feature","properties":{},"geometry":{"type":"LineString","coordinates":[[0.25314,9.67117],[0.25355,9.6706]]}},{"type":"Feature","properties":{},"geometry":{"type":"LineString","coordinates":[[0.25359,9.67062],[0.25357,9.67064]]}},{"type":"Feature","properties":{},"geometry":{"type":"LineString","coordinates":[[0.60367,5.81393],[0.60378,5.81466],[0.60566,5.8153]]}},{"type":"Feature","properties":{},"geometry":{"type":"LineString","coordinates":[[0.58477,5.82984],[0.5909,5.8315],[0.5925,5.83084],[0.59649,5.83078],[0.59731,5.83008],[0.60069,5.83019],[0.60309,5.82923],[0.60394,5.82752],[0.6051,5.82755],[0.60561,5.82328],[0.60698,5.82253],[0.60659,5.82108],[0.60518,5.81999],[0.60653,5.81769],[0.60525,5.81669],[0.60566,5.8153],[0.60665,5.81511],[0.60701,5.81436],[0.60629,5.81299]]}},{"type":"Feature","properties":{},"geometry":{"type":"LineString","coordinates":[[0.57483,5.83509],[0.57757,5.8329],[0.58208,5.83167],[0.58392,5.8299],[0.58477,5.82984]]}},{"type":"Feature","properties":{},"geometry":{"type":"LineString","coordinates":[[-0.07798,10.89037],[-0.07811,10.89062]]}},{"type":"Feature","properties":{},"geometry":{"type":"LineString","coordinates":[[-0.07789,10.89029],[-0.07798,10.89037]]}},{"type":"Feature","properties":{"name":"Volta"},"geometry":{"type":"LineString","coordinates":[[0.48541,6.06392],[0.48177,6.05626],[0.4833,6.05485],[0.49095,6.05218],[0.49632,6.05107],[0.50069,6.05094],[0.50451,6.0518],[0.50873,6.05403]]}},{"type":"Feature","properties":{},"geometry":{"type":"LineString","coordinates":[[0.45217,6.06051],[0.45795,6.05587]]}},{"type":"Feature","properties":{},"geometry":{"type":"LineString","coordinates":[[-1.59886,6.61703],[-1.59859,6.6163]]}},{"type":"Feature","properties":{},"geometry":{"type":"LineString","coordinates":[[-1.68357,6.20757],[-1.68344,6.20764]]}},{"type":"Feature","properties":{},"geometry":{"type":"LineString","coordinates":[[-1.68364,6.20752],[-1.68357,6.20757]]}},{"type":"Feature","properties":{},"geometry":{"type":"LineString","coordinates":[[-1.67778,6.21093],[-1.67757,6.21082]]}},{"type":"Feature","properties":{},"geometry":{"type":"LineString","coordinates":[[-1.6779,6.21089],[-1.67778,6.21093]]}},{"type":"Feature","properties":{},"geometry":{"type":"LineString","coordinates":[[-0.40067,5.62333],[-0.40043,5.62337]]}},{"type":"Feature","properties":{},"geometry":{"type":"LineString","coordinates":[[-0.41089,5.61995],[-0.40768,5.61955],[-0.40067,5.62333]]}},{"type":"Feature","properties":{},"geometry":{"type":"LineString","coordinates":[[-2.40606,9.34444],[-2.40778,9.34456]]}},{"type":"Feature","properties":{"name":"Atua"},"geometry":{"type":"LineString","coordinates":[[-2.8264,5.82348],[-2.82639,5.82354]]}},{"type":"Feature","properties":{"name":"Atua"},"geometry":{"type":"LineString","coordinates":[[-2.82639,5.82354],[-2.82639,5.8244]]}},{"type":"Feature","properties":{"name":"Owabi"},"geometry":{"type":"LineString","coordinates":[[-1.70251,6.74692],[-1.70154,6.74809],[-1.70174,6.75027]]}},{"type":"Feature","properties":{"name":"Owabi"},"geometry":{"type":"LineString","coordinates":[[-1.70252,6.74691],[-1.70251,6.74692]]}},{"type":"Feature","properties":{"name":"Kutubor"},"geometry":{"type":"LineString","coordinates":[[-0.25936,5.6722],[-0.25933,5.67207]]}},{"type":"Feature","properties":{"name":"Kutubor"},"geometry":{"type":"LineString","coordinates":[[-0.25924,5.69366],[-0.2597,5.68887],[-0.26028,5.68856],[-0.26197,5.68374],[-0.26165,5.68129],[-0.25998,5.67848],[-0.26033,5.67599],[-0.25936,5.6722]]}},{"type":"Feature","properties":{},"geometry":{"type":"LineString","coordinates":[[-0.36125,5.80077],[-0.36242,5.80162],[-0.3615,5.80202]]}},{"type":"Feature","properties":{"name":"Anum River"},"geometry":{"type":"LineString","coordinates":[[-1.2605,6.31686],[-1.25998,6.31417],[-1.2617,6.31379],[-1.2627,6.31176],[-1.26089,6.30945],[-1.25888,6.30964],[-1.25804,6.30747],[-1.25908,6.3064],[-1.25895,6.30527],[-1.25722,6.30476],[-1.25552,6.30574],[-1.25454,6.30553],[-1.25329,6.30343],[-1.25009,6.30137],[-1.25005,6.30052],[-1.24593,6.2962],[-1.24206,6.29338],[-1.24101,6.28638],[-1.2398,6.28318],[-1.23974,6.28036],[-1.23877,6.28033],[-1.23762,6.28201],[-1.23407,6.28172]]}},{"type":"Feature","properties":{},"geometry":{"type":"LineString","coordinates":[[-1.52698,5.93336],[-1.52778,5.93284],[-1.52876,5.93315]]}},{"type":"Feature","properties":{},"geometry":{"type":"LineString","coordinates":[[-0.73049,5.29664],[-0.73141,5.29616],[-0.73117,5.29485]]}},{"type":"Feature","properties":{},"geometry":{"type":"LineString","coordinates":[[-0.73049,5.29664],[-0.73117,5.29485]]}},{"type":"Feature","properties":{},"geometry":{"type":"LineString","coordinates":[[-0.73117,5.29485],[-0.7327,5.29179],[-0.73077,5.28842],[-0.73086,5.2895]]}},{"type":"Feature","properties":{"name":"Ayensu"},"geometry":{"type":"LineString","coordinates":[[-0.61471,5.42154],[-0.61349,5.42233],[-0.61283,5.42136]]}},{"type":"Feature","properties":{},"geometry":{"type":"LineString","coordinates":[[-1.941,7.5846],[-1.94352,7.5842]]}},{"type":"Feature","properties":{},"geometry":{"type":"LineString","coordinates":[[-1.94352,7.5842],[-1.94359,7.58418]]}},{"type":"Feature","properties":{},"geometry":{"type":"LineString","coordinates":[[-1.68297,6.21371],[-1.68517,6.21348]]}},{"type":"Feature","properties":{},"geometry":{"type":"LineString","coordinates":[[-1.68517,6.21348],[-1.68523,6.21347]]}},{"type":"Feature","properties":{},"geometry":{"type":"LineString","coordinates":[[-1.68523,6.21347],[-1.68684,6.2115]]}},{"type":"Feature","properties":{},"geometry":{"type":"LineString","coordinates":[[-1.68684,6.2115],[-1.68682,6.21139]]}},{"type":"Feature","properties":{},"geometry":{"type":"LineString","coordinates":[[-1.69164,6.20986],[-1.69273,6.20921]]}},{"type":"Feature","properties":{},"geometry":{"type":"LineString","coordinates":[[-1.69153,6.20989],[-1.69164,6.20986]]}},{"type":"Feature","properties":{},"geometry":{"type":"LineString","coordinates":[[-1.01071,5.20575],[-1.00972,5.20497],[-1.00859,5.20549],[-1.00605,5.20462],[-1.0036,5.20258]]}},{"type":"Feature","properties":{"name":"Daka"},"geometry":{"type":"LineString","coordinates":[[-0.14745,8.27537],[-0.14836,8.27331]]}},{"type":"Feature","properties":{},"geometry":{"type":"LineString","coordinates":[[-0.11379,5.65137],[-0.11733,5.65012]]}},{"type":"Feature","properties":{},"geometry":{"type":"LineString","coordinates":[[-0.11355,5.65143],[-0.11379,5.65137]]}},{"type":"Feature","properties":{},"geometry":{"type":"LineString","coordinates":[[-0.11761,5.64984],[-0.11764,5.64976]]}},{"type":"Feature","properties":{},"geometry":{"type":"LineString","coordinates":[[-0.11754,5.64997],[-0.11761,5.64984]]}},{"type":"Feature","properties":{},"geometry":{"type":"LineString","coordinates":[[-0.11764,5.64976],[-0.11848,5.64901],[-0.11885,5.64597],[-0.12022,5.64494]]}},{"type":"Feature","properties":{},"geometry":{"type":"LineString","coordinates":[[-0.11733,5.65012],[-0.11754,5.64997]]}},{"type":"Feature","properties":{},"geometry":{"type":"LineString","coordinates":[[-0.1583,5.69062],[-0.15597,5.68858]]}},{"type":"Feature","properties":{},"geometry":{"type":"LineString","coordinates":[[-0.15422,5.68607],[-0.15331,5.68254]]}},{"type":"Feature","properties":{},"geometry":{"type":"LineString","coordinates":[[-0.15425,5.68618],[-0.15422,5.68607]]}},{"type":"Feature","properties":{},"geometry":{"type":"LineString","coordinates":[[-0.15588,5.6885],[-0.15425,5.68618]]}},{"type":"Feature","properties":{},"geometry":{"type":"LineString","coordinates":[[-0.15597,5.68858],[-0.15588,5.6885]]}},{"type":"Feature","properties":{},"geometry":{"type":"LineString","coordinates":[[-0.16216,5.68325],[-0.16066,5.6826],[-0.15331,5.68255],[-0.15244,5.68079],[-0.14577,5.67808]]}},{"type":"Feature","properties":{},"geometry":{"type":"LineString","coordinates":[[-0.14577,5.67808],[-0.14568,5.67803]]}},{"type":"Feature","properties":{},"geometry":{"type":"LineString","coordinates":[[0.21084,5.83203],[0.21091,5.83185]]}},{"type":"Feature","properties":{},"geometry":{"type":"LineString","coordinates":[[0.21024,5.83538],[0.21078,5.8356],[0.21106,5.83503],[0.21084,5.83203]]}},{"type":"Feature","properties":{},"geometry":{"type":"LineString","coordinates":[[0.21154,5.80722],[0.21156,5.80706]]}},{"type":"Feature","properties":{},"geometry":{"type":"LineString","coordinates":[[0.21091,5.83185],[0.21211,5.8268],[0.2143,5.82138],[0.21322,5.80965],[0.21154,5.80722]]}},{"type":"Feature","properties":{"name":"Mi"},"geometry":{"type":"LineString","coordinates":[[0.30861,5.78434],[0.28759,5.78282],[0.2794,5.77849],[0.27786,5.77852],[0.27126,5.77352],[0.25076,5.76798],[0.24961,5.7672],[0.24958,5.76612],[0.24699,5.76335],[0.24576,5.76089],[0.24401,5.75984]]}},{"type":"Feature","properties":{"name":"Mi"},"geometry":{"type":"LineString","coordinates":[[0.30882,5.78431],[0.30861,5.78434]]}},{"type":"Feature","properties":{},"geometry":{"type":"LineString","coordinates":[[0.0741,5.70993],[0.0749,5.70818],[0.07477,5.70669],[0.07367,5.70414],[0.07308,5.70008],[0.07047,5.69796]]}},{"type":"Feature","properties":{},"geometry":{"type":"LineString","coordinates":[[-1.64681,6.76515],[-1.64607,6.76251]]}},{"type":"Feature","properties":{},"geometry":{"type":"LineString","coordinates":[[-1.42037,5.0781],[-1.42124,5.07949],[-1.42187,5.0794],[-1.42319,5.07774],[-1.42218,5.07554],[-1.42413,5.07383]]}},{"type":"Feature","properties":{"name":"Niolo"},"geometry":{"type":"LineString","coordinates":[[-2.94922,7.23413],[-2.94903,7.23312],[-2.95002,7.2314],[-2.95095,7.23068],[-2.9527,7.23131],[-2.95371,7.23],[-2.95535,7.22924],[-2.95677,7.22941],[-2.95783,7.2275],[-2.96468,7.22857],[-2.96674,7.23059],[-2.9708,7.23213],[-2.97367,7.23203],[-2.97451,7.23263],[-2.98205,7.23233],[-2.98307,7.23299],[-2.986,7.23213],[-2.9919,7.23212],[-2.99551,7.23305],[-2.99817,7.23461],[-3.00059,7.23377],[-3.00044,7.235],[-3.00229,7.2354],[-3.00195,7.23598],[-3.00641,7.23412],[-3.00745,7.2325],[-3.00933,7.23335],[-3.01114,7.23212],[-3.01367,7.23263],[-3.0146,7.23171],[-3.01663,7.2314],[-3.01868,7.23249],[-3.02006,7.23225],[-3.02269,7.22917],[-3.02571,7.22812],[-3.02657,7.22539],[-3.028,7.2239],[-3.03206,7.22454],[-3.03306,7.22401],[-3.03433,7.225],[-3.03719,7.2245],[-3.03716,7.22504],[-3.03843,7.22445],[-3.03844,7.22509],[-3.03928,7.22508],[-3.04239,7.22295],[-3.04317,7.22322],[-3.0454,7.22106],[-3.04838,7.21724],[-3.048,7.21675],[-3.04931,7.21671],[-3.04887,7.2151],[-3.04951,7.21355],[-3.05144,7.21308],[-3.05136,7.21257],[-3.05275,7.21301],[-3.05276,7.21229],[-3.05441,7.21166],[-3.05718,7.21161],[-3.05723,7.21215],[-3.05828,7.21182],[-3.05819,7.21138],[-3.05962,7.21138],[-3.06068,7.21251],[-3.0612,7.21199],[-3.06219,7.21244],[-3.0632,7.21402],[-3.06398,7.21345],[-3.06578,7.21356],[-3.06665,7.21183],[-3.06841,7.21187],[-3.07019,7.21069],[-3.07012,7.21013],[-3.07138,7.2103],[-3.07394,7.20903],[-3.07884,7.21135],[-3.07986,7.21094],[-3.08075,7.21141],[-3.08194,7.21104],[-3.08183,7.21015],[-3.08304,7.21037],[-3.08412,7.20976],[-3.0843,7.21023],[-3.08576,7.2096],[-3.08743,7.2072],[-3.08728,7.20554],[-3.0885,7.2059],[-3.08937,7.20469],[-3.08942,7.20283],[-3.08994,7.20307],[-3.09045,7.20194],[-3.09171,7.20118],[-3.09152,7.19948],[-3.09221,7.19911],[-3.09176,7.19817],[-3.09351,7.1961],[-3.09371,7.19452],[-3.09451,7.19423],[-3.09476,7.19296],[-3.0964,7.19209],[-3.09626,7.19143],[-3.09744,7.18979],[-3.09891,7.18926],[-3.09898,7.18752],[-3.09985,7.1862],[-3.09908,7.17727],[-3.09538,7.17458],[-3.09528,7.17349],[-3.09427,7.17355],[-3.09304,7.17269],[-3.09214,7.17041],[-3.09367,7.16858],[-3.09356,7.16523],[-3.09613,7.16204],[-3.09598,7.1608],[-3.09726,7.15871],[-3.09646,7.15773],[-3.0966,7.15624],[-3.09858,7.15351],[-3.0981,7.14844],[-3.09872,7.14664],[-3.09843,7.14489],[-3.09911,7.14367]]}},{"type":"Feature","properties":{},"geometry":{"type":"LineString","coordinates":[[-1.60906,5.03292],[-1.61024,5.03239],[-1.61041,5.02897],[-1.612,5.02923],[-1.61472,5.0277],[-1.61655,5.02864],[-1.61738,5.02803]]}},{"type":"Feature","properties":{},"geometry":{"type":"LineString","coordinates":[[-1.62357,5.0231],[-1.62499,5.02329],[-1.62599,5.02265],[-1.62858,5.01932],[-1.62613,5.02041],[-1.62531,5.01971]]}},{"type":"Feature","properties":{},"geometry":{"type":"LineString","coordinates":[[-1.52735,5.06166],[-1.52699,5.06039],[-1.52525,5.0594],[-1.52431,5.05639],[-1.52833,5.05475],[-1.52786,5.05294],[-1.52841,5.05198],[-1.53018,5.05055],[-1.53127,5.05056]]}},{"type":"Feature","properties":{},"geometry":{"type":"LineString","coordinates":[[-1.00866,5.20236],[-1.00757,5.20337],[-1.00593,5.20309],[-1.00523,5.20226]]}},{"type":"Feature","properties":{},"geometry":{"type":"LineString","coordinates":[[-1.01043,5.21546],[-1.0096,5.21266],[-1.01007,5.21281],[-1.01053,5.21162],[-1.01281,5.21154],[-1.01222,5.20947],[-1.01265,5.2066],[-1.01036,5.20634]]}},{"type":"Feature","properties":{},"geometry":{"type":"LineString","coordinates":[[-1.01009,5.21874],[-1.01148,5.21879],[-1.01246,5.21592],[-1.01347,5.21506],[-1.01538,5.21615],[-1.01612,5.2155],[-1.01565,5.21501],[-1.01683,5.21441]]}},{"type":"Feature","properties":{},"geometry":{"type":"LineString","coordinates":[[-0.98918,5.22212],[-0.98869,5.22115],[-0.98931,5.22032],[-0.98908,5.2195],[-0.99014,5.21949],[-0.99143,5.21764],[-0.99248,5.21588],[-0.99215,5.21448]]}},{"type":"Feature","properties":{},"geometry":{"type":"LineString","coordinates":[[-0.93175,5.22049],[-0.93049,5.22103],[-0.92826,5.22056],[-0.92605,5.22145],[-0.92134,5.22153],[-0.91913,5.22039],[-0.9165,5.22143],[-0.91515,5.22084],[-0.91482,5.21918],[-0.91359,5.21829]]}},{"type":"Feature","properties":{},"geometry":{"type":"LineString","coordinates":[[-0.89857,5.22085],[-0.89967,5.21984],[-0.90098,5.22034],[-0.90169,5.21969],[-0.90016,5.21763],[-0.90097,5.21657],[-0.89971,5.21555],[-0.90007,5.21386],[-0.89947,5.21193],[-0.90063,5.21145],[-0.90214,5.21264]]}},{"type":"Feature","properties":{},"geometry":{"type":"LineString","coordinates":[[-0.90063,5.21145],[-0.90168,5.21294]]}},{"type":"Feature","properties":{},"geometry":{"type":"LineString","coordinates":[[-0.89765,5.21544],[-0.89661,5.21373],[-0.89986,5.21152]]}},{"type":"Feature","properties":{},"geometry":{"type":"LineString","coordinates":[[-3.18749,6.92809],[-3.18996,6.92403],[-3.1915,6.91803],[-3.1908,6.91316],[-3.18929,6.91263],[-3.18796,6.91108],[-3.18762,6.90633],[-3.19026,6.90001],[-3.19194,6.89911],[-3.1936,6.89635],[-3.19418,6.89281],[-3.19071,6.88332],[-3.18761,6.88044],[-3.18233,6.87288],[-3.17957,6.86999],[-3.17824,6.86741],[-3.17843,6.863],[-3.17783,6.86115],[-3.17427,6.85919],[-3.17272,6.85898],[-3.1714,6.85729],[-3.17128,6.85153],[-3.17236,6.84978],[-3.17217,6.84609],[-3.17435,6.84392],[-3.17454,6.84107],[-3.17562,6.83946],[-3.17506,6.83821],[-3.17531,6.836],[-3.17754,6.83141],[-3.1773,6.81597],[-3.1785,6.80583],[-3.17801,6.80165],[-3.17505,6.79515],[-3.1752,6.79385],[-3.1732,6.7901],[-3.1729,6.78833],[-3.17428,6.78635],[-3.17929,6.78247],[-3.17981,6.77833],[-3.18428,6.77946],[-3.18549,6.77886],[-3.18719,6.77911],[-3.18805,6.77568],[-3.18919,6.77519],[-3.18902,6.77444],[-3.19241,6.77294],[-3.1967,6.77227],[-3.1982,6.76954],[-3.19937,6.76944],[-3.20276,6.76656],[-3.20524,6.76205],[-3.20769,6.76082],[-3.20789,6.75815],[-3.20979,6.75635],[-3.2096,6.7559],[-3.2102,6.75585],[-3.21021,6.75522],[-3.21153,6.75522]]}},{"type":"Feature","properties":{},"geometry":{"type":"LineString","coordinates":[[-0.8004,10.35123],[-0.79809,10.35036]]}},{"type":"Feature","properties":{},"geometry":{"type":"LineString","coordinates":[[0.04999,9.80402],[0.0511,9.80403],[0.05291,9.8016],[0.05487,9.80192],[0.05512,9.80269],[0.05738,9.80251],[0.05692,9.80136],[0.06078,9.80067],[0.06061,9.79959],[0.06118,9.79935],[0.06307,9.80091],[0.06437,9.80067],[0.06448,9.79889],[0.06283,9.79785],[0.06596,9.79612],[0.07205,9.79578],[0.07735,9.79424],[0.07735,9.79112],[0.07626,9.79006],[0.07849,9.7865],[0.07832,9.78498],[0.07912,9.78302],[0.08166,9.7833],[0.0825,9.78551],[0.08481,9.78435],[0.08795,9.78423],[0.08857,9.78357],[0.08745,9.78145],[0.08629,9.78077],[0.086,9.77602],[0.088,9.77568],[0.0886,9.77756],[0.09211,9.77609],[0.09265,9.77751],[0.0954,9.77871],[0.10036,9.77642],[0.09813,9.77346],[0.09811,9.77112],[0.09914,9.77044],[0.09803,9.7703],[0.09798,9.76964],[0.09919,9.7687],[0.10003,9.76889],[0.10002,9.76564],[0.10366,9.76315],[0.10433,9.76351],[0.10423,9.76211],[0.10649,9.76056],[0.10688,9.76165],[0.10764,9.76117],[0.11327,9.76133],[0.11639,9.75828],[0.11669,9.75693],[0.12033,9.75419],[0.12013,9.75141],[0.12121,9.74892],[0.12256,9.74822],[0.12643,9.74852],[0.1274,9.74796]]}},{"type":"Feature","properties":{},"geometry":{"type":"LineString","coordinates":[[0.1274,9.74796],[0.12906,9.74701],[0.12791,9.74413]]}},{"type":"Feature","properties":{},"geometry":{"type":"LineString","coordinates":[[0.12791,9.74413],[0.13017,9.74427],[0.13171,9.74349],[0.1322,9.73762],[0.13332,9.73767],[0.13417,9.7364]]}},{"type":"Feature","properties":{},"geometry":{"type":"LineString","coordinates":[[0.04817,9.80285],[0.04988,9.80401]]}},{"type":"Feature","properties":{},"geometry":{"type":"LineString","coordinates":[[0.04988,9.80401],[0.04999,9.80402]]}},{"type":"Feature","properties":{"name":"Jeb River"},"geometry":{"type":"LineString","coordinates":[[-0.30023,9.19965],[-0.30138,9.1983],[-0.30235,9.19796],[-0.30296,9.19843],[-0.30524,9.19571],[-0.30593,9.19748],[-0.30669,9.19718],[-0.30641,9.19615],[-0.30693,9.19572],[-0.30774,9.19658],[-0.30772,9.19797],[-0.30855,9.1978],[-0.30814,9.1955],[-0.30955,9.19354]]}},{"type":"Feature","properties":{},"geometry":{"type":"LineString","coordinates":[[-1.02683,6.94273],[-1.02661,6.9429]]}},{"type":"Feature","properties":{},"geometry":{"type":"LineString","coordinates":[[-1.04934,6.94189],[-1.04659,6.94246],[-1.03926,6.94136],[-1.03784,6.93833],[-1.03568,6.93801],[-1.03284,6.93833],[-1.03072,6.9394],[-1.02967,6.94176],[-1.02767,6.94165],[-1.02683,6.94273]]}},{"type":"Feature","properties":{},"geometry":{"type":"LineString","coordinates":[[-0.3206,5.52851],[-0.3191,5.52821],[-0.31912,5.52675],[-0.31724,5.52443],[-0.31434,5.52558],[-0.3135,5.5253],[-0.3107,5.52199],[-0.31089,5.51949],[-0.308,5.51913],[-0.30591,5.51801]]}},{"type":"Feature","properties":{},"geometry":{"type":"LineString","coordinates":[[-0.32933,5.5089],[-0.32656,5.51087],[-0.32539,5.51045]]}},{"type":"Feature","properties":{},"geometry":{"type":"LineString","coordinates":[[-0.30133,5.53783],[-0.30151,5.53722]]}},{"type":"Feature","properties":{},"geometry":{"type":"LineString","coordinates":[[-0.30056,5.54089],[-0.30042,5.53966]]}},{"type":"Feature","properties":{},"geometry":{"type":"LineString","coordinates":[[-0.30514,5.54186],[-0.30481,5.54156]]}},{"type":"Feature","properties":{},"geometry":{"type":"LineString","coordinates":[[-0.96949,9.20512],[-0.96844,9.20573],[-0.96798,9.20745],[-0.96914,9.20792],[-0.96848,9.20833],[-0.96911,9.20997],[-0.9707,9.2108]]}},{"type":"Feature","properties":{"name":"Tano River"},"geometry":{"type":"LineString","coordinates":[[-2.78415,5.29289],[-2.78524,5.28993],[-2.78563,5.28549],[-2.78428,5.28431],[-2.78414,5.2816],[-2.78268,5.27877],[-2.77872,5.2757],[-2.77438,5.27442],[-2.77398,5.26997],[-2.77343,5.26942],[-2.77006,5.2691],[-2.76895,5.26821],[-2.77095,5.26668],[-2.77211,5.26652],[-2.77364,5.26778],[-2.77482,5.26785],[-2.77851,5.26671],[-2.77949,5.26562],[-2.77882,5.26398],[-2.7773,5.26359],[-2.77706,5.26511],[-2.77579,5.26602],[-2.77339,5.25947],[-2.76905,5.25821],[-2.76681,5.25977],[-2.76534,5.25991],[-2.76432,5.25515],[-2.75681,5.25575],[-2.75441,5.25362],[-2.75309,5.25073],[-2.75294,5.24834],[-2.75435,5.24644],[-2.75514,5.24638],[-2.75515,5.24843],[-2.75621,5.25006],[-2.7603,5.25075],[-2.75518,5.24471],[-2.75455,5.24224],[-2.75509,5.24173],[-2.7588,5.24165],[-2.75931,5.2421],[-2.75946,5.24556],[-2.76215,5.2459],[-2.76575,5.23697],[-2.76568,5.23527],[-2.75879,5.23553],[-2.75568,5.23307],[-2.75656,5.23049],[-2.75757,5.23078],[-2.7579,5.23226],[-2.75877,5.23273],[-2.75974,5.23273],[-2.761,5.231],[-2.76074,5.22905],[-2.75874,5.22837],[-2.75795,5.22569],[-2.75856,5.22146],[-2.75654,5.21926],[-2.75671,5.21814],[-2.76319,5.21844],[-2.76416,5.21703],[-2.76347,5.21672],[-2.76293,5.21363],[-2.76006,5.21215],[-2.75969,5.20706],[-2.7584,5.20545],[-2.75672,5.20085],[-2.75282,5.20248],[-2.74859,5.20284],[-2.74758,5.2021],[-2.74899,5.19847],[-2.74921,5.19514],[-2.74674,5.19182],[-2.74523,5.18759],[-2.74509,5.18463],[-2.74169,5.18133],[-2.7419,5.17876],[-2.74073,5.17607],[-2.74193,5.1724],[-2.744,5.16847],[-2.74525,5.16751],[-2.74543,5.16638],[-2.74022,5.16155],[-2.73821,5.1614],[-2.7368,5.16336],[-2.7355,5.16283],[-2.73545,5.16207],[-2.73665,5.16077],[-2.74122,5.15772],[-2.742,5.15659],[-2.73913,5.15321],[-2.73909,5.15062],[-2.73763,5.14925]]}},{"type":"Feature","properties":{"name":"Tano River"},"geometry":{"type":"LineString","coordinates":[[-2.72415,5.34281],[-2.72637,5.341],[-2.73196,5.34232],[-2.73455,5.34369],[-2.73828,5.34761],[-2.7421,5.34538],[-2.75185,5.34526],[-2.75668,5.34394],[-2.75768,5.34856],[-2.761,5.35043],[-2.7621,5.35314],[-2.76433,5.35487],[-2.76431,5.35638],[-2.76629,5.35688],[-2.76921,5.3565],[-2.76978,5.35464],[-2.76952,5.35232],[-2.77611,5.34772],[-2.77682,5.34586],[-2.77628,5.34261],[-2.77059,5.33745],[-2.77062,5.33525],[-2.77117,5.33477],[-2.77292,5.33608],[-2.77437,5.33629],[-2.7778,5.331],[-2.77242,5.32965],[-2.77186,5.32514],[-2.77009,5.32138],[-2.76611,5.3171],[-2.76803,5.30744],[-2.76682,5.30583],[-2.76675,5.3044],[-2.76794,5.3032],[-2.76803,5.30099],[-2.76995,5.29766],[-2.76942,5.29465],[-2.77153,5.29306],[-2.77516,5.29407],[-2.77783,5.29406],[-2.78077,5.29517],[-2.78415,5.29289]]}},{"type":"Feature","properties":{"name":"Mouhoun River"},"geometry":{"type":"LineString","coordinates":[[-2.65599,8.97243],[-2.65548,8.96598],[-2.65368,8.95819],[-2.65359,8.95418],[-2.65219,8.95094],[-2.65201,8.94469],[-2.64785,8.93816],[-2.64346,8.9346],[-2.63428,8.93123],[-2.6246,8.92569],[-2.62032,8.92394],[-2.61831,8.92154],[-2.61785,8.91624],[-2.61668,8.91227],[-2.61722,8.90719],[-2.62127,8.89702],[-2.6223,8.89184],[-2.62221,8.88577],[-2.62334,8.8783],[-2.62208,8.87447],[-2.62059,8.87181],[-2.61866,8.87037],[-2.61806,8.86821],[-2.61069,8.8552],[-2.60903,8.8495],[-2.60736,8.84667],[-2.59975,8.83824],[-2.59764,8.83333],[-2.59692,8.82797],[-2.59777,8.82392],[-2.5993,8.82199],[-2.60277,8.82028],[-2.61051,8.81406],[-2.61956,8.81024],[-2.62293,8.80781],[-2.62622,8.80259],[-2.62982,8.79606],[-2.6302,8.79418],[-2.62694,8.79273],[-2.62599,8.79133],[-2.62372,8.78987]]}},{"type":"Feature","properties":{"name":"Mouhoun River"},"geometry":{"type":"LineString","coordinates":[[-2.71742,9.19232],[-2.71849,9.18791],[-2.72075,9.18378],[-2.72146,9.18035],[-2.72499,9.17379],[-2.72639,9.16842],[-2.73498,9.15826],[-2.73811,9.15608],[-2.74689,9.15212],[-2.75492,9.15208],[-2.76054,9.15127],[-2.76588,9.14922],[-2.772,9.14435]]}},{"type":"Feature","properties":{"name":"Mouhoun River"},"geometry":{"type":"LineString","coordinates":[[-2.66254,9.26363],[-2.65825,9.25924],[-2.65759,9.25478],[-2.65946,9.24669],[-2.66249,9.24178],[-2.66427,9.23977],[-2.67201,9.2353],[-2.68282,9.2298],[-2.69308,9.2258],[-2.69461,9.2238],[-2.69577,9.21975],[-2.70428,9.21485],[-2.71459,9.2058],[-2.71746,9.20152],[-2.718,9.19972],[-2.71742,9.19232]]}},{"type":"Feature","properties":{"name":"Mouhoun River"},"geometry":{"type":"LineString","coordinates":[[-2.6845,9.48219],[-2.68508,9.4734],[-2.68947,9.45749],[-2.69013,9.45277],[-2.68926,9.44025],[-2.68735,9.42687],[-2.68511,9.42152],[-2.67999,9.41423],[-2.6764,9.40329],[-2.67333,9.38674],[-2.67534,9.37521],[-2.67756,9.3677],[-2.68206,9.36047],[-2.68491,9.35754],[-2.69396,9.35204],[-2.69869,9.34474],[-2.7027,9.34005],[-2.70394,9.33947],[-2.70761,9.33981],[-2.71043,9.3393],[-2.71708,9.33663],[-2.7192,9.33516],[-2.72032,9.33344],[-2.72147,9.32504],[-2.72066,9.32011],[-2.72103,9.31317],[-2.71813,9.30639],[-2.71613,9.29767],[-2.70973,9.2898],[-2.70288,9.28612],[-2.69361,9.28431],[-2.69169,9.28418],[-2.68669,9.28732],[-2.68543,9.28731],[-2.6812,9.28334],[-2.67712,9.28068],[-2.67213,9.27492],[-2.66932,9.27329],[-2.66254,9.26363]]}},{"type":"Feature","properties":{"name":"Yifaw"},"geometry":{"type":"LineString","coordinates":[[-2.90517,7.24377],[-2.90732,7.24236],[-2.90763,7.24285],[-2.90891,7.24234],[-2.91059,7.24388],[-2.91203,7.24352],[-2.91401,7.24508],[-2.91748,7.24581],[-2.91827,7.24651],[-2.91902,7.24609],[-2.9209,7.24664],[-2.92191,7.24771],[-2.92364,7.24715],[-2.92461,7.24768],[-2.92485,7.24717],[-2.92896,7.24636],[-2.93086,7.24479],[-2.93261,7.24462],[-2.93304,7.24404],[-2.93527,7.24434],[-2.94084,7.24079],[-2.94232,7.24111],[-2.94376,7.23939],[-2.94487,7.23899],[-2.94597,7.23606],[-2.94922,7.23413]]}},{"type":"Feature","properties":{"name":"River Mamie"},"geometry":{"type":"LineString","coordinates":[[-2.10689,5.87973],[-2.10874,5.88157],[-2.11017,5.88184],[-2.11148,5.88433],[-2.11427,5.88435]]}},{"type":"Feature","properties":{"name":"River Mamie"},"geometry":{"type":"LineString","coordinates":[[-2.11427,5.88435],[-2.11763,5.88374],[-2.11868,5.88424]]}},{"type":"Feature","properties":{},"geometry":{"type":"LineString","coordinates":[[-0.25034,11.01828],[-0.25405,11.02181],[-0.25622,11.02659],[-0.25822,11.02881]]}},{"type":"Feature","properties":{},"geometry":{"type":"LineString","coordinates":[[-0.09218,11.02004],[-0.09548,11.01752],[-0.09823,11.01233],[-0.09852,11.0109],[-0.09767,11.00898]]}},{"type":"Feature","properties":{"name":"Pumpum River"},"geometry":{"type":"LineString","coordinates":[[-1.71571,8.04997],[-1.71561,8.05005]]}},{"type":"Feature","properties":{},"geometry":{"type":"LineString","coordinates":[[-0.06973,10.88725],[-0.06984,10.88723]]}},{"type":"Feature","properties":{},"geometry":{"type":"LineString","coordinates":[[-0.06969,10.88726],[-0.06973,10.88725]]}},{"type":"Feature","properties":{},"geometry":{"type":"LineString","coordinates":[[-0.26851,5.60255],[-0.27101,5.59755],[-0.27318,5.5957],[-0.27266,5.59473],[-0.27484,5.59246],[-0.27554,5.59275]]}},{"type":"Feature","properties":{},"geometry":{"type":"LineString","coordinates":[[-0.26843,5.60271],[-0.26851,5.60255]]}},{"type":"Feature","properties":{},"geometry":{"type":"LineString","coordinates":[[-0.26521,5.62795],[-0.26534,5.62537],[-0.26726,5.62326],[-0.26697,5.62164],[-0.26748,5.62129],[-0.26632,5.61675],[-0.26631,5.61087],[-0.26805,5.60789],[-0.26717,5.60698],[-0.26843,5.60271]]}}]}