{"type":"FeatureCollection","features":[{"type":"Feature","properties":{"name":"Kpong Reservoir"},"geometry":{"type":"Polygon","coordinates":[[[0.1172071,6.1506129],[0.1160054,6.152149],[0.1160054,6.1545384],[0.1154905,6.1550504],[0.1141172,6.1550504],[0.1117139,6.1564158],[0.1089673,6.1564158],[0.107594,6.1557331],[0.1021009,6.1560744],[0.0954061,6.1603412],[0.0962644,6.1608532],[0.0980985,6.1594936],[0.0980326,6.1617671],[0.097154,6.1628223],[0.095612,6.1628655],[0.0951625,6.1640758],[0.096124,6.1656522],[0.0955421,6.1683866],[0.0968303,6.1723532],[0.0963278,6.1732161],[0.0955664,6.171955],[0.0946527,6.172016],[0.0955824,6.1696817],[0.0949687,6.1692454],[0.0945036,6.1702343],[0.0946635,6.169142],[0.0927968,6.1675047],[0.0936506,6.1659402],[0.0921869,6.1633049],[0.0899175,6.1628965],[0.0899691,6.1666014],[0.0894202,6.1650166],[0.0895821,6.16738],[0.0889855,6.1680554],[0.0895382,6.1686797],[0.0889385,6.1683137],[0.0889569,6.1675817],[0.0894404,6.1671672],[0.0892706,6.1660152],[0.0887501,6.1660522],[0.0891791,6.1650863],[0.0880506,6.1651955],[0.0879162,6.1660268],[0.0876759,6.1632052],[0.0895789,6.1602451],[0.0903056,6.1575422],[0.0867758,6.1613969],[0.0867699,6.1622813],[0.0833898,6.1647786],[0.0813298,6.1688746],[0.0820165,6.1729707],[0.0835614,6.1745066],[0.085278,6.174848],[0.086308,6.1762133],[0.087338,6.1755306],[0.0885396,6.176384],[0.0903385,6.1800109],[0.0910252,6.1834242],[0.0927418,6.1851308],[0.0951451,6.1892267],[0.0951451,6.1922986],[0.0965183,6.1957118],[0.0963182,6.197807],[0.097426,6.2012761],[0.100471,6.2052999],[0.1015873,6.2094652],[0.1035869,6.2112715],[0.1059821,6.2157324],[0.1099079,6.2196035],[0.1120955,6.2229231],[0.1149208,6.2292565],[0.1143665,6.2287833],[0.1113871,6.2354979],[0.108823,6.2381863],[0.1060593,6.2384934],[0.1034239,6.2354545],[0.1015367,6.234578],[0.0985039,6.2359481],[0.0989216,6.2366683],[0.0982083,6.236862],[0.0982138,6.238292],[0.0965205,6.240195],[0.0943196,6.239693],[0.0930002,6.2337946],[0.093479,6.2310296],[0.0890578,6.2230743],[0.0890903,6.2218623],[0.0897092,6.2197961],[0.092553,6.2182422],[0.0934435,6.2154795],[0.0952968,6.2137988],[0.0972094,6.2130577],[0.0971321,6.2117527],[0.0992206,6.2094928],[0.0979498,6.2064411],[0.0949421,6.2030783],[0.0943833,6.2006608],[0.0920337,6.1964691],[0.0889545,6.1886294],[0.0789266,6.1719467],[0.0752895,6.1691946],[0.0730901,6.1688746],[0.0701718,6.1652906],[0.067622,6.163377],[0.0676647,6.1647236],[0.0663389,6.1643928],[0.0645717,6.1580801],[0.0654264,6.1574473],[0.0645151,6.1575131],[0.0637685,6.155091],[0.0616243,6.1517855],[0.0621351,6.1516849],[0.0623567,6.1524418],[0.0628588,6.1520851],[0.0624471,6.1501009],[0.0641637,6.1463461],[0.0638204,6.144298],[0.0648503,6.1415672],[0.0631337,6.1388363],[0.0646787,6.137983],[0.0684552,6.1410551],[0.0732618,6.1410551],[0.0760083,6.1386657],[0.0780683,6.137983],[0.0808149,6.1386657],[0.0825315,6.1366175],[0.0849347,6.1355935],[0.0854497,6.1343987],[0.0828748,6.1328626],[0.0815015,6.1328626],[0.0796132,6.1309851],[0.0792699,6.1299611],[0.0797849,6.129449],[0.0828748,6.1297904],[0.0839048,6.1291077],[0.0856214,6.1291077],[0.0869947,6.1297904],[0.0900846,6.1270595],[0.0942044,6.1267181],[0.0962644,6.1250113],[0.0986676,6.1250113],[0.1014142,6.1236459],[0.1033025,6.1204029],[0.1029592,6.1180133],[0.1019292,6.1163065],[0.1053624,6.1139169],[0.1055341,6.1103325],[0.1081359,6.1107961],[0.1096647,6.1101675],[0.1112372,6.1112471],[0.1123543,6.1106666],[0.1216148,6.1168899],[0.1283329,6.1241145],[0.1287809,6.1255673],[0.1279095,6.1344365],[0.1259499,6.1352197],[0.126222,6.1358915],[0.1276941,6.1363023],[0.1263925,6.1493025],[0.1228221,6.1500959],[0.1209836,6.1495889],[0.1172071,6.1506129]],[[0.0990325,6.2340639],[0.0995153,6.2349225],[0.1008591,6.2336453],[0.0998586,6.2335946],[0.0990325,6.2340639]],[[0.0930619,6.2243023],[0.092724,6.227182],[0.0941804,6.2294404],[0.0950414,6.2273847],[0.0942045,6.2250169],[0.0930619,6.2243023]],[[0.0648562,6.1546073],[0.0663953,6.1570985],[0.0684552,6.1543677],[0.0712018,6.1543677],[0.0729184,6.1550504],[0.0753217,6.1547091],[0.0775533,6.152149],[0.075665,6.1519783],[0.0739484,6.1509543],[0.0722318,6.1512956],[0.0729184,6.1502716],[0.0760083,6.1502716],[0.07618,6.1497596],[0.0753217,6.1489062],[0.0712018,6.1495889],[0.0706868,6.1487355],[0.0718885,6.1475408],[0.0718885,6.1465168],[0.0712018,6.1465168],[0.065022,6.1489062],[0.0650915,6.1514554],[0.0635539,6.1538117],[0.0648562,6.1546073]],[[0.082095,6.1616996],[0.0803793,6.1658575],[0.0812617,6.1673661],[0.0844632,6.1607477],[0.082095,6.1616996]],[[0.0794471,6.1693343],[0.0798655,6.165025],[0.0790501,6.1647157],[0.0776982,6.1672223],[0.0794471,6.1693343]],[[0.0720978,6.1591582],[0.0724479,6.1605236],[0.0748444,6.1605236],[0.0767326,6.1589875],[0.077076,6.1576222],[0.0748444,6.1571101],[0.0720978,6.1591582]],[[0.0719261,6.1617182],[0.0719261,6.1572808],[0.0714111,6.1567688],[0.0688362,6.1579635],[0.0681496,6.1600115],[0.0700378,6.1625716],[0.0710678,6.1625716],[0.0719261,6.1617182]],[[0.0786895,6.1632471],[0.0788183,6.1641485],[0.0802283,6.1637532],[0.0807393,6.1612644],[0.0786895,6.1632471]],[[0.1004559,6.2216394],[0.0990328,6.2234873],[0.0995976,6.2252231],[0.0985676,6.2265883],[0.0985676,6.2279534],[0.1014859,6.2294893],[0.1032025,6.229148],[0.1047474,6.2272709],[0.1047474,6.2245405],[0.1020008,6.2235166],[0.1020008,6.2224927],[0.1044041,6.2204449],[0.1042324,6.2192503],[0.1025158,6.2199329],[0.1014859,6.2216394],[0.1004559,6.2216394]],[[0.107333,6.2255762],[0.1088709,6.2218226],[0.1083062,6.2215474],[0.106818,6.2230165],[0.1066464,6.2255762],[0.107333,6.2255762]],[[0.1102513,6.2281359],[0.1063641,6.2310496],[0.105804,6.2318158],[0.1058422,6.2338406],[0.104555,6.2345322],[0.1050205,6.2367334],[0.1066771,6.2380894],[0.1088644,6.2376105],[0.1104442,6.2361237],[0.1140104,6.2283353],[0.1124121,6.2262998],[0.1112812,6.2298424],[0.1100796,6.231037],[0.1090496,6.231037],[0.108878,6.230525],[0.1105946,6.2284772],[0.1102513,6.2281359]],[[0.1101637,6.2275606],[0.1108825,6.2258195],[0.1104587,6.2236144],[0.1094878,6.2225918],[0.107857,6.2264194],[0.108254,6.2279859],[0.1072749,6.2296511],[0.1101637,6.2275606]],[[0.1026982,6.2141426],[0.0958229,6.2200535],[0.0952539,6.2225746],[0.096336,6.2271002],[0.0971943,6.2265883],[0.0987393,6.2236872],[0.0990743,6.2226902],[0.0985676,6.2214688],[0.0994259,6.2206155],[0.1011425,6.2202742],[0.1040715,6.2161904],[0.1037281,6.2148252],[0.1026982,6.2141426]],[[0.0930508,6.2232139],[0.0943598,6.220813],[0.1023548,6.21346],[0.1016006,6.2109415],[0.098711,6.2103952],[0.0980035,6.2108606],[0.0978611,6.2144019],[0.0958808,6.2152704],[0.0935865,6.2189943],[0.0927491,6.2193456],[0.0923745,6.2216625],[0.0930508,6.2232139]],[[0.0972907,6.2309621],[0.0971321,6.2291385],[0.0949496,6.2333512],[0.0951895,6.2361138],[0.0962697,6.2351546],[0.0972907,6.2309621]],[[0.0894828,6.2222352],[0.0918661,6.2260028],[0.0929121,6.2253845],[0.0917424,6.2216534],[0.09239,6.2192383],[0.0899867,6.2205221],[0.0894828,6.2222352]],[[0.0938311,6.2238242],[0.094445,6.2226761],[0.0953501,6.2207937],[0.0938415,6.2227588],[0.0938311,6.2238242]]]}},{"type":"Feature","properties":{},"geometry":{"type":"Polygon","coordinates":[[[0.6492797,5.8374286],[0.6432125,5.8416605],[0.641925,5.843493],[0.6415629,5.8463566],[0.6425258,5.848742],[0.6482685,5.8548309],[0.6496364,5.8577393],[0.6504866,5.8616055],[0.6496471,5.8682653],[0.6517312,5.8763711],[0.652527,5.89171],[0.6512243,5.895285],[0.6453207,5.9027554],[0.6422577,5.9099055],[0.6417829,5.9139182],[0.6429952,5.9238855],[0.6421101,5.9269429],[0.6383282,5.9322359],[0.6342137,5.936275],[0.633468,5.936323],[0.6286535,5.9418587],[0.6278944,5.9470796],[0.618107,5.9644518],[0.6116751,5.9716252],[0.6073675,5.9744022],[0.5990578,5.9854423],[0.5918628,5.991339],[0.5873652,5.9960941],[0.5816927,6.0068751],[0.5774077,6.0102542],[0.5691138,6.0124708],[0.5647284,6.0143087],[0.5586237,6.0149542],[0.5579404,6.0164715],[0.5535167,6.0179577],[0.5503165,6.0199513],[0.5398428,6.0320122],[0.5358571,6.034845],[0.5254179,6.040545],[0.5221403,6.043159],[0.5209547,6.044722],[0.5191201,6.0499392],[0.5160892,6.0542869],[0.51323,6.0570741],[0.5085072,6.0591064],[0.4949962,6.0616884],[0.4893369,6.0638611],[0.4841023,6.0663607],[0.4794288,6.0705195],[0.4757488,6.0719758],[0.4724443,6.0727066],[0.473603,6.0710103],[0.4721868,6.0699114],[0.4724497,6.0690099],[0.4718703,6.0689832],[0.4659319,6.0739335],[0.4594524,6.0763537],[0.4523331,6.0814788],[0.444662,6.084954],[0.4294136,6.086677],[0.4156646,6.0863249],[0.407635,6.0836437],[0.4005653,6.0803558],[0.3973693,6.0784383],[0.3925413,6.0740535],[0.3926566,6.0732373],[0.3893441,6.069522],[0.3895882,6.0690472],[0.3916079,6.0705782],[0.3883068,6.060246],[0.3882972,6.0594524],[0.3903526,6.0586932],[0.3904813,6.0558926],[0.3888506,6.0507928],[0.3874426,6.0488942],[0.3847484,6.0482979],[0.3796184,6.0458316],[0.3722745,6.0457756],[0.3637451,6.0468692],[0.351651,6.0491577],[0.3444332,6.0515316],[0.3385109,6.0543669],[0.3292599,6.0572822],[0.3179211,6.0596792],[0.3068321,6.0596628],[0.2987349,6.0628076],[0.2960488,6.0647424],[0.2935275,6.0682657],[0.2938896,6.0727039],[0.2928865,6.0792678],[0.2921891,6.0797265],[0.2877635,6.0899095],[0.2695352,6.1034474],[0.2625185,6.105981],[0.2481151,6.105845],[0.2374288,6.1078485],[0.234762,6.1094743],[0.2333786,6.1088988],[0.2332775,6.1074518],[0.212258,6.102263],[0.2089658,6.1020558],[0.2067221,6.1036128],[0.2020205,6.1014438],[0.2015668,6.1005796],[0.1933108,6.0973248],[0.1895987,6.0966543],[0.1860062,6.0973402],[0.1791571,6.0999987],[0.1677153,6.1021736],[0.1547409,6.1067514],[0.144182,6.1096886],[0.1429777,6.1105885],[0.1423456,6.1103225],[0.1347779,6.1157955],[0.1281247,6.1229934],[0.1247217,6.119852],[0.1242496,6.1187724],[0.1247733,6.118178],[0.1359902,6.108067],[0.1389771,6.1062881],[0.1412303,6.1057916],[0.143807,6.1061227],[0.14767,6.104887],[0.1707341,6.0948064],[0.1879148,6.0907507],[0.1939815,6.0933771],[0.1964533,6.0953861],[0.2024418,6.0971488],[0.2139194,6.0996174],[0.2210381,6.1001655],[0.2353636,6.1038547],[0.2386642,6.1038267],[0.2519807,6.10042],[0.2638516,6.0960277],[0.2648011,6.0963024],[0.2641091,6.0956757],[0.2647153,6.0948729],[0.2719063,6.0917551],[0.2852797,6.0802306],[0.288166,6.074452],[0.288979,6.066215],[0.2900128,6.063176],[0.2933687,6.0590914],[0.2968336,6.0566154],[0.3019285,6.0545419],[0.3082851,6.0535334],[0.315151,6.0548891],[0.3167078,6.0546216],[0.3178436,6.0540445],[0.317988,6.052967],[0.3234791,6.0523242],[0.3283032,6.0509772],[0.3390577,6.0465828],[0.3572752,6.0415536],[0.3619338,6.0407974],[0.3662118,6.0393593],[0.3663233,6.0387283],[0.3655641,6.0384602],[0.3661312,6.0383454],[0.3712622,6.0381784],[0.3786796,6.0392167],[0.3833333,6.0405504],[0.3865412,6.0426949],[0.3933406,6.0497845],[0.3985843,6.0678603],[0.4020068,6.072756],[0.403069,6.0727426],[0.4049009,6.0747149],[0.4047561,6.0756738],[0.4032714,6.0765206],[0.4023716,6.0745736],[0.4020524,6.0741949],[0.4013738,6.0741655],[0.4022616,6.0748403],[0.4024762,6.0762086],[0.4012531,6.0763926],[0.4010814,6.0755071],[0.4009098,6.0754618],[0.4007676,6.0765339],[0.4031146,6.076914],[0.4036872,6.0784783],[0.4058056,6.0788862],[0.4052871,6.0776595],[0.4058102,6.0760379],[0.4071164,6.0774888],[0.4091468,6.0784249],[0.4091334,6.0797452],[0.4098228,6.078705],[0.4127491,6.080672],[0.4140902,6.0804546],[0.4140472,6.0791158],[0.4254654,6.0816068],[0.4345581,6.080964],[0.4415347,6.0794023],[0.4449376,6.0799406],[0.4492244,6.0781602],[0.4556659,6.0738072],[0.4568382,6.071804],[0.4553828,6.0720665],[0.4552031,6.071181],[0.4616685,6.0679624],[0.4618442,6.0667535],[0.4725569,6.0620378],[0.4843184,6.0539508],[0.4945859,6.0500353],[0.501519,6.0498936],[0.5064414,6.0513667],[0.5095875,6.0510462],[0.5133534,6.0496026],[0.5151638,6.0478641],[0.5196968,6.037883],[0.5225559,6.0336407],[0.527442,6.020476],[0.5323541,6.0147115],[0.5352911,6.0131697],[0.5390516,6.0134071],[0.5432049,6.0124505],[0.5631271,6.0058581],[0.5692213,6.0051911],[0.5730298,6.003332],[0.5797809,5.996986],[0.58858,5.984687],[0.5979017,5.977197],[0.598694,5.9746046],[0.597741,5.9740074],[0.5991143,5.9708489],[0.6035721,5.9669168],[0.6086415,5.9652095],[0.6109616,5.9636916],[0.6140462,5.9595993],[0.6174901,5.9520683],[0.617546,5.950295],[0.6207275,5.9438222],[0.6250513,5.9286236],[0.625109,5.926628],[0.6298383,5.9221065],[0.6339267,5.9134299],[0.6385159,5.9102924],[0.6403559,5.9016909],[0.6401816,5.8970486],[0.6384757,5.8966617],[0.6373733,5.8983025],[0.6349593,5.8991483],[0.6352866,5.9004236],[0.6341403,5.9003055],[0.6325507,5.9044069],[0.6320382,5.904229],[0.6340635,5.898572],[0.6368617,5.8955808],[0.636444,5.89293],[0.6373525,5.8920917],[0.6382867,5.8886717],[0.6381239,5.8856863],[0.6386618,5.8837993],[0.6375151,5.8808843],[0.639037,5.8765539],[0.6386477,5.8732023],[0.6399295,5.8698902],[0.635192,5.854027],[0.632647,5.847576],[0.6319714,5.8427491],[0.6288546,5.8379596],[0.6256682,5.8352005],[0.6229645,5.8341332],[0.6212586,5.8349284],[0.6216931,5.8371297],[0.6232461,5.8383651],[0.6221555,5.8388851],[0.6237423,5.8417565],[0.6208214,5.8472745],[0.6210682,5.8516558],[0.6250854,5.8585048],[0.6261215,5.8618163],[0.6304505,5.8616509],[0.632196,5.86303],[0.6328002,5.8658426],[0.6305525,5.8688736],[0.6261168,5.8700284],[0.6212419,5.8691739],[0.6194186,5.8670272],[0.6157662,5.8654141],[0.6146309,5.8668511],[0.6132805,5.8712656],[0.6133438,5.8731441],[0.61543,5.874182],[0.6187642,5.8735028],[0.6200141,5.8748422],[0.619837,5.8761816],[0.6188661,5.8772569],[0.615972,5.8779639],[0.6118441,5.8766219],[0.6112164,5.8774116],[0.6112298,5.8831587],[0.609589,5.886118],[0.6047469,5.887449],[0.6053531,5.8894073],[0.6088051,5.8912776],[0.6126085,5.8943965],[0.6121284,5.8971339],[0.6084725,5.9019817],[0.6065387,5.9028435],[0.6073353,5.9044229],[0.611941,5.907637],[0.6110796,5.9120186],[0.6101757,5.912787],[0.6088829,5.9128296],[0.6096554,5.9109087],[0.6088132,5.9060077],[0.606551,5.90491],[0.6052458,5.9030009],[0.6036419,5.905338],[0.6030732,5.9041694],[0.6036043,5.9018643],[0.6028157,5.901352],[0.6017268,5.9021791],[0.6011528,5.9038226],[0.602039,5.906951],[0.600744,5.909006],[0.5999243,5.9127016],[0.59964,5.9105459],[0.6008631,5.9071202],[0.5999887,5.9070028],[0.598304,5.908094],[0.59571,5.913106],[0.5898982,5.917061],[0.5911052,5.9234479],[0.5898121,5.92693],[0.5885242,5.9284113],[0.5839791,5.9306567],[0.5790406,5.9314142],[0.5768681,5.9357361],[0.5736333,5.9375075],[0.57307,5.9351492],[0.5719167,5.9340447],[0.5729359,5.9320918],[0.5757362,5.9323213],[0.5760366,5.9315743],[0.5745935,5.9282608],[0.571568,5.9259878],[0.5714822,5.9252728],[0.5721956,5.9243924],[0.5764925,5.924243],[0.575735,5.921778],[0.5779678,5.9217191],[0.578692,5.9206306],[0.5771577,5.9201024],[0.577934,5.918954],[0.5761063,5.918539],[0.5773562,5.9178507],[0.5767983,5.9158818],[0.57769,5.915861],[0.577565,5.915088],[0.5788314,5.9138915],[0.579753,5.91484],[0.5800455,5.9134832],[0.5814385,5.9133392],[0.5809182,5.9125362],[0.5821761,5.9114903],[0.5828601,5.9086169],[0.5842012,5.9065786],[0.586223,5.905981],[0.5878222,5.9038226],[0.5927655,5.9009198],[0.5935353,5.8998686],[0.5970624,5.8989295],[0.6004554,5.895301],[0.5997795,5.8968084],[0.60015,5.897798],[0.606831,5.9007224],[0.608113,5.900408],[0.608763,5.898737],[0.610916,5.8967818],[0.6114954,5.894602],[0.6055623,5.8911762],[0.60343,5.8880066],[0.6047126,5.8853176],[0.6099853,5.8833748],[0.610503,5.8815765],[0.6096234,5.8777841],[0.6111873,5.8759737],[0.6131578,5.8755328],[0.6173614,5.8765018],[0.6192094,5.8756907],[0.6190371,5.8745516],[0.6151648,5.875123],[0.612461,5.8734121],[0.6125039,5.8680758],[0.6141454,5.8652796],[0.615897,5.8645614],[0.6240668,5.8661529],[0.6282377,5.868348],[0.6300241,5.8680732],[0.6317309,5.8660476],[0.6316227,5.8641696],[0.6307189,5.8628687],[0.6296566,5.8624033],[0.6280848,5.8636493],[0.624742,5.861711],[0.6229833,5.8582489],[0.6201294,5.8551191],[0.6191021,5.8523041],[0.6191826,5.8477655],[0.6201965,5.8455508],[0.6188983,5.8443821],[0.6185818,5.8429066],[0.6202474,5.8404784],[0.620096,5.8349],[0.6206363,5.8335755],[0.6236511,5.8324682],[0.6239623,5.8318518],[0.6224924,5.8289647],[0.620639,5.8270434],[0.620182,5.8246292],[0.6178924,5.8218268],[0.6172809,5.8100885],[0.6157333,5.8092079],[0.6174727,5.8092826],[0.6167015,5.807799],[0.6171696,5.8075882],[0.6169054,5.8052533],[0.618566,5.801406],[0.6267384,5.7914946],[0.6356594,5.7853876],[0.6393313,5.7839901],[0.6393699,5.783073],[0.6402873,5.7833516],[0.646002,5.7777475],[0.6547916,5.7742757],[0.6551363,5.7737254],[0.6536838,5.7737313],[0.6541103,5.7731709],[0.6534424,5.7730241],[0.6552677,5.7724397],[0.6563969,5.7726385],[0.6553884,5.7737606],[0.6561153,5.7741236],[0.6576253,5.7736806],[0.6585668,5.7722182],[0.6593326,5.7728053],[0.658292,5.773492],[0.6593446,5.7739181],[0.6607461,5.773279],[0.6619236,5.7722456],[0.6606039,5.7724517],[0.6598778,5.7718233],[0.6637582,5.7717392],[0.6659028,5.7730967],[0.6653675,5.769727],[0.6740366,5.775249],[0.6769252,5.7778369],[0.678961,5.7780024],[0.6812113,5.7769616],[0.6798112,5.7788403],[0.6811686,5.7805055],[0.6825149,5.7810339],[0.6787705,5.7842068],[0.6779471,5.7866245],[0.6786659,5.7896106],[0.6780517,5.7946274],[0.6683877,5.8003967],[0.666596,5.8023954],[0.6647,5.810099],[0.6605718,5.8169837],[0.6606415,5.8210396],[0.659232,5.826048],[0.6526726,5.8327217],[0.6492797,5.8374286]],[[0.6391725,5.8939989],[0.641221,5.888571],[0.641499,5.883678],[0.643699,5.880596],[0.6445239,5.8782853],[0.645673,5.869785],[0.6439232,5.8629479],[0.6414626,5.8574515],[0.639052,5.853785],[0.6380077,5.8533275],[0.6369131,5.8515027],[0.635631,5.8509729],[0.637887,5.855712],[0.637327,5.8588461],[0.64067,5.866673],[0.6405335,5.8713237],[0.6390754,5.8733446],[0.6392807,5.87683],[0.6378084,5.88078],[0.6388418,5.8834275],[0.6384737,5.8887928],[0.6379004,5.8916796],[0.6366687,5.8936722],[0.6375889,5.895355],[0.6391725,5.8939989]],[[0.5656606,6.0061989],[0.5629449,6.0070318],[0.5625871,6.0075412],[0.5660184,6.0075978],[0.5684414,6.0062312],[0.5656606,6.0061989]],[[0.6632254,5.7766591],[0.6624367,5.7773871],[0.6622131,5.778095],[0.6638312,5.7774842],[0.6632254,5.7766591]],[[0.6263195,5.8044561],[0.6229197,5.8044747],[0.6217896,5.8073924],[0.6223219,5.8103194],[0.6231625,5.8097712],[0.623396,5.8076619],[0.6243394,5.8075783],[0.6245542,5.8066212],[0.6263662,5.8057198],[0.6263195,5.8044561]],[[0.6231374,5.8026312],[0.6229504,5.8033755],[0.6230642,5.8039579],[0.6239424,5.8030842],[0.6231374,5.8026312]],[[0.6319315,5.9227742],[0.6316307,5.9226165],[0.6315615,5.9228268],[0.6319315,5.9227742]],[[0.6544962,5.8226676],[0.6480983,5.8297572],[0.6431388,5.833065],[0.6420647,5.8376643],[0.6423635,5.8410464],[0.6469868,5.8383147],[0.653282,5.8305934],[0.6535622,5.8294412],[0.6543281,5.8286514],[0.6559252,5.8284006],[0.6559906,5.8262821],[0.6544869,5.8252135],[0.6544962,5.8226676]],[[0.6591285,5.8184774],[0.655706,5.8216901],[0.6552232,5.8252977],[0.656693,5.8264611],[0.6595576,5.8223732],[0.6598258,5.820943],[0.6591285,5.8184774]],[[0.6594396,5.8237821],[0.6583989,5.8248174],[0.657959,5.8262263],[0.6584955,5.8263758],[0.6592465,5.8254045],[0.6594396,5.8237821]],[[0.6446243,5.8102358],[0.6463055,5.8076991],[0.6459319,5.8068721],[0.6446523,5.8067606],[0.6426722,5.8083402],[0.6410564,5.8081358],[0.640085,5.80913],[0.6393659,5.8123544],[0.6411965,5.817818],[0.6446243,5.8102358]],[[0.6502985,5.8038628],[0.6513821,5.8103925],[0.6519319,5.8084018],[0.6516047,5.806251],[0.652463,5.8045486],[0.6502985,5.8038628]],[[0.6474033,5.8028438],[0.6469634,5.8036443],[0.6480899,5.8078285],[0.6476715,5.8124075],[0.6482723,5.8130372],[0.6510082,5.8106143],[0.650225,5.8088105],[0.6502357,5.8063982],[0.6474033,5.8028438]],[[0.6444362,5.8004107],[0.6422368,5.8038797],[0.6411746,5.8073807],[0.6414965,5.8079891],[0.6430092,5.807829],[0.6443825,5.8062493],[0.6444362,5.8004107]],[[0.6459839,5.8103018],[0.6438238,5.8123543],[0.6434129,5.8153928],[0.6466623,5.8116196],[0.6469875,5.8103738],[0.6459839,5.8103018]],[[0.6610687,5.8083485],[0.6598778,5.8097894],[0.6589015,5.8116893],[0.660382,5.810227],[0.6610687,5.8083485]],[[0.6529544,5.8044437],[0.6516922,5.8062629],[0.6521704,5.8080084],[0.6516747,5.8111941],[0.6513614,5.8125225],[0.6492996,5.8149183],[0.6498347,5.8155971],[0.6526129,5.8139869],[0.6532552,5.8126123],[0.6524315,5.8123172],[0.6533614,5.81199],[0.6530665,5.8108166],[0.6552006,5.8066195],[0.6548261,5.8038968],[0.6529544,5.8044437]],[[0.6232263,5.9386954],[0.6191815,5.9488863],[0.6224216,5.9458557],[0.6262411,5.9394957],[0.6268419,5.9369239],[0.6263698,5.9355367],[0.6232263,5.9386954]],[[0.5338036,6.019036],[0.5299182,6.0236988],[0.5279755,6.0295134],[0.5285546,6.0316682],[0.5313192,6.0302193],[0.533785,6.0265782],[0.5350739,6.0216554],[0.5348684,6.019036],[0.5338036,6.019036]],[[0.1843353,6.0951172],[0.1835873,6.0946845],[0.1835927,6.0948994],[0.1843353,6.0951172]],[[0.181685,6.094121],[0.174992,6.094988],[0.174989,6.095503],[0.173573,6.095753],[0.173181,6.097038],[0.174723,6.097175],[0.175756,6.096537],[0.174461,6.098075],[0.175231,6.098465],[0.176261,6.098342],[0.176528,6.096541],[0.17884,6.097068],[0.178843,6.096553],[0.183992,6.095808],[0.184252,6.095294],[0.181685,6.094121]],[[0.262702,6.098789],[0.2561295,6.1005347],[0.255222,6.102484],[0.2587961,6.1034623],[0.2601708,6.1025698],[0.2627813,6.1029015],[0.2677486,6.1021957],[0.2773354,6.0949908],[0.2799333,6.0923766],[0.2826023,6.08921],[0.2859749,6.0832147],[0.280004,6.086],[0.2750944,6.0922666],[0.2723844,6.0943385],[0.2674792,6.0970469],[0.262702,6.098789]],[[0.2881654,6.0831953],[0.2871324,6.0839633],[0.2855704,6.0875603],[0.2856884,6.0897503],[0.2878784,6.0891173],[0.2886634,6.0865463],[0.2881654,6.0831953]],[[0.2918705,6.0715255],[0.2914111,6.0718429],[0.2916797,6.0734233],[0.292292,6.072412],[0.2918705,6.0715255]],[[0.533235,6.0290497],[0.5283961,6.032203],[0.5279296,6.0350206],[0.529863,6.0355259],[0.5345928,6.0331042],[0.5343062,6.0326728],[0.5371808,6.0322813],[0.5399004,6.0305008],[0.546351,6.021205],[0.5501341,6.0178751],[0.5513235,6.0154414],[0.54818,6.015031],[0.542256,6.016293],[0.54045,6.017444],[0.537104,6.017687],[0.537102,6.018202],[0.536071,6.018455],[0.536194,6.019743],[0.533235,6.0290497]],[[0.6063641,5.9667113],[0.604093,5.967496],[0.5995998,5.9712763],[0.6005262,5.9732889],[0.6039166,5.9709909],[0.6044681,5.9694063],[0.6065189,5.9673539],[0.6063641,5.9667113]],[[0.6254835,5.9307394],[0.6235521,5.9348212],[0.6237333,5.9364318],[0.6253094,5.9362235],[0.6263144,5.9350802],[0.6254835,5.9307394]],[[0.6316002,5.9229734],[0.6295993,5.924979],[0.6270622,5.9258435],[0.6262865,5.9280657],[0.6268324,5.9298357],[0.628834,5.927932],[0.6316002,5.9229734]],[[0.6403139,5.9219604],[0.638722,5.9224627],[0.6369757,5.9265543],[0.6361223,5.9293656],[0.6369196,5.9304756],[0.638556,5.9303294],[0.6397355,5.9287138],[0.6409614,5.9251389],[0.641086,5.9228074],[0.6403139,5.9219604]],[[0.6384275,5.9128491],[0.6354701,5.9142644],[0.6330464,5.9204417],[0.6357687,5.9192579],[0.6380015,5.9173349],[0.6387685,5.915865],[0.6384275,5.9128491]],[[0.6468132,5.8831056],[0.6463654,5.883326],[0.6463526,5.8836145],[0.6469373,5.8836929],[0.6468132,5.8831056]],[[0.6216371,5.8398143],[0.6218434,5.8416663],[0.622765,5.84264],[0.6231894,5.8408262],[0.622299,5.8397147],[0.6216371,5.8398143]],[[0.6636401,5.7777876],[0.6611956,5.7786791],[0.6611806,5.7801132],[0.6600948,5.7799911],[0.6578263,5.78557],[0.6608759,5.7849906],[0.6630568,5.780727],[0.6647429,5.7804041],[0.6650124,5.7785057],[0.6636401,5.7777876]],[[0.6196869,5.8002909],[0.618652,5.8015749],[0.61791,5.804236],[0.618517,5.812868],[0.6180622,5.8177247],[0.61874,5.8212104],[0.6202958,5.8227281],[0.620551,5.818544],[0.621727,5.814041],[0.621241,5.807342],[0.622543,5.803483],[0.6229685,5.7988475],[0.6196869,5.8002909]],[[0.6349464,5.8286277],[0.6373747,5.8226086],[0.6388445,5.8212317],[0.638426,5.819006],[0.6389626,5.8174426],[0.6385763,5.8156708],[0.6373545,5.8152173],[0.6377451,5.8121369],[0.637172,5.811272],[0.6399224,5.8070831],[0.64055,5.803043],[0.642623,5.799445],[0.6471124,5.7955855],[0.6506088,5.7891807],[0.65456,5.7844382],[0.6545157,5.782348],[0.6537979,5.781871],[0.6513504,5.7821277],[0.6451248,5.7857181],[0.6383191,5.7879661],[0.631863,5.7920061],[0.6251923,5.8156092],[0.6247774,5.8162565],[0.6235127,5.8160088],[0.6230312,5.8169392],[0.6261104,5.8219278],[0.6275119,5.8303048],[0.6298001,5.8338904],[0.6306906,5.8341359],[0.6349464,5.8286277]],[[0.6269936,5.794721],[0.6254906,5.7957208],[0.6248941,5.7969837],[0.6255568,5.7984898],[0.6267568,5.7974697],[0.6269936,5.794721]],[[0.6226632,5.8186133],[0.6224118,5.8204828],[0.6262173,5.8264604],[0.6257598,5.8225056],[0.6226632,5.8186133]],[[0.6598375,5.7962262],[0.6645368,5.7877813],[0.6645018,5.7867927],[0.663235,5.7857337],[0.6597301,5.7893239],[0.6565721,5.7902393],[0.6539908,5.7928144],[0.6521746,5.7969918],[0.6492547,5.8000644],[0.6491795,5.8032092],[0.6530434,5.8039882],[0.6546117,5.8032977],[0.6560645,5.8004891],[0.6598375,5.7962262]],[[0.4623404,6.0676736],[0.4770657,6.064201],[0.4807323,6.0639262],[0.4829586,6.0622246],[0.4830712,6.0602135],[0.4811078,6.0577009],[0.47297,6.0624779],[0.4630727,6.0665347],[0.4623404,6.0676736]],[[0.5837211,5.9082621],[0.5843997,5.9084302],[0.584,5.9080193],[0.5837211,5.9082621]]]}},{"type":"Feature","properties":{},"geometry":{"type":"Polygon","coordinates":[[[-2.930537,5.107452],[-2.9252823,5.1125956],[-2.9226751,5.1122573],[-2.918837,5.1099],[-2.9172342,5.1080274],[-2.914853,5.102551],[-2.914134,5.0984108],[-2.9098726,5.0940644],[-2.9091057,5.0922968],[-2.9063743,5.0920713],[-2.9011562,5.0891942],[-2.8989324,5.0890196],[-2.8977602,5.0907328],[-2.8950106,5.089638],[-2.8947842,5.0903545],[-2.8960184,5.0902854],[-2.8947367,5.0907],[-2.8938932,5.093417],[-2.8928123,5.0945627],[-2.8928926,5.0960649],[-2.8919359,5.0969851],[-2.8894017,5.10287],[-2.8889343,5.1086239],[-2.891337,5.1109662],[-2.8934915,5.1115408],[-2.8977712,5.1103588],[-2.8983372,5.1090785],[-2.8974863,5.1068926],[-2.8979282,5.1055323],[-2.9010686,5.1031973],[-2.9031098,5.0996256],[-2.9076853,5.0973597],[-2.9097265,5.0978907],[-2.905587,5.1025993],[-2.9041316,5.1056181],[-2.9040836,5.1073465],[-2.9058069,5.1098754],[-2.905659,5.1144871],[-2.9023523,5.1181271],[-2.9015886,5.1207236],[-2.9023525,5.1205324],[-2.9026801,5.1184257],[-2.9047313,5.1169244],[-2.9060588,5.114742],[-2.9060988,5.1090311],[-2.9044874,5.1069323],[-2.9054151,5.1042481],[-2.9072983,5.1011656],[-2.9108364,5.0981139],[-2.912834,5.098149],[-2.9136118,5.0988982],[-2.9138382,5.101888],[-2.9158575,5.1055323],[-2.9160111,5.1063472],[-2.915109,5.106419],[-2.9160278,5.1066285],[-2.9167136,5.1087022],[-2.914595,5.108481],[-2.913694,5.106934],[-2.913823,5.108739],[-2.914594,5.109513],[-2.9166647,5.1092244],[-2.9168493,5.1098243],[-2.9193485,5.11201],[-2.9182019,5.1130975],[-2.9185524,5.1123064],[-2.9181142,5.1119227],[-2.9155472,5.1122537],[-2.9141809,5.111544],[-2.9148533,5.1133812],[-2.9164264,5.1144435],[-2.9189177,5.1130284],[-2.924236,5.11351],[-2.9262536,5.1128865],[-2.928093,5.111447],[-2.9320232,5.1056196],[-2.9335374,5.1046562],[-2.9333545,5.1040542],[-2.9315923,5.1052559],[-2.930537,5.107452]],[[-2.9169749,5.1088748],[-2.9176541,5.1097441],[-2.9176249,5.1099987],[-2.9169749,5.1088748]],[[-2.9187679,5.110737],[-2.9195237,5.1109989],[-2.9195176,5.1111652],[-2.9187679,5.110737]]]}},{"type":"Feature","properties":{"name":"Weija Reservoir"},"geometry":{"type":"Polygon","coordinates":[[[-0.3446022,5.5695776],[-0.343705,5.5716818],[-0.3453867,5.5726629],[-0.3450032,5.5759838],[-0.3419615,5.5807141],[-0.3396401,5.5896716],[-0.3376445,5.5927174],[-0.3361157,5.5968123],[-0.3334415,5.6001411],[-0.3343374,5.6034858],[-0.3355202,5.6042306],[-0.3373522,5.602952],[-0.3382158,5.6012569],[-0.337497,5.5993322],[-0.3385887,5.5986515],[-0.3402087,5.5997433],[-0.3414989,5.5997353],[-0.341582,5.6020097],[-0.3431042,5.6017414],[-0.3440268,5.5999956],[-0.3449415,5.5998808],[-0.3464475,5.6000623],[-0.3464824,5.6018001],[-0.347051,5.6018228],[-0.3486966,5.6003626],[-0.34882,5.5989265],[-0.3475995,5.595547],[-0.3457374,5.5953568],[-0.3469974,5.5942657],[-0.3484807,5.5946261],[-0.3511736,5.5931071],[-0.3515612,5.5922556],[-0.35079,5.5918098],[-0.3522371,5.5905785],[-0.3531249,5.590447],[-0.3537995,5.5922396],[-0.3531923,5.5944042],[-0.3528272,5.5938599],[-0.3523484,5.5942417],[-0.3525898,5.5964439],[-0.3546819,5.5960822],[-0.3564683,5.5932059],[-0.3575398,5.5927308],[-0.3589104,5.593278],[-0.3603146,5.5922155],[-0.3614491,5.5940388],[-0.3602609,5.5959795],[-0.3624013,5.596556],[-0.3628184,5.5972728],[-0.3615725,5.5980936],[-0.360497,5.6001544],[-0.3597433,5.6036887],[-0.3584102,5.6043507],[-0.3590164,5.6059176],[-0.3586972,5.6066811],[-0.3671824,5.6074819],[-0.369359,5.6065102],[-0.3696701,5.6073431],[-0.3682941,5.6078369],[-0.3687662,5.6088086],[-0.3708825,5.6100845],[-0.3720063,5.61222],[-0.3737269,5.6123949],[-0.3737739,5.6141206],[-0.3760792,5.6174493],[-0.3780413,5.6173452],[-0.3772956,5.6151803],[-0.3787735,5.6136535],[-0.3771079,5.612583],[-0.3758928,5.6103568],[-0.3766921,5.6077702],[-0.3747824,5.6073217],[-0.3738168,5.6047565],[-0.3719232,5.6038782],[-0.372693,5.6025943],[-0.3745249,5.6035232],[-0.3757614,5.6032376],[-0.3758741,5.6015185],[-0.3749782,5.6005095],[-0.3765956,5.5993082],[-0.3801254,5.6002906],[-0.3864259,5.5981497],[-0.3886682,5.595248],[-0.3840923,5.5956031],[-0.3818742,5.5941429],[-0.3805921,5.5943618],[-0.3783256,5.593318],[-0.3769121,5.5948636],[-0.3756461,5.5947729],[-0.3735298,5.5885851],[-0.378103,5.586914],[-0.3790203,5.5845195],[-0.3760135,5.5840924],[-0.3762362,5.5814149],[-0.3731328,5.5830593],[-0.3724945,5.5828778],[-0.3722745,5.5811132],[-0.3730416,5.5793594],[-0.3745034,5.5785105],[-0.3754369,5.5767192],[-0.3741145,5.5756995],[-0.3739858,5.5742045],[-0.3718856,5.5743967],[-0.3731302,5.5732515],[-0.3747636,5.5733236],[-0.3752357,5.5706754],[-0.3765231,5.5687734],[-0.3791571,5.5688454],[-0.3787775,5.5703751],[-0.3795138,5.5707235],[-0.3820767,5.5683769],[-0.3837973,5.5682435],[-0.3838214,5.5669461],[-0.382479,5.5666884],[-0.3817132,5.5655539],[-0.3822859,5.5640936],[-0.3806055,5.5635771],[-0.3800556,5.5616817],[-0.381842,5.5620234],[-0.382542,5.5612839],[-0.3860986,5.5612278],[-0.3867504,5.5632087],[-0.3910875,5.566906],[-0.3914067,5.5663801],[-0.3903929,5.5649893],[-0.3922436,5.564709],[-0.3929141,5.5633074],[-0.3941479,5.5633101],[-0.3953174,5.5623784],[-0.4003117,5.5629657],[-0.4000756,5.5619566],[-0.3972432,5.5609102],[-0.3966317,5.5599117],[-0.3946844,5.5590094],[-0.3968543,5.5575705],[-0.3972566,5.5563745],[-0.3918842,5.5574237],[-0.3907952,5.5568283],[-0.3899932,5.557728],[-0.3883866,5.5572395],[-0.3888774,5.5559794],[-0.3906799,5.5549196],[-0.3906369,5.5524235],[-0.3919378,5.5499461],[-0.3914336,5.5492493],[-0.3899557,5.5503652],[-0.3877938,5.5538584],[-0.3862408,5.5546032],[-0.3858626,5.5558459],[-0.3843887,5.5567389],[-0.3837463,5.5555122],[-0.3840347,5.5539185],[-0.3811084,5.5554094],[-0.3807369,5.552577],[-0.3818527,5.5519296],[-0.3819023,5.5503478],[-0.3841621,5.5491051],[-0.3840709,5.5481701],[-0.382998,5.5473458],[-0.3789103,5.5503652],[-0.3741548,5.5516733],[-0.3735606,5.5513329],[-0.3728083,5.5518409],[-0.372422,5.5512255],[-0.3673124,5.5524922],[-0.3632475,5.5552566],[-0.3621344,5.5553474],[-0.3620513,5.558579],[-0.3588755,5.5645588],[-0.3519715,5.5686312],[-0.3491311,5.571198],[-0.3467801,5.5715891],[-0.3446022,5.5695776]],[[-0.3679574,5.5736569],[-0.3662299,5.5739288],[-0.3658524,5.5732579],[-0.3679574,5.5736569]],[[-0.368222,5.5713918],[-0.3688764,5.5708003],[-0.3706173,5.5716345],[-0.3708677,5.5730414],[-0.3691061,5.5731918],[-0.368222,5.5713918]]]}},{"type":"Feature","properties":{"name":"Bui Reservoir"},"geometry":{"type":"Polygon","coordinates":[[[-2.3634339,8.4964178],[-2.3620391,8.4984339],[-2.3638416,8.4987098],[-2.3644853,8.499495],[-2.3628116,8.5029117],[-2.3611379,8.5048217],[-2.3589063,8.5055432],[-2.3609019,8.5075168],[-2.3609662,8.5084506],[-2.3600865,8.5092358],[-2.357254,8.5097663],[-2.3579192,8.5115913],[-2.3542285,8.5123341],[-2.3568034,8.5152202],[-2.3548937,8.5159841],[-2.3559022,8.517703],[-2.355752,8.5196554],[-2.3550439,8.5206527],[-2.3538852,8.5207801],[-2.3510313,8.5192097],[-2.3489499,8.5194644],[-2.3480487,8.5186792],[-2.3470617,8.5194644],[-2.3457957,8.5184882],[-2.3425985,8.5182972],[-2.3416114,8.5184882],[-2.3403883,8.5203132],[-2.3411179,8.5207164],[-2.3423624,8.5197402],[-2.3471689,8.5224565],[-2.3472977,8.5232629],[-2.3459459,8.5255123],[-2.3463536,8.5268492],[-2.3448944,8.5288651],[-2.347641,8.5285893],[-2.349937,8.524621],[-2.357769,8.5254274],[-2.3584128,8.5259579],[-2.3577047,8.5268704],[-2.3586917,8.5290773],[-2.3579836,8.5310932],[-2.3604298,8.531645],[-2.3618031,8.5309447],[-2.3629189,8.5325575],[-2.362876,8.5351039],[-2.3645926,8.536759],[-2.3656226,8.5393903],[-2.365408,8.5409181],[-2.3609019,8.5439737],[-2.3595715,8.547963],[-2.356782,8.551061],[-2.356267,8.5529707],[-2.3644638,8.5454167],[-2.3675108,8.545162],[-2.369957,8.5474962],[-2.3709441,8.5495757],[-2.3700428,8.5524615],[-2.3723603,8.5531405],[-2.3933888,8.5686725],[-2.3969937,8.5708367],[-2.4012208,8.5719825],[-2.4021864,8.5732343],[-2.4023581,8.5751015],[-2.3999396,8.582258],[-2.4016714,8.5848191],[-2.4033022,8.5902295],[-2.4017358,8.5980585],[-2.4030233,8.6004559],[-2.4055124,8.6030443],[-2.4076367,8.6092819],[-2.411778,8.6118065],[-2.4146855,8.6121672],[-2.4163807,8.6221066],[-2.4172711,8.6240266],[-2.4250603,8.6288636],[-2.4304462,8.6362887],[-2.4309075,8.6377737],[-2.4305964,8.6400861],[-2.431562,8.6419741],[-2.4334073,8.6435652],[-2.4363041,8.6447532],[-2.4381495,8.6471715],[-2.4427629,8.6494626],[-2.4468613,8.6475322],[-2.4504876,8.6472988],[-2.4555302,8.6502687],[-2.4603796,8.6553387],[-2.4634695,8.65676],[-2.4690914,8.6628058],[-2.4722672,8.6648952],[-2.4736619,8.6643331],[-2.4647141,8.6523689],[-2.4613452,8.6500778],[-2.4555302,8.6486565],[-2.4474836,8.6404043],[-2.4419689,8.6300304],[-2.4363041,8.6261269],[-2.4303174,8.6230931],[-2.4280644,8.6197411],[-2.4194598,8.6144585],[-2.4171853,8.612093],[-2.4161232,8.609913],[-2.4170029,8.605813],[-2.4168956,8.6024078],[-2.4189556,8.5967643],[-2.4192989,8.5926907],[-2.4175394,8.590134],[-2.4180114,8.5853814],[-2.4156618,8.5808409],[-2.4146319,8.5737542],[-2.4114562,8.5703275],[-2.4094713,8.566243],[-2.4029213,8.5643811],[-2.4007219,8.5615749],[-2.3955345,8.5614794],[-2.388711,8.5589544],[-2.3872948,8.5580632],[-2.3931957,8.5590393],[-2.3950839,8.558721],[-2.3949552,8.5558989],[-2.3922515,8.5545621],[-2.3838186,8.5532678],[-2.3823381,8.5524402],[-2.3792696,8.5487905],[-2.3786688,8.5444618],[-2.3790765,8.5395176],[-2.3806429,8.5411303],[-2.383368,8.546902],[-2.385943,8.550382],[-2.3875523,8.5516763],[-2.392509,8.5529707],[-2.398839,8.556196],[-2.3961783,8.5526737],[-2.3925734,8.5502971],[-2.3918867,8.5476447],[-2.3939681,8.5480054],[-2.3903203,8.5430401],[-2.3894191,8.5405149],[-2.3890758,8.529141],[-2.3870373,8.5264884],[-2.3860073,8.5199312],[-2.3842693,8.5185943],[-2.3825956,8.5155385],[-2.3827458,8.5130981],[-2.3874021,8.5112094],[-2.3883248,8.5092358],[-2.3848057,8.5094692],[-2.3824668,8.5082596],[-2.381115,8.5082384],[-2.3795915,8.5066255],[-2.3788619,8.503039],[-2.3791623,8.5011503],[-2.3800636,8.5001529],[-2.3846126,8.50045],[-2.3852992,8.5001104],[-2.3851919,8.4988159],[-2.3805142,8.4946988],[-2.3766089,8.4947837],[-2.376566,8.4941258],[-2.3784113,8.4917064],[-2.3808789,8.4907302],[-2.3839474,8.4908363],[-2.3832178,8.4884382],[-2.3811579,8.4865493],[-2.3809862,8.4856792],[-2.3839903,8.4829627],[-2.3815441,8.482326],[-2.3809862,8.4810526],[-2.3820806,8.4765533],[-2.3806644,8.4758105],[-2.3805785,8.4749403],[-2.3816943,8.4729666],[-2.382102,8.4698467],[-2.3846126,8.4687855],[-2.3864794,8.4707805],[-2.3887325,8.4710564],[-2.3908997,8.475004],[-2.3918653,8.4782936],[-2.393775,8.4803523],[-2.3943544,8.4830476],[-2.3956204,8.4847879],[-2.396543,8.4849152],[-2.3963928,8.4808192],[-2.3969507,8.4794184],[-2.3959422,8.4782936],[-2.3957491,8.4757256],[-2.3975086,8.473582],[-2.39532,8.4715658],[-2.3956633,8.4703985],[-2.3976588,8.4688173],[-2.3946763,8.4672787],[-2.3936034,8.4632886],[-2.3891831,8.4585131],[-2.3868871,8.4545654],[-2.3844838,8.4536103],[-2.3842693,8.4526339],[-2.3849559,8.452167],[-2.3907066,8.4523792],[-2.3923803,8.4535041],[-2.3943544,8.4566029],[-2.3958993,8.4570062],[-2.3962641,8.4506813],[-2.3971224,8.4494502],[-2.3981524,8.4493866],[-2.4042893,8.4558388],[-2.4085379,8.4554356],[-2.411542,8.4578976],[-2.4145031,8.4567091],[-2.4166489,8.4595107],[-2.4199212,8.4607098],[-2.4213267,8.4569638],[-2.4240035,8.456205],[-2.424497,8.4529364],[-2.4260045,8.4530585],[-2.4293089,8.4585608],[-2.4301672,8.4569638],[-2.4303818,8.4528038],[-2.4308968,8.4515303],[-2.4323559,8.4508511],[-2.4380637,8.4529311],[-2.440424,8.4531009],[-2.4432993,8.4549474],[-2.4452734,8.4581098],[-2.4453164,8.4542045],[-2.4425698,8.449705],[-2.4428702,8.4482617],[-2.4457455,8.4467759],[-2.4492217,8.4474127],[-2.4497796,8.4470306],[-2.4493504,8.4449506],[-2.4540711,8.441215],[-2.4624396,8.4412574],[-2.4676109,8.4405145],[-2.4604656,8.4395594],[-2.453127,8.4365879],[-2.4510671,8.4387953],[-2.4478484,8.4407056],[-2.4447156,8.4404084],[-2.4433423,8.4421489],[-2.442012,8.4424885],[-2.4411537,8.4441865],[-2.4396087,8.4449506],[-2.4369909,8.4432526],[-2.4329997,8.4435073],[-2.4317123,8.4427857],[-2.431369,8.4397717],[-2.4325277,8.4353993],[-2.427292,8.4391774],[-2.4244596,8.4396443],[-2.4230434,8.4419791],[-2.4211551,8.4410452],[-2.4196531,8.4374369],[-2.4161769,8.4368426],[-2.4159623,8.436036],[-2.417164,8.4342106],[-2.4169923,8.4315574],[-2.4178721,8.4305811],[-2.4167348,8.4296683],[-2.4163486,8.4274396],[-2.4175073,8.4262297],[-2.4167563,8.4256779],[-2.4136449,8.4262722],[-2.4126579,8.4289466],[-2.4111129,8.4306022],[-2.4100829,8.4305173],[-2.4087097,8.4297108],[-2.4086238,8.426442],[-2.4051906,8.425126],[-2.4052335,8.4223665],[-2.4042465,8.4215175],[-2.4002553,8.4210081],[-2.3990966,8.4199043],[-2.3998262,8.4157863],[-2.4056197,8.4155316],[-2.4071217,8.4144278],[-2.4037744,8.4108617],[-2.4035598,8.408739],[-2.4078084,8.4075928],[-2.4073793,8.4043238],[-2.4107267,8.4036021],[-2.4121429,8.4039842],[-2.4149753,8.4019039],[-2.417679,8.4018614],[-2.4169923,8.3974037],[-2.4240304,8.3926062],[-2.4196531,8.3943469],[-2.4187089,8.3944742],[-2.4184943,8.3927441],[-2.4114348,8.3944954],[-2.4101258,8.3943468],[-2.4097825,8.3914811],[-2.4086023,8.3903772],[-2.4046327,8.392776],[-2.399676,8.3909716],[-2.3987962,8.3939223],[-2.396865,8.3953233],[-2.3934318,8.3969366],[-2.3905994,8.3962998],[-2.390771,8.4000783],[-2.3863508,8.4032624],[-2.3834325,8.4035172],[-2.3814155,8.4012671],[-2.380128,8.4028379],[-2.3784973,8.4030077],[-2.3767377,8.4022011],[-2.3754503,8.4003755],[-2.3727895,8.4013944],[-2.3712875,8.4013095],[-2.3701288,8.4005453],[-2.3688413,8.3980405],[-2.367983,8.3977433],[-2.3636915,8.4022435],[-2.3623611,8.4030502],[-2.3607303,8.4029653],[-2.3622323,8.395663],[-2.358327,8.390356],[-2.3580266,8.3875115],[-2.3587991,8.3864925],[-2.3627044,8.3864076],[-2.3639919,8.3834781],[-2.3724033,8.3872567],[-2.3726178,8.3856434],[-2.3716737,8.3839876],[-2.3713733,8.3795296],[-2.3724033,8.3793173],[-2.3766519,8.3819072],[-2.3772098,8.3814402],[-2.3779394,8.3775765],[-2.3869087,8.3764302],[-2.3887111,8.3750715],[-2.3911573,8.3743073],[-2.3972029,8.3756473],[-2.3962426,8.3735483],[-2.39635,8.369552],[-2.3980237,8.3681509],[-2.4042035,8.3666224],[-2.4018861,8.3650089],[-2.4043323,8.3644994],[-2.4045898,8.3632681],[-2.3980237,8.3627162],[-2.3972513,8.3616971],[-2.3967792,8.3585976],[-2.3949767,8.3605932],[-2.3909856,8.3616547],[-2.3868228,8.361867],[-2.3855783,8.3609329],[-2.3853637,8.3538421],[-2.3832179,8.3521862],[-2.3812009,8.352908],[-2.3790981,8.3582579],[-2.3768665,8.3605083],[-2.3748065,8.3605932],[-2.3737336,8.3595742],[-2.373047,8.3554981],[-2.3708154,8.3563473],[-2.3695279,8.3541393],[-2.3652793,8.3549036],[-2.3626615,8.3575786],[-2.3622323,8.3642871],[-2.3610307,8.3641173],[-2.3606445,8.3617396],[-2.3586274,8.3601686],[-2.3590137,8.3585127],[-2.3607732,8.3560076],[-2.3608161,8.3508274],[-2.3621894,8.3488318],[-2.3620607,8.3468362],[-2.3605586,8.3467512],[-2.3584987,8.3492139],[-2.3556234,8.3508274],[-2.3523618,8.3546489],[-2.3501809,8.3551108],[-2.3471134,8.3538437],[-2.3430178,8.3553719],[-2.3427917,8.3538315],[-2.344739,8.3530141],[-2.3457555,8.3513377],[-2.3455168,8.3501322],[-2.3443249,8.3511924],[-2.3436205,8.3500101],[-2.3435799,8.3489051],[-2.3442173,8.3484032],[-2.3437251,8.3446494],[-2.3447712,8.3444106],[-2.3464287,8.3453288],[-2.3473863,8.3471374],[-2.3492558,8.3465814],[-2.3499103,8.3471068],[-2.3492773,8.3442195],[-2.350731,8.3451802],[-2.3510224,8.3440184],[-2.3523189,8.3446282],[-2.3550226,8.3423353],[-2.3556495,8.3407418],[-2.3574566,8.3407346],[-2.3568684,8.3400461],[-2.3580703,8.3390597],[-2.3565488,8.3385676],[-2.3571449,8.3370818],[-2.3556449,8.3369034],[-2.3562891,8.3363694],[-2.3560576,8.3354451],[-2.3569553,8.3345255],[-2.3569921,8.3334843],[-2.3529919,8.3345332],[-2.3542997,8.3329629],[-2.353366,8.331965],[-2.3555785,8.3300581],[-2.3555805,8.3290419],[-2.3549597,8.3288613],[-2.3565071,8.3277415],[-2.3576503,8.3279352],[-2.3577641,8.3269524],[-2.3561775,8.3258193],[-2.3566343,8.3247799],[-2.3579839,8.3247826],[-2.3596819,8.327191],[-2.3597382,8.326226],[-2.3611178,8.3265502],[-2.3595439,8.3238795],[-2.3632077,8.321405],[-2.3646048,8.3218058],[-2.3656068,8.3202193],[-2.363992,8.3207615],[-2.3635913,8.3201649],[-2.361714,8.3204239],[-2.3599417,8.3216973],[-2.3558629,8.3217656],[-2.3554094,8.3226394],[-2.3531437,8.323508],[-2.3522368,8.3233637],[-2.3513332,8.3218562],[-2.350731,8.324671],[-2.3485853,8.3245436],[-2.3480274,8.3256901],[-2.3469974,8.3253079],[-2.3447658,8.3271763],[-2.3437358,8.3253079],[-2.3412038,8.3233546],[-2.3421909,8.3276434],[-2.3402597,8.3283228],[-2.3383285,8.3281105],[-2.3382856,8.3294693],[-2.3367406,8.3295542],[-2.3335649,8.3313801],[-2.3312045,8.3318048],[-2.3294879,8.3319321],[-2.3290588,8.3310829],[-2.3296639,8.3295258],[-2.3266126,8.3285776],[-2.3239276,8.330047],[-2.3228895,8.329733],[-2.323128,8.328537],[-2.3202891,8.3275386],[-2.321334,8.326412],[-2.3203765,8.3249888],[-2.3211324,8.3233899],[-2.3204046,8.32288],[-2.3211679,8.322371],[-2.3206871,8.3212927],[-2.3210387,8.3204424],[-2.3222726,8.3202362],[-2.322871,8.3210625],[-2.3215624,8.3234126],[-2.3218595,8.3248985],[-2.3244755,8.3239921],[-2.325035,8.3242581],[-2.324461,8.3251484],[-2.3260656,8.3256164],[-2.3264709,8.3230108],[-2.3295738,8.3228451],[-2.334037,8.3191507],[-2.3351527,8.3168577],[-2.3332216,8.311762],[-2.3337795,8.3105305],[-2.338071,8.3067087],[-2.339101,8.302632],[-2.3382427,8.3013156],[-2.3418475,8.2979607],[-2.3422767,8.2966868],[-2.34468,8.2963046],[-2.3439933,8.2954977],[-2.3329641,8.2956676],[-2.3308612,8.2976635],[-2.3296167,8.297706],[-2.3296596,8.2953278],[-2.318287,8.2993197],[-2.3185874,8.2973662],[-2.3215057,8.2939689],[-2.3214628,8.2921429],[-2.3200036,8.2924401],[-2.3185445,8.2937991],[-2.3170854,8.2929922],[-2.3056699,8.2960922],[-2.3033525,8.2954977],[-2.30258,8.2974936],[-2.3013355,8.2976528],[-2.3014642,8.2987039],[-2.3009278,8.2991285],[-2.300563,8.2984491],[-2.2967435,8.3008909],[-2.2975375,8.2996063],[-2.2973014,8.2989799],[-2.2923232,8.3009334],[-2.2922374,8.2983005],[-2.2968723,8.2953278],[-2.299018,8.2923552],[-2.2965718,8.2921004],[-2.2963358,8.2912298],[-2.296765,8.2905079],[-2.298782,8.290062],[-2.2977841,8.2881934],[-2.2979343,8.2852207],[-2.2954345,8.2853375],[-2.2952306,8.2847111],[-2.2999191,8.2814411],[-2.3003268,8.281802],[-2.2998655,8.2838511],[-2.3021507,8.2829593],[-2.3039532,8.2834371],[-2.3023975,8.285571],[-2.3080194,8.2862187],[-2.3081374,8.2875245],[-2.3111737,8.2867389],[-2.3115599,8.2878855],[-2.315315,8.2855604],[-2.3187161,8.2856454],[-2.3206902,8.2834052],[-2.3225355,8.2828637],[-2.3266876,8.283384],[-2.3272884,8.2856029],[-2.3276961,8.2845943],[-2.3295093,8.2834264],[-2.3277927,8.2836388],[-2.3271275,8.2825134],[-2.3258507,8.2821736],[-2.3305929,8.2786913],[-2.3324812,8.278755],[-2.3334038,8.2775446],[-2.3343158,8.2779905],[-2.3346055,8.2803263],[-2.3353779,8.279031],[-2.34056,8.2749328],[-2.3432315,8.2745931],[-2.34483,8.2763767],[-2.3458064,8.2751345],[-2.3475124,8.2772847],[-2.3479521,8.2770456],[-2.3454201,8.2727457],[-2.3441005,8.2735207],[-2.3424053,8.2724484],[-2.3417831,8.273181],[-2.3404634,8.2732659],[-2.3399699,8.2724909],[-2.3391116,8.2724803],[-2.3368585,8.2742002],[-2.3367512,8.2755061],[-2.3318696,8.2774066],[-2.3314834,8.2761856],[-2.3305392,8.2758884],[-2.3305822,8.277173],[-2.3268163,8.2796043],[-2.3271167,8.2764617],[-2.322042,8.2795512],[-2.3201323,8.2777782],[-2.3199391,8.2766528],[-2.3185873,8.2776508],[-2.3196602,8.27867],[-2.3190701,8.2810482],[-2.3164308,8.2810801],[-2.314049,8.2829593],[-2.3130512,8.2823647],[-2.3129118,8.2813986],[-2.3111737,8.2817065],[-2.3106372,8.2828107],[-2.3060238,8.2824391],[-2.3058629,8.2798804],[-2.3048973,8.2798698],[-2.3062277,8.2770244],[-2.3040283,8.2783515],[-2.3061741,8.2746674],[-2.3032451,8.2747948],[-2.2992003,8.2766953],[-2.2965396,8.2760158],[-2.2987926,8.2743913],[-2.2997582,8.2728943],[-2.3032773,8.27282],[-2.3051012,8.2706541],[-2.3082125,8.2697304],[-2.3099721,8.2675008],[-2.3097682,8.265441],[-2.3083305,8.2632326],[-2.3072147,8.2625849],[-2.3074508,8.2609817],[-2.316463,8.2603977],[-2.3160446,8.255864],[-2.3177075,8.2549721],[-2.318244,8.2539634],[-2.3223853,8.2563842],[-2.3214305,8.2536874],[-2.3218489,8.2525725],[-2.3246706,8.2515532],[-2.3277176,8.2476777],[-2.3306465,8.2458726],[-2.3294985,8.2432288],[-2.3314941,8.2400965],[-2.3306358,8.2388329],[-2.3299062,8.2404044],[-2.3279965,8.2406061],[-2.3249495,8.2435261],[-2.3242307,8.2425811],[-2.3234904,8.2425811],[-2.3234689,8.2416042],[-2.3228145,8.2412007],[-2.3185873,8.242666],[-2.3147249,8.2417635],[-2.3082662,8.2425174],[-2.3087061,8.238302],[-2.3081803,8.2340441],[-2.3090923,8.2326425],[-2.3095107,8.229818],[-2.3116028,8.2264414],[-2.308234,8.2270679],[-2.3057556,8.2262502],[-2.3048866,8.2252946],[-2.3047578,8.2222577],[-2.3035669,8.2211534],[-2.3022688,8.2209622],[-2.3033202,8.2218329],[-2.3023439,8.2248911],[-2.3033095,8.2301366],[-2.2993613,8.235743],[-2.2960568,8.2371446],[-2.2966361,8.2395656],[-2.2962284,8.242666],[-2.2955847,8.243473],[-2.2888577,8.245862],[-2.2870982,8.2472742],[-2.2868085,8.2490049],[-2.2857893,8.2499818],[-2.2808219,8.2491854],[-2.2766697,8.2505658],[-2.2733063,8.2494933],[-2.2699106,8.2521106],[-2.2703076,8.2534962],[-2.2664023,8.2558958],[-2.2644925,8.2579344],[-2.2616601,8.2588688],[-2.2566176,8.2629034],[-2.2548473,8.2636361],[-2.253876,8.2631707],[-2.251676,8.2647102],[-2.2536993,8.2699852],[-2.2555447,8.2703674],[-2.2546006,8.2727563],[-2.2484529,8.2759308],[-2.2418761,8.2803794],[-2.240653,8.2802626],[-2.2395915,8.2781174],[-2.2378264,8.2775615],[-2.2351023,8.2806721],[-2.2357543,8.2815554],[-2.2380641,8.2821534],[-2.2369173,8.284687],[-2.2355763,8.2859507],[-2.2354981,8.2864927],[-2.2364307,8.2869842],[-2.2361773,8.2877967],[-2.2297706,8.2926619],[-2.2187515,8.2989514],[-2.2156089,8.3001451],[-2.2118075,8.3047794],[-2.2050257,8.3092531],[-2.2043972,8.3118912],[-2.2005265,8.3129126],[-2.1995659,8.3151822],[-2.1964407,8.3163738],[-2.1960536,8.317537],[-2.1920681,8.3180051],[-2.1884841,8.3199769],[-2.1858606,8.3203315],[-2.1808573,8.3248991],[-2.1765995,8.3257077],[-2.1742913,8.3271546],[-2.1769005,8.3270127],[-2.1784775,8.3275375],[-2.1792947,8.3287575],[-2.1840256,8.3262467],[-2.1865201,8.3259063],[-2.1876526,8.3267432],[-2.1871365,8.3310128],[-2.1900754,8.3314951],[-2.1904768,8.3292823],[-2.1925126,8.3277503],[-2.1974729,8.3258212],[-2.199953,8.3273673],[-2.2019887,8.3302752],[-2.2024332,8.3285305],[-2.2059312,8.324814],[-2.2116226,8.325424],[-2.2120814,8.3229274],[-2.2127265,8.32236],[-2.21373,8.3222181],[-2.2154504,8.3232537],[-2.2176008,8.3202464],[-2.2234356,8.3203883],[-2.2241811,8.319906],[-2.225543,8.3149836],[-2.2270626,8.3143879],[-2.2299872,8.3147992],[-2.2309764,8.3139765],[-2.2316932,8.3120189],[-2.2332845,8.3116926],[-2.2347755,8.3134232],[-2.237313,8.3131112],[-2.2377287,8.312104],[-2.2407393,8.3097208],[-2.2417858,8.3056211],[-2.2436352,8.3044154],[-2.2446961,8.3027272],[-2.2455706,8.3025996],[-2.2466745,8.3042451],[-2.2479074,8.3048835],[-2.2518498,8.3032379],[-2.2544733,8.3005994],[-2.2566094,8.3019186],[-2.259629,8.3010068],[-2.2605172,8.3021408],[-2.2591451,8.3034876],[-2.2607771,8.3031965],[-2.2614007,8.3038575],[-2.2643265,8.3007882],[-2.2688339,8.2991551],[-2.2695038,8.2998582],[-2.2691584,8.3002264],[-2.2711008,8.2993029],[-2.2715176,8.2992511],[-2.2713228,8.2999569],[-2.272621,8.2996855],[-2.2725417,8.3004866],[-2.2712459,8.301292],[-2.2722089,8.3015254],[-2.2714896,8.3027735],[-2.2759563,8.3012943],[-2.2758436,8.3028868],[-2.2748137,8.3042881],[-2.2752643,8.304458],[-2.2775443,8.3030212],[-2.2793955,8.3030691],[-2.2787301,8.3035041],[-2.2786761,8.3046915],[-2.2795129,8.3052436],[-2.2791267,8.305923],[-2.2808021,8.3065823],[-2.278719,8.3097661],[-2.2720671,8.311677],[-2.2712517,8.3112099],[-2.2684193,8.3137153],[-2.2651363,8.3146708],[-2.2658873,8.3154776],[-2.2655869,8.3158598],[-2.2589994,8.3193843],[-2.2532487,8.3250744],[-2.2513819,8.3256689],[-2.2513819,8.3270277],[-2.2505236,8.3278982],[-2.2479487,8.3293207],[-2.2544503,8.3291933],[-2.2588277,8.3279619],[-2.2596431,8.3283865],[-2.2535491,8.3304035],[-2.2464252,8.335414],[-2.2446442,8.3355414],[-2.2481203,8.3370276],[-2.2479701,8.3352866],[-2.2522831,8.3338217],[-2.2530985,8.3342888],[-2.2525835,8.3349257],[-2.250073,8.3358811],[-2.2531629,8.3403396],[-2.2521544,8.3417833],[-2.2542143,8.3422822],[-2.256403,8.3411463],[-2.2567464,8.3421866],[-2.2585273,8.3420592],[-2.2592998,8.3429085],[-2.2562313,8.3449041],[-2.2577119,8.3451165],[-2.2611237,8.3439912],[-2.2611666,8.3453924],[-2.2605292,8.3460718],[-2.2635055,8.3453924],[-2.2643209,8.3456472],[-2.2639775,8.3462417],[-2.2645784,8.3468786],[-2.263012,8.3477278],[-2.2608662,8.3516342],[-2.2567249,8.3561349],[-2.258524,8.357118],[-2.2567686,8.3578211],[-2.2547276,8.3571098],[-2.2542539,8.359241],[-2.2564901,8.360333],[-2.2556663,8.3623692],[-2.2540081,8.3622786],[-2.2525264,8.3636502],[-2.2501545,8.3621403],[-2.2501588,8.3642022],[-2.2456956,8.3668771],[-2.2439146,8.3692972],[-2.2450519,8.369743],[-2.2482062,8.3683844],[-2.2522617,8.368533],[-2.2544074,8.3677899],[-2.2556949,8.3684056],[-2.2559738,8.3697218],[-2.2567892,8.3702313],[-2.2576261,8.3689151],[-2.2608662,8.3680871],[-2.2613168,8.3688089],[-2.2606087,8.3696369],[-2.2616816,8.3712078],[-2.2626257,8.3714201],[-2.2689772,8.3704224],[-2.2679687,8.3716749],[-2.2644711,8.3722693],[-2.263012,8.3732883],[-2.2653723,8.3761117],[-2.2629905,8.3784681],[-2.2590208,8.3764938],[-2.2586775,8.3784681],[-2.2576475,8.3789988],[-2.2513819,8.3789776],[-2.2521544,8.3823954],[-2.2551799,8.3843908],[-2.2572184,8.3871505],[-2.2569609,8.3879147],[-2.2546649,8.3880846],[-2.2545576,8.3888488],[-2.2579265,8.3943893],[-2.2582913,8.3965757],[-2.2578621,8.3982102],[-2.255888,8.3987834],[-2.2529268,8.3985499],[-2.2477985,8.3932642],[-2.2475624,8.3916509],[-2.2465968,8.3903984],[-2.2425413,8.3878511],[-2.2416616,8.3884454],[-2.2417045,8.390823],[-2.2405243,8.3909079],[-2.2406531,8.3927547],[-2.2394085,8.3935402],[-2.2419405,8.3956629],[-2.242713,8.3972975],[-2.2430992,8.3997386],[-2.2425628,8.4023072],[-2.2412324,8.4024345],[-2.2351814,8.400333],[-2.2365117,8.4034959],[-2.2347522,8.4058946],[-2.2348595,8.4082295],[-2.2371555,8.4100763],[-2.2367478,8.4151283],[-2.2371555,8.4157651],[-2.2421336,8.4112013],[-2.2471118,8.4106919],[-2.2485495,8.4109041],[-2.2492361,8.4124537],[-2.2537208,8.411732],[-2.254107,8.4153405],[-2.2609735,8.413515],[-2.2626901,8.4140882],[-2.2639132,8.4161047],[-2.2624755,8.418758],[-2.2552228,8.4219844],[-2.252605,8.4224514],[-2.2452021,8.421942],[-2.2443009,8.422791],[-2.2443223,8.4236825],[-2.2453737,8.4257839],[-2.2428417,8.4268452],[-2.2400522,8.4263145],[-2.2403956,8.4277791],[-2.2437644,8.4305385],[-2.2407603,8.4338922],[-2.2431851,8.4338497],[-2.2515106,8.4306022],[-2.2543001,8.4304111],[-2.2555661,8.4312177],[-2.2556305,8.4319819],[-2.2545576,8.4336587],[-2.2479916,8.4384769],[-2.2455883,8.4395169],[-2.2457385,8.4401961],[-2.2499442,8.4413847],[-2.2536993,8.4415545],[-2.2555232,8.4434436],[-2.2577763,8.4436346],[-2.2599864,8.4422974],[-2.2620034,8.4425097],[-2.2632909,8.4415758],[-2.2662091,8.4370335],[-2.2668743,8.4341681],[-2.2697282,8.4306022],[-2.2721529,8.430772],[-2.2714448,8.4387316],[-2.2723031,8.4397079],[-2.279191,8.4384344],[-2.2807574,8.4405357],[-2.2795344,8.4425309],[-2.277968,8.4431252],[-2.2725821,8.4435709],[-2.2662521,8.4430828],[-2.2637415,8.4433799],[-2.2612739,8.4449081],[-2.2615099,8.4466061],[-2.2647929,8.4477098],[-2.2681189,8.4507025],[-2.2691703,8.4535678],[-2.2677541,8.454905],[-2.267797,8.4556054],[-2.2714877,8.4560511],[-2.2765517,8.4545654],[-2.2794056,8.4546503],[-2.2805,8.4550748],[-2.2808862,8.4563694],[-2.2779894,8.460211],[-2.2828388,8.4609751],[-2.282753,8.4616755],[-2.2803712,8.4636281],[-2.2769809,8.4651562],[-2.277689,8.4657505],[-2.2775603,8.4665146],[-2.2740441,8.4668814],[-2.2733257,8.4657139],[-2.2702888,8.4658768],[-2.2710501,8.4678544],[-2.2700525,8.4684583],[-2.2688874,8.468141],[-2.269347,8.4705404],[-2.2681033,8.4716228],[-2.2640732,8.4708536],[-2.2633982,8.4728817],[-2.2673035,8.4739428],[-2.2676039,8.4754073],[-2.2653723,8.4804372],[-2.2656298,8.4816044],[-2.2685266,8.4780177],[-2.2702432,8.4775508],[-2.2705007,8.4789091],[-2.2717667,8.4778479],[-2.2722602,8.4752162],[-2.2738695,8.4734759],[-2.2790623,8.4741339],[-2.2801566,8.4776145],[-2.2832895,8.4754497],[-2.2856713,8.4717356],[-2.2878814,8.4702499],[-2.2885466,8.470441],[-2.2884178,8.4720115],[-2.2864866,8.4763199],[-2.2834182,8.4803735],[-2.282989,8.4831749],[-2.2805643,8.4836843],[-2.2864223,8.4889051],[-2.2860146,8.4847242],[-2.2869587,8.4823048],[-2.289421,8.4821297],[-2.2919342,8.4827664],[-2.2917009,8.4807555],[-2.2950483,8.4796519],[-2.2980094,8.4821774],[-2.3006487,8.4807131],[-2.3018503,8.4810102],[-2.3027945,8.4867403],[-2.3034811,8.4865918],[-2.3044896,8.4846605],[-2.3056698,8.4841512],[-2.3106694,8.4856792],[-2.3105836,8.4839177],[-2.309618,8.4824958],[-2.3077083,8.4816044],[-2.30685,8.4797792],[-2.3068285,8.4762562],[-2.3038888,8.4738579],[-2.3056054,8.4727543],[-2.3088026,8.472627],[-2.3086524,8.4684459],[-2.3066569,8.4645408],[-2.3082233,8.4646893],[-2.3100686,8.467215],[-2.3130942,8.4604233],[-2.314167,8.4590437],[-2.3162914,8.458789],[-2.319746,8.4601049],[-2.319789,8.4649865],[-2.3223424,8.4657081],[-2.3225355,8.4667693],[-2.3193383,8.4741339],[-2.318759,8.4759803],[-2.3192954,8.4764472],[-2.3249603,8.4747493],[-2.3257327,8.4753011],[-2.3262477,8.477954],[-2.3279858,8.4772112],[-2.3301423,8.4747865],[-2.3337042,8.4731045],[-2.3344714,8.4732637],[-2.3356783,8.4755399],[-2.3357749,8.481371],[-2.3334789,8.4838116],[-2.3338652,8.4860188],[-2.3321915,8.4883108],[-2.3318294,8.4905339],[-2.3305178,8.4916215],[-2.331183,8.4934254],[-2.3308397,8.4952293],[-2.3332429,8.4980307],[-2.3336721,8.5011079],[-2.3349166,8.5026146],[-2.3350883,8.5049702],[-2.3359895,8.5052249],[-2.3361826,8.4959933],[-2.3374272,8.493383],[-2.3383498,8.493383],[-2.3406029,8.4958872],[-2.3427057,8.4969271],[-2.3432207,8.4931283],[-2.342062,8.4917701],[-2.3423624,8.4897327],[-2.3432636,8.4892446],[-2.3460961,8.4914518],[-2.3486495,8.4919187],[-2.3476839,8.4877378],[-2.3502374,8.4843846],[-2.3506022,8.4833235],[-2.3500872,8.4807979],[-2.3503018,8.4793548],[-2.3509455,8.4789303],[-2.3530269,8.4792274],[-2.354765,8.4807555],[-2.3559666,8.48014],[-2.3572326,8.4810102],[-2.3579407,8.4803947],[-2.3600865,8.4826443],[-2.3612881,8.4828141],[-2.3619318,8.4851486],[-2.3630262,8.4858702],[-2.3632622,8.4893507],[-2.3611593,8.4899874],[-2.3600221,8.4912608],[-2.361567,8.4928949],[-2.360344,8.4956962],[-2.3630476,8.495866],[-2.3634339,8.4964178]],[[-2.3486158,8.3423315],[-2.3478025,8.3424986],[-2.3470745,8.3412553],[-2.3484428,8.3408359],[-2.3486158,8.3423315]],[[-2.3186355,8.3302142],[-2.3223328,8.3303361],[-2.320324,8.3321896],[-2.3173908,8.3332993],[-2.3149506,8.3334578],[-2.3151355,8.332653],[-2.3183151,8.3305434],[-2.3165774,8.3294338],[-2.3172429,8.3276656],[-2.3183274,8.3277753],[-2.318882,8.328507],[-2.3186355,8.3302142]],[[-2.3193503,8.3341041],[-2.3189436,8.3345553],[-2.3167006,8.3348723],[-2.3179454,8.3339212],[-2.3193503,8.3341041]],[[-2.3118326,8.3310678],[-2.3111671,8.3322506],[-2.3105262,8.3321774],[-2.310822,8.3312751],[-2.3118326,8.3310678]],[[-2.3242061,8.3327871],[-2.3250195,8.3319336],[-2.326104,8.3329944],[-2.325266,8.3332627],[-2.3242061,8.3327871]],[[-2.3325465,8.3145141],[-2.3334584,8.3149706],[-2.3336515,8.3159473],[-2.3323962,8.3172318],[-2.3314307,8.3176458],[-2.3313877,8.3168603],[-2.3299179,8.3173804],[-2.3286412,8.3166161],[-2.3276756,8.3180811],[-2.3264525,8.3182297],[-2.3266241,8.3159791],[-2.3290381,8.3145672],[-2.3295531,8.3135905],[-2.3314521,8.3129217],[-2.3324606,8.3134631],[-2.3325465,8.3145141]],[[-2.2646637,8.2978929],[-2.2642807,8.2990389],[-2.2612826,8.3006656],[-2.2612359,8.2993624],[-2.2646637,8.2978929]],[[-2.2671553,8.319173],[-2.2685849,8.3184535],[-2.2706554,8.318295],[-2.268018,8.32049],[-2.2673895,8.3203802],[-2.2671553,8.319173]],[[-2.2927952,8.2810482],[-2.2881818,8.2837768],[-2.2883105,8.2819082],[-2.2898555,8.280528],[-2.2891689,8.2792115],[-2.283268,8.2827788],[-2.2788692,8.2842652],[-2.2781611,8.2838193],[-2.2782254,8.2818021],[-2.2788048,8.2811438],[-2.2905529,8.2760051],[-2.2945225,8.2767165],[-2.2927952,8.2810482]],[[-2.3188234,8.3028018],[-2.3168493,8.3052011],[-2.3141885,8.3057532],[-2.3130727,8.3070908],[-2.3118282,8.3059867],[-2.3125792,8.3026744],[-2.3133946,8.3020799],[-2.3176432,8.3012094],[-2.3186946,8.3017402],[-2.3188234,8.3028018]],[[-2.3196173,8.3052861],[-2.319746,8.3111038],[-2.3183942,8.3124838],[-2.3155833,8.3136092],[-2.314961,8.3152228],[-2.3138666,8.3159022],[-2.315948,8.3092353],[-2.3164201,8.3087257],[-2.3176217,8.3095326],[-2.3187161,8.3058593],[-2.3196173,8.3052861]],[[-2.3135019,8.3109764],[-2.3140812,8.3115284],[-2.3117209,8.3144372],[-2.3088885,8.3154776],[-2.3135019,8.3109764]],[[-2.3094678,8.309299],[-2.3059917,8.3112099],[-2.3038674,8.3131845],[-2.3022795,8.3132907],[-2.3016572,8.3138427],[-2.3017431,8.3153714],[-2.2997475,8.314692],[-2.2997475,8.3136941],[-2.3012495,8.3135242],[-2.3018503,8.312038],[-2.3036957,8.3102757],[-2.3056483,8.3097236],[-2.3077512,8.3079614],[-2.3095751,8.3078127],[-2.3094678,8.309299]],[[-2.2743202,8.3252337],[-2.2690201,8.3265925],[-2.2666383,8.3258493],[-2.2689771,8.3229724],[-2.2684349,8.3216003],[-2.2707689,8.3203397],[-2.2720242,8.3208599],[-2.2727752,8.3204671],[-2.2756506,8.3226434],[-2.2756935,8.3237899],[-2.2743202,8.3252337]],[[-2.3450124,8.3599244],[-2.3454713,8.3605724],[-2.3453879,8.365391],[-2.3444224,8.3676413],[-2.3412359,8.3701464],[-2.3398304,8.3701251],[-2.3397446,8.3687452],[-2.3422337,8.3676838],[-2.3436391,8.3647754],[-2.3434138,8.3634061],[-2.3449051,8.3619518],[-2.3450124,8.3599244]],[[-2.2859395,8.3591177],[-2.283901,8.3592239],[-2.2834504,8.3598183],[-2.2825063,8.3594574],[-2.2819698,8.3605613],[-2.2797168,8.3592026],[-2.2790301,8.3614742],[-2.2745884,8.361177],[-2.271477,8.3628329],[-2.2695887,8.3625569],[-2.2653187,8.3635759],[-2.2664988,8.3614742],[-2.272743,8.3607099],[-2.2765625,8.3583747],[-2.279073,8.3586719],[-2.2793305,8.3575043],[-2.2837079,8.3558483],[-2.2848022,8.35674],[-2.2848022,8.3586082],[-2.285918,8.3583747],[-2.2859395,8.3591177]],[[-2.4139881,8.598695],[-2.4121642,8.5917996],[-2.4088598,8.5891899],[-2.4076152,8.5872167],[-2.4019718,8.5837583],[-2.4011779,8.5822518],[-2.4033451,8.5794724],[-2.4039245,8.5751652],[-2.4035812,8.5737648],[-2.4007488,8.5704548],[-2.3961568,8.5693302],[-2.3923588,8.5670811],[-2.3872733,8.5622221],[-2.385943,8.5606307],[-2.3862004,8.5597607],[-2.3869944,8.5596122],[-2.3947835,8.5628162],[-2.3999334,8.5630284],[-2.4020791,8.5647259],[-2.4085808,8.567463],[-2.4135804,8.5747196],[-2.4144602,8.5808939],[-2.4164343,8.5847131],[-2.4163056,8.5901659],[-2.4173355,8.5949609],[-2.4166274,8.5973796],[-2.4139881,8.598695]],[[-2.4137521,8.6109791],[-2.410233,8.6101305],[-2.4087954,8.6091121],[-2.4072933,8.6030019],[-2.4032164,8.5986738],[-2.4028731,8.5963399],[-2.4039245,8.5930089],[-2.4045038,8.5873652],[-2.4052763,8.5872379],[-2.4070144,8.5904417],[-2.4098897,8.5923724],[-2.4121642,8.5966794],[-2.4127007,8.5983979],[-2.4123144,8.6042537],[-2.4137521,8.6109791]],[[-2.4643493,8.6555403],[-2.4619031,8.6557206],[-2.4567211,8.6510961],[-2.459178,8.6507778],[-2.4619782,8.6517325],[-2.4636734,8.6530901],[-2.4643493,8.6555403]],[[-2.4462068,8.6422393],[-2.443074,8.6442122],[-2.4405742,8.6440955],[-2.432549,8.6400436],[-2.4317336,8.6385799],[-2.4306607,8.6325762],[-2.4296093,8.6314094],[-2.4271631,8.6303911],[-2.4248672,8.6271028],[-2.4176574,8.6225628],[-2.4163485,8.6163043],[-2.4165201,8.6137584],[-2.4276567,8.6209504],[-2.4292875,8.623475],[-2.4370766,8.6281635],[-2.4404884,8.6337642],[-2.4432993,8.6354189],[-2.4452734,8.6380919],[-2.4464536,8.6407861],[-2.4462068,8.6422393]],[[-2.4526763,8.6479989],[-2.4503589,8.6468533],[-2.4487066,8.646917],[-2.4458528,8.6475746],[-2.4425698,8.6489747],[-2.4384928,8.6467897],[-2.4364329,8.644541],[-2.4345017,8.6435652],[-2.4327421,8.6414862],[-2.4420548,8.6455593],[-2.4456597,8.643544],[-2.4489641,8.6443077],[-2.4526763,8.6479989]],[[-2.2789792,8.2959074],[-2.2795701,8.2961466],[-2.279503,8.2965984],[-2.2789994,8.296512],[-2.2789792,8.2959074]],[[-2.2789792,8.2971698],[-2.2786972,8.2985785],[-2.2775893,8.2983991],[-2.2778646,8.2971765],[-2.2789792,8.2971698]],[[-2.2785495,8.2998476],[-2.2806042,8.2997479],[-2.2806378,8.300512],[-2.2788852,8.3007911],[-2.2785495,8.2998476]],[[-2.2643919,8.36805],[-2.264569,8.3674609],[-2.2655922,8.3674051],[-2.2652462,8.3679889],[-2.2643919,8.36805]]]}},{"type":"Feature","properties":{"name":"Lake Volta"},"geometry":{"type":"Polygon","coordinates":[[[0.2509421,7.7549466],[0.2503574,7.7593105],[0.2514571,7.7639003],[0.253517,7.7686069],[0.2562207,7.7706718],[0.2535599,7.7724072],[0.2533936,7.7745652],[0.2539623,7.7758142],[0.2555099,7.7774885],[0.2584925,7.7782432],[0.2581572,7.7800875],[0.2586883,7.7819318],[0.2612847,7.7855407],[0.2637309,7.7865904],[0.2668074,7.7858038],[0.2676898,7.7861891],[0.2654609,7.7885104],[0.2631623,7.7886207],[0.2625695,7.7898777],[0.2606839,7.7879378],[0.2584845,7.787959],[0.2583075,7.7906537],[0.2597237,7.7937895],[0.2595788,7.7946398],[0.2580875,7.7953361],[0.254716,7.7952803],[0.2521223,7.7907706],[0.2512962,7.7901594],[0.2504271,7.7903879],[0.2484584,7.7961439],[0.2497888,7.8001619],[0.2499068,7.8030213],[0.2462777,7.8113308],[0.2466345,7.812221],[0.2499711,7.8138792],[0.24966,7.8152344],[0.2501857,7.8170015],[0.2493784,7.8175197],[0.2493408,7.8188191],[0.2479219,7.8186463],[0.2462,7.8170254],[0.2436572,7.8161166],[0.2405995,7.8174771],[0.2396581,7.8187447],[0.2387944,7.8186251],[0.2382123,7.8179315],[0.2395079,7.8167411],[0.2407122,7.813066],[0.2393791,7.8089445],[0.2325314,7.8068],[0.2232939,7.7976108],[0.218718,7.7962609],[0.2175003,7.7971166],[0.2146921,7.8019264],[0.2165991,7.8052588],[0.2147725,7.8147587],[0.2126187,7.8148996],[0.2104783,7.8164727],[0.2077746,7.8160847],[0.2064496,7.8173815],[0.2033865,7.8174984],[0.2005005,7.8229671],[0.1982421,7.8244976],[0.1964289,7.8285632],[0.1970887,7.8297536],[0.20064,7.8294188],[0.2039498,7.832262],[0.2075949,7.8328731],[0.2054599,7.8377597],[0.2078766,7.8380546],[0.2108163,7.8378102],[0.2118033,7.8369599],[0.2153814,7.8295304],[0.2174038,7.8269104],[0.2224544,7.8268705],[0.2203971,7.8308909],[0.2206171,7.8345312],[0.2306646,7.8338404],[0.2236292,7.8389873],[0.2233797,7.840454],[0.2244365,7.8407038],[0.2318448,7.8380281],[0.2326333,7.8384319],[0.2284652,7.8423114],[0.2274674,7.8447878],[0.2381748,7.8436505],[0.2423215,7.846297],[0.2482733,7.8474369],[0.248386,7.848699],[0.2496493,7.8494164],[0.2498853,7.8503411],[0.249145,7.8509947],[0.2445048,7.8496343],[0.2423054,7.8508885],[0.2405298,7.8496131],[0.2387863,7.8502986],[0.23597,7.849815],[0.2343312,7.8507583],[0.2334005,7.8541301],[0.2313137,7.8530566],[0.2285296,7.8539281],[0.2260271,7.8528015],[0.2225482,7.8530141],[0.2175862,7.85506],[0.2173018,7.8559687],[0.2182245,7.8577808],[0.2177042,7.8620693],[0.2215022,7.8597895],[0.224002,7.8595371],[0.2243775,7.8624997],[0.2253002,7.863892],[0.2295595,7.8638122],[0.2368284,7.8684779],[0.2385449,7.8689614],[0.243727,7.8697054],[0.246326,7.8690226],[0.2485751,7.8701784],[0.2493918,7.8699711],[0.2488071,7.8711029],[0.2438933,7.8721365],[0.2419755,7.8734198],[0.2421337,7.87444],[0.2402186,7.8736377],[0.2373594,7.8740468],[0.2267486,7.8789674],[0.222339,7.8793128],[0.2209336,7.8804074],[0.2204132,7.8829208],[0.2211481,7.885955],[0.2222975,7.8873817],[0.2251715,7.8866192],[0.2285027,7.8892202],[0.2326763,7.8910029],[0.2359056,7.8898074],[0.2406612,7.8909471],[0.2405056,7.8921055],[0.2398002,7.8916432],[0.2284545,7.8938032],[0.2264482,7.897358],[0.2257615,7.9000891],[0.2300853,7.9017496],[0.2353021,7.9010057],[0.2380916,7.9017762],[0.2395561,7.9015317],[0.2387702,7.9037714],[0.2398968,7.9059818],[0.242013,7.9066752],[0.243271,7.9082851],[0.2425897,7.9102883],[0.2469885,7.9075599],[0.249192,7.9078122],[0.2521384,7.9069913],[0.252192,7.9076396],[0.2501804,7.9097091],[0.2512398,7.9115369],[0.2515429,7.9156202],[0.2501589,7.915846],[0.2479863,7.9135427],[0.2460498,7.9141006],[0.2433381,7.9172594],[0.2353584,7.9161037],[0.2324403,7.9092096],[0.2292967,7.909207],[0.2279234,7.9111411],[0.2257776,7.9167095],[0.2259707,7.9174958],[0.2249193,7.9186222],[0.2240074,7.9262839],[0.2235353,7.9273253],[0.2222156,7.9274847],[0.2228379,7.9248175],[0.2223015,7.9233617],[0.2227735,7.9217039],[0.2221942,7.9193236],[0.2224517,7.915583],[0.2235245,7.9120762],[0.2222156,7.9075811],[0.2198768,7.9077086],[0.2178597,7.9085907],[0.2154136,7.9106629],[0.214169,7.9101209],[0.2171194,7.9044356],[0.2173501,7.8990105],[0.2120447,7.9024058],[0.2084184,7.9026077],[0.2082896,7.9020764],[0.2110576,7.9005992],[0.2131605,7.8983251],[0.2164435,7.8926714],[0.216465,7.8907585],[0.2148235,7.8889094],[0.2141368,7.8888987],[0.2085793,7.8913962],[0.2043736,7.8948606],[0.2033007,7.8952485],[0.2029842,7.894664],[0.2058005,7.8899562],[0.2120179,7.8825117],[0.2116263,7.8817253],[0.2089119,7.8806359],[0.2153599,7.8760183],[0.2138257,7.872357],[0.208236,7.8709489],[0.2069056,7.8676861],[0.2056932,7.8673992],[0.2011871,7.8700986],[0.1988911,7.8735845],[0.1982689,7.8760076],[0.1977324,7.8766666],[0.197196,7.876454],[0.1972389,7.8744985],[0.1948786,7.8732019],[0.1960158,7.8717566],[0.1977968,7.8672929],[0.1976466,7.8663789],[0.1967454,7.8656137],[0.1932049,7.8666977],[0.1932907,7.865805],[0.1954579,7.8630205],[0.2005756,7.8601722],[0.2023244,7.8553683],[0.201981,7.8540079],[0.1996422,7.8521586],[0.1965952,7.8512233],[0.1939559,7.851287],[0.1915097,7.849629],[0.1877117,7.8508619],[0.1850939,7.853604],[0.1851582,7.8500329],[0.1875508,7.8445593],[0.1870358,7.8418915],[0.1854801,7.8412538],[0.1806199,7.8428162],[0.1796651,7.8424867],[0.1803839,7.840563],[0.1800513,7.8387986],[0.1735658,7.8382512],[0.1760387,7.8322833],[0.1763445,7.8278962],[0.1752689,7.8275215],[0.171715,7.8225074],[0.168727,7.8243648],[0.1635289,7.8222602],[0.1652026,7.8187473],[0.1644623,7.8156117],[0.1628181,7.8142724],[0.1589101,7.8153619],[0.1556594,7.8119818],[0.1522636,7.8106426],[0.1519686,7.8097338],[0.1532829,7.80511],[0.1532748,7.8028087],[0.1507589,7.8008263],[0.1491845,7.7984027],[0.1484428,7.7981862],[0.1481196,7.799277],[0.1470159,7.7982167],[0.1455528,7.801371],[0.1440078,7.802992],[0.1437396,7.8056494],[0.1430583,7.8057584],[0.1432916,7.8072119],[0.1455528,7.8083466],[0.1466927,7.8079799],[0.1472877,7.8093514],[0.1481786,7.8097869],[0.1485756,7.8108179],[0.1461589,7.812896],[0.1460838,7.814857],[0.1470923,7.8169085],[0.1495761,7.8173974],[0.1506114,7.8198926],[0.1527035,7.8209103],[0.1540044,7.8246996],[0.1570326,7.8296978],[0.1566678,7.83096],[0.1534706,7.834502],[0.1555976,7.8371352],[0.1583576,7.837757],[0.1589477,7.8403132],[0.16141,7.8421227],[0.1604176,7.8429969],[0.1572955,7.8439163],[0.1573384,7.8457178],[0.1585829,7.8483842],[0.1636657,7.8516378],[0.1659402,7.8516245],[0.1656693,7.8538697],[0.1636335,7.8567366],[0.1692045,7.8591731],[0.1613402,7.8624598],[0.1654011,7.8654888],[0.169073,7.8671414],[0.1655674,7.868547],[0.1640707,7.8699817],[0.1631534,7.8728087],[0.1630139,7.8777187],[0.1639876,7.8786419],[0.1671834,7.8792172],[0.1659644,7.8816881],[0.1666591,7.8827721],[0.1697463,7.883601],[0.1717901,7.8834655],[0.1691897,7.8869805],[0.1701647,7.8881522],[0.1712054,7.8880698],[0.172281,7.8862339],[0.1744267,7.8873392],[0.1752998,7.8864133],[0.1765457,7.8861914],[0.177066,7.886752],[0.1776306,7.8860493],[0.1773664,7.8892282],[0.1809566,7.888653],[0.1795994,7.8903693],[0.1782435,7.8909804],[0.1776347,7.8927006],[0.1787826,7.8934299],[0.1818135,7.8927737],[0.1799199,7.895384],[0.1803638,7.8966659],[0.1792762,7.8985429],[0.1837434,7.8991486],[0.180451,7.9029717],[0.1814032,7.9041221],[0.1845467,7.90502],[0.1814313,7.9072145],[0.1852548,7.9087939],[0.186097,7.9078601],[0.1869352,7.9083808],[0.1888449,7.9082147],[0.1883367,7.9088882],[0.1890635,7.9092044],[0.1829106,7.9107346],[0.1825377,7.9119168],[0.1845802,7.9125611],[0.1834054,7.9131137],[0.1835047,7.9138256],[0.1819798,7.9136144],[0.1810035,7.9144805],[0.1794398,7.9130273],[0.1771921,7.915955],[0.1715702,7.914717],[0.1712751,7.9169831],[0.1736087,7.9196158],[0.1719296,7.920899],[0.1722354,7.9222937],[0.17039,7.9265389],[0.1695773,7.9274368],[0.1695357,7.9256782],[0.1674651,7.9236977],[0.1662782,7.9240231],[0.1645428,7.9258509],[0.1630434,7.923343],[0.1627886,7.9208897],[0.1615535,7.9196065],[0.1608172,7.9195959],[0.1591194,7.92274],[0.1580384,7.922647],[0.1566517,7.9206731],[0.1521295,7.9211221],[0.1530603,7.9166111],[0.1492381,7.9139332],[0.1466122,7.913742],[0.1439676,7.9152509],[0.1415831,7.9137818],[0.1379862,7.9164677],[0.137203,7.9163322],[0.1346791,7.9143131],[0.1364547,7.9127298],[0.1351029,7.9085003],[0.1350948,7.9064015],[0.1341453,7.9047544],[0.1323657,7.9035867],[0.1308998,7.9035456],[0.1296419,7.9043373],[0.1273325,7.9029398],[0.1264796,7.903341],[0.1252753,7.9056948],[0.1238054,7.9060163],[0.1216596,7.9029823],[0.118897,7.9022517],[0.1185858,7.8983941],[0.1161195,7.8954159],[0.1162858,7.8946228],[0.1191196,7.8921108],[0.1185268,7.8908515],[0.1168504,7.8898871],[0.11298,7.8911278],[0.1124516,7.8918823],[0.1096353,7.8917734],[0.1095253,7.8861835],[0.1067734,7.8877855],[0.1058882,7.8875358],[0.1039651,7.8855299],[0.1044613,7.8817598],[0.1020554,7.8809548],[0.1005962,7.8796183],[0.1003924,7.8827402],[0.1027876,7.8873897],[0.1027849,7.8903919],[0.1033697,7.8917123],[0.1057729,7.8925412],[0.1060465,7.8974921],[0.1070644,7.8999191],[0.10814,7.9012289],[0.1116282,7.9031006],[0.1089406,7.9073872],[0.1107605,7.9106177],[0.1122934,7.9108834],[0.1142621,7.9101143],[0.1150131,7.9116485],[0.1182707,7.9147714],[0.1160216,7.9168104],[0.115972,7.9183101],[0.117116,7.9206227],[0.113782,7.9279416],[0.1167271,7.9265881],[0.1214987,7.9295143],[0.1237839,7.9277583],[0.1240253,7.9268072],[0.1252833,7.9302714],[0.1277858,7.929756],[0.1315221,7.9312782],[0.134313,7.9312769],[0.1352249,7.9321682],[0.1333286,7.9329186],[0.1327774,7.9340968],[0.1344095,7.9364425],[0.1339247,7.9365036],[0.1342902,7.9372289],[0.1310782,7.9356961],[0.1296768,7.9342456],[0.1278448,7.9339547],[0.1258251,7.9357837],[0.1215845,7.9366019],[0.1190445,7.9359139],[0.1174593,7.9362247],[0.1141494,7.9386687],[0.1136506,7.9401723],[0.1139939,7.9421301],[0.1127145,7.942927],[0.1094154,7.9427916],[0.1078261,7.9406876],[0.1050259,7.9400142],[0.1030143,7.9432259],[0.1028225,7.9448185],[0.1041247,7.9498737],[0.101421,7.9488509],[0.0982594,7.9459986],[0.0974467,7.9466414],[0.0978631,7.9454799],[0.0971241,7.9449566],[0.095326,7.9451877],[0.0963852,7.9439996],[0.0971872,7.9440966],[0.0969431,7.9422975],[0.0909644,7.9440335],[0.0902483,7.945893],[0.0912568,7.9458345],[0.0913145,7.9463127],[0.092219,7.9455032],[0.0929955,7.9455975],[0.0915062,7.9467411],[0.0915968,7.9472564],[0.0909081,7.9468546],[0.0904682,7.9473474],[0.0904736,7.9467895],[0.0893906,7.9467112],[0.0898634,7.9463174],[0.0892143,7.9455125],[0.0868472,7.9444213],[0.0843099,7.9451651],[0.0853499,7.9441975],[0.0852641,7.9432923],[0.0829078,7.9433082],[0.0824887,7.9439199],[0.0820273,7.9430054],[0.0813648,7.9436078],[0.0809491,7.9430446],[0.0799808,7.9440487],[0.0794081,7.9435898],[0.0790048,7.9444449],[0.0779155,7.9442606],[0.0787678,7.9429948],[0.0774991,7.9426096],[0.0764805,7.9430466],[0.0757335,7.941818],[0.0742382,7.9416665],[0.0738573,7.9399677],[0.0726584,7.9389476],[0.0716726,7.9402905],[0.0707366,7.9402493],[0.0693807,7.9427052],[0.0703704,7.9436988],[0.0691259,7.9464535],[0.0732377,7.9479996],[0.0750777,7.947977],[0.0766481,7.949972],[0.0801712,7.9485003],[0.0839397,7.9488589],[0.0848705,7.9493504],[0.0833698,7.9514861],[0.0839263,7.9526211],[0.0860479,7.952813],[0.0889608,7.954195],[0.0944312,7.9534798],[0.0991787,7.954966],[0.0979221,7.9614316],[0.0992525,7.9630467],[0.1017818,7.9624743],[0.1029901,7.9654839],[0.1043688,7.9658239],[0.1055476,7.967439],[0.1085503,7.9647972],[0.1119125,7.9664468],[0.1150587,7.965711],[0.1149058,7.9685214],[0.1153994,7.9694644],[0.1212171,7.9709838],[0.1203487,7.9713125],[0.1205854,7.9721804],[0.1180226,7.9730491],[0.1159519,7.9747092],[0.1141065,7.9750612],[0.113849,7.9760347],[0.1143707,7.9766709],[0.1167646,7.9766523],[0.1202863,7.9788463],[0.1197606,7.9822437],[0.1210079,7.9857685],[0.1200932,7.98809],[0.1236257,7.9928604],[0.1248729,7.9927117],[0.1267719,7.9907807],[0.1285368,7.9900901],[0.1291645,7.9905841],[0.1290089,7.9925709],[0.130983,7.9938671],[0.1340877,7.9934793],[0.1356983,7.9940743],[0.1404861,7.9907063],[0.1404834,7.9922469],[0.141744,7.9939309],[0.1467544,7.9951952],[0.1467758,7.9967225],[0.1387721,7.9993175],[0.1342124,7.9998222],[0.1310849,8.0009802],[0.1297492,8.0021914],[0.1299342,8.0036283],[0.1338664,8.0085633],[0.1339763,8.0095275],[0.1318788,8.0092937],[0.1274317,8.0073123],[0.1256454,8.0071211],[0.1247978,8.007902],[0.1248729,8.0095248],[0.1260625,8.0111676],[0.1256669,8.0132061],[0.1284939,8.0147997],[0.1267317,8.0177664],[0.1268215,8.0203135],[0.1310085,8.0217849],[0.1309803,8.0239973],[0.1278046,8.0262788],[0.1294273,8.0292269],[0.1305968,8.0294407],[0.1301864,8.03026],[0.1306719,8.0309174],[0.1290867,8.0325507],[0.1310152,8.0344271],[0.1254201,8.0358321],[0.1251103,8.039703],[0.1231429,8.0410774],[0.1216422,8.0457264],[0.1204205,8.0459853],[0.1188406,8.0452364],[0.1177061,8.0473292],[0.1149005,8.0465537],[0.1135835,8.0483065],[0.1091263,8.0487201],[0.1073232,8.0556245],[0.1062074,8.0554904],[0.1049535,8.0531533],[0.1038189,8.0523513],[0.1014519,8.0521268],[0.0994214,8.0528147],[0.0989024,8.0537482],[0.0996602,8.0548038],[0.1035628,8.0556338],[0.1061967,8.0571635],[0.1113184,8.0631627],[0.1130766,8.0678407],[0.1160941,8.0681049],[0.1171079,8.065999],[0.1191598,8.064387],[0.1217991,8.0633858],[0.1219118,8.0621748],[0.1181594,8.0562233],[0.1187816,8.0552062],[0.1226145,8.0577238],[0.1265413,8.0582231],[0.1301247,8.0604937],[0.1314162,8.0597262],[0.1321498,8.0577929],[0.1329678,8.0583134],[0.1327533,8.0566376],[0.1318225,8.0565805],[0.132312,8.0557466],[0.1306652,8.0544201],[0.1296285,8.0487288],[0.1306397,8.0480064],[0.1326728,8.0483278],[0.1327264,8.0497698],[0.1338744,8.0509198],[0.1367846,8.0515094],[0.1375866,8.052407],[0.1392026,8.0519861],[0.1386313,8.0552726],[0.1406497,8.0579549],[0.1520263,8.0606079],[0.1521564,8.0611909],[0.1508917,8.0612745],[0.1473606,8.0633407],[0.1424628,8.0646552],[0.1466122,8.0690079],[0.1507938,8.0693743],[0.1531514,8.070572],[0.1556003,8.0688167],[0.1572847,8.0714325],[0.1583871,8.0719636],[0.1597539,8.0716619],[0.1603344,8.0701139],[0.1628315,8.069709],[0.1630247,8.0720353],[0.1638964,8.0732622],[0.1660529,8.0734614],[0.1672304,8.0729329],[0.1702049,8.0739952],[0.1716238,8.0728984],[0.175511,8.0747414],[0.1757826,8.0757279],[0.1760924,8.0751955],[0.1765001,8.0757585],[0.1796114,8.0760772],[0.1810062,8.0755992],[0.1821381,8.0740164],[0.184139,8.0747706],[0.1856089,8.0744838],[0.1884735,8.0708721],[0.1914132,8.0698099],[0.1932692,8.0677916],[0.1929796,8.0717113],[0.1908553,8.0758647],[0.1914453,8.0774262],[0.1938401,8.0794468],[0.196768,8.0800964],[0.1941025,8.0819478],[0.1910735,8.0816447],[0.1894222,8.0821481],[0.1925115,8.0839454],[0.1926604,8.0857567],[0.1942536,8.0873288],[0.1977164,8.08641],[0.1986484,8.0889155],[0.2008438,8.0880126],[0.2006748,8.0908421],[0.2015626,8.0923026],[0.2004656,8.0950537],[0.2023512,8.0966204],[0.2044138,8.0956937],[0.203927,8.0979508],[0.2018765,8.0996662],[0.2014393,8.1010816],[0.2015197,8.1045761],[0.2039579,8.1070696],[0.2072999,8.1070935],[0.2094215,8.1045443],[0.2107304,8.1079034],[0.2126107,8.1087637],[0.2142602,8.1106358],[0.2164596,8.111443],[0.2197829,8.1070722],[0.2213332,8.105957],[0.2250722,8.1052028],[0.2263516,8.1055905],[0.2305412,8.1051497],[0.2319977,8.1037052],[0.233835,8.1030307],[0.2344787,8.1047302],[0.2363616,8.1048257],[0.2397466,8.101626],[0.2419996,8.1004868],[0.2442419,8.1005133],[0.2438879,8.1014427],[0.2454436,8.1022022],[0.2413881,8.1037317],[0.2370054,8.1090372],[0.2432442,8.110503],[0.2462482,8.1122396],[0.2458674,8.1127123],[0.2433085,8.112999],[0.2379468,8.1113129],[0.2340254,8.1115744],[0.2302569,8.1080175],[0.2222988,8.1088381],[0.2246726,8.1097728],[0.2316007,8.1163156],[0.2324483,8.1163129],[0.234122,8.1179274],[0.233493,8.1184093],[0.2304836,8.117618],[0.2240038,8.1137213],[0.222221,8.1141196],[0.2208236,8.1172264],[0.2152821,8.116536],[0.2142039,8.117537],[0.2118596,8.1146241],[0.2073374,8.1133602],[0.2054009,8.1141701],[0.198867,8.1149959],[0.1976895,8.1157872],[0.1926362,8.1144595],[0.1902759,8.114895],[0.1885807,8.1162545],[0.1866737,8.1236867],[0.1830769,8.1195843],[0.1820523,8.1198392],[0.1780772,8.1247037],[0.1786566,8.1295629],[0.1780316,8.1309569],[0.1774362,8.1309887],[0.176087,8.1290637],[0.1741773,8.1289734],[0.17039,8.1327226],[0.1658437,8.1359938],[0.1644221,8.1380543],[0.16406,8.13935],[0.1650953,8.1408661],[0.1635235,8.1439594],[0.1630837,8.1495086],[0.1656532,8.1561305],[0.1710981,8.1616424],[0.1770902,8.1631372],[0.1750678,8.1650727],[0.1751241,8.1659462],[0.1774013,8.1679056],[0.1795283,8.1683728],[0.1795203,8.1698703],[0.1811511,8.172119],[0.1835597,8.1724403],[0.1836455,8.175366],[0.1852816,8.1778458],[0.1869982,8.1783555],[0.1895115,8.1773891],[0.1873791,8.1820644],[0.1907641,8.1832618],[0.1879745,8.186822],[0.1884225,8.1886406],[0.1950958,8.1873503],[0.1987544,8.1875919],[0.1994115,8.1902308],[0.1987946,8.1938945],[0.2001089,8.1966502],[0.2022091,8.1991006],[0.2029145,8.1953016],[0.20686,8.1946565],[0.2078015,8.1933636],[0.2088341,8.1933768],[0.2089709,8.1950972],[0.2046686,8.1973511],[0.2045292,8.2011926],[0.2037808,8.2023713],[0.2040316,8.2044792],[0.2006239,8.2027828],[0.1985049,8.1995493],[0.1945004,8.1959228],[0.1934409,8.1933529],[0.1927167,8.1930185],[0.1890796,8.1946219],[0.1871216,8.1969582],[0.1860407,8.2018589],[0.183726,8.2008023],[0.1752984,8.2048694],[0.1727128,8.2074764],[0.1697034,8.2055278],[0.1622549,8.2066401],[0.1615494,8.2060826],[0.1618874,8.2043969],[0.161351,8.2037066],[0.1537791,8.2018629],[0.1498979,8.204227],[0.148243,8.2065764],[0.1473981,8.2053871],[0.1477978,8.2035447],[0.1473471,8.2020076],[0.1478299,8.2013426],[0.1460047,8.2012364],[0.1446247,8.2023554],[0.1392657,8.2038128],[0.1348293,8.2064729],[0.1334801,8.2101789],[0.1322758,8.2116894],[0.129599,8.2126743],[0.1283705,8.2138052],[0.1261014,8.2182704],[0.1278904,8.2224621],[0.1297384,8.2231257],[0.1305646,8.2249441],[0.1321283,8.2261228],[0.1357466,8.2270028],[0.1372325,8.2288677],[0.1414999,8.2309011],[0.1436229,8.2312369],[0.1449211,8.2299335],[0.1465318,8.2317798],[0.1482457,8.2325894],[0.1520437,8.2321965],[0.1571158,8.2330327],[0.162794,8.231801],[0.1644275,8.2326717],[0.1660717,8.235005],[0.1701862,8.236542],[0.17234,8.2349068],[0.1744106,8.2382728],[0.1782703,8.2395602],[0.1798072,8.2390718],[0.1812261,8.2402398],[0.1838252,8.2400858],[0.1859146,8.2377764],[0.1877814,8.2409247],[0.1893693,8.2421723],[0.1916653,8.2424457],[0.19306,8.2458408],[0.1951039,8.2467858],[0.1952434,8.2480493],[0.1930198,8.2498623],[0.1943475,8.2531087],[0.1984137,8.2532149],[0.2015144,8.2518983],[0.203746,8.2522433],[0.2044541,8.2535865],[0.2019274,8.2561241],[0.2008116,8.2598801],[0.1994652,8.2601163],[0.1991755,8.2612099],[0.2033141,8.2653587],[0.2066857,8.2666089],[0.2068064,8.2708452],[0.2061224,8.2714344],[0.2006507,8.2684722],[0.1997226,8.268889],[0.1995242,8.2697861],[0.2000687,8.2719494],[0.2008224,8.2722387],[0.2002779,8.2730854],[0.2013186,8.2743037],[0.2017356,8.2769355],[0.2027307,8.2769779],[0.2028528,8.2793124],[0.2038197,8.2800529],[0.2027133,8.2804218],[0.2040001,8.2822559],[0.2034214,8.2824178],[0.2041697,8.283226],[0.2052755,8.2831119],[0.2046559,8.283727],[0.2054881,8.2853773],[0.2075292,8.2844682],[0.2076432,8.2861682],[0.2065113,8.2867681],[0.2085954,8.2902663],[0.2083701,8.2910971],[0.2076962,8.2909385],[0.2084438,8.2920327],[0.2075145,8.2930346],[0.2084023,8.2930134],[0.2089038,8.2947094],[0.2077264,8.2953995],[0.2075198,8.2962753],[0.2060366,8.2965169],[0.2061599,8.2981067],[0.2055725,8.2988193],[0.2070343,8.300928],[0.207772,8.3035184],[0.2096227,8.3050153],[0.210945,8.3043438],[0.2120125,8.3073536],[0.2133268,8.3066555],[0.2131847,8.3084789],[0.2184498,8.3099678],[0.2199304,8.3089088],[0.2203327,8.311109],[0.2236372,8.3116611],[0.2257937,8.3112046],[0.2288675,8.3119796],[0.2303535,8.3116399],[0.2327353,8.3125688],[0.2363482,8.3122582],[0.2390063,8.3131049],[0.2399236,8.3139913],[0.2398914,8.3153183],[0.2354953,8.3166904],[0.2348757,8.318726],[0.2357984,8.319724],[0.2372414,8.3199549],[0.2377027,8.322224],[0.2387166,8.3225478],[0.241439,8.3212606],[0.2430055,8.3236386],[0.2445611,8.3238695],[0.2460095,8.3258997],[0.2488553,8.3267145],[0.2491772,8.3280733],[0.2535385,8.3287474],[0.2566445,8.329939],[0.2569187,8.3313436],[0.2496117,8.333482],[0.2480265,8.3334554],[0.2464816,8.3325319],[0.2452853,8.3331529],[0.2447905,8.3323381],[0.2437189,8.332646],[0.2416187,8.3313058],[0.2391243,8.3321869],[0.2362168,8.3319254],[0.2343097,8.3330281],[0.2349213,8.3335589],[0.2370429,8.3334581],[0.2380849,8.3351688],[0.2398995,8.3354856],[0.2410582,8.3380307],[0.2401221,8.3391082],[0.2424006,8.341206],[0.2430752,8.3411171],[0.2430001,8.33983],[0.2436572,8.339554],[0.2457225,8.3404882],[0.2462724,8.344867],[0.2488688,8.3496279],[0.249833,8.353639],[0.2515027,8.3555219],[0.2510038,8.3581146],[0.2519023,8.3600624],[0.2520525,8.3623552],[0.2534392,8.3640768],[0.2522832,8.3661845],[0.2527544,8.3683573],[0.2519962,8.3682835],[0.2514557,8.3695878],[0.2525796,8.3734249],[0.2514464,8.3736279],[0.2513713,8.3745951],[0.2516013,8.3773904],[0.2530896,8.3779646],[0.2519332,8.3783752],[0.2520646,8.3809266],[0.2542567,8.3810155],[0.2541859,8.3816321],[0.2520378,8.3819535],[0.252762,8.3837792],[0.253967,8.3840923],[0.2532609,8.3846031],[0.2539878,8.3854536],[0.2536024,8.38577],[0.2528639,8.3844519],[0.2519258,8.384156],[0.2513847,8.3873256],[0.2517521,8.3886758],[0.2504234,8.3908677],[0.2513357,8.3912409],[0.2515278,8.3917392],[0.2507436,8.3912701],[0.249668,8.3919945],[0.2488051,8.394831],[0.2496513,8.3962261],[0.2485603,8.3965014],[0.2490813,8.3972079],[0.2485389,8.3973074],[0.248675,8.3981147],[0.2476252,8.3973936],[0.2455069,8.4007827],[0.2468504,8.4005864],[0.2470958,8.4022381],[0.2494448,8.4047781],[0.2486047,8.4053173],[0.2480158,8.4043834],[0.244934,8.4031987],[0.2456032,8.4023383],[0.2440985,8.4017691],[0.2435042,8.403008],[0.2427654,8.4029838],[0.2420744,8.4070906],[0.2402347,8.4049685],[0.2393094,8.4061254],[0.236198,8.4073725],[0.2339959,8.409267],[0.2308282,8.4093094],[0.2295569,8.4112875],[0.2273574,8.4089539],[0.2246752,8.4100046],[0.2238062,8.4110872],[0.2240825,8.4147249],[0.2216041,8.416232],[0.2206063,8.4127933],[0.2194691,8.4115409],[0.2179563,8.4108298],[0.2159876,8.4116922],[0.2139062,8.4106096],[0.2126268,8.4123528],[0.2131712,8.4171819],[0.2123103,8.418819],[0.2110603,8.418896],[0.2103576,8.4196283],[0.209164,8.4187049],[0.2083111,8.4161153],[0.2070826,8.415038],[0.2064604,8.4117691],[0.2037245,8.4157916],[0.2023673,8.4161471],[0.2013427,8.4119973],[0.2002537,8.4102461],[0.1955867,8.4081765],[0.1942456,8.4083993],[0.1925531,8.4101904],[0.1915848,8.4104159],[0.189026,8.4070779],[0.1877654,8.4065685],[0.1855874,8.4081658],[0.183683,8.4084418],[0.1807809,8.4121565],[0.179362,8.4124802],[0.1794988,8.4084471],[0.1769239,8.4049075],[0.174298,8.4037559],[0.1717579,8.4041168],[0.1678151,8.4016119],[0.1635933,8.4018614],[0.1618499,8.4049605],[0.1600313,8.4039363],[0.1589745,8.4040637],[0.1557183,8.4074176],[0.1550209,8.4063934],[0.1540661,8.4006461],[0.1522315,8.3992504],[0.1488948,8.3984331],[0.1475322,8.3996166],[0.149045,8.402201],[0.1490128,8.4055708],[0.1477361,8.4063828],[0.1441902,8.4067808],[0.1440078,8.4101983],[0.1434338,8.4102992],[0.1396787,8.4061917],[0.140419,8.4009911],[0.1397431,8.3981784],[0.1346683,8.3962891],[0.1302159,8.3913961],[0.1270509,8.3903453],[0.1227593,8.3901755],[0.1150775,8.3911732],[0.1081681,8.3953339],[0.1073849,8.3977114],[0.1025033,8.3966076],[0.0981313,8.398656],[0.0967741,8.4001791],[0.0956583,8.4045678],[0.0979757,8.4088027],[0.09826,8.4112544],[0.1003951,8.416959],[0.1037693,8.4190817],[0.1038551,8.4201908],[0.1024926,8.4232792],[0.103265,8.4267178],[0.102396,8.4323215],[0.103147,8.4350596],[0.1062584,8.438323],[0.1037264,8.4391349],[0.1011836,8.441979],[0.0997996,8.4447171],[0.1015927,8.4533476],[0.0984961,8.4495723],[0.0967526,8.4486225],[0.094564,8.4510315],[0.0892961,8.4539843],[0.0886524,8.4589535],[0.087204,8.4584123],[0.0870967,8.4589482],[0.089972,8.4618983],[0.092681,8.4624289],[0.0979006,8.4654215],[0.1074412,8.4686582],[0.1132536,8.4697963],[0.1194656,8.4685361],[0.1217294,8.4692312],[0.1228049,8.4707911],[0.1248622,8.4715234],[0.1241997,8.4724466],[0.1247978,8.4732478],[0.1243687,8.4740065],[0.1262248,8.475784],[0.1265949,8.4781981],[0.1290089,8.4793335],[0.1313746,8.4788454],[0.1325494,8.4794078],[0.1329303,8.4780124],[0.1356661,8.4772643],[0.1366103,8.4739906],[0.1414436,8.4712952],[0.1432139,8.4711838],[0.1496404,8.4688014],[0.1462609,8.4723352],[0.1443887,8.4734547],[0.1426774,8.4777789],[0.1409286,8.4796731],[0.1402044,8.4821403],[0.1301891,8.48769],[0.1287085,8.4880296],[0.128274,8.4867138],[0.1269436,8.4868624],[0.1274411,8.4881065],[0.1268148,8.4949747],[0.1272225,8.4966088],[0.130012,8.4984976],[0.1334023,8.4996648],[0.1338744,8.5003226],[0.1335525,8.5028905],[0.1308274,8.5032725],[0.1238751,8.5011715],[0.12012,8.5011291],[0.1173949,8.5034847],[0.114541,8.507729],[0.1071381,8.5143289],[0.1030826,8.5159841],[0.0982332,8.520292],[0.0845754,8.5206846],[0.083363,8.5169391],[0.079093,8.5161751],[0.0795221,8.5130556],[0.0814855,8.5100475],[0.0816035,8.5087954],[0.0874936,8.5050975],[0.0891888,8.502466],[0.089618,8.5008426],[0.0883627,8.497203],[0.0898003,8.4969908],[0.0920641,8.4981368],[0.0960553,8.4967892],[0.0994885,8.4945927],[0.1004755,8.4959403],[0.1018488,8.4964072],[0.1064783,8.4922211],[0.1081306,8.4918815],[0.1121968,8.488661],[0.1149541,8.4875362],[0.1160592,8.4856898],[0.1162094,8.4840928],[0.1154584,8.4778532],[0.1147503,8.4768823],[0.1142299,8.4773757],[0.1142675,8.4790948],[0.1134252,8.4798005],[0.1110059,8.4796041],[0.1084632,8.4780655],[0.0953901,8.4776304],[0.0943762,8.4784209],[0.094344,8.4806122],[0.0902939,8.4799278],[0.0848007,8.4743673],[0.0831914,8.4708654],[0.083127,8.468361],[0.0811783,8.4658572],[0.0766897,8.4627155],[0.0703752,8.4600746],[0.0709894,8.4592362],[0.0731258,8.4586715],[0.0736275,8.4581069],[0.073169,8.4577219],[0.0764316,8.4566902],[0.0838061,8.4517388],[0.0858663,8.4484331],[0.0849489,8.4464367],[0.0802136,8.4428297],[0.0799693,8.4420797],[0.0826551,8.4411008],[0.0822142,8.4399458],[0.0834142,8.4378471],[0.0809425,8.4360979],[0.0803349,8.4339293],[0.0825986,8.4331986],[0.0878475,8.4274373],[0.0861475,8.4225835],[0.0845227,8.4212684],[0.0840467,8.4198884],[0.0829188,8.4192102],[0.0813208,8.4197053],[0.0787128,8.4192715],[0.0782046,8.4091299],[0.0751132,8.4090638],[0.0749213,8.4079727],[0.0760403,8.4053159],[0.0738982,8.4064071],[0.0707171,8.4060592],[0.0706851,8.4033233],[0.0714754,8.4028166],[0.0700732,8.3995273],[0.0732745,8.3979159],[0.0743252,8.3982392],[0.0747943,8.3968637],[0.0761733,8.3974396],[0.0790441,8.395878],[0.0793051,8.3945373],[0.078314,8.392608],[0.0800884,8.3922442],[0.0790174,8.3892552],[0.0744259,8.3863999],[0.075417,8.3842807],[0.0783105,8.3830946],[0.08304,8.3845626],[0.0848993,8.3835422],[0.0855179,8.384531],[0.0884273,8.3862865],[0.0920556,8.3875569],[0.0959425,8.3848589],[0.0968506,8.383205],[0.0981694,8.3859331],[0.0990087,8.3861308],[0.1030219,8.384886],[0.1090075,8.3802072],[0.1097536,8.3788764],[0.1146496,8.3755366],[0.1162624,8.3752135],[0.1166504,8.3738368],[0.1186511,8.3741946],[0.1247579,8.3715408],[0.1267029,8.3720433],[0.128609,8.3745316],[0.1312537,8.3745189],[0.1341024,8.3800973],[0.1366234,8.3809218],[0.1384501,8.380673],[0.1393606,8.3815869],[0.1422025,8.3825179],[0.144437,8.3816184],[0.1460519,8.3795296],[0.1451125,8.3774311],[0.1458614,8.3764032],[0.1492216,8.3768794],[0.1522018,8.3784711],[0.1537241,8.3785103],[0.1542007,8.3790473],[0.1542402,8.3846542],[0.1591911,8.3872059],[0.160859,8.3872714],[0.1646642,8.3896182],[0.1708932,8.3900372],[0.1715054,8.3887014],[0.1738419,8.3909786],[0.1786151,8.3899837],[0.1801778,8.3909084],[0.1844065,8.3918063],[0.1899921,8.3912866],[0.1969543,8.3917604],[0.1981541,8.389842],[0.1982009,8.3874635],[0.1960887,8.3853396],[0.2003011,8.3864688],[0.2052965,8.3892084],[0.2140365,8.3863648],[0.2157026,8.3852797],[0.2164861,8.3835536],[0.219472,8.3841926],[0.2219192,8.3833818],[0.224421,8.3791453],[0.2231519,8.3768068],[0.2257868,8.3774527],[0.2277194,8.3752526],[0.2281166,8.3729215],[0.2286725,8.3733405],[0.2287122,8.3753573],[0.2326172,8.371769],[0.2331864,8.3703939],[0.2328283,8.366743],[0.2347003,8.3634277],[0.2349046,8.3605115],[0.233875,8.3582519],[0.2304305,8.3569091],[0.2300373,8.3596873],[0.2289329,8.3585575],[0.2285772,8.3551217],[0.2302246,8.3567146],[0.2323839,8.3531022],[0.2322082,8.350208],[0.2311715,8.3479],[0.2295113,8.3471864],[0.2283579,8.3497181],[0.2269551,8.3502038],[0.220314,8.3488556],[0.2165642,8.3490069],[0.2154511,8.3500525],[0.2141181,8.3492033],[0.2139759,8.3500658],[0.2122271,8.3510132],[0.2119106,8.3518756],[0.2104568,8.3514749],[0.2092659,8.3527036],[0.2067339,8.3527275],[0.2064174,8.352011],[0.2054948,8.3527328],[0.2036896,8.3527567],[0.2033329,8.3514935],[0.2023746,8.3517226],[0.2003074,8.3498561],[0.1973945,8.3503816],[0.1964021,8.3478339],[0.1940739,8.3501799],[0.1924539,8.3476216],[0.1912148,8.3467682],[0.1867676,8.3473775],[0.1860702,8.346507],[0.1827443,8.346507],[0.1791823,8.3455092],[0.1755345,8.3428978],[0.173217,8.3423671],[0.1707172,8.3428554],[0.167166,8.3408597],[0.1738071,8.3391082],[0.1786941,8.3388322],[0.1792252,8.3382059],[0.1772404,8.3345382],[0.1757759,8.3290606],[0.1749599,8.3286167],[0.1713824,8.3288482],[0.1715541,8.3263854],[0.1708567,8.3252283],[0.1674074,8.3244533],[0.1673698,8.3231157],[0.1691884,8.3220382],[0.1693761,8.3205785],[0.1735175,8.3214703],[0.1745689,8.319777],[0.1765484,8.3199628],[0.1774818,8.3163056],[0.1727074,8.314692],[0.1724875,8.3123936],[0.1712805,8.3123989],[0.1701862,8.3132907],[0.1680189,8.3119318],[0.1681262,8.310918],[0.1696819,8.3104402],[0.1702344,8.3093255],[0.17039,8.3076906],[0.1696444,8.3056098],[0.170669,8.3052011],[0.1738876,8.306077],[0.1747513,8.3051427],[0.1749068,8.3036883],[0.1755559,8.3036458],[0.1777232,8.3075685],[0.181261,8.3095432],[0.1833853,8.3085903],[0.1832432,8.3072978],[0.1855767,8.3060663],[0.1873838,8.3032155],[0.1892406,8.3017189],[0.1883554,8.2967133],[0.1852441,8.294367],[0.1878083,8.2896532],[0.1881677,8.286723],[0.1873469,8.2849022],[0.1851314,8.2827576],[0.1850885,8.2807722],[0.187878,8.278601],[0.1886906,8.2759594],[0.1878726,8.2730058],[0.1857966,8.2718326],[0.1846754,8.2701126],[0.1851155,8.2684921],[0.186747,8.2676029],[0.1873144,8.2664801],[0.1865047,8.2629884],[0.1841846,8.2593412],[0.1852548,8.2580831],[0.1842302,8.2564161],[0.1849168,8.2545792],[0.1835489,8.2524982],[0.1812208,8.251585],[0.1786834,8.2524026],[0.1767898,8.2509533],[0.1751,8.2506029],[0.1720852,8.2527902],[0.1692259,8.2560551],[0.1681369,8.2546429],[0.1661253,8.2536449],[0.1643979,8.2531087],[0.1624346,8.2534113],[0.1624292,8.2523495],[0.1651651,8.2505126],[0.1613778,8.2471468],[0.1586527,8.2462602],[0.1547044,8.2473591],[0.1519525,8.2461009],[0.1505041,8.2464991],[0.14934,8.2477361],[0.1495207,8.2520901],[0.1489967,8.2530715],[0.1460969,8.2518754],[0.1438737,8.2520469],[0.1418191,8.2468176],[0.137651,8.2448586],[0.1368141,8.2471149],[0.1377797,8.2533264],[0.1372969,8.2550358],[0.1362133,8.2554605],[0.1354515,8.2550146],[0.1336062,8.2505976],[0.1313813,8.249853],[0.1321927,8.2489279],[0.1312539,8.2474919],[0.1263294,8.2431412],[0.1241031,8.24282],[0.1232502,8.2437477],[0.1213136,8.240192],[0.1192135,8.2383392],[0.1154664,8.2371021],[0.1135379,8.237195],[0.110507,8.2439296],[0.1087743,8.2458886],[0.1056871,8.2446568],[0.1058909,8.2382091],[0.1026374,8.2355705],[0.098767,8.23363],[0.0957012,8.2334336],[0.0955282,8.2313417],[0.0959855,8.230986],[0.1027822,8.2301844],[0.1072481,8.2309701],[0.1077846,8.2304976],[0.1072776,8.2291703],[0.1083344,8.228804],[0.1094113,8.2289566],[0.1104104,8.2306383],[0.1154208,8.2321806],[0.1181352,8.2307524],[0.117867,8.2199004],[0.1189721,8.2180713],[0.1144485,8.2133805],[0.1164588,8.213861],[0.1188675,8.2125973],[0.1199564,8.2101444],[0.1197821,8.207925],[0.1234916,8.2061172],[0.1254415,8.2029739],[0.1250902,8.2020474],[0.1213726,8.2015191],[0.125345,8.2001386],[0.1303017,8.1973033],[0.1342499,8.1939105],[0.1351243,8.1925777],[0.1360685,8.1884149],[0.1379648,8.1861583],[0.1389223,8.1864264],[0.1408213,8.1891716],[0.1424897,8.1901963],[0.1451826,8.1896839],[0.1466779,8.187272],[0.1477951,8.187045],[0.15015,8.1881707],[0.153181,8.1880963],[0.1571238,8.19056],[0.1581323,8.190122],[0.1585078,8.1883432],[0.1597255,8.1882769],[0.1607394,8.1889671],[0.1611739,8.191537],[0.1619893,8.1925724],[0.1667529,8.1944733],[0.1742256,8.1947706],[0.1769024,8.193345],[0.1782811,8.1917176],[0.1788926,8.1878654],[0.1780719,8.1850114],[0.1760548,8.1832937],[0.1742873,8.180344],[0.1700091,8.1796644],[0.1707012,8.177121],[0.1696417,8.1751483],[0.1648754,8.1711792],[0.1612329,8.171365],[0.1579995,8.1701623],[0.156,8.1659249],[0.152218,8.1668197],[0.1502949,8.1658187],[0.1522475,8.1641169],[0.1536503,8.1586262],[0.1509064,8.1573996],[0.147602,8.1548029],[0.1443457,8.1541338],[0.1425031,8.1550764],[0.1414154,8.1565858],[0.1410024,8.1563628],[0.1414087,8.1555357],[0.1406041,8.1547671],[0.1424628,8.1534302],[0.1413149,8.1516911],[0.1468536,8.1502547],[0.1489565,8.1511601],[0.1512632,8.1499149],[0.1509762,8.1485528],[0.1479506,8.1464871],[0.1526901,8.1441054],[0.1535001,8.1418618],[0.1487111,8.1387473],[0.1528805,8.1371462],[0.155493,8.1331315],[0.1544496,8.1320083],[0.150826,8.131857],[0.149509,8.1296346],[0.1493561,8.1279724],[0.1529745,8.1266461],[0.1549566,8.126743],[0.1560563,8.1259729],[0.1590443,8.1278263],[0.1610506,8.1277759],[0.162228,8.1261986],[0.1613831,8.1244488],[0.164001,8.1214643],[0.164473,8.1187877],[0.1660234,8.1179114],[0.1672733,8.1150384],[0.1694244,8.1149162],[0.1706502,8.1137824],[0.1708594,8.1125636],[0.1693547,8.1100303],[0.1706931,8.1093001],[0.1763874,8.1092735],[0.1784795,8.1081901],[0.1788765,8.1068279],[0.1806655,8.1069235],[0.1831761,8.1057419],[0.1843643,8.1041566],[0.1860702,8.1040358],[0.1907547,8.1005213],[0.1906675,8.0976906],[0.1900989,8.0964372],[0.187296,8.0954972],[0.1822856,8.0906535],[0.1769212,8.0882158],[0.1735443,8.0882556],[0.1710364,8.0872465],[0.1652938,8.0937552],[0.1644865,8.0931842],[0.1646554,8.0865507],[0.1601493,8.0838633],[0.1576468,8.0843413],[0.155139,8.088723],[0.1528564,8.0906748],[0.152843,8.0863914],[0.1503324,8.0832366],[0.1476127,8.0824293],[0.1446837,8.0796091],[0.1435867,8.0798176],[0.1413202,8.078207],[0.1390564,8.077628],[0.136452,8.0744187],[0.1356688,8.0749485],[0.1354408,8.0772987],[0.1346388,8.0782787],[0.132257,8.0739341],[0.1315154,8.0739062],[0.1312405,8.0747918],[0.1267746,8.0758833],[0.1267411,8.0763361],[0.1277617,8.0761409],[0.128223,8.0770943],[0.1273647,8.0786796],[0.1282659,8.0792639],[0.129379,8.0787912],[0.1306987,8.0805545],[0.1340783,8.0811918],[0.1365137,8.0869039],[0.1387346,8.088091],[0.1394427,8.0989201],[0.1389384,8.1011453],[0.1366049,8.1048257],[0.1375008,8.1096427],[0.1368356,8.1114908],[0.1336491,8.1141886],[0.1255274,8.1152933],[0.1245886,8.1147197],[0.124366,8.1119236],[0.1222443,8.1105136],[0.1176202,8.1100038],[0.1143265,8.1116501],[0.1132643,8.1108854],[0.1120198,8.1082034],[0.1093054,8.106573],[0.1078597,8.1064057],[0.1055449,8.1074878],[0.1054913,8.1047753],[0.1040724,8.1031077],[0.1021734,8.0962779],[0.0985229,8.0910811],[0.0991157,8.0902101],[0.1029579,8.0900135],[0.1038015,8.089201],[0.1037016,8.088086],[0.1012588,8.0872067],[0.101307,8.0856452],[0.0988649,8.085377],[0.0988039,8.0842212],[0.0996655,8.0836323],[0.0989199,8.0824134],[0.0992095,8.0803367],[0.098376,8.0787341],[0.0973856,8.0819434],[0.0951701,8.0838846],[0.0935394,8.0871907],[0.0929868,8.0869517],[0.0923324,8.0840439],[0.0926462,8.0803792],[0.0914097,8.0788045],[0.0944003,8.0763162],[0.0927079,8.0743404],[0.091761,8.0743962],[0.0900364,8.0732303],[0.0899881,8.071459],[0.0889662,8.0705614],[0.0815606,8.0731241],[0.0797313,8.0747918],[0.0788301,8.0788762],[0.0810403,8.0841661],[0.0796884,8.084251],[0.0750804,8.08082],[0.0706547,8.0803474],[0.0677499,8.0809555],[0.0626564,8.0840758],[0.06098,8.0873501],[0.0610632,8.0933409],[0.0597301,8.0940473],[0.057764,8.0968647],[0.0540304,8.0970772],[0.0530165,8.0964133],[0.0521395,8.098057],[0.0509593,8.0969099],[0.0512034,8.09499],[0.049696,8.0933329],[0.049653,8.0914581],[0.0488162,8.0899286],[0.0408018,8.0893922],[0.038656,8.0888133],[0.0380659,8.0875864],[0.0365049,8.0872916],[0.0360972,8.0848406],[0.0369233,8.0804323],[0.0355446,8.0792639],[0.0336349,8.0745847],[0.0338387,8.071313],[0.0326961,8.0707446],[0.0331547,8.0684077],[0.0353944,8.064148],[0.0334471,8.0641506],[0.0327041,8.0635771],[0.0329751,8.0604459],[0.0343805,8.0577929],[0.0342679,8.0554585],[0.0349116,8.0535623],[0.0360811,8.0525372],[0.0379533,8.0528559],[0.04026,8.050949],[0.0403646,8.0501018],[0.0412738,8.0502744],[0.042749,8.0479214],[0.0480223,8.0469547],[0.0520778,8.0470477],[0.0541484,8.0457145],[0.0612697,8.0450571],[0.0613703,8.0442285],[0.0602746,8.0430161],[0.0604865,8.0409765],[0.0641155,8.039452],[0.0667065,8.0365731],[0.0687182,8.0401651],[0.069665,8.0401558],[0.0694478,8.0377602],[0.0710329,8.0310462],[0.0666502,8.0249004],[0.0633162,8.0222975],[0.0632183,8.021093],[0.0613931,8.0193627],[0.0619188,8.0160719],[0.0691789,8.0207428],[0.0726289,8.0176257],[0.0747237,8.017198],[0.0745225,8.0198939],[0.0757188,8.0211661],[0.0798628,8.0215326],[0.0853103,8.0238433],[0.083819,8.0262921],[0.0836098,8.0302441],[0.0854391,8.031989],[0.0867587,8.0316437],[0.0876117,8.0359224],[0.0864122,8.0374463],[0.0882232,8.0363991],[0.0881977,8.0333847],[0.0906721,8.0291073],[0.091289,8.0291073],[0.0927186,8.0315641],[0.0950333,8.0304566],[0.0975305,8.0324511],[0.0981648,8.0355904],[0.0995475,8.0359542],[0.1015457,8.0350167],[0.1026642,8.0332008],[0.1044224,8.033868],[0.1061672,8.0332731],[0.1109737,8.0263611],[0.111655,8.0214184],[0.109933,8.016125],[0.1070362,8.0165208],[0.1038122,8.0157851],[0.1085597,8.0117639],[0.1086295,8.008481],[0.1094288,8.0059418],[0.1091391,8.0043322],[0.0947303,8.0037771],[0.0935031,8.003125],[0.0959641,8.0009005],[0.0976324,7.9978779],[0.09745,7.9962656],[0.096066,7.9957371],[0.0969619,7.992377],[0.1015,7.9885],[0.1025556,7.9854152],[0.1002395,7.9845785],[0.0996655,7.982148],[0.0990915,7.9819794],[0.0981232,7.9835837],[0.0961679,7.9847856],[0.0927883,7.9819621],[0.0910181,7.9842093],[0.089972,7.9844908],[0.0890762,7.9802409],[0.0852996,7.979019],[0.0829338,7.9771649],[0.0817269,7.9729149],[0.0803295,7.9723358],[0.0796187,7.9724421],[0.0789106,7.9738659],[0.0786638,7.9765594],[0.07397,7.9775899],[0.0691058,7.9828626],[0.0691312,7.9761237],[0.0708693,7.9719108],[0.0689408,7.9659368],[0.0695577,7.9648265],[0.0677446,7.9640083],[0.0669949,7.9640163],[0.0656739,7.9685825],[0.0666127,7.9730398],[0.0643355,7.9745034],[0.0614494,7.9714858],[0.058912,7.9699717],[0.0501895,7.9676076],[0.0451067,7.9685931],[0.0428797,7.965069],[0.0432184,7.9643483],[0.0463057,7.9643988],[0.051206,7.9625447],[0.0541323,7.9612271],[0.0551569,7.9598139],[0.0555298,7.9559755],[0.0579249,7.953598],[0.0587699,7.9484498],[0.0582468,7.9464947],[0.0563123,7.9454248],[0.0562446,7.94355],[0.0548881,7.9430512],[0.057064,7.9420199],[0.0582636,7.9398595],[0.056667,7.9396543],[0.0534631,7.9374095],[0.0485748,7.9369101],[0.046315,7.936068],[0.0409734,7.9371266],[0.0386748,7.9365249],[0.0371674,7.9380006],[0.0366658,7.9381772],[0.0365303,7.938152],[0.0363144,7.9379169],[0.0371231,7.9379249],[0.0394392,7.935542],[0.0413328,7.9350585],[0.0424165,7.9333238],[0.0438005,7.9324843],[0.0459516,7.9322851],[0.046488,7.9311075],[0.04705,7.9313327],[0.047172,7.9301824],[0.0481443,7.9318388],[0.0491676,7.9320141],[0.0526491,7.9273625],[0.0514448,7.9260116],[0.0529334,7.9232527],[0.0516942,7.9234048],[0.0513915,7.9224584],[0.0533361,7.9213672],[0.053152,7.9205456],[0.0540224,7.9210225],[0.0548317,7.9185611],[0.0564853,7.9202016],[0.0568474,7.9198569],[0.0571297,7.9213931],[0.0588503,7.9205815],[0.0602847,7.9161688],[0.0592329,7.9157039],[0.0595377,7.9147302],[0.0584266,7.9128692],[0.0569943,7.9122974],[0.0561899,7.9138496],[0.0560553,7.9125021],[0.0579384,7.9106151],[0.058849,7.9075333],[0.0586626,7.9055633],[0.0601861,7.9035761],[0.0614065,7.9052671],[0.0636475,7.9067628],[0.063512,7.9088072],[0.0654808,7.9099774],[0.0653792,7.9090526],[0.0659535,7.9088577],[0.0650235,7.9069741],[0.0655331,7.9067031],[0.0676601,7.9079364],[0.0737929,7.9035243],[0.0730312,7.8994555],[0.0745466,7.895934],[0.077017,7.8947689],[0.0781368,7.8929809],[0.0772677,7.8896533],[0.0745922,7.8932413],[0.0728729,7.8937368],[0.0718617,7.893236],[0.071108,7.8890661],[0.0723385,7.8839849],[0.0695309,7.8847773],[0.0678612,7.8830524],[0.0662599,7.8829089],[0.0651696,7.8840912],[0.0663934,7.8862957],[0.0651616,7.8885427],[0.0636421,7.8868809],[0.060984,7.8858248],[0.0602726,7.8831513],[0.058739,7.8829169],[0.0561628,7.8875092],[0.0561199,7.8894328],[0.0556049,7.8895231],[0.0564095,7.8904716],[0.055967,7.8912394],[0.0539473,7.8890449],[0.0532526,7.8838242],[0.0508091,7.8825183],[0.0470647,7.8825648],[0.04602,7.8815911],[0.0428027,7.8815818],[0.0414214,7.8806439],[0.0421214,7.8796569],[0.0472578,7.8791587],[0.0483763,7.8780906],[0.0534725,7.87808],[0.0549209,7.8770598],[0.0534993,7.8746951],[0.0497067,7.8714058],[0.0470728,7.8706513],[0.0461125,7.8690823],[0.0494787,7.8676888],[0.0508171,7.8682866],[0.0547238,7.8681298],[0.055342,7.8662221],[0.0543147,7.8644951],[0.0547466,7.8637046],[0.0542182,7.8612642],[0.0565007,7.861854],[0.0578713,7.8633552],[0.060811,7.8696576],[0.0627047,7.871257],[0.0665081,7.8682999],[0.067074,7.86517],[0.0694236,7.862687],[0.0659528,7.8594548],[0.0666247,7.8561414],[0.0662103,7.8553497],[0.0645983,7.8538644],[0.062179,7.853224],[0.0581932,7.8507715],[0.0567797,7.8488824],[0.0602639,7.8486884],[0.0633296,7.8470038],[0.0669506,7.846491],[0.0679645,7.8452289],[0.0667026,7.8420974],[0.0643381,7.8398455],[0.0621012,7.839152],[0.0612482,7.8364351],[0.0596537,7.8351065],[0.0599742,7.8339413],[0.0617069,7.833196],[0.0635818,7.8332797],[0.0655451,7.8322593],[0.0658268,7.8348288],[0.0725216,7.8351291],[0.0737379,7.8343545],[0.0740424,7.8325649],[0.0753325,7.8313904],[0.0756437,7.8322301],[0.0767595,7.8321398],[0.0793263,7.8361548],[0.0803322,7.8361069],[0.0816062,7.8348421],[0.0837949,7.8351424],[0.085706,7.8343359],[0.0874239,7.8356552],[0.0871812,7.8368031],[0.0890225,7.8382592],[0.0903073,7.8403531],[0.0934187,7.8404009],[0.0940517,7.8412419],[0.0957589,7.8400488],[0.0978416,7.83692],[0.0955121,7.8365799],[0.0940168,7.8345286],[0.0924229,7.8347797],[0.0928152,7.8330087],[0.0922633,7.8315605],[0.093821,7.8327649],[0.1004246,7.8341964],[0.1018703,7.8321185],[0.1018918,7.8310078],[0.0997406,7.827309],[0.094977,7.8238014],[0.0883305,7.823626],[0.0805011,7.8248112],[0.0795731,7.8229006],[0.0816357,7.8220902],[0.0851293,7.8187015],[0.0789736,7.818932],[0.0759521,7.817505],[0.0751287,7.8156489],[0.0726745,7.8183275],[0.0683856,7.8164355],[0.0696275,7.8137543],[0.0685412,7.8121652],[0.0672309,7.811655],[0.065749,7.8124362],[0.0653869,7.8119593],[0.0650798,7.8079719],[0.0660655,7.8082908],[0.0682166,7.806614],[0.0678619,7.8056753],[0.0672953,7.8059922],[0.0670874,7.80511],[0.0658563,7.8048349],[0.0660963,7.8039527],[0.06477,7.8038265],[0.0640679,7.802897],[0.0658831,7.8010747],[0.0658388,7.7992345],[0.0676225,7.7988213],[0.0693029,7.8003214],[0.0704925,7.799847],[0.0700566,7.798913],[0.0704522,7.7980334],[0.0731626,7.7981264],[0.0736092,7.7971963],[0.0684366,7.7977749],[0.0693572,7.7969833],[0.0690816,7.7959805],[0.0702722,7.7950451],[0.0698803,7.7935961],[0.0687735,7.794364],[0.0685398,7.7921903],[0.0676249,7.7927398],[0.0670717,7.7906454],[0.0661527,7.7900876],[0.0655465,7.7905188],[0.0646225,7.7896359],[0.0665915,7.7885865],[0.0677982,7.7890904],[0.0685584,7.7886666],[0.0694642,7.7896003],[0.0700459,7.7887509],[0.0706521,7.7890227],[0.0712609,7.7884028],[0.0714748,7.7854955],[0.0722614,7.7858802],[0.0725296,7.7853839],[0.0724263,7.7866157],[0.0744058,7.7891781],[0.0736132,7.786128],[0.0744806,7.7845149],[0.075063,7.7857427],[0.0755612,7.785546],[0.0754871,7.7844425],[0.0770143,7.7863087],[0.0782575,7.7835649],[0.0766133,7.7816528],[0.0759642,7.7816661],[0.0765315,7.7801353],[0.0761144,7.7784771],[0.0778471,7.7791627],[0.0784037,7.7783615],[0.0810087,7.778208],[0.0817028,7.7771137],[0.0812066,7.7763816],[0.0798346,7.7769051],[0.0788945,7.7754607],[0.0773006,7.7749797],[0.0768413,7.7764533],[0.0749034,7.7754262],[0.0718349,7.7759976],[0.0696476,7.7751365],[0.0677861,7.775781],[0.062871,7.7752668],[0.0555593,7.777329],[0.054304,7.77937],[0.0548136,7.7822879],[0.0598709,7.7880215],[0.0577855,7.7892399],[0.0548243,7.7978075],[0.0526732,7.7918628],[0.0490683,7.7902976],[0.0448412,7.791435],[0.0443423,7.7880175],[0.0418854,7.786997],[0.0395733,7.7822401],[0.0368321,7.7802417],[0.0352496,7.7805499],[0.0343323,7.782272],[0.0371781,7.7906856],[0.0391522,7.7926521],[0.0392193,7.8003426],[0.0380002,7.8054953],[0.0368562,7.8061928],[0.0341257,7.8030452],[0.0306241,7.8034916],[0.0316742,7.8003931],[0.0313899,7.7981503],[0.0288659,7.7967631],[0.0274149,7.793622],[0.024915,7.7923066],[0.0236866,7.7874328],[0.0218064,7.7858038],[0.0193468,7.7850624],[0.0163615,7.7796038],[0.0097364,7.7752349],[0.0088325,7.7753332],[0.0076926,7.777228],[0.0071642,7.7818269],[0.0063823,7.7823557],[0.0029585,7.7754554],[0.0012365,7.774031],[-0.002178,7.7742516],[-0.0057185,7.7723567],[-0.0095701,7.7730716],[-0.012711,7.7746396],[-0.0137772,7.7757106],[-0.0138134,7.7783814],[-0.0086146,7.785354],[-0.010576,7.7864894],[-0.0112606,7.786332],[-0.0114732,7.7849295],[-0.016745,7.782078],[-0.0180861,7.7819106],[-0.0196251,7.7829271],[-0.0228417,7.7800928],[-0.0276375,7.7831915],[-0.0306791,7.7812728],[-0.0319183,7.7813578],[-0.0323796,7.7825537],[-0.0318754,7.7840047],[-0.0284797,7.7885065],[-0.0307113,7.7924342],[-0.0303358,7.7941456],[-0.0240259,7.8004303],[-0.0252262,7.7998112],[-0.0268865,7.800514],[-0.0277716,7.7998909],[-0.0286564,7.8022787],[-0.0288928,7.7994936],[-0.0299737,7.8008741],[-0.0343309,7.7962981],[-0.0374785,7.7957134],[-0.0396283,7.788933],[-0.0416265,7.7874727],[-0.0421952,7.7851819],[-0.0435299,7.7831478],[-0.0462326,7.7822624],[-0.0471499,7.7825627],[-0.0492199,7.7815691],[-0.0486325,7.7801247],[-0.0472491,7.7795338],[-0.0483113,7.7766228],[-0.0513643,7.7764736],[-0.0514387,7.7758554],[-0.054244,7.7742107],[-0.0554359,7.7748395],[-0.0559849,7.7742428],[-0.0556096,7.7755883],[-0.0561065,7.7764626],[-0.0586465,7.7771164],[-0.0632733,7.7813578],[-0.060457,7.7836007],[-0.0610954,7.7860828],[-0.0601029,7.7887881],[-0.0632183,7.7913366],[-0.0627865,7.7923119],[-0.063614,7.7952696],[-0.0627154,7.7967339],[-0.0630158,7.7997102],[-0.067243,7.8073315],[-0.0672966,7.809484],[-0.0658751,7.8148836],[-0.0671089,7.8148517],[-0.0719583,7.8125452],[-0.0807774,7.8126409],[-0.0807881,7.8137038],[-0.0772691,7.8156277],[-0.0767648,7.8165524],[-0.0816625,7.8183647],[-0.0834703,7.8205224],[-0.0837332,7.8227279],[-0.0829446,7.8240831],[-0.0833792,7.8253639],[-0.0794524,7.8279467],[-0.0816733,7.8303966],[-0.0827515,7.8358864],[-0.0820327,7.8382778],[-0.0806272,7.8393726],[-0.076797,7.83713],[-0.0747049,7.8369811],[-0.0745976,7.8378527],[-0.0763571,7.841392],[-0.0764644,7.8452395],[-0.0699735,7.8502136],[-0.0721407,7.8527006],[-0.0757456,7.8532214],[-0.0778914,7.8545393],[-0.0783634,7.8614794],[-0.0773227,7.863063],[-0.075177,7.8637432],[-0.076046,7.8678136],[-0.0783205,7.8676117],[-0.0867319,7.8699817],[-0.0911415,7.875083],[-0.0912058,7.8762733],[-0.0895858,7.8777081],[-0.0764054,7.88079],[-0.0766254,7.8820866],[-0.0759173,7.8835319],[-0.0763679,7.884329],[-0.0782025,7.8836595],[-0.0802624,7.8859018],[-0.0829017,7.8862313],[-0.0831592,7.8881176],[-0.0848973,7.8906097],[-0.0846934,7.8924483],[-0.0797153,7.8996003],[-0.0813594,7.9003229],[-0.0832558,7.8995153],[-0.0856376,7.8996216],[-0.0881696,7.900918],[-0.089972,7.9030859],[-0.0910664,7.9081018],[-0.090766,7.913734],[-0.0964952,7.9235104],[-0.0965381,7.9287811],[-0.0949717,7.9331697],[-0.0935018,7.9351037],[-0.0902188,7.9360813],[-0.0851548,7.9356243],[-0.0832665,7.9347636],[-0.0815928,7.9327234],[-0.0799513,7.9341686],[-0.0710893,7.9343705],[-0.0684929,7.9355925],[-0.0790393,7.9382065],[-0.0852299,7.9419256],[-0.0857878,7.94302],[-0.0924075,7.9456977],[-0.0954115,7.9482161],[-0.1004219,7.9531995],[-0.1006633,7.9549421],[-0.0997031,7.9608712],[-0.1023102,7.9631025],[-0.1031792,7.9649088],[-0.1023209,7.9674058],[-0.0982332,7.9691908],[-0.094918,7.9696158],[-0.0913453,7.9682558],[-0.0814962,7.9668639],[-0.0784707,7.9683089],[-0.0721407,7.9692758],[-0.0714541,7.9705508],[-0.0717652,7.971879],[-0.0723124,7.9722084],[-0.074147,7.9707633],[-0.0804556,7.9700727],[-0.0881696,7.9713477],[-0.0917423,7.9746734],[-0.0934428,7.9787481],[-0.0970155,7.9771596],[-0.1006258,7.9766603],[-0.1115799,7.9779884],[-0.1123309,7.9773721],[-0.1128137,7.9724846],[-0.1141602,7.970673],[-0.1151955,7.9708961],[-0.1164883,7.9735418],[-0.1177168,7.9795449],[-0.1185751,7.9808677],[-0.1206511,7.9815956],[-0.1213861,7.9825252],[-0.1214826,7.9867167],[-0.1187736,7.986653],[-0.1180118,7.989426],[-0.1194227,7.9932987],[-0.1221907,7.9958539],[-0.1227594,7.9986429],[-0.1223677,7.9991688],[-0.1173949,7.9997053],[-0.1112151,7.9992006],[-0.1038766,8.000704],[-0.109241,8.0027917],[-0.1092947,8.0062605],[-0.1129103,8.0032963],[-0.1170087,8.0041357],[-0.1187682,8.0051875],[-0.1227486,8.0102021],[-0.1232743,8.0120613],[-0.1208603,8.0147598],[-0.1160002,8.0167784],[-0.1152277,8.0186376],[-0.1135845,8.0200775],[-0.120399,8.019445],[-0.1252914,8.0197106],[-0.1266754,8.0226003],[-0.1265466,8.0240983],[-0.1228559,8.0280609],[-0.1288962,8.0284646],[-0.1296687,8.0320873],[-0.1319111,8.0314074],[-0.1347756,8.0316092],[-0.1426828,8.0380471],[-0.144217,8.0403523],[-0.1438308,8.0418184],[-0.13587,8.0454409],[-0.1307631,8.04713],[-0.1239288,8.0481711],[-0.1190364,8.0502426],[-0.1092839,8.0523884],[-0.1082564,8.0531512],[-0.1099545,8.0527762],[-0.1091766,8.053865],[-0.1135218,8.0537535],[-0.1152599,8.0527337],[-0.1203293,8.0524044],[-0.1210749,8.0540616],[-0.1210642,8.0568342],[-0.1213042,8.0574091],[-0.1227003,8.0528134],[-0.124374,8.0508747],[-0.1281774,8.050131],[-0.1328713,8.0501682],[-0.1340568,8.0506941],[-0.1365674,8.0487341],[-0.142318,8.0474753],[-0.1441848,8.0483198],[-0.1459336,8.051852],[-0.1477039,8.0464926],[-0.1509333,8.0453559],[-0.1559115,8.0445592],[-0.1595163,8.044676],[-0.1655996,8.0465245],[-0.1676488,8.0448991],[-0.1690006,8.0422858],[-0.1700306,8.0421052],[-0.1728308,8.0429232],[-0.1762104,8.0461208],[-0.1773906,8.0421583],[-0.1772726,8.0385039],[-0.178045,8.0368572],[-0.1816928,8.0360817],[-0.1822829,8.0350725],[-0.1849866,8.0342545],[-0.1865423,8.0312693],[-0.1910806,8.0303131],[-0.193516,8.0318217],[-0.1979256,8.0333196],[-0.1999104,8.0366129],[-0.2017021,8.0372716],[-0.204277,8.0406392],[-0.2045989,8.0457596],[-0.2076888,8.0452816],[-0.2095878,8.0457915],[-0.2127099,8.0516448],[-0.2127636,8.0538651],[-0.2101028,8.0574769],[-0.2090299,8.0609293],[-0.2070451,8.0629264],[-0.2070129,8.0664531],[-0.2076593,8.0646658],[-0.2121949,8.0591234],[-0.2216149,8.0526859],[-0.2225161,8.0522185],[-0.2246618,8.0524734],[-0.2284035,8.054776],[-0.2309919,8.0603769],[-0.2345645,8.0744413],[-0.2367908,8.0794073],[-0.2410662,8.0852495],[-0.2441347,8.0915219],[-0.2429277,8.0943792],[-0.2362168,8.0976932],[-0.2332932,8.1011214],[-0.2323759,8.1034967],[-0.2360612,8.1004018],[-0.2403098,8.0985682],[-0.2465352,8.0984925],[-0.2498102,8.1005399],[-0.251956,8.1038114],[-0.2538389,8.1114218],[-0.2529886,8.1172476],[-0.2536699,8.1192285],[-0.2530181,8.1199852],[-0.2501106,8.1196321],[-0.2492295,8.1211974],[-0.2516851,8.1264376],[-0.2525273,8.1253144],[-0.2545685,8.1246426],[-0.2558666,8.125811],[-0.2595842,8.1262757],[-0.2621511,8.1275528],[-0.2647019,8.1263606],[-0.2675048,8.1265067],[-0.2768549,8.1295177],[-0.2802104,8.1291221],[-0.2847943,8.1312118],[-0.2875248,8.1340555],[-0.2895177,8.1440762],[-0.289405,8.1455419],[-0.2876052,8.147589],[-0.2928704,8.1475651],[-0.2949464,8.13935],[-0.2961749,8.1378153],[-0.2985245,8.1370984],[-0.3018773,8.1373746],[-0.3059113,8.1405634],[-0.3117853,8.1414317],[-0.3179973,8.1411715],[-0.3186518,8.1429093],[-0.3175843,8.1432213],[-0.3174287,8.144055],[-0.3184855,8.1502786],[-0.319435,8.1511522],[-0.3226483,8.1502893],[-0.3277284,8.1456693],[-0.3309524,8.1450108],[-0.3323847,8.1429186],[-0.332256,8.1392491],[-0.3329319,8.1367134],[-0.3337446,8.1361186],[-0.345439,8.139666],[-0.351364,8.1432266],[-0.3511816,8.144209],[-0.3471208,8.1476554],[-0.3469545,8.1510592],[-0.3482634,8.1522939],[-0.3533918,8.153324],[-0.3538384,8.1547578],[-0.3497252,8.1574248],[-0.3450742,8.1582758],[-0.3436527,8.1593882],[-0.3433764,8.1606706],[-0.3447497,8.1636098],[-0.3413218,8.1724562],[-0.3417403,8.1735408],[-0.3437036,8.1748032],[-0.3441556,8.1786515],[-0.3415498,8.1821574],[-0.3401752,8.1833454],[-0.3383922,8.1837529],[-0.3381917,8.1880273],[-0.3343776,8.193337],[-0.3321648,8.1947998],[-0.3265268,8.1968307],[-0.3206661,8.1938866],[-0.3176004,8.1938414],[-0.3160863,8.1902587],[-0.3145789,8.1886472],[-0.3153835,8.1866401],[-0.3152541,8.1847346],[-0.3132163,8.1851627],[-0.3110383,8.1844366],[-0.3093821,8.1856645],[-0.3076816,8.1852835],[-0.3059381,8.1859884],[-0.3026122,8.1856167],[-0.30085,8.1845229],[-0.2981168,8.1840715],[-0.2932861,8.1794998],[-0.2902794,8.1783051],[-0.2854943,8.178029],[-0.2822971,8.1788892],[-0.2762977,8.1842056],[-0.2781451,8.1842388],[-0.2773015,8.1861357],[-0.2780552,8.1881388],[-0.2792528,8.1890866],[-0.2861354,8.1852503],[-0.2875569,8.1854972],[-0.2880585,8.1870264],[-0.2891891,8.1953122],[-0.2844764,8.1957197],[-0.280779,8.1974679],[-0.2766109,8.2074445],[-0.2777481,8.2114638],[-0.2774477,8.2158865],[-0.279336,8.2236434],[-0.280484,8.2256662],[-0.2850679,8.2293906],[-0.2850759,8.2306861],[-0.2842712,8.2314187],[-0.2815971,8.2312674],[-0.280146,8.230487],[-0.278011,8.2280474],[-0.273014,8.2196986],[-0.2719063,8.2194464],[-0.2713805,8.2132796],[-0.2727485,8.2117319],[-0.2722764,8.2104019],[-0.2734029,8.2077153],[-0.2733171,8.2049331],[-0.2655977,8.193406],[-0.2637684,8.1920521],[-0.2577361,8.194083],[-0.2547589,8.1970431],[-0.2544451,8.1997205],[-0.2556051,8.2000776],[-0.2563494,8.2019651],[-0.2587929,8.2020408],[-0.2582699,8.2024921],[-0.2545792,8.2019757],[-0.2531281,8.2002037],[-0.2537531,8.1997935],[-0.248225,8.1984581],[-0.2470958,8.1974732],[-0.2472796,8.1948118],[-0.2461262,8.1983573],[-0.2450869,8.1996037],[-0.2469631,8.1998798],[-0.2421244,8.2007094],[-0.2406988,8.2000338],[-0.2389888,8.2031199],[-0.2392289,8.205849],[-0.2386589,8.2065592],[-0.2316946,8.2036801],[-0.2295193,8.2049915],[-0.2309154,8.2052371],[-0.2287683,8.2054309],[-0.2284183,8.2048243],[-0.2281085,8.2055079],[-0.225791,8.2052729],[-0.2240892,8.2062313],[-0.2246766,8.2066853],[-0.2217785,8.2080764],[-0.2208611,8.2078746],[-0.2195039,8.2090546],[-0.2188709,8.2087533],[-0.2188374,8.2094435],[-0.2175862,8.2099254],[-0.2166675,8.2096718],[-0.2162544,8.2103753],[-0.2146813,8.2104908],[-0.2113903,8.2123027],[-0.2112441,8.2131309],[-0.2104622,8.2127646],[-0.209915,8.2133473],[-0.2104273,8.2142101],[-0.208071,8.2145074],[-0.207898,8.2137774],[-0.2070504,8.2142592],[-0.204666,8.213127],[-0.2022412,8.2134044],[-0.2001974,8.2104152],[-0.2009833,8.2076622],[-0.1993766,8.2091409],[-0.1987356,8.2114717],[-0.1995832,8.2137787],[-0.200817,8.2145154],[-0.1969077,8.217316],[-0.1949966,8.2172497],[-0.1949403,8.2164095],[-0.1888007,8.2124327],[-0.1872383,8.2104099],[-0.1886163,8.205265],[-0.1866455,8.2099599],[-0.1880215,8.2115408],[-0.1884359,8.2131057],[-0.1919898,8.2159608],[-0.1923063,8.2170519],[-0.1975822,8.2178563],[-0.198175,8.2195997],[-0.1994008,8.2200503],[-0.1996489,8.2208043],[-0.1997562,8.2219192],[-0.1989582,8.2219259],[-0.1980704,8.2256981],[-0.1914668,8.2317612],[-0.1924673,8.2326604],[-0.194546,8.2311639],[-0.1961027,8.2317917],[-0.1959112,8.2302839],[-0.2016351,8.2252859],[-0.2010034,8.2205813],[-0.1991352,8.2176187],[-0.203113,8.2149043],[-0.2057523,8.2148883],[-0.2067309,8.2154933],[-0.2054304,8.215252],[-0.2062807,8.2164758],[-0.2099191,8.2159184],[-0.2126516,8.2138898],[-0.2133456,8.2141225],[-0.2138418,8.2127301],[-0.216009,8.2117611],[-0.2167037,8.2116629],[-0.2179503,8.2130367],[-0.218875,8.2127759],[-0.2213614,8.2097661],[-0.2266225,8.2073105],[-0.2240127,8.2092776],[-0.2315008,8.2072156],[-0.2315645,8.2080883],[-0.2337914,8.2077273],[-0.236607,8.2082356],[-0.2408919,8.2114425],[-0.2421901,8.2111638],[-0.2413747,8.2071233],[-0.2426916,8.2034836],[-0.2422759,8.2027562],[-0.2437243,8.2018397],[-0.2434708,8.202731],[-0.2476189,8.2026474],[-0.2505103,8.2035699],[-0.2507181,8.2043584],[-0.2530181,8.2054429],[-0.2534822,8.212515],[-0.2504486,8.2146627],[-0.2493703,8.2162528],[-0.2495849,8.2179133],[-0.2510682,8.2195022],[-0.2523959,8.2170227],[-0.254209,8.216882],[-0.2552886,8.2158892],[-0.2567357,8.2129876],[-0.2579038,8.2063932],[-0.2593361,8.2044938],[-0.2619794,8.202589],[-0.2634573,8.2068074],[-0.2634895,8.2104072],[-0.2628189,8.2126053],[-0.263629,8.2179784],[-0.2632213,8.2199853],[-0.2614188,8.2214932],[-0.263232,8.226091],[-0.2634144,8.2325045],[-0.2649486,8.2341078],[-0.2652276,8.2357324],[-0.2638355,8.2387878],[-0.2606437,8.2399611],[-0.2602467,8.2434464],[-0.2581465,8.2441977],[-0.2570012,8.24587],[-0.2575732,8.2463538],[-0.2573231,8.2455939],[-0.2578515,8.2450312],[-0.2598631,8.2448507],[-0.2606383,8.245647],[-0.2642244,8.2457107],[-0.2665043,8.248198],[-0.2681619,8.2479166],[-0.2686889,8.2474919],[-0.267781,8.2460054],[-0.268532,8.2438128],[-0.2691865,8.2430695],[-0.2713966,8.2425811],[-0.2759886,8.2450099],[-0.2781343,8.2472609],[-0.2863017,8.2473777],[-0.2882436,8.2468097],[-0.2896263,8.2470857],[-0.291125,8.2491078],[-0.2918404,8.2471256],[-0.2915642,8.2450843],[-0.2946621,8.2433774],[-0.2948405,8.2423515],[-0.2970077,8.2410322],[-0.2969795,8.2397222],[-0.3006515,8.2317851],[-0.3008929,8.2299242],[-0.2973631,8.2203862],[-0.2948445,8.2177076],[-0.29084,8.2150954],[-0.2907085,8.2131097],[-0.2922884,8.2107789],[-0.2967006,8.2073383],[-0.2981973,8.2022094],[-0.3049806,8.1977679],[-0.3070512,8.2015616],[-0.3060105,8.2039482],[-0.3021482,8.2085409],[-0.3019577,8.2129982],[-0.3032237,8.2265263],[-0.3057182,8.233399],[-0.3055787,8.23655],[-0.3061742,8.2377897],[-0.3063056,8.2371685],[-0.3071062,8.2371287],[-0.3084728,8.233784],[-0.3090978,8.229895],[-0.3136629,8.2229585],[-0.312928,8.2167413],[-0.3135046,8.2153688],[-0.314709,8.2150237],[-0.3158301,8.2154618],[-0.3177372,8.2179333],[-0.3191628,8.2184589],[-0.3198266,8.2194331],[-0.3197086,8.2206065],[-0.3210202,8.2208693],[-0.3235737,8.2189473],[-0.3264892,8.2219869],[-0.331918,8.2195446],[-0.3341496,8.2218383],[-0.3357375,8.2222099],[-0.3436875,8.2175005],[-0.3459942,8.2175536],[-0.3488508,8.2206384],[-0.3494221,8.2244557],[-0.3516108,8.2279757],[-0.3514767,8.2296508],[-0.3494301,8.2315674],[-0.348663,8.2358386],[-0.3497359,8.2385329],[-0.3515759,8.2397354],[-0.3517985,8.2367305],[-0.3527212,8.2347608],[-0.3587079,8.2303158],[-0.3572917,8.2276784],[-0.3562993,8.220787],[-0.3578335,8.2160803],[-0.35918,8.2148883],[-0.3613633,8.2144052],[-0.3647536,8.2150742],[-0.3684497,8.2194225],[-0.3755736,8.2207817],[-0.3818768,8.2237868],[-0.3847736,8.2293667],[-0.3840709,8.2370544],[-0.3852135,8.2402026],[-0.3878447,8.2400261],[-0.3883007,8.2381693],[-0.3889471,8.2379569],[-0.390999,8.2386683],[-0.3918681,8.2396823],[-0.3960282,8.239401],[-0.3983241,8.2415671],[-0.4019344,8.2422148],[-0.4036242,8.2395921],[-0.3954864,8.2341609],[-0.3928095,8.2288093],[-0.392772,8.2272537],[-0.3937858,8.2254804],[-0.3983992,8.2237284],[-0.4013872,8.2232877],[-0.3991234,8.2197942],[-0.3946978,8.2165396],[-0.3922355,8.2125841],[-0.3914416,8.2079569],[-0.3898323,8.2051508],[-0.391227,8.2000643],[-0.3942123,8.19729],[-0.3955051,8.1951503],[-0.3933151,8.1919857],[-0.392772,8.1901167],[-0.3905216,8.1886539],[-0.3904814,8.1859485],[-0.3892154,8.1842149],[-0.3831334,8.1835286],[-0.382015,8.1823843],[-0.384146,8.1797069],[-0.3919834,8.1784909],[-0.3938502,8.1762395],[-0.3936356,8.1748855],[-0.3898215,8.170696],[-0.3877884,8.1626407],[-0.3848246,8.1566668],[-0.3823596,8.1550525],[-0.3753242,8.1530373],[-0.3747395,8.1523655],[-0.3750238,8.1510778],[-0.3734748,8.1500848],[-0.3740837,8.1494237],[-0.3735459,8.1484877],[-0.375874,8.1458578],[-0.3755683,8.1423928],[-0.3765097,8.1407387],[-0.3844249,8.140906],[-0.3870803,8.1416653],[-0.3894407,8.1410812],[-0.3922409,8.1424088],[-0.3938717,8.1414317],[-0.395776,8.1414157],[-0.3984904,8.1446258],[-0.4008937,8.1446922],[-0.4075939,8.1489458],[-0.4087472,8.1514841],[-0.4085219,8.1550844],[-0.4097503,8.1569111],[-0.4127222,8.1587271],[-0.4132238,8.158751],[-0.4139829,8.1552649],[-0.416877,8.1533161],[-0.4206669,8.1558703],[-0.4280216,8.1579412],[-0.4314655,8.1605246],[-0.4341048,8.1608936],[-0.4379135,8.163485],[-0.4388577,8.1667082],[-0.4367065,8.1732633],[-0.4372054,8.1741819],[-0.437994,8.1743625],[-0.4405931,8.1730111],[-0.4418832,8.1698039],[-0.4447478,8.1659913],[-0.4468507,8.1660656],[-0.4552272,8.1704331],[-0.4589877,8.1736669],[-0.4594678,8.1747846],[-0.4585773,8.1791971],[-0.459044,8.1830069],[-0.4606426,8.182314],[-0.4609698,8.1778219],[-0.4621017,8.1765156],[-0.4629171,8.1764519],[-0.4672569,8.1789529],[-0.4717147,8.1828344],[-0.4785276,8.1862379],[-0.4796916,8.1877459],[-0.4797936,8.1892698],[-0.4762343,8.1978661],[-0.4783613,8.2009377],[-0.4806197,8.1995519],[-0.4822236,8.1951715],[-0.4863033,8.1928936],[-0.4875612,8.1907698],[-0.4908925,8.1915476],[-0.4985476,8.1959228],[-0.5005109,8.1994855],[-0.5018628,8.2006165],[-0.5034506,8.2008873],[-0.5055749,8.1992466],[-0.5068624,8.1997988],[-0.5088365,8.2040783],[-0.509845,8.204742],[-0.511905,8.2043119],[-0.5130959,8.2049862],[-0.5158317,8.2091621],[-0.5159605,8.2121381],[-0.5128706,8.2159396],[-0.5151343,8.2189925],[-0.5135894,8.2220082],[-0.5150217,8.2276253],[-0.5144396,8.2298791],[-0.5151397,8.2300052],[-0.5150646,8.2292579],[-0.5164942,8.2299109],[-0.5171406,8.2295765],[-0.5197209,8.2255282],[-0.521239,8.2242327],[-0.5239749,8.2232877],[-0.5269736,8.224461],[-0.5285776,8.2292712],[-0.5286983,8.2353156],[-0.5280143,8.2410839],[-0.5282879,8.2422094],[-0.5291784,8.2424218],[-0.5294761,8.2438473],[-0.5321932,8.2377074],[-0.53222,8.2322974],[-0.5333787,8.2283686],[-0.5345214,8.2274077],[-0.5365384,8.2276519],[-0.5432493,8.2334601],[-0.5445743,8.2366243],[-0.5468381,8.2389391],[-0.551092,8.2429049],[-0.5556826,8.2457293],[-0.5565959,8.2537457],[-0.5538815,8.2575097],[-0.5512583,8.2643288],[-0.5509016,8.2667761],[-0.5525887,8.2662479],[-0.5535463,8.2671955],[-0.5559522,8.2639731],[-0.5583125,8.262569],[-0.5610806,8.2555879],[-0.5642027,8.2506401],[-0.5658817,8.2500508],[-0.5717826,8.2529919],[-0.5741912,8.2556729],[-0.5750281,8.2586299],[-0.5777371,8.2593306],[-0.5799687,8.2610666],[-0.5812025,8.2657754],[-0.5835682,8.2704895],[-0.5863524,8.2741684],[-0.5908048,8.2784311],[-0.5928433,8.2839679],[-0.595032,8.2874449],[-0.5949622,8.2890534],[-0.5932027,8.2930638],[-0.5928057,8.2970503],[-0.5920896,8.2978068],[-0.5937097,8.2983137],[-0.5939752,8.2975467],[-0.5959278,8.2965593],[-0.5987227,8.2893984],[-0.5997446,8.288358],[-0.6026924,8.2892126],[-0.6090975,8.292663],[-0.6106585,8.2922384],[-0.6125414,8.2947227],[-0.615921,8.2955561],[-0.6246436,8.3026426],[-0.6294662,8.3077278],[-0.6302279,8.3099811],[-0.6273285,8.3122662],[-0.6289727,8.3124414],[-0.6288734,8.3133079],[-0.6298953,8.3122158],[-0.6320518,8.3138029],[-0.6323576,8.3154378],[-0.631687,8.317407],[-0.6338328,8.3185987],[-0.6358016,8.3215791],[-0.6364842,8.3238363],[-0.6360698,8.3252044],[-0.6377569,8.3267569],[-0.6395459,8.327017],[-0.641917,8.3284236],[-0.643529,8.3305574],[-0.6442532,8.3328132],[-0.6460637,8.3341959],[-0.6504598,8.3332511],[-0.6502479,8.3355679],[-0.6524259,8.3347717],[-0.653311,8.3350531],[-0.6594828,8.3436754],[-0.6618726,8.345557],[-0.6658691,8.3441239],[-0.6660998,8.3430942],[-0.6654587,8.3418071],[-0.6669259,8.340796],[-0.6878257,8.3351486],[-0.6907117,8.3372823],[-0.6960064,8.3393364],[-0.6974709,8.3415391],[-0.6961191,8.3429244],[-0.6973743,8.3448564],[-0.6967038,8.3464752],[-0.6968004,8.3491874],[-0.694778,8.3497393],[-0.6948906,8.3507584],[-0.6959152,8.3517191],[-0.6983775,8.3499304],[-0.7004696,8.3502489],[-0.7007325,8.3537571],[-0.7014084,8.3548027],[-0.7020897,8.3539588],[-0.7015532,8.3518199],[-0.7020307,8.3504983],[-0.7014567,8.3493784],[-0.7020629,8.3491608],[-0.7050669,8.3507956],[-0.7081246,8.3503391],[-0.71032,8.3542985],[-0.7131484,8.3539854],[-0.7131779,8.3561137],[-0.7123652,8.3575016],[-0.7131377,8.3597041],[-0.7171342,8.3636237],[-0.7179093,8.3654122],[-0.7235118,8.3670741],[-0.7262912,8.3702313],[-0.7305935,8.3823688],[-0.7299257,8.3856433],[-0.7204199,8.3981253],[-0.709455,8.4093758],[-0.7099593,8.4096836],[-0.7161069,8.4075078],[-0.7179737,8.4077201],[-0.7187033,8.4097791],[-0.7181668,8.417824],[-0.718596,8.4191613],[-0.7229948,8.4217934],[-0.723778,8.4215811],[-0.7240463,8.4205622],[-0.7221794,8.4182804],[-0.7216752,8.4164018],[-0.722791,8.4121353],[-0.7258809,8.4102036],[-0.7279515,8.4106706],[-0.7306874,8.4129631],[-0.736835,8.4161047],[-0.7437015,8.4241495],[-0.7465446,8.4247226],[-0.7573271,8.4353567],[-0.7602453,8.4403447],[-0.7602775,8.4417137],[-0.759387,8.4424672],[-0.7560611,8.4416182],[-0.7474458,8.4425203],[-0.7439161,8.4451204],[-0.7340992,8.450087],[-0.7339168,8.4516682],[-0.7358801,8.4520503],[-0.7376933,8.4515621],[-0.7389593,8.4522413],[-0.7393777,8.4551915],[-0.734421,8.4607947],[-0.7325971,8.4641056],[-0.7325328,8.4657505],[-0.7343459,8.4662811],[-0.73632,8.465135],[-0.7432187,8.4591392],[-0.7457507,8.4551172],[-0.7495594,8.4541621],[-0.7540977,8.4515302],[-0.7549131,8.4518274],[-0.7581854,8.4601261],[-0.7587862,8.4676872],[-0.7593709,8.4683398],[-0.7607174,8.4672521],[-0.7624126,8.463522],[-0.7618761,8.4539976],[-0.7631797,8.4536103],[-0.7666075,8.4543213],[-0.767836,8.4553029],[-0.7690376,8.4576376],[-0.7716394,8.4564225],[-0.7735598,8.4568417],[-0.7766336,8.4592188],[-0.7783878,8.4617126],[-0.7788169,8.4632461],[-0.7782751,8.467406],[-0.7813221,8.4669868],[-0.7828403,8.4679684],[-0.7853186,8.4713111],[-0.7875502,8.4791425],[-0.7908869,8.487133],[-0.791375,8.4925076],[-0.7922602,8.4953142],[-0.7942504,8.4944441],[-0.7951248,8.4920035],[-0.7926786,8.4817636],[-0.792614,8.4793509],[-0.7935906,8.4783361],[-0.7987297,8.4821562],[-0.8023775,8.4861037],[-0.8118296,8.4916958],[-0.8166039,8.4953354],[-0.8183473,8.4975213],[-0.823068,8.4984604],[-0.823642,8.500052],[-0.8213031,8.5019567],[-0.8220112,8.5042062],[-0.8238888,8.5047527],[-0.82928,8.5035961],[-0.8335447,8.5045139],[-0.8393866,8.5088485],[-0.8392149,8.5115966],[-0.8421439,8.5110661],[-0.8428574,8.5136869],[-0.843941,8.5146313],[-0.8499384,8.5140371],[-0.8508718,8.514557],[-0.8506036,8.5170929],[-0.8466071,8.5206952],[-0.8491981,8.523926],[-0.8485329,8.5263399],[-0.8457756,8.5311781],[-0.8439732,8.532515],[-0.8426428,8.5324726],[-0.8350253,8.5290137],[-0.8334589,8.5291198],[-0.8290172,8.5319421],[-0.8268714,8.5319845],[-0.8190394,8.5319845],[-0.8158851,8.5313479],[-0.8136964,8.5298625],[-0.8111,8.531263],[-0.8061862,8.5296927],[-0.8037186,8.5295229],[-0.7949853,8.5373744],[-0.7909298,8.5383505],[-0.7860053,8.5385733],[-0.7821643,8.5406635],[-0.782454,8.5424459],[-0.7886767,8.544048],[-0.7927537,8.5473901],[-0.7944489,8.5516869],[-0.7948351,8.5563551],[-0.7942665,8.5597501],[-0.791831,8.5629966],[-0.7855976,8.5642909],[-0.7817566,8.5633466],[-0.7807267,8.5636649],[-0.7805175,8.5646357],[-0.7817888,8.5663385],[-0.7878935,8.5681844],[-0.79947,8.568333],[-0.8019054,8.5689695],[-0.802871,8.5701047],[-0.8033753,8.5739982],[-0.8031821,8.576173],[-0.8023346,8.5774142],[-0.7999581,8.578247],[-0.7947815,8.5785706],[-0.7891595,8.5811591],[-0.7877487,8.5801725],[-0.786075,8.5808939],[-0.7834894,8.5797163],[-0.7824701,8.5816896],[-0.7778406,8.5828937],[-0.7767624,8.5859649],[-0.7732272,8.5840235],[-0.7697511,8.5838007],[-0.7674337,8.5845645],[-0.7654166,8.5877683],[-0.7611466,8.5893384],[-0.7473171,8.589158],[-0.7365775,8.5905159],[-0.7313633,8.5861028],[-0.7291424,8.5855617],[-0.7278121,8.5897627],[-0.7263422,8.5920754],[-0.7191002,8.5979736],[-0.7178879,8.6052932],[-0.716064,8.6097592],[-0.7139075,8.6120823],[-0.7073307,8.6155617],[-0.7059896,8.6173438],[-0.7066012,8.618744],[-0.7113755,8.6197093],[-0.7113969,8.6207807],[-0.7095409,8.6228492],[-0.7100129,8.6234114],[-0.7185102,8.6214596],[-0.7224906,8.6227325],[-0.725677,8.6246949],[-0.7264817,8.6254904],[-0.7268465,8.6272513],[-0.7246685,8.6329368],[-0.7245612,8.6340824],[-0.7256985,8.6349946],[-0.7269859,8.6345809],[-0.7314921,8.627315],[-0.7323504,8.6265724],[-0.7339812,8.6265512],[-0.7345391,8.6296062],[-0.7328814,8.6365486],[-0.7332462,8.6370259],[-0.7350004,8.6349098],[-0.7365668,8.6292136],[-0.7378328,8.6275059],[-0.7410622,8.6275165],[-0.7418776,8.6267209],[-0.7415879,8.6246312],[-0.737704,8.6173756],[-0.7378006,8.61466],[-0.738734,8.6123316],[-0.7425857,8.6128143],[-0.7578206,8.6193168],[-0.7588399,8.6211201],[-0.7593978,8.6274528],[-0.7587969,8.6301683],[-0.7565653,8.6335096],[-0.7574237,8.6362145],[-0.7592046,8.6386117],[-0.7617474,8.6399588],[-0.7692897,8.6423772],[-0.7735169,8.6510536],[-0.7725835,8.6541614],[-0.7659316,8.6596026],[-0.7657814,8.6625088],[-0.7673264,8.6667089],[-0.7692576,8.6705484],[-0.7715321,8.6733484],[-0.7819176,8.6779303],[-0.7830763,8.6796272],[-0.7835698,8.6841877],[-0.7810378,8.6904875],[-0.7810593,8.6918026],[-0.7819176,8.692948],[-0.7843423,8.6929268],[-0.7890415,8.6877937],[-0.7906938,8.6875604],[-0.7934618,8.6896815],[-0.7942343,8.6934147],[-0.7916808,8.698166],[-0.793376,8.6979538],[-0.7978928,8.695101],[-0.8042443,8.6933829],[-0.806669,8.693945],[-0.8082998,8.6964797],[-0.8098984,8.6976251],[-0.8141577,8.6984099],[-0.8162928,8.6964479],[-0.8209276,8.6967554],[-0.8202088,8.6946555],[-0.8204877,8.6937965],[-0.8223653,8.6925875],[-0.8235562,8.6925132],[-0.8284271,8.6944222],[-0.828352,8.6921632],[-0.8251923,8.6911451],[-0.8250636,8.6904504],[-0.8275688,8.6905724],[-0.8309376,8.6923859],[-0.8347035,8.6932874],[-0.8367205,8.6923647],[-0.8377719,8.6907421],[-0.8374179,8.6896073],[-0.8350521,8.6880959],[-0.8333999,8.6881437],[-0.8315331,8.6895913],[-0.8303636,8.6878653],[-0.8317906,8.6890399],[-0.8327508,8.6880376],[-0.8324397,8.687327],[-0.8267507,8.6863884],[-0.8296019,8.6848188],[-0.8302885,8.6861922],[-0.8347678,8.6852271],[-0.8382332,8.6804014],[-0.8382654,8.678662],[-0.8370424,8.6775272],[-0.8317852,8.6782166],[-0.8274561,8.6813772],[-0.8235616,8.6811279],[-0.822494,8.6805181],[-0.8196133,8.6759363],[-0.8197367,8.6741757],[-0.8214319,8.6728552],[-0.8218557,8.6712749],[-0.8198494,8.6718211],[-0.8181489,8.669037],[-0.816282,8.6695089],[-0.8148229,8.66804],[-0.8143562,8.6692173],[-0.8109927,8.6714605],[-0.8095068,8.6747378],[-0.8083588,8.6750984],[-0.8072698,8.6747325],[-0.8064705,8.6734704],[-0.8047432,8.6738151],[-0.7998589,8.6712245],[-0.7978392,8.6691019],[-0.7973591,8.6663907],[-0.7977158,8.6646619],[-0.7965893,8.6601647],[-0.794583,8.6579824],[-0.7946661,8.655885],[-0.7940009,8.6536417],[-0.7933518,8.6541853],[-0.7936657,8.6526658],[-0.7927537,8.6496005],[-0.7887465,8.6473518],[-0.7894385,8.6462434],[-0.7928127,8.6460366],[-0.7993305,8.6485133],[-0.7945401,8.635525],[-0.7943738,8.6303805],[-0.7933116,8.6269118],[-0.7947278,8.6232735],[-0.8046413,8.6179272],[-0.8157671,8.6075209],[-0.8219576,8.6043544],[-0.8245701,8.6015274],[-0.8282286,8.5997399],[-0.829795,8.5956875],[-0.8367312,8.5932052],[-0.8417362,8.5871],[-0.8472991,8.5852276],[-0.8504212,8.5830899],[-0.8531141,8.5834984],[-0.8519983,8.5712611],[-0.8481681,8.5642431],[-0.8480501,8.5628268],[-0.8461619,8.561193],[-0.8450568,8.5574054],[-0.8455557,8.5535913],[-0.8463013,8.5528487],[-0.8481467,8.553045],[-0.8475888,8.5518036],[-0.8485168,8.5476871],[-0.8496702,8.5489125],[-0.8522236,8.5548698],[-0.8551204,8.5574797],[-0.8621693,8.5668477],[-0.8678448,8.5721787],[-0.869481,8.57464],[-0.8723992,8.5752765],[-0.8738691,8.5764117],[-0.8771145,8.5769899],[-0.8795714,8.5783903],[-0.8805692,8.5796951],[-0.881052,8.5818805],[-0.8799148,8.5844266],[-0.8797109,8.5866226],[-0.8805585,8.5867181],[-0.8833265,8.5849465],[-0.8841526,8.585392],[-0.8861804,8.5906327],[-0.8910942,8.5977614],[-0.8899543,8.5988726],[-0.890295,8.5996232],[-0.8931112,8.6001165],[-0.8966088,8.6030232],[-0.8963728,8.6038505],[-0.8971668,8.6051023],[-0.8993555,8.6058237],[-0.9000206,8.6093667],[-0.8985829,8.6118914],[-0.8970916,8.6130901],[-0.8933604,8.61233],[-0.8930199,8.6127193],[-0.8936665,8.6142967],[-0.897061,8.6177636],[-0.8964643,8.6190241],[-0.8972452,8.619169],[-0.9001708,8.6170256],[-0.9007663,8.6179272],[-0.9008307,8.6273202],[-0.9018982,8.6282378],[-0.9037114,8.6318337],[-0.9013966,8.6382033],[-0.9044946,8.6359705],[-0.9059215,8.6359069],[-0.9074879,8.6376676],[-0.9078527,8.6392163],[-0.9097732,8.6409134],[-0.9106236,8.6466388],[-0.9091673,8.6486305],[-0.908798,8.652477],[-0.9052156,8.6568278],[-0.9082611,8.6582051],[-0.9098932,8.6626248],[-0.914618,8.6633257],[-0.9131323,8.6599777],[-0.9128537,8.6577199],[-0.9141023,8.6544266],[-0.9175087,8.6513931],[-0.9222025,8.6527666],[-0.9235342,8.6547938],[-0.9257243,8.656227],[-0.9264552,8.6578299],[-0.9277648,8.6573798],[-0.9281191,8.6561365],[-0.9269715,8.6540447],[-0.9302331,8.6555084],[-0.9304932,8.6563039],[-0.9298951,8.6572691],[-0.93063,8.6579692],[-0.9331084,8.6581813],[-0.9343743,8.6602814],[-0.9350825,8.6595389],[-0.9368206,8.6596026],[-0.93961,8.661936],[-0.9381767,8.6656988],[-0.9392624,8.6690666],[-0.9406852,8.6707422],[-0.9420278,8.671345],[-0.9453252,8.6708689],[-0.9489211,8.6743014],[-0.9494628,8.6757418],[-0.9501796,8.6757071],[-0.9513518,8.6770436],[-0.9549127,8.6776576],[-0.9568928,8.6764319],[-0.9543021,8.6943021],[-0.9609672,8.691545],[-0.9673388,8.6980505],[-0.970235,8.7001459],[-0.9785908,8.7040686],[-0.9848515,8.7103912],[-0.986848,8.720965],[-0.9850856,8.7233405],[-0.9817581,8.7240226],[-0.9760397,8.7227436],[-0.9759904,8.7254357],[-0.9860346,8.7308321],[-0.9855786,8.744609],[-0.9861999,8.7469366],[-0.9792261,8.7504571],[-0.9784322,8.7559499],[-0.9771447,8.7588342],[-0.9845262,8.7614851],[-0.9911351,8.7586009],[-0.9948258,8.7633513],[-0.995255,8.7479758],[-0.9995413,8.7456541],[-1.0044551,8.7456541],[-1.0031462,8.7392227],[-1.0034949,8.7383849],[-1.0067457,8.7382046],[-1.0099375,8.7388674],[-1.0161977,8.7414437],[-1.0166483,8.7403408],[-1.0047179,8.7353143],[-1.0035591,8.7339358],[-1.0017138,8.7293971],[-1.0014348,8.719365],[-1.002379,8.7174562],[-1.0045032,8.718962],[-1.0071211,8.7230343],[-1.0084515,8.723713],[-1.0087519,8.723204],[-1.0064774,8.7175834],[-1.0064559,8.7137868],[-1.004632,8.7139353],[-1.0021644,8.7125567],[-0.9994607,8.7044543],[-0.9992033,8.696432],[-0.9996405,8.6943082],[-1.0024862,8.6897551],[-1.0019445,8.6843733],[-1.0024971,8.6833976],[-1.0043316,8.6847704],[-1.0072713,8.6916217],[-1.0082746,8.691686],[-1.0092723,8.6895754],[-1.0101414,8.6897982],[-1.025151,8.6978266],[-1.0270608,8.7025036],[-1.0280371,8.7032671],[-1.0289383,8.7032035],[-1.0298877,8.7003607],[-1.0332136,8.7012091],[-1.0376554,8.7044755],[-1.0408311,8.7051331],[-1.0430198,8.7041786],[-1.0468126,8.7062472],[-1.0473275,8.7079865],[-1.0482073,8.7083895],[-1.0512758,8.7073077],[-1.0535503,8.7085167],[-1.0740905,8.7130657],[-1.0795784,8.7111627],[-1.0894919,8.7105847],[-1.0924208,8.7093651],[-1.0942555,8.709906],[-1.1000328,8.7053876],[-1.1053758,8.7030968],[-1.1085944,8.7071268],[-1.109839,8.7070844],[-1.1109548,8.703415],[-1.1095171,8.7017394],[-1.1101823,8.7000213],[-1.114624,8.6975396],[-1.1159544,8.6987911],[-1.1189827,8.6974315],[-1.1216086,8.7022808],[-1.1227191,8.7031717],[-1.1293173,8.7054147],[-1.1309962,8.7074874],[-1.1326432,8.7070638],[-1.133378,8.7063633],[-1.1341934,8.7029696],[-1.1326056,8.7001061],[-1.1297572,8.6972433],[-1.1242585,8.6954397],[-1.1265814,8.6950691],[-1.1273968,8.693945],[-1.1331582,8.6932344],[-1.1348157,8.6959488],[-1.1375785,8.6961615],[-1.1438708,8.6950792],[-1.1467032,8.696373],[-1.1500292,8.6991729],[-1.1527543,8.7041362],[-1.1578183,8.7064693],[-1.1600714,8.7062572],[-1.1636763,8.7044755],[-1.1592131,8.6973063],[-1.1537843,8.6978154],[-1.1526685,8.6964367],[-1.1527972,8.6951852],[-1.1599426,8.6938701],[-1.1636119,8.692555],[-1.1703281,8.6947398],[-1.1701779,8.7000213],[-1.1729889,8.7047089],[-1.1783748,8.7044543],[-1.1801128,8.7031817],[-1.1791472,8.7012515],[-1.1749201,8.6990668],[-1.1752205,8.6931489],[-1.1798983,8.6934247],[-1.1829238,8.696776],[-1.1924725,8.6943368],[-1.1870651,8.6892461],[-1.1873012,8.6740796],[-1.1789541,8.6753311],[-1.1625605,8.6727857],[-1.1529903,8.6728917],[-1.1418968,8.670673],[-1.1413229,8.6755783],[-1.1389732,8.6763446],[-1.1371574,8.675809],[-1.1351752,8.6786885],[-1.133063,8.6794018],[-1.1270039,8.6805087],[-1.1308059,8.6784433],[-1.1300737,8.6784499],[-1.1208361,8.6807434],[-1.1168973,8.682618],[-1.1143935,8.6827533],[-1.1179125,8.6802582],[-1.1195648,8.6777181],[-1.1213243,8.6766045],[-1.1197529,8.675234],[-1.1184798,8.6762173],[-1.1174852,8.6791912],[-1.1149054,8.6809931],[-1.1138599,8.6774194],[-1.1111709,8.6798641],[-1.1066108,8.6789319],[-1.1039415,8.6830008],[-1.0992357,8.6862959],[-1.0973423,8.6862291],[-1.0955348,8.6895593],[-1.0937283,8.6893272],[-1.092489,8.6907993],[-1.0910146,8.6905931],[-1.0885463,8.6922954],[-1.0866142,8.6919876],[-1.0852659,8.6879871],[-1.0830132,8.6877007],[-1.0787732,8.6941494],[-1.0773269,8.6943531],[-1.0762381,8.6931659],[-1.0744439,8.6940841],[-1.0710047,8.6944324],[-1.0675266,8.6935338],[-1.0661462,8.6923164],[-1.0620403,8.6929742],[-1.0603673,8.6920054],[-1.0569589,8.6913627],[-1.0556288,8.6867809],[-1.0537063,8.6879891],[-1.0505961,8.6874804],[-1.0493908,8.686038],[-1.0483247,8.6858762],[-1.0467473,8.6874474],[-1.0425029,8.6867287],[-1.0404966,8.6858211],[-1.0391268,8.6840797],[-1.0354637,8.6843231],[-1.0345099,8.6820272],[-1.0323445,8.6822979],[-1.0313168,8.6813862],[-1.0306205,8.6792153],[-1.0277212,8.6799128],[-1.0250075,8.6779909],[-1.0174721,8.6692077],[-1.0146205,8.6681143],[-1.0122138,8.6646307],[-1.0076715,8.6623628],[-0.9999893,8.6561293],[-0.99702,8.6522734],[-0.9933937,8.6499876],[-0.9917522,8.6466359],[-0.9881634,8.6438197],[-0.9809187,8.6446418],[-0.9790557,8.6441306],[-0.9658715,8.6473386],[-0.95343,8.6492876],[-0.9500706,8.6478756],[-0.9487495,8.6457954],[-0.9474509,8.6466711],[-0.9468198,8.6462905],[-0.9467089,8.6446651],[-0.9447668,8.6433327],[-0.944608,8.6409914],[-0.9419274,8.6379222],[-0.9418738,8.635456],[-0.9385693,8.6359175],[-0.9368902,8.63832],[-0.9357047,8.6386647],[-0.9302867,8.6309639],[-0.9321213,8.6287257],[-0.9288061,8.6283491],[-0.9222293,8.617853],[-0.918721,8.6109897],[-0.9178788,8.6056539],[-0.9210223,8.6029329],[-0.9208909,8.6009519],[-0.9223661,8.5979471],[-0.9201291,8.5978065],[-0.9186137,8.5966264],[-0.9180987,8.5980266],[-0.9182382,8.601347],[-0.9170982,8.6016096],[-0.9159851,8.6009678],[-0.9151107,8.6026942],[-0.9140325,8.6016016],[-0.9084964,8.5910251],[-0.9026599,8.5742952],[-0.8994091,8.5686725],[-0.8904398,8.5563233],[-0.8786488,8.5421913],[-0.8732951,8.5316768],[-0.8714443,8.524865],[-0.8750868,8.531698],[-0.8762455,8.5328757],[-0.8772647,8.5326848],[-0.8777046,8.5269553],[-0.8768034,8.5212681],[-0.8771253,8.5191673],[-0.881567,8.517512],[-0.8893776,8.516833],[-0.8903647,8.5157295],[-0.8885622,8.5145623],[-0.8745289,8.5116656],[-0.8699584,8.5091084],[-0.8660048,8.5031982],[-0.8707416,8.5014845],[-0.8719862,8.5001263],[-0.8706558,8.4995746],[-0.8672869,8.5000467],[-0.864991,8.499304],[-0.8605814,8.4946563],[-0.8581996,8.4902421],[-0.8562684,8.4883533],[-0.8550883,8.4882684],[-0.8535862,8.4905392],[-0.8526635,8.4905816],[-0.8455182,8.4818379],[-0.8338023,8.4720327],[-0.8240819,8.4603596],[-0.8236528,8.4584494],[-0.8272147,8.4573245],[-0.8277512,8.4545017],[-0.8311737,8.4524641],[-0.835889,8.4432897],[-0.8394188,8.4435072],[-0.8417523,8.4450885],[-0.8427662,8.4438256],[-0.8454859,8.442637],[-0.8463979,8.4412786],[-0.8453357,8.4406206],[-0.8414734,8.4410239],[-0.8371604,8.4369805],[-0.8317209,8.4209231],[-0.8240175,8.4113499],[-0.8190501,8.4013519],[-0.8166468,8.3934765],[-0.8110195,8.3897191],[-0.8099574,8.38766],[-0.8100647,8.3853302],[-0.8050865,8.3833241],[-0.8017659,8.3773111],[-0.7923246,8.3680341],[-0.7854474,8.3562304],[-0.7855858,8.3539388],[-0.7844133,8.3502057],[-0.7844925,8.3484496],[-0.784924,8.3472079],[-0.7884193,8.3448404],[-0.7947504,8.3463257],[-0.801501,8.3467036],[-0.8101773,8.352409],[-0.8129829,8.3526373],[-0.8142811,8.3509229],[-0.8119047,8.3465283],[-0.8127201,8.344867],[-0.8209395,8.3445339],[-0.8286953,8.3456154],[-0.8317745,8.3451589],[-0.8344245,8.3440231],[-0.8423638,8.3380997],[-0.8516228,8.3373672],[-0.8521056,8.3364649],[-0.850903,8.3317656],[-0.8413768,8.328344],[-0.8352721,8.3290128],[-0.8323968,8.3308387],[-0.8300847,8.3294693],[-0.8285022,8.3314305],[-0.8262813,8.3301699],[-0.818342,8.3303822],[-0.8097696,8.329257],[-0.8034504,8.3298408],[-0.8019269,8.3306264],[-0.8001781,8.3298939],[-0.7972169,8.3305521],[-0.7954788,8.3291508],[-0.7903754,8.3281318],[-0.7863379,8.3248196],[-0.7813275,8.3260298],[-0.7743621,8.3231781],[-0.7727981,8.3207962],[-0.7699227,8.3185987],[-0.7678413,8.3147663],[-0.7518143,8.3142204],[-0.7472224,8.312989],[-0.7416201,8.3076641],[-0.7408583,8.3046809],[-0.7416093,8.3016234],[-0.7522953,8.2919093],[-0.7574344,8.284934],[-0.7650733,8.2819295],[-0.7653254,8.2809845],[-0.7541514,8.2773217],[-0.7479026,8.2789714],[-0.7443023,8.2842439],[-0.7414825,8.2852757],[-0.7391951,8.2856664],[-0.7378435,8.2852101],[-0.7368565,8.284159],[-0.7359767,8.280666],[-0.7348931,8.2799335],[-0.7316637,8.2803794],[-0.7263851,8.2846261],[-0.7196458,8.2854845],[-0.7181776,8.2851145],[-0.7108753,8.2799588],[-0.7055175,8.2729899],[-0.7012367,8.2722467],[-0.7001121,8.2713567],[-0.6996381,8.2656215],[-0.7038868,8.2610347],[-0.7031419,8.2533347],[-0.7024096,8.25132],[-0.7013011,8.2512878],[-0.6944143,8.2548253],[-0.6870747,8.2548659],[-0.6792589,8.2500546],[-0.6717914,8.2432035],[-0.6644154,8.2380578],[-0.6619907,8.2372083],[-0.6558609,8.237173],[-0.6532145,8.2362686],[-0.6508649,8.2365606],[-0.6487968,8.2348023],[-0.6441727,8.2337986],[-0.6440775,8.2325682],[-0.6425446,8.2320718],[-0.6427545,8.2311005],[-0.641453,8.2297132],[-0.6375718,8.2315223],[-0.6367242,8.2301047],[-0.6378508,8.2280036],[-0.6365982,8.227174],[-0.6356882,8.2275676],[-0.6331089,8.2242854],[-0.6311994,8.2209422],[-0.6311267,8.2184624],[-0.6320679,8.2170333],[-0.6370676,8.2151273],[-0.6369227,8.2093719],[-0.639444,8.2057189],[-0.6253624,8.2102214],[-0.615052,8.2100143],[-0.6132174,8.2090905],[-0.6106317,8.2060004],[-0.6102294,8.2033244],[-0.6090593,8.201778],[-0.6088668,8.1986785],[-0.6052995,8.1988962],[-0.6030249,8.1982379],[-0.5970061,8.192599],[-0.5977035,8.1904645],[-0.6016731,8.1865193],[-0.6018555,8.1800892],[-0.6010938,8.1768926],[-0.6053424,8.1649134],[-0.6047845,8.1635965],[-0.6025315,8.1617273],[-0.60251,8.1565022],[-0.5965823,8.1551269],[-0.5925536,8.1510433],[-0.5908799,8.1486431],[-0.5884767,8.1421433],[-0.5857837,8.1372896],[-0.5829728,8.1361001],[-0.5798721,8.1359673],[-0.5795503,8.1338378],[-0.5810953,8.1324146],[-0.5843622,8.1336944],[-0.5927897,8.1332218],[-0.5996347,8.1357071],[-0.6085932,8.1352079],[-0.6136143,8.1402634],[-0.6244612,8.1440125],[-0.6263924,8.1472837],[-0.6261778,8.1487918],[-0.6247401,8.1510699],[-0.6271648,8.1589289],[-0.6281305,8.1605538],[-0.630464,8.1620672],[-0.6335056,8.1673878],[-0.6363487,8.1672286],[-0.6380439,8.1680569],[-0.6402111,8.1670586],[-0.6422496,8.1648497],[-0.6448245,8.1642762],[-0.6481505,8.1607078],[-0.649631,8.1578828],[-0.6524473,8.1561358],[-0.6553602,8.1563323],[-0.6571305,8.1542188],[-0.6635785,8.1527851],[-0.6689215,8.1525727],[-0.6756699,8.155472],[-0.6783521,8.1576173],[-0.6816084,8.1669472],[-0.6843228,8.1708022],[-0.684886,8.1703774],[-0.6844676,8.1681312],[-0.6850147,8.165763],[-0.6821609,8.1584882],[-0.6821287,8.1548082],[-0.6779337,8.1522009],[-0.671432,8.1453295],[-0.6654132,8.1439806],[-0.6636,8.1427593],[-0.6634069,8.1398492],[-0.6653917,8.1328607],[-0.6680954,8.1301523],[-0.6715822,8.1294195],[-0.6733847,8.1298656],[-0.6804657,8.1356327],[-0.6866831,8.1378312],[-0.6887484,8.1369975],[-0.6930184,8.1332749],[-0.697031,8.1340741],[-0.6989756,8.1359753],[-0.7015264,8.1329988],[-0.7076955,8.129377],[-0.7121801,8.1282034],[-0.7145459,8.1298603],[-0.7156723,8.1286176],[-0.720098,8.1283839],[-0.7224047,8.1269873],[-0.7268572,8.1263075],[-0.727694,8.127274],[-0.7279086,8.1317349],[-0.7303092,8.1378604],[-0.7323933,8.1413361],[-0.7312158,8.1447055],[-0.7314491,8.1455923],[-0.7364166,8.1441081],[-0.7410407,8.1445807],[-0.7430926,8.1455259],[-0.7443988,8.144979],[-0.7450104,8.1429504],[-0.7496882,8.1436726],[-0.7513538,8.142361],[-0.7535774,8.1427062],[-0.7546985,8.1411263],[-0.7590563,8.1392259],[-0.7613608,8.1375053],[-0.7715106,8.1281025],[-0.7747507,8.120604],[-0.7785273,8.118331],[-0.7938907,8.1148038],[-0.7966161,8.1167166],[-0.8028603,8.1258933],[-0.8038366,8.1262757],[-0.8046117,8.1258269],[-0.8048666,8.1232168],[-0.8019483,8.1091116],[-0.7977104,8.1066686],[-0.7899428,8.1043531],[-0.778935,8.1041832],[-0.7756305,8.1035458],[-0.7716712,8.1002331],[-0.7677984,8.0952396],[-0.7675624,8.0936251],[-0.7684636,8.0915007],[-0.7711029,8.0903535],[-0.7812095,8.0888451],[-0.7963747,8.084968],[-0.7987297,8.0839058],[-0.8064115,8.0783504],[-0.8080316,8.0782441],[-0.8156249,8.0816061],[-0.8214268,8.0725808],[-0.82387,8.0715546],[-0.8268231,8.0730285],[-0.830943,8.0715307],[-0.8285022,8.0686255],[-0.8282983,8.0675951],[-0.8322465,8.063022],[-0.8334428,8.0593465],[-0.8344781,8.0584382],[-0.8376002,8.0579283],[-0.8424926,8.0588472],[-0.8494824,8.0588472],[-0.8566332,8.0603344],[-0.857867,8.0591075],[-0.8573306,8.0580717],[-0.8554745,8.0573759],[-0.8491337,8.056951],[-0.8417845,8.0552142],[-0.8354867,8.0521866],[-0.832386,8.0487766],[-0.8319783,8.0463439],[-0.833298,8.0443361],[-0.8368385,8.0421105],[-0.8366132,8.0414997],[-0.827027,8.0435659],[-0.8236206,8.0469707],[-0.8220273,8.0469919],[-0.8181596,8.0451435],[-0.8136535,8.045101],[-0.8110571,8.0438049],[-0.8108425,8.0422539],[-0.8128247,8.0406285],[-0.8134241,8.0381042],[-0.8126342,8.0348972],[-0.8133155,8.0341562],[-0.8136213,8.0271685],[-0.8118725,8.0228659],[-0.8136749,8.0189776],[-0.8172905,8.0180493],[-0.8144474,8.0178063],[-0.8121903,8.0132353],[-0.8102632,8.0155035],[-0.8083642,8.0158222],[-0.8020878,8.0138356],[-0.8014119,8.0124863],[-0.8031017,8.0100374],[-0.8042818,8.0067705],[-0.803622,8.0009218],[-0.8069426,7.999036],[-0.8115587,7.9986123],[-0.8140022,7.9955246],[-0.8145708,7.9920238],[-0.8137098,7.9874445],[-0.812358,7.9876251],[-0.8108586,7.9907329],[-0.809437,7.9915775],[-0.8068943,7.9914288],[-0.8042818,7.989782],[-0.8027744,7.9902973],[-0.8005643,7.9948287],[-0.7961011,7.9977929],[-0.7942021,8.0000878],[-0.7895136,8.0112433],[-0.7899642,8.0167147],[-0.7889235,8.0226003],[-0.7893634,8.0264355],[-0.7881349,8.0299201],[-0.7903075,8.0339358],[-0.7908654,8.0367616],[-0.7904899,8.0380258],[-0.788666,8.0389819],[-0.7885373,8.0398637],[-0.7922226,8.0396618],[-0.794245,8.0447716],[-0.7972062,8.0462908],[-0.7994378,8.0496371],[-0.803048,8.0514802],[-0.8069909,8.0566164],[-0.8064652,8.0613967],[-0.8057141,8.0623209],[-0.802989,8.0634469],[-0.7947815,8.0615454],[-0.7865435,8.0623604],[-0.7703922,8.0697887],[-0.7608461,8.0711271],[-0.7566941,8.0725133],[-0.7563588,8.0764237],[-0.7554549,8.07715],[-0.7551545,8.0786159],[-0.7538724,8.0800393],[-0.7505465,8.0808891],[-0.7484222,8.0872943],[-0.7489801,8.0921592],[-0.7549668,8.1036096],[-0.7576919,8.1106836],[-0.7575309,8.1130628],[-0.7552296,8.1160102],[-0.7446563,8.1203809],[-0.7433474,8.1190957],[-0.7431757,8.1151791],[-0.7407376,8.1138036],[-0.7377684,8.1081716],[-0.7348824,8.1080653],[-0.7323772,8.1069979],[-0.7273293,8.1075821],[-0.7260204,8.10635],[-0.7249153,8.1030307],[-0.7240892,8.1022447],[-0.7184458,8.1074759],[-0.7168579,8.1080839],[-0.7065368,8.116759],[-0.7044983,8.1175875],[-0.7034576,8.1173644],[-0.7013226,8.1138169],[-0.700534,8.1134983],[-0.6994075,8.1142524],[-0.6978464,8.1178424],[-0.695942,8.1186974],[-0.6944937,8.118724],[-0.6921172,8.117152],[-0.6896496,8.117152],[-0.6886304,8.1183735],[-0.6876218,8.122452],[-0.6867743,8.1230574],[-0.6849182,8.1229619],[-0.6821716,8.1206995],[-0.6783629,8.1199348],[-0.6737816,8.116536],[-0.6664217,8.1182035],[-0.6622374,8.1173432],[-0.6599039,8.1193825],[-0.6559986,8.1184691],[-0.6538582,8.1209757],[-0.6555104,8.1260526],[-0.6550813,8.1279644],[-0.6494594,8.1294513],[-0.6479144,8.1308746],[-0.6508219,8.1379375],[-0.6504786,8.1412511],[-0.6490141,8.1447506],[-0.6473029,8.1453401],[-0.6380975,8.1446922],[-0.6379151,8.1435877],[-0.6404793,8.1388084],[-0.6402111,8.1368329],[-0.6378293,8.1351867],[-0.6330228,8.1336041],[-0.6302655,8.1294938],[-0.6279266,8.1282406],[-0.6270576,8.1263181],[-0.6270039,8.12464],[-0.6289566,8.1201897],[-0.6294823,8.1132752],[-0.6323791,8.1052878],[-0.636617,8.1045602],[-0.6370139,8.1013896],[-0.6382048,8.0994034],[-0.6484723,8.0924354],[-0.652391,8.0910465],[-0.6519163,8.0883565],[-0.6523669,8.0867791],[-0.6548667,8.0827905],[-0.6580854,8.0796675],[-0.6705523,8.0768207],[-0.679822,8.0727842],[-0.6938553,8.0678978],[-0.7038546,8.0635638],[-0.7068158,8.0605044],[-0.7065046,8.0595058],[-0.7041657,8.0593305],[-0.6920529,8.0639462],[-0.6735456,8.0673773],[-0.6735564,8.0659008],[-0.6778479,8.0624165],[-0.6829119,8.0546299],[-0.6853634,8.0467901],[-0.6845427,8.0454462],[-0.6821824,8.0476718],[-0.6777621,8.0541731],[-0.6736851,8.0586348],[-0.6724835,8.0588048],[-0.6717968,8.0579974],[-0.6707776,8.0520804],[-0.669297,8.0523619],[-0.6685996,8.0543431],[-0.6682134,8.0601644],[-0.667119,8.0626502],[-0.6635142,8.065922],[-0.6572056,8.0685352],[-0.6514764,8.072678],[-0.6475067,8.0774793],[-0.6444812,8.0835553],[-0.6405115,8.085616],[-0.6362307,8.085223],[-0.6327331,8.0902366],[-0.6271756,8.0943473],[-0.6249547,8.0981287],[-0.621779,8.1003593],[-0.6214893,8.1044487],[-0.6185925,8.1105773],[-0.6172514,8.1116501],[-0.6099344,8.111767],[-0.6069732,8.1106305],[-0.6036258,8.1078476],[-0.594163,8.1085593],[-0.5910194,8.110195],[-0.5872107,8.1078582],[-0.5801725,8.109409],[-0.5675125,8.1143586],[-0.5656108,8.1157978],[-0.5645299,8.1147595],[-0.5635804,8.1149162],[-0.5626684,8.116759],[-0.5555391,8.1249215],[-0.555861,8.128607],[-0.5547023,8.1320057],[-0.5533612,8.1338431],[-0.553726,8.1363125],[-0.5529267,8.1378419],[-0.5528784,8.1412087],[-0.5541712,8.1436142],[-0.553608,8.1455525],[-0.5577761,8.1499175],[-0.560984,8.1510805],[-0.5585647,8.1538152],[-0.5563331,8.1544206],[-0.553447,8.1539639],[-0.5459797,8.1490679],[-0.5433512,8.1466252],[-0.5408621,8.1426318],[-0.5353904,8.1411768],[-0.5340117,8.1392438],[-0.5322683,8.1395518],[-0.5307609,8.1383198],[-0.5284649,8.1384366],[-0.5259276,8.1371728],[-0.5250585,8.136047],[-0.5257613,8.1320376],[-0.5244416,8.1315384],[-0.5226821,8.1326934],[-0.5206061,8.1294938],[-0.5177629,8.1266686],[-0.5163145,8.1265518],[-0.5140454,8.127444],[-0.5129778,8.1263288],[-0.5102313,8.1252773],[-0.5045879,8.1248099],[-0.500055,8.1228663],[-0.489707,8.1207951],[-0.4879475,8.1197011],[-0.4883498,8.1185753],[-0.4915416,8.1161111],[-0.4976249,8.1137001],[-0.5004788,8.1105773],[-0.5055857,8.1107048],[-0.5055428,8.1095046],[-0.5033219,8.1061906],[-0.5028606,8.1041619],[-0.5055964,8.0939756],[-0.5067444,8.0917582],[-0.507317,8.0888026],[-0.5068973,8.0874802],[-0.5079943,8.0832632],[-0.5128008,8.0744147],[-0.517205,8.0722],[-0.5172908,8.0712014],[-0.5164754,8.070511],[-0.5146623,8.0704791],[-0.5116904,8.0720831],[-0.504899,8.0802305],[-0.5035258,8.0840864],[-0.5011761,8.0863064],[-0.4955757,8.0963443],[-0.4928827,8.0981925],[-0.4930437,8.0992971],[-0.4922712,8.1005983],[-0.4894227,8.103437],[-0.4871214,8.101464],[-0.4862013,8.1024465],[-0.4843426,8.1027465],[-0.4809469,8.1083787],[-0.4787743,8.1078264],[-0.4773849,8.1047302],[-0.4739249,8.1053303],[-0.4680026,8.1039282],[-0.4600847,8.1032378],[-0.4575634,8.1033971],[-0.453068,8.1065518],[-0.4518128,8.1067961],[-0.4511261,8.105394],[-0.4529607,8.1031422],[-0.4531217,8.1006992],[-0.4526818,8.1003381],[-0.4463196,8.1031422],[-0.445869,8.1071678],[-0.4435408,8.1093877],[-0.4396784,8.1115333],[-0.4370177,8.1118413],[-0.4350758,8.1088354],[-0.432061,8.1078476],[-0.4306448,8.1056171],[-0.4300547,8.1056914],[-0.4256022,8.109239],[-0.4256773,8.1116873],[-0.4275334,8.1126698],[-0.4262191,8.1136523],[-0.4227456,8.1125397],[-0.4233009,8.111358],[-0.4228824,8.1080919],[-0.4185212,8.1038751],[-0.4172015,8.1034874],[-0.413425,8.1041938],[-0.4128778,8.1012037],[-0.4109037,8.0982456],[-0.4100615,8.0985005],[-0.4091764,8.10208],[-0.4081035,8.1028023],[-0.4067409,8.1028023],[-0.4055607,8.1013578],[-0.4014623,8.103737],[-0.3965807,8.1015808],[-0.3927612,8.1018251],[-0.3903794,8.1002],[-0.3888989,8.0999238],[-0.387193,8.100285],[-0.3842962,8.1029192],[-0.382365,8.1033865],[-0.3784597,8.1033228],[-0.3747475,8.1017083],[-0.3709388,8.1032591],[-0.366261,8.1023668],[-0.3662717,8.0995414],[-0.368911,8.0914582],[-0.3719902,8.0863064],[-0.379436,8.0791364],[-0.3800476,8.0775855],[-0.3790283,8.0767995],[-0.3767753,8.076842],[-0.367055,8.0794763],[-0.3653383,8.0781804],[-0.3629351,8.0742714],[-0.358944,8.0733153],[-0.3543306,8.0702773],[-0.349406,8.0708509],[-0.3501463,8.066485],[-0.3478932,8.0631282],[-0.3484404,8.0583373],[-0.3533435,8.0519423],[-0.3477001,8.0507525],[-0.3468204,8.0486279],[-0.3470779,8.0460996],[-0.3456617,8.0441661],[-0.3456402,8.0423814],[-0.3481508,8.0332665],[-0.3559828,8.0252138],[-0.3572917,8.0241302],[-0.3650809,8.0216017],[-0.3692222,8.0188395],[-0.3716898,8.0182658],[-0.3757882,8.0145261],[-0.3786421,8.0145261],[-0.3831268,8.0176708],[-0.3854227,8.0090441],[-0.3836632,8.0043907],[-0.3793931,8.0012459],[-0.3779689,8.0014929],[-0.3772259,8.0041782],[-0.3761101,8.0049006],[-0.3731275,8.00455],[-0.3691685,8.0050175],[-0.3657353,8.0040932],[-0.3606284,8.0046138],[-0.3589332,8.0042419],[-0.3580427,8.0023508],[-0.3572273,7.9921938],[-0.3561545,7.9913863],[-0.3544378,7.9922575],[-0.3522384,7.9978248],[-0.3520024,8.0003959],[-0.3511226,8.0010652],[-0.3521204,8.0019683],[-0.3523243,8.0034238],[-0.3513157,8.0054425],[-0.3508115,8.0122101],[-0.3499961,8.0129856],[-0.3481829,8.0122951],[-0.34549,8.0131769],[-0.3439021,8.0165022],[-0.340308,8.0184039],[-0.3372717,8.0210705],[-0.3364563,8.0235777],[-0.3328621,8.0282097],[-0.3330767,8.0315136],[-0.3323794,8.0343182],[-0.3266823,8.0426789],[-0.3277981,8.0470875],[-0.3317893,8.0539288],[-0.3339779,8.0647216],[-0.3344071,8.0701498],[-0.3329802,8.0757691],[-0.333463,8.0765233],[-0.3359521,8.0774687],[-0.3365958,8.0846388],[-0.3360915,8.0863702],[-0.3338063,8.0873899],[-0.3337419,8.087921],[-0.3389239,8.0898011],[-0.3408444,8.0909058],[-0.3411341,8.0917025],[-0.3388167,8.0931364],[-0.3381193,8.0956963],[-0.3348577,8.0971621],[-0.3353834,8.0984368],[-0.3335059,8.0988616],[-0.3322721,8.1009329],[-0.3304589,8.1013365],[-0.330137,8.1034927],[-0.3292358,8.1042362],[-0.3283131,8.1043212],[-0.3254807,8.1028342],[-0.3228092,8.1044593],[-0.3201914,8.1038008],[-0.3180456,8.1045761],[-0.3177238,8.1068492],[-0.3204489,8.110195],[-0.3202343,8.1111456],[-0.3121019,8.1083362],[-0.312767,8.1021544],[-0.3104603,8.1021544],[-0.3049766,8.1052453],[-0.3029434,8.1039348],[-0.2995572,8.0990502],[-0.2994445,8.0968939],[-0.2982469,8.0963164],[-0.2980846,8.0941827],[-0.2968401,8.0919202],[-0.2970305,8.0842245],[-0.2993533,8.0815185],[-0.3002988,8.0813219],[-0.2993634,8.0806328],[-0.2998602,8.076506],[-0.2938628,8.0801774],[-0.2924252,8.0825435],[-0.2916567,8.0858975],[-0.2889584,8.0885769],[-0.288084,8.0885796],[-0.2864157,8.087528],[-0.2860093,8.0862148],[-0.2883053,8.0841846],[-0.2886513,8.0831676],[-0.285957,8.0796662],[-0.2872793,8.0770318],[-0.2852281,8.0719244],[-0.2831058,8.0717458],[-0.2815515,8.0692628],[-0.2792502,8.0681899],[-0.2768737,8.0706597],[-0.2755487,8.0708934],[-0.2687748,8.0681395],[-0.2683805,8.0653696],[-0.2659719,8.0645596],[-0.264506,8.0647336],[-0.2631193,8.0663416],[-0.2611667,8.063832],[-0.2569234,8.0613117],[-0.2580929,8.0580239],[-0.2574009,8.0533658],[-0.2537423,8.0512677],[-0.2519721,8.048357],[-0.2490056,8.0461686],[-0.2477557,8.042886],[-0.2490378,8.0402249],[-0.2512506,8.0382224],[-0.2595007,8.0377881],[-0.2576999,8.0365047],[-0.2556615,8.0361946],[-0.2512667,8.033386],[-0.24206,8.0252642],[-0.2418709,8.0241288],[-0.2439335,8.023087],[-0.2424556,8.0219894],[-0.240047,8.0171502],[-0.239705,8.0116696],[-0.2294684,8.0119445],[-0.2263409,8.0103455],[-0.2248818,8.0086403],[-0.2248979,8.0021648],[-0.2285457,7.9959442],[-0.2308819,7.9900768],[-0.2381279,7.9853302],[-0.2400604,7.9852903],[-0.2421673,7.9865162],[-0.243102,7.9861324],[-0.2415276,7.9843155],[-0.2363965,7.9827988],[-0.2335641,7.9843235],[-0.229573,7.9849769],[-0.2233261,7.9899626],[-0.220483,7.99111],[-0.2172053,7.9907276],[-0.2132571,7.9887407],[-0.2039605,7.9904726],[-0.2028877,7.9902016],[-0.2000606,7.9860633],[-0.1993793,7.9837816],[-0.2005783,7.9816301],[-0.2000861,7.9810583],[-0.1982716,7.9835452],[-0.1953077,7.9907382],[-0.1930654,7.9922947],[-0.1874757,7.9944143],[-0.1853836,7.9965976],[-0.1829401,8.0009271],[-0.1786673,8.0026323],[-0.1782757,8.0037904],[-0.1788604,8.0080666],[-0.1777902,8.0106058],[-0.1721817,8.0158528],[-0.1671016,8.0183029],[-0.1629013,8.0175168],[-0.1539105,8.0189244],[-0.1505953,8.0172618],[-0.1502144,8.0122897],[-0.1511183,8.0082313],[-0.1522744,8.0070414],[-0.1558605,8.0072725],[-0.1578721,8.006226],[-0.1584864,7.9985207],[-0.1607609,7.9924859],[-0.1625285,7.9906638],[-0.1677936,7.9914128],[-0.1671767,7.9864777],[-0.1686466,7.9816434],[-0.1715005,7.980719],[-0.1766288,7.9822755],[-0.1780236,7.981909],[-0.1786298,7.9749018],[-0.1727825,7.9698974],[-0.1716694,7.9685267],[-0.1716936,7.9671587],[-0.1741612,7.9674695],[-0.1761621,7.9668373],[-0.1807648,7.959782],[-0.1904047,7.9564722],[-0.1910698,7.9555159],[-0.1904529,7.9513453],[-0.1935589,7.9459315],[-0.1965523,7.9429669],[-0.2014768,7.9407992],[-0.2048242,7.9365701],[-0.2074635,7.9352843],[-0.2142656,7.9355207],[-0.2108753,7.9329997],[-0.2101672,7.931427],[-0.2104139,7.9303325],[-0.2130318,7.9271021],[-0.2226555,7.919398],[-0.2269578,7.9178996],[-0.2292752,7.9198337],[-0.2322149,7.9209601],[-0.2374721,7.9214701],[-0.2437592,7.9181972],[-0.2476001,7.9174321],[-0.2513337,7.9157318],[-0.253973,7.9137553],[-0.2547455,7.9119912],[-0.2540374,7.9109923],[-0.2517414,7.9112899],[-0.2497673,7.9105035],[-0.2490163,7.9072729],[-0.2494884,7.9027672],[-0.2486301,7.9017045],[-0.244081,7.9052964],[-0.2396608,7.9133089],[-0.2386737,7.9139465],[-0.2356053,7.9143504],[-0.2348757,7.9140316],[-0.2334595,7.9111624],[-0.2290392,7.910546],[-0.2279449,7.9137553],[-0.2234388,7.9129901],[-0.2226663,7.9149029],[-0.2205527,7.915583],[-0.2176452,7.918686],[-0.2150381,7.918601],[-0.2130962,7.9174321],[-0.2119053,7.9195149],[-0.2075708,7.9207794],[-0.2061975,7.9201099],[-0.2051997,7.9160294],[-0.2040839,7.9159231],[-0.2032793,7.9168157],[-0.201965,7.9234254],[-0.2007151,7.9258004],[-0.1965845,7.9301147],[-0.194959,7.9307682],[-0.1914829,7.9304441],[-0.1914936,7.9330953],[-0.1897878,7.9354277],[-0.184949,7.9374414],[-0.1835355,7.9369712],[-0.1806763,7.9377894],[-0.1786298,7.9406186],[-0.1755667,7.9417024],[-0.1666027,7.9471429],[-0.1493079,7.9556009],[-0.1473767,7.9557284],[-0.145424,7.9547721],[-0.1444477,7.9496984],[-0.1470836,7.9474523],[-0.1479936,7.9422868],[-0.1489645,7.9403529],[-0.1534492,7.9367932],[-0.1586701,7.9352976],[-0.1591435,7.9341632],[-0.1575476,7.9335522],[-0.1573263,7.9321522],[-0.1582557,7.9312304],[-0.1611753,7.9308286],[-0.1605517,7.9291025],[-0.1582684,7.9265489],[-0.1513869,7.9270131],[-0.1514281,7.9235961],[-0.1536624,7.9218779],[-0.1538891,7.9169061],[-0.1556379,7.9133302],[-0.1584381,7.9100678],[-0.1614824,7.9097809],[-0.165841,7.9074589],[-0.1677668,7.9073261],[-0.1698831,7.9019568],[-0.1709828,7.9012966],[-0.1722706,7.9014693],[-0.1732036,7.8992496],[-0.175505,7.8969382],[-0.1768236,7.8973135],[-0.1771163,7.8961372],[-0.1789,7.8950466],[-0.1798471,7.8931227],[-0.1762718,7.8947454],[-0.1704061,7.8948726],[-0.1654641,7.8972291],[-0.1621322,7.895295],[-0.1598074,7.8984818],[-0.1579835,7.8980859],[-0.1546414,7.8918996],[-0.1551363,7.8882159],[-0.160962,7.8872728],[-0.1614609,7.8866511],[-0.1611485,7.885304],[-0.1631185,7.8827913],[-0.159055,7.8804579],[-0.1562548,7.8760236],[-0.1543745,7.8706778],[-0.1524112,7.8675878],[-0.1551953,7.8658953],[-0.1600689,7.8657625],[-0.1663412,7.8696981],[-0.1667556,7.872536],[-0.167689,7.8716569],[-0.1678821,7.8698223],[-0.1687753,7.8687941],[-0.1680619,7.8678721],[-0.1683623,7.8671653],[-0.1705359,7.8668741],[-0.1693225,7.8657545],[-0.1705134,7.8657691],[-0.1714884,7.8649328],[-0.1697637,7.8636369],[-0.1664338,7.862497],[-0.1664928,7.8608019],[-0.1690489,7.8578978],[-0.1725492,7.8557389],[-0.1740915,7.8558784],[-0.1754674,7.8569704],[-0.175686,7.855626],[-0.1772538,7.8544423],[-0.1771619,7.8526654],[-0.1749712,7.853317],[-0.1734772,7.8516298],[-0.1713797,7.8511435],[-0.1709399,7.8495706],[-0.169407,7.8499133],[-0.1663587,7.8526023],[-0.1646125,7.8526209],[-0.1637422,7.8514252],[-0.1646427,7.8498243],[-0.1640566,7.8482506],[-0.1602325,7.8482526],[-0.1616272,7.8474847],[-0.1610311,7.8444802],[-0.1597638,7.8449127],[-0.1591462,7.8431855],[-0.1579902,7.8422768],[-0.1571426,7.840547],[-0.157676,7.8385728],[-0.1560724,7.8391613],[-0.1544,7.8414597],[-0.1498014,7.8411422],[-0.1481491,7.8403823],[-0.1459122,7.8370768],[-0.1420873,7.8340317],[-0.1396197,7.8336969],[-0.1367337,7.8316402],[-0.1329839,7.8318315],[-0.1308703,7.8335056],[-0.1296795,7.8371725],[-0.1249212,7.8390112],[-0.1228666,7.8390404],[-0.122003,7.8381078],[-0.1211312,7.8350919],[-0.1205251,7.8282749],[-0.1188916,7.8251699],[-0.1159787,7.8235025],[-0.1140422,7.8248457],[-0.1132382,7.8238164],[-0.1104037,7.8235819],[-0.1101154,7.8223771],[-0.1107437,7.8200985],[-0.1121539,7.8190303],[-0.1127681,7.8143043],[-0.1132818,7.8138645],[-0.1123363,7.8120018],[-0.1136499,7.8108193],[-0.1168417,7.8120822],[-0.1202998,7.8178757],[-0.1240334,7.8191698],[-0.1261885,7.8156981],[-0.1264434,7.8119194],[-0.1287916,7.8115673],[-0.1306772,7.8130182],[-0.1326138,7.8101191],[-0.1356554,7.8094162],[-0.1364996,7.8074086],[-0.1369697,7.8095477],[-0.1378079,7.8094693],[-0.1385361,7.8102267],[-0.1407047,7.8090827],[-0.1455796,7.8105522],[-0.1485515,7.8121758],[-0.149222,7.814129],[-0.1479332,7.8145435],[-0.147038,7.816392],[-0.1480264,7.8171662],[-0.1494661,7.8155825],[-0.1487486,7.8177867],[-0.1496317,7.8165438],[-0.1501769,7.8173509],[-0.1504853,7.8161618],[-0.1519196,7.8152098],[-0.1560026,7.8152211],[-0.1631212,7.8167238],[-0.1642263,7.8190755],[-0.1654547,7.8177243],[-0.1705188,7.8180697],[-0.1732868,7.8193957],[-0.1738118,7.8207639],[-0.1751402,7.8204108],[-0.1760432,7.8216228],[-0.1777493,7.8217673],[-0.1788805,7.8228016],[-0.1794498,7.8222137],[-0.1805797,7.8232806],[-0.1805837,7.8225884],[-0.1772659,7.8197597],[-0.1775609,7.8174489],[-0.1756994,7.8185932],[-0.17407,7.8177694],[-0.1741079,7.8171081],[-0.1735778,7.8174004],[-0.1731203,7.8162427],[-0.1696309,7.8156728],[-0.1668227,7.8139828],[-0.1640707,7.814012],[-0.158194,7.8125479],[-0.1558471,7.8069595],[-0.1545972,7.8058301],[-0.1545603,7.8044098],[-0.1524849,7.8038603],[-0.1480633,7.8045838],[-0.1454321,7.8062553],[-0.1428491,7.8051445],[-0.1429564,7.8033574],[-0.1415569,7.8008429],[-0.1383939,7.7994604],[-0.1356594,7.7994617],[-0.1335485,7.8008954],[-0.1325199,7.8007147],[-0.1309776,7.799184],[-0.1287326,7.7941602],[-0.120348,7.7900823],[-0.1191679,7.788735],[-0.1186663,7.7866037],[-0.1190901,7.7850889],[-0.1210803,7.7829842],[-0.125066,7.7807067],[-0.1276732,7.7801194],[-0.1362857,7.7816182],[-0.141913,7.7807359],[-0.1441808,7.7794896],[-0.1507361,7.778889],[-0.1523736,7.7800729],[-0.1527726,7.7816717],[-0.1545355,7.7808941],[-0.1559544,7.7811399],[-0.1585829,7.7820102],[-0.159696,7.7830267],[-0.1611515,7.7827839],[-0.1612524,7.7835157],[-0.1620081,7.7833509],[-0.1625365,7.7845309],[-0.1637542,7.7851354],[-0.1663291,7.784111],[-0.1694982,7.7846146],[-0.1695457,7.7835591],[-0.1701124,7.783416],[-0.1696242,7.7833018],[-0.1686841,7.7840538],[-0.1675442,7.7831875],[-0.1676622,7.7821232],[-0.165149,7.7819963],[-0.1625848,7.7801991],[-0.1582745,7.7786857],[-0.1562494,7.7761969],[-0.1566504,7.7734829],[-0.1540232,7.7751578],[-0.1466042,7.7741612],[-0.145196,7.7733799],[-0.1446489,7.7716153],[-0.1434942,7.772188],[-0.134038,7.7715143],[-0.1327264,7.7695796],[-0.1365271,7.7650404],[-0.135811,7.7641049],[-0.1301006,7.7660636],[-0.1265895,7.7696433],[-0.1222122,7.7700686],[-0.1202273,7.769537],[-0.1195192,7.7672621],[-0.1215577,7.7629568],[-0.1194817,7.7624997],[-0.1167619,7.759183],[-0.1154316,7.7607829],[-0.1125455,7.7623615],[-0.109874,7.7681126],[-0.1070202,7.7685909],[-0.1056361,7.769452],[-0.1052499,7.7719182],[-0.1033831,7.7738848],[-0.0983405,7.7752561],[-0.0953043,7.7752136],[-0.0926274,7.7730876],[-0.0897843,7.7733374],[-0.086984,7.772572],[-0.0851011,7.7711954],[-0.0835186,7.7658855],[-0.0842643,7.7630684],[-0.0866622,7.7611443],[-0.0858629,7.7576628],[-0.083288,7.7560841],[-0.0813299,7.7523102],[-0.0791895,7.7520923],[-0.0685465,7.759555],[-0.0659287,7.7602354],[-0.0640726,7.7616174],[-0.0580216,7.7610539],[-0.0586438,7.7531447],[-0.0610149,7.7512312],[-0.0635791,7.7444168],[-0.0656873,7.7431251],[-0.0671947,7.7444593],[-0.0689811,7.7440846],[-0.0708103,7.7450653],[-0.073919,7.7450467],[-0.0745305,7.7440792],[-0.0786209,7.7453842],[-0.0802946,7.7449909],[-0.0807881,7.7459264],[-0.0798547,7.7491263],[-0.0820863,7.7495196],[-0.0877833,7.7450228],[-0.0891245,7.7448739],[-0.0897467,7.7461922],[-0.0904226,7.746224],[-0.0936413,7.7428115],[-0.0955403,7.7422374],[-0.0986731,7.7427052],[-0.1004112,7.739686],[-0.1032007,7.7386335],[-0.1048422,7.7358269],[-0.1066768,7.7351146],[-0.1064944,7.7386335],[-0.1076746,7.7402282],[-0.108769,7.7399199],[-0.109992,7.7434175],[-0.1105928,7.743747],[-0.1114082,7.742854],[-0.1125455,7.7428434],[-0.1115263,7.7442998],[-0.1161611,7.7456925],[-0.1185617,7.7522624],[-0.1182693,7.7536842],[-0.1205559,7.7562981],[-0.1211152,7.7556961],[-0.1232341,7.7556456],[-0.1241058,7.7517229],[-0.1251814,7.7510823],[-0.1277912,7.7527833],[-0.1291698,7.7516936],[-0.1305673,7.7520418],[-0.1316535,7.753942],[-0.1309374,7.7556961],[-0.1315838,7.7585132],[-0.1354328,7.7628718],[-0.143348,7.7596401],[-0.1488411,7.759563],[-0.1493695,7.758965],[-0.1480392,7.7518451],[-0.1493964,7.7475901],[-0.1465693,7.7469922],[-0.1443779,7.7435583],[-0.1449841,7.7414295],[-0.1446475,7.7374401],[-0.1468255,7.7383837],[-0.1479051,7.7356594],[-0.1499569,7.7355186],[-0.1504022,7.7327305],[-0.1529315,7.7310348],[-0.1532802,7.7293019],[-0.1520517,7.7269125],[-0.1522154,7.7259823],[-0.1536048,7.7266202],[-0.1545489,7.7284913],[-0.1556218,7.7325976],[-0.1549391,7.7346308],[-0.1564452,7.7341817],[-0.1576656,7.7346282],[-0.1589946,7.7381126],[-0.1595753,7.7375385],[-0.1593179,7.7368262],[-0.160436,7.7367847],[-0.1595593,7.735577],[-0.1596639,7.7341179],[-0.1621985,7.7327863],[-0.1610801,7.7312408],[-0.1614931,7.7304262],[-0.1627269,7.7301205],[-0.1617748,7.7287198],[-0.1621771,7.727577],[-0.1639903,7.726466],[-0.1673833,7.7267225],[-0.1654762,7.7247038],[-0.1660663,7.723428],[-0.1654226,7.7225669],[-0.1637676,7.7226573],[-0.162904,7.7215516],[-0.1635209,7.7193588],[-0.1660408,7.7171116],[-0.161013,7.7177109],[-0.159291,7.7171847],[-0.1564318,7.7148244],[-0.1543826,7.7154729],[-0.1524729,7.7152709],[-0.1521778,7.7145958],[-0.1535779,7.7130383],[-0.1558846,7.7134609],[-0.1565766,7.712831],[-0.1553723,7.7053408],[-0.1574296,7.7035094],[-0.1581135,7.7005298],[-0.1612222,7.6985762],[-0.1638481,7.6986719],[-0.164634,7.6968112],[-0.1693708,7.6938688],[-0.1713824,7.6956603],[-0.1735577,7.6998547],[-0.1741478,7.6995862],[-0.1738232,7.6979356],[-0.1756632,7.6965401],[-0.1767764,7.6965534],[-0.1782435,7.6977708],[-0.1761165,7.7003491],[-0.1760146,7.7027918],[-0.1739332,7.7066671],[-0.1784849,7.7044903],[-0.181607,7.7043733],[-0.1826504,7.7036942],[-0.1836348,7.7045062],[-0.1824224,7.7089557],[-0.1797804,7.7116189],[-0.1796678,7.7125253],[-0.1838547,7.7110342],[-0.1862902,7.7114541],[-0.187009,7.7132456],[-0.1874167,7.7188166],[-0.1884788,7.7206532],[-0.1881597,7.7220273],[-0.1900506,7.7236699],[-0.1908714,7.723133],[-0.1906917,7.7174079],[-0.1900184,7.7161268],[-0.1903242,7.714431],[-0.1913166,7.7131924],[-0.1939398,7.7127193],[-0.190748,7.7105558],[-0.1905388,7.7078553],[-0.1916358,7.706622],[-0.1948276,7.7051813],[-0.1940042,7.7034005],[-0.191963,7.7027227],[-0.1915768,7.6987981],[-0.1973301,7.7004873],[-0.2004388,7.6997218],[-0.2020937,7.7012315],[-0.2059856,7.7021858],[-0.2047062,7.7051813],[-0.2066669,7.7069622],[-0.2058837,7.7096122],[-0.2108243,7.7101969],[-0.2114117,7.7115126],[-0.2109772,7.71433],[-0.2078015,7.7166929],[-0.2066883,7.7192711],[-0.2099848,7.7193801],[-0.2108431,7.720119],[-0.2098721,7.7235397],[-0.210591,7.725169],[-0.2106446,7.7285391],[-0.2099714,7.7300195],[-0.2080777,7.7314308],[-0.2104676,7.7317764],[-0.2124095,7.734785],[-0.2130264,7.736688],[-0.2117282,7.7400767],[-0.2143756,7.73807],[-0.2162451,7.7398494],[-0.2167037,7.7412487],[-0.2181548,7.7417431],[-0.2169639,7.7407517],[-0.217672,7.7400979],[-0.2159607,7.737379],[-0.2155075,7.7351651],[-0.2160238,7.7341737],[-0.2144104,7.7304847],[-0.2159554,7.7241324],[-0.2170444,7.7221709],[-0.2181172,7.721618],[-0.2192652,7.7221071],[-0.2225818,7.7273444],[-0.224002,7.7262959],[-0.2273011,7.7290787],[-0.2307612,7.7296341],[-0.2371261,7.7358428],[-0.2376679,7.735173],[-0.2367452,7.7320368],[-0.2376249,7.730987],[-0.2421659,7.7295464],[-0.2452558,7.7307451],[-0.2459157,7.7295916],[-0.2474767,7.7291451],[-0.250572,7.7319279],[-0.2505451,7.7289351],[-0.2525005,7.7275132],[-0.2644309,7.7311438],[-0.2661636,7.7328408],[-0.2669388,7.7328714],[-0.2681834,7.7318269],[-0.2700341,7.7315425],[-0.2703694,7.7308541],[-0.2689183,7.7296235],[-0.267663,7.7295943],[-0.2616549,7.7264474],[-0.2605659,7.7253258],[-0.2569583,7.7245922],[-0.2560973,7.7232766],[-0.2498022,7.722527],[-0.2468652,7.7243769],[-0.2448133,7.7234068],[-0.244647,7.7223357],[-0.2458727,7.7205974],[-0.2527767,7.7154995],[-0.2529806,7.7145932],[-0.2494857,7.7157055],[-0.2488124,7.715344],[-0.2483243,7.7162597],[-0.2452558,7.7176418],[-0.2395105,7.7223091],[-0.2361471,7.7228832],[-0.2334595,7.7211024],[-0.2326655,7.7196034],[-0.2331054,7.717477],[-0.2349454,7.7147128],[-0.2344251,7.7129373],[-0.233835,7.7127459],[-0.23148,7.7145586],[-0.2294684,7.7144045],[-0.2278376,7.7124163],[-0.2261665,7.7119897],[-0.2236426,7.7100401],[-0.2221942,7.7068293],[-0.2239725,7.7045992],[-0.2231249,7.7017126],[-0.224812,7.7001178],[-0.2279019,7.7031453],[-0.2301711,7.7040543],[-0.2339852,7.7049368],[-0.237059,7.7048836],[-0.2391082,7.705899],[-0.2403688,7.7049581],[-0.2419567,7.7050803],[-0.2434883,7.7015452],[-0.2406049,7.70272],[-0.2393282,7.7021459],[-0.2383867,7.7006042],[-0.2373058,7.7011412],[-0.2355918,7.7008541],[-0.2334648,7.6994081],[-0.2334595,7.6979728],[-0.2363884,7.6972471],[-0.2368444,7.6945838],[-0.2379146,7.6971408],[-0.2403755,7.6972724],[-0.2419969,7.6982785],[-0.2428231,7.6968431],[-0.2424288,7.6960032],[-0.2430376,7.6951606],[-0.243035,7.6930953],[-0.2459961,7.6953918],[-0.2511996,7.6937624],[-0.2532059,7.6955114],[-0.2547643,7.6954237],[-0.2550861,7.6969734],[-0.2566204,7.697598],[-0.2566847,7.6957161],[-0.2579749,7.6950662],[-0.2565882,7.6944668],[-0.2565613,7.6937997],[-0.2573526,7.6930395],[-0.25805,7.6902804],[-0.2600123,7.6879159],[-0.2620384,7.6886297],[-0.2621806,7.6897993],[-0.262937,7.6903389],[-0.2642834,7.6900305],[-0.2658606,7.6883878],[-0.2693528,7.690812],[-0.2700254,7.6907056],[-0.2700931,7.688239],[-0.2716326,7.687197],[-0.2761012,7.6893195],[-0.2752067,7.6876037],[-0.2759939,7.6865511],[-0.274972,7.6863969],[-0.2745724,7.6854479],[-0.2757123,7.6828137],[-0.2721503,7.6826861],[-0.2729352,7.6810474],[-0.27807,7.6786803],[-0.2792957,7.679095],[-0.2799234,7.6778669],[-0.2819297,7.6776543],[-0.282611,7.6769472],[-0.2849069,7.6782803],[-0.285155,7.6773007],[-0.2865149,7.6768914],[-0.2845877,7.6770509],[-0.2846186,7.6763365],[-0.2842726,7.6766854],[-0.284117,7.6761059],[-0.2815273,7.6750307],[-0.2810687,7.6737175],[-0.2792931,7.6744778],[-0.275891,7.6735088],[-0.2755272,7.6723113],[-0.2767155,7.6704267],[-0.276112,7.6693634],[-0.2768737,7.667702],[-0.2738173,7.667815],[-0.2742465,7.6669564],[-0.273419,7.6666626],[-0.2732125,7.6656179],[-0.2743873,7.6647939],[-0.2706362,7.6657734],[-0.2701642,7.6654279],[-0.2740265,7.663804],[-0.2740976,7.6628534],[-0.2753341,7.6623576],[-0.2749372,7.6632282],[-0.2757425,7.6632361],[-0.2756117,7.6642436],[-0.2763399,7.6643792],[-0.2781719,7.6633186],[-0.2781739,7.6622134],[-0.2789531,7.6620958],[-0.2809775,7.6660273],[-0.2837348,7.6648005],[-0.2841318,7.6666919],[-0.2870125,7.6678243],[-0.2869749,7.6704346],[-0.2917975,7.6663729],[-0.2980363,7.6655807],[-0.2989376,7.6602749],[-0.2998602,7.6588925],[-0.3011155,7.6588606],[-0.3026605,7.6601419],[-0.3043664,7.6592275],[-0.3059971,7.6596741],[-0.3075153,7.6619177],[-0.3083307,7.6648098],[-0.3104818,7.6650331],[-0.3107715,7.6616518],[-0.3133598,7.6619708],[-0.316278,7.6613102],[-0.3133974,7.6596395],[-0.3119221,7.6572604],[-0.3114045,7.6550992],[-0.3127295,7.6534723],[-0.3158248,7.6548626],[-0.3173375,7.6544479],[-0.3218061,7.6570158],[-0.3221762,7.6564469],[-0.321554,7.6546924],[-0.3221762,7.6525552],[-0.3233618,7.6526828],[-0.3257865,7.6543309],[-0.3270847,7.652082],[-0.3286028,7.6517045],[-0.3296381,7.6522468],[-0.3290319,7.6534962],[-0.3296542,7.6567633],[-0.331741,7.6564044],[-0.33283,7.6574252],[-0.3306708,7.6607002],[-0.3330445,7.6607693],[-0.3361988,7.6589138],[-0.3373468,7.6597645],[-0.3377062,7.6615614],[-0.3398681,7.6648364],[-0.3395408,7.6660486],[-0.3418314,7.6708387],[-0.3420272,7.6724788],[-0.3414023,7.673659],[-0.3430384,7.6754852],[-0.3430975,7.6730237],[-0.3441837,7.6699017],[-0.3426361,7.6684197],[-0.3423169,7.6654425],[-0.3430679,7.6643712],[-0.3447068,7.6653282],[-0.3442776,7.6626248],[-0.3448784,7.6613541],[-0.3421238,7.6595066],[-0.339573,7.6540013],[-0.3396642,7.6518693],[-0.3432477,7.6532463],[-0.344975,7.6529167],[-0.3470671,7.6561864],[-0.3493416,7.6561067],[-0.3532362,7.660849],[-0.3539014,7.6599346],[-0.3555429,7.6608065],[-0.3525147,7.652708],[-0.3539336,7.6520979],[-0.3572273,7.6528848],[-0.3587508,7.654501],[-0.3605747,7.655054],[-0.3613258,7.6577442],[-0.363214,7.6595305],[-0.3637505,7.6614232],[-0.3663039,7.6619336],[-0.3683424,7.6613807],[-0.368557,7.6605939],[-0.3654081,7.6585629],[-0.3652377,7.651658],[-0.3672481,7.6537461],[-0.37081,7.6550752],[-0.3719366,7.6563725],[-0.3754664,7.6543841],[-0.3788889,7.6561067],[-0.380187,7.6584991],[-0.3826869,7.6589457],[-0.3816354,7.6550114],[-0.3817213,7.6540119],[-0.3822899,7.6538311],[-0.3881157,7.6552347],[-0.3889847,7.6560322],[-0.3888881,7.6583715],[-0.3905404,7.6619868],[-0.3896177,7.6680263],[-0.3902078,7.6686855],[-0.3934801,7.6635073],[-0.3941989,7.6634329],[-0.3955937,7.6682283],[-0.3954971,7.6696957],[-0.3941989,7.6716521],[-0.3947568,7.676692],[-0.3941238,7.677734],[-0.3953147,7.6787335],[-0.3955025,7.6820615],[-0.3963339,7.6820934],[-0.3970099,7.6802699],[-0.3971493,7.6745974],[-0.3989571,7.6714022],[-0.4034472,7.6731407],[-0.4051852,7.6767452],[-0.4083449,7.6795628],[-0.4099649,7.68212],[-0.4112846,7.6780158],[-0.415206,7.6771918],[-0.4114348,7.6762454],[-0.4076904,7.6742943],[-0.4077923,7.6733799],[-0.409348,7.6719392],[-0.4039943,7.6691428],[-0.4041123,7.6665058],[-0.4020846,7.666761],[-0.4009366,7.6658625],[-0.4005235,7.6641719],[-0.4015964,7.6625131],[-0.3973156,7.6558142],[-0.3982705,7.6546818],[-0.4053515,7.6547669],[-0.4025835,7.6511516],[-0.4027873,7.6500829],[-0.4119819,7.6486049],[-0.411998,7.6481157],[-0.4104638,7.6475256],[-0.4061616,7.6471215],[-0.404166,7.6457604],[-0.4037583,7.644293],[-0.4050458,7.641959],[-0.4073739,7.6408903],[-0.4108608,7.6413422],[-0.4117084,7.6397365],[-0.4131299,7.6391251],[-0.4143047,7.639375],[-0.4156244,7.6410392],[-0.4172391,7.6395345],[-0.4195565,7.639375],[-0.4211175,7.6415761],[-0.4236978,7.6385456],[-0.4246366,7.63862],[-0.4257256,7.63971],[-0.4280055,7.6384499],[-0.4299742,7.6401725],[-0.4315352,7.6446811],[-0.4333377,7.6375885],[-0.4344052,7.6376842],[-0.4377151,7.6403692],[-0.4383427,7.6373652],[-0.4422748,7.6363976],[-0.4446727,7.6381787],[-0.4468292,7.6432988],[-0.4468614,7.6449204],[-0.4453754,7.646659],[-0.4472691,7.6478924],[-0.4470921,7.6524701],[-0.4479772,7.6523691],[-0.4507291,7.6450161],[-0.4548812,7.6482912],[-0.4550958,7.6508751],[-0.4563511,7.6509283],[-0.4566729,7.6456222],[-0.4548276,7.6447981],[-0.4513836,7.6403427],[-0.4566032,7.6382372],[-0.4568178,7.6372802],[-0.4517967,7.6364826],[-0.4504931,7.6344782],[-0.4534221,7.6316496],[-0.4569036,7.631086],[-0.4606748,7.6292995],[-0.4579228,7.6287093],[-0.456807,7.6278108],[-0.4575205,7.6262157],[-0.4600525,7.6240038],[-0.4561204,7.6232914],[-0.4549509,7.6213613],[-0.4582286,7.6193142],[-0.4627079,7.6183252],[-0.4630888,7.6169056],[-0.4646283,7.6162569],[-0.4654813,7.6163154],[-0.468818,7.6200214],[-0.4695958,7.6164749],[-0.4705721,7.6157677],[-0.4725033,7.6160974],[-0.4753518,7.6154327],[-0.4771382,7.618389],[-0.4793,7.6142843],[-0.4832161,7.614465],[-0.4848254,7.6153583],[-0.4857051,7.6169534],[-0.4855013,7.6186974],[-0.483259,7.62092],[-0.4852116,7.622228],[-0.4852009,7.6233871],[-0.4835862,7.6253597],[-0.4781842,7.6277895],[-0.4824489,7.6287997],[-0.4834682,7.6315699],[-0.4846054,7.6313412],[-0.4849327,7.6300333],[-0.485791,7.6314848],[-0.4896963,7.631086],[-0.4899913,7.6333138],[-0.48931,7.6349248],[-0.4900181,7.6355043],[-0.4915524,7.6346058],[-0.4938752,7.6297621],[-0.4963964,7.6302034],[-0.4989874,7.6273216],[-0.5010581,7.6258329],[-0.5019969,7.6259073],[-0.502941,7.6287997],[-0.5038476,7.6280022],[-0.5041641,7.6289646],[-0.5067658,7.6306341],[-0.5078119,7.6336753],[-0.5065942,7.6355309],[-0.5090404,7.6368336],[-0.5088258,7.6409753],[-0.5116797,7.6433838],[-0.5115563,7.6458774],[-0.5124468,7.6462974],[-0.5136001,7.6435008],[-0.5122,7.6414698],[-0.5137664,7.6408903],[-0.5124092,7.6390932],[-0.5130476,7.6374663],[-0.5123395,7.6370728],[-0.5121088,7.6354246],[-0.5131602,7.6338083],[-0.5117655,7.6324578],[-0.5100489,7.6266411],[-0.5127257,7.6265028],[-0.5138576,7.6243016],[-0.516057,7.6232541],[-0.5179024,7.6236901],[-0.5192649,7.6261838],[-0.5200696,7.6265188],[-0.5205149,7.6237433],[-0.5237818,7.6227065],[-0.5245435,7.6213772],[-0.520826,7.6208375],[-0.5197719,7.6193195],[-0.5166873,7.618288],[-0.5158344,7.6171847],[-0.5152336,7.6173628],[-0.5155367,7.6163686],[-0.5203164,7.6157624],[-0.5251497,7.6139333],[-0.5269843,7.6143693],[-0.5276388,7.613056],[-0.5302888,7.6122637],[-0.5376434,7.6152839],[-0.5383354,7.6131996],[-0.5420101,7.612285],[-0.5445045,7.616108],[-0.5460763,7.6154966],[-0.5484474,7.6173682],[-0.5505878,7.6173575],[-0.5499762,7.6153636],[-0.5510491,7.6142151],[-0.5531681,7.6156773],[-0.5542034,7.6154487],[-0.554139,7.614465],[-0.5531305,7.6141247],[-0.5520576,7.6123222],[-0.5519342,7.6100571],[-0.547632,7.6140343],[-0.5455667,7.6122558],[-0.5453843,7.6103496],[-0.5432063,7.6059895],[-0.5412161,7.609233],[-0.5374557,7.6098285],[-0.5367261,7.6083716],[-0.5349129,7.6077016],[-0.5346769,7.6025545],[-0.5321181,7.6021026],[-0.5316031,7.600183],[-0.5327135,7.5966045],[-0.5320001,7.5933981],[-0.5335021,7.5919837],[-0.5339956,7.5888251],[-0.5401111,7.5882828],[-0.5419564,7.5903034],[-0.542686,7.5900056],[-0.5427611,7.5875915],[-0.5451644,7.5851986],[-0.5429328,7.5837204],[-0.542922,7.580147],[-0.5444563,7.5782646],[-0.5472887,7.5784667],[-0.5508765,7.5716659],[-0.5504622,7.5702478],[-0.5470258,7.5709795],[-0.542171,7.5744998],[-0.5395424,7.575308],[-0.5360127,7.5784667],[-0.5359805,7.5799556],[-0.5376864,7.5808808],[-0.5388129,7.5824229],[-0.5380297,7.5839756],[-0.5357337,7.584082],[-0.5343497,7.5811254],[-0.5314931,7.5804926],[-0.5310559,7.5858048],[-0.5288619,7.5883732],[-0.5267215,7.5925473],[-0.5252731,7.5933981],[-0.5238032,7.5920741],[-0.5226767,7.5924357],[-0.5228484,7.5951847],[-0.5264157,7.5977477],[-0.5254877,7.5992791],[-0.5265927,7.6003053],[-0.5268395,7.6033202],[-0.5291194,7.6051919],[-0.528937,7.60692],[-0.5247742,7.6084726],[-0.5230147,7.6063245],[-0.5209494,7.6094031],[-0.5197316,7.6095148],[-0.519104,7.6081217],[-0.5184013,7.6079728],[-0.5173928,7.6100518],[-0.5145925,7.611397],[-0.5132943,7.6095148],[-0.5118835,7.6099933],[-0.5121893,7.6074092],[-0.5112559,7.6069147],[-0.5096197,7.6102698],[-0.5102205,7.6164324],[-0.50955,7.6175596],[-0.508799,7.6176447],[-0.508123,7.6156667],[-0.5059344,7.6182508],[-0.5043787,7.6185805],[-0.503161,7.618086],[-0.5015194,7.6155391],[-0.4983705,7.6195801],[-0.4952323,7.6217547],[-0.4925287,7.6226055],[-0.4919225,7.6210157],[-0.4933226,7.6192451],[-0.4925072,7.61765],[-0.4952109,7.6154115],[-0.4925662,7.6132474],[-0.4953182,7.6108441],[-0.4921693,7.6096477],[-0.4938859,7.6068083],[-0.4936123,7.6057396],[-0.4926091,7.6055109],[-0.4912359,7.6065744],[-0.4890204,7.607037],[-0.4882962,7.6037084],[-0.4870623,7.6030012],[-0.4855442,7.6076006],[-0.484702,7.6053142],[-0.4823953,7.6029905],[-0.4815209,7.6036499],[-0.4820091,7.6064627],[-0.4816014,7.6072922],[-0.479697,7.606569],[-0.4773581,7.6081642],[-0.4758024,7.6083344],[-0.4744881,7.6060426],[-0.473485,7.6057715],[-0.4716879,7.6083716],[-0.4698734,7.6084035],[-0.4677907,7.607009],[-0.465889,7.6085045],[-0.462842,7.6046921],[-0.4638505,7.6032777],[-0.4632846,7.6019165],[-0.4653284,7.596756],[-0.4635018,7.5955809],[-0.461643,7.5957696],[-0.4604066,7.596663],[-0.4602885,7.5986596],[-0.457719,7.601725],[-0.4570592,7.6045964],[-0.4584271,7.6106899],[-0.4572952,7.6106792],[-0.4517484,7.6049739],[-0.4509276,7.6048197],[-0.4498172,7.6053301],[-0.449726,7.6059788],[-0.4521185,7.6118224],[-0.4518127,7.6131517],[-0.4506272,7.6127636],[-0.4497689,7.6166663],[-0.447827,7.6177776],[-0.4451287,7.614699],[-0.4449195,7.6165866],[-0.4433048,7.6155763],[-0.4422319,7.6158368],[-0.4439968,7.6190537],[-0.4437769,7.6201968],[-0.442763,7.6209465],[-0.4458046,7.6226905],[-0.4468131,7.6250194],[-0.4451126,7.6282042],[-0.4440451,7.6289752],[-0.4429293,7.6289646],[-0.4416257,7.6274865],[-0.4390132,7.6296823],[-0.434475,7.6300386],[-0.4347324,7.6253756],[-0.4327583,7.6265454],[-0.4309988,7.6253756],[-0.4305482,7.6256415],[-0.4305804,7.6279224],[-0.428896,7.6296611],[-0.425114,7.6268524],[-0.4242665,7.6307484],[-0.4196155,7.6319101],[-0.4190576,7.630868],[-0.4196906,7.6265347],[-0.4212812,7.623193],[-0.4204255,7.6218637],[-0.4210317,7.6194312],[-0.4199481,7.6183146],[-0.4192185,7.618724],[-0.4181081,7.6227012],[-0.4163593,7.6254501],[-0.4151577,7.6254713],[-0.4135537,7.627077],[-0.4121053,7.6307191],[-0.4071647,7.6325428],[-0.4067141,7.631841],[-0.4095089,7.6281458],[-0.4099649,7.6255351],[-0.4090959,7.6255085],[-0.4019022,7.6295441],[-0.4009956,7.6275822],[-0.4011834,7.62503],[-0.3988445,7.6215155],[-0.3976858,7.6206541],[-0.3959262,7.6208881],[-0.3956795,7.6215474],[-0.3977072,7.6249715],[-0.3969938,7.6276672],[-0.3959316,7.6288529],[-0.3914845,7.6301237],[-0.3917259,7.6310966],[-0.3932762,7.6318782],[-0.3941131,7.6332978],[-0.3926861,7.6378597],[-0.394553,7.64206],[-0.3941399,7.6451756],[-0.3933138,7.6459359],[-0.3891403,7.6452394],[-0.3893173,7.6401247],[-0.3864259,7.6423471],[-0.3844303,7.639912],[-0.3803533,7.6416984],[-0.3796238,7.6394866],[-0.3799456,7.6362168],[-0.3791517,7.634861],[-0.3754932,7.6417835],[-0.3732616,7.6439368],[-0.3726286,7.6417835],[-0.3733528,7.6381521],[-0.3725696,7.6368282],[-0.3706276,7.6384073],[-0.3685945,7.6371685],[-0.3687018,7.6407201],[-0.3675056,7.6419536],[-0.3638095,7.6417835],[-0.3628761,7.6382],[-0.3617603,7.6404703],[-0.3602797,7.6417356],[-0.3577316,7.6380724],[-0.3566694,7.6416559],[-0.3553766,7.6429213],[-0.3545559,7.6428415],[-0.3526676,7.64055],[-0.3508973,7.6428841],[-0.3497171,7.6431818],[-0.3476572,7.6424268],[-0.3476572,7.640651],[-0.3492773,7.6383754],[-0.3517985,7.6362753],[-0.3531396,7.6362008],[-0.3556663,7.6322238],[-0.3574687,7.6309371],[-0.3550977,7.6292464],[-0.354985,7.6269175],[-0.3567123,7.6244664],[-0.3561813,7.6241208],[-0.3539711,7.6260083],[-0.3527266,7.631203],[-0.3479952,7.6335903],[-0.3491324,7.6311764],[-0.3495026,7.6275024],[-0.3489983,7.6194897],[-0.3480381,7.6217228],[-0.3473139,7.6264496],[-0.3463805,7.6274492],[-0.3449374,7.6276725],[-0.3445888,7.6304161],[-0.3428641,7.631631],[-0.338763,7.6408424],[-0.3380656,7.6412412],[-0.3364778,7.6407627],[-0.3344178,7.6419962],[-0.3339136,7.6409435],[-0.3350723,7.6378916],[-0.3335381,7.6368761],[-0.3332269,7.635951],[-0.3354853,7.6340582],[-0.3346914,7.630666],[-0.3335595,7.6312987],[-0.3323901,7.6300705],[-0.3303194,7.6264284],[-0.3307003,7.6239932],[-0.3292412,7.6235678],[-0.3314191,7.6200161],[-0.331462,7.6189899],[-0.3306735,7.6187506],[-0.3284687,7.6205265],[-0.3266877,7.6193089],[-0.3273636,7.6218664],[-0.3260064,7.6233179],[-0.3276479,7.6283372],[-0.3277016,7.6313678],[-0.3234422,7.6315273],[-0.3256899,7.6337817],[-0.3264409,7.6354618],[-0.3252769,7.6414539],[-0.3237909,7.6414539],[-0.323056,7.6386519],[-0.3199902,7.6345712],[-0.3200465,7.6387901],[-0.3192794,7.6406457],[-0.3173053,7.6426661],[-0.3160125,7.6424853],[-0.3151488,7.6411136],[-0.3144997,7.6355522],[-0.3110719,7.6395451],[-0.3082126,7.6379235],[-0.3074616,7.6416134],[-0.3039157,7.6441388],[-0.3023118,7.6463719],[-0.301255,7.6437667],[-0.3034276,7.6410285],[-0.3016627,7.6393165],[-0.3019524,7.6377108],[-0.3035295,7.6347121],[-0.3062707,7.6316868],[-0.3041947,7.6307138],[-0.3036904,7.6297196],[-0.3059971,7.628837],[-0.303787,7.6269973],[-0.3056538,7.6196705],[-0.3041571,7.6194046],[-0.3042322,7.62092],[-0.3021723,7.6242644],[-0.2993935,7.6266145],[-0.2975214,7.6260934],[-0.2975482,7.6250194],[-0.2953702,7.6217494],[-0.2953005,7.6197502],[-0.2936804,7.6191228],[-0.2939433,7.6239932],[-0.2964592,7.629459],[-0.2922642,7.6272711],[-0.294115,7.631405],[-0.2939165,7.6323249],[-0.2917922,7.6338561],[-0.2956224,7.6351747],[-0.2958638,7.6374982],[-0.2943564,7.6427831],[-0.2922964,7.6423737],[-0.2906871,7.6427671],[-0.2912235,7.6443568],[-0.2905691,7.6462921],[-0.2875328,7.6488122],[-0.2858592,7.6488335],[-0.2844322,7.6467919],[-0.2850759,7.6400183],[-0.283767,7.6369558],[-0.2826297,7.6360201],[-0.2827799,7.6383276],[-0.2815783,7.6414751],[-0.2808273,7.6422248],[-0.2784348,7.6427671],[-0.27969,7.6450267],[-0.278585,7.6480572],[-0.2766591,7.6482008],[-0.2719545,7.6431233],[-0.2716166,7.6482859],[-0.267545,7.6460156],[-0.2659303,7.650152],[-0.2601528,7.6516194],[-0.2582431,7.6513004],[-0.257932,7.6502371],[-0.2603567,7.6466324],[-0.2576316,7.6454414],[-0.2566552,7.6426182],[-0.2577764,7.6410498],[-0.2615744,7.6384605],[-0.2607402,7.636597],[-0.2595037,7.6382478],[-0.2575833,7.638737],[-0.2562636,7.6386572],[-0.2546221,7.637546],[-0.2539676,7.6401512],[-0.2538335,7.647382],[-0.2525353,7.6498011],[-0.2509099,7.6499447],[-0.2495366,7.6524807],[-0.2463073,7.6521086],[-0.2455509,7.648573],[-0.2444404,7.6475628],[-0.2447301,7.6427405],[-0.246259,7.6398854],[-0.2443439,7.6409488],[-0.2423859,7.6455424],[-0.2412701,7.6454786],[-0.2363241,7.6420706],[-0.2357125,7.642262],[-0.2387059,7.6466855],[-0.2410984,7.6487272],[-0.2412218,7.6518853],[-0.2373272,7.6532942],[-0.2297795,7.6542671],[-0.2291894,7.6550114],[-0.2277732,7.6543841],[-0.2277035,7.6552454],[-0.22861,7.6561705],[-0.2316463,7.6562289],[-0.2332449,7.6573454],[-0.2347362,7.6567181],[-0.2361471,7.65717],[-0.2399826,7.6567978],[-0.2422035,7.6579409],[-0.242933,7.6590308],[-0.2495796,7.6599931],[-0.2518004,7.6613435],[-0.251618,7.663385],[-0.2539194,7.6661496],[-0.2557004,7.6672129],[-0.2575779,7.6673086],[-0.258742,7.6687068],[-0.2585381,7.6720561],[-0.2554429,7.6718329],[-0.2545202,7.6745123],[-0.2512908,7.6725187],[-0.2491987,7.6741295],[-0.2472004,7.6738292],[-0.2456501,7.6745416],[-0.2439898,7.6724974],[-0.2398861,7.6743528],[-0.2387434,7.6733268],[-0.237236,7.6730556],[-0.2365065,7.670961],[-0.2341944,7.671668],[-0.23148,7.670844],[-0.2306271,7.6699827],[-0.2305466,7.6733746],[-0.2295756,7.6746878],[-0.2284169,7.6750812],[-0.2266574,7.6749323],[-0.2248335,7.6708653],[-0.223707,7.671046],[-0.2221137,7.6724549],[-0.2165777,7.6724868],[-0.2141798,7.6702698],[-0.2130532,7.6721518],[-0.2120501,7.6723751],[-0.2099633,7.6698445],[-0.2080214,7.6697807],[-0.2065247,7.6655595],[-0.2067822,7.6637359],[-0.206176,7.6631032],[-0.2054465,7.6630075],[-0.2036387,7.6651926],[-0.2019274,7.6602536],[-0.199846,7.6618804],[-0.1977807,7.6609873],[-0.1973194,7.6591584],[-0.1984473,7.6572238],[-0.1952165,7.6587065],[-0.1942778,7.660025],[-0.1877922,7.6580897],[-0.1863492,7.6606364],[-0.1837099,7.660546],[-0.1852602,7.6551683],[-0.1879746,7.6530124],[-0.1861292,7.6506624],[-0.1877707,7.6491897],[-0.1875669,7.6473528],[-0.1893425,7.6461884],[-0.1892057,7.6452234],[-0.1882106,7.644713],[-0.1933149,7.6430356],[-0.1876527,7.6425784],[-0.1872396,7.6415629],[-0.1876742,7.6401539],[-0.1862204,7.6402283],[-0.1851797,7.639048],[-0.1847506,7.644176],[-0.1836455,7.644612],[-0.1805985,7.642169],[-0.1808399,7.6461193],[-0.179303,7.6473342],[-0.1774496,7.6472013],[-0.1777527,7.6494928],[-0.1771385,7.6512154],[-0.1753897,7.6521724],[-0.174408,7.6538152],[-0.1710311,7.6555404],[-0.1698777,7.6546659],[-0.1687914,7.6517125],[-0.1686466,7.6497958],[-0.1697865,7.6486447],[-0.1687887,7.647507],[-0.1693654,7.6458242],[-0.1685393,7.644604],[-0.1669246,7.6438544],[-0.1665679,7.6444445],[-0.1676327,7.6459704],[-0.1650685,7.6508272],[-0.1627725,7.6531054],[-0.1630756,7.6551098],[-0.1620671,7.6566729],[-0.1607555,7.6555617],[-0.1598355,7.6521537],[-0.1584998,7.6501839],[-0.1579043,7.6518534],[-0.1566061,7.6524967],[-0.1546186,7.6513855],[-0.1544604,7.649748],[-0.1525775,7.6508884],[-0.1507857,7.6501892],[-0.1489511,7.6479722],[-0.1485032,7.6491179],[-0.146749,7.6491684],[-0.1509842,7.6529672],[-0.1506785,7.6554314],[-0.1511478,7.6571753],[-0.1503271,7.6577202],[-0.1483262,7.6573162],[-0.1484308,7.6586373],[-0.1460087,7.6602509],[-0.1435894,7.6595757],[-0.1447776,7.6618007],[-0.1483932,7.6646902],[-0.148707,7.6692252],[-0.1475403,7.669055],[-0.1421088,7.6647646],[-0.1409635,7.6644776],[-0.1422054,7.6683081],[-0.1420981,7.6702592],[-0.1406872,7.6718063],[-0.1403412,7.6732151],[-0.1395607,7.6734889],[-0.13679,7.6730663],[-0.1350787,7.6709716],[-0.1352236,7.6731168],[-0.1347005,7.6735846],[-0.1359183,7.678372],[-0.1328659,7.6824283],[-0.1364923,7.6842651],[-0.1368383,7.686559],[-0.1386622,7.6885048],[-0.1367283,7.6919789],[-0.136275,7.6949878],[-0.1385602,7.6938608],[-0.140242,7.6945944],[-0.1402822,7.695437],[-0.1388177,7.6964072],[-0.138807,7.6970425],[-0.1441607,7.7014521],[-0.1446918,7.7071934],[-0.142208,7.7079961],[-0.1395607,7.7077915],[-0.1392227,7.7092534],[-0.1397994,7.7125997],[-0.1388392,7.714035],[-0.12932,7.716584],[-0.1283115,7.7161002],[-0.1276892,7.7146277],[-0.1286441,7.7103803],[-0.1274371,7.7083603],[-0.1269168,7.7100561],[-0.1245618,7.7117784],[-0.1214236,7.7096467],[-0.1215577,7.7059521],[-0.1193261,7.7052877],[-0.1169819,7.7063827],[-0.1151902,7.7060478],[-0.1146805,7.7028104],[-0.1175988,7.6989244],[-0.1172555,7.6965534],[-0.1198089,7.6960537],[-0.1188541,7.6931564],[-0.1196694,7.6912054],[-0.1208228,7.6902804],[-0.1202166,7.6891321],[-0.12034,7.6869205],[-0.1183605,7.6880157],[-0.1144499,7.6887493],[-0.1134521,7.687819],[-0.1130229,7.6854267],[-0.1155227,7.6828802],[-0.1129746,7.6805995],[-0.1135111,7.6787388],[-0.1175022,7.6747356],[-0.1186609,7.6745921],[-0.1195514,7.6754533],[-0.1203024,7.6701103],[-0.1214719,7.6681326],[-0.1198894,7.6662825],[-0.1197231,7.6646716],[-0.1211071,7.6629172],[-0.1225662,7.6626141],[-0.1246154,7.6598921],[-0.1226145,7.6594401],[-0.1212466,7.6570371],[-0.1244867,7.6506943],[-0.1241326,7.6482859],[-0.1229739,7.6479456],[-0.1224107,7.6484879],[-0.1226682,7.6513483],[-0.1219171,7.6528104],[-0.1181942,7.6547243],[-0.1169819,7.6590308],[-0.1159304,7.6590574],[-0.1147449,7.6575581],[-0.11379,7.658531],[-0.1120573,7.6589244],[-0.1081681,7.6572604],[-0.1108396,7.6618113],[-0.113495,7.662763],[-0.1140744,7.6643207],[-0.1122773,7.6660326],[-0.1117247,7.6684835],[-0.1079536,7.6660167],[-0.1086831,7.6702007],[-0.1082057,7.6725293],[-0.1064462,7.6718754],[-0.1045901,7.6697408],[-0.101696,7.6712587],[-0.1006794,7.6736085],[-0.099687,7.6808281],[-0.0998694,7.6829121],[-0.1020527,7.6849854],[-0.1000625,7.6850226],[-0.099231,7.6861816],[-0.0995261,7.6884888],[-0.1009476,7.6893926],[-0.099805,7.6910672],[-0.0977504,7.6992061],[-0.0971121,7.6989828],[-0.0954866,7.6948469],[-0.0965005,7.6842784],[-0.096404,7.6783454],[-0.0936145,7.6806314],[-0.0894356,7.6854905],[-0.0867587,7.6872076],[-0.0849938,7.6847196],[-0.0824672,7.6761338],[-0.0824672,7.6741614],[-0.0830519,7.6726622],[-0.0842294,7.6717372],[-0.0850421,7.6674548],[-0.0893927,7.6645812],[-0.0862491,7.6647168],[-0.0847417,7.6620532],[-0.0842589,7.6646716],[-0.0830948,7.6652883],[-0.0812388,7.6691215],[-0.0801283,7.6696265],[-0.0782615,7.6689088],[-0.0782991,7.6717531],[-0.0773442,7.6741986],[-0.077886,7.6830078],[-0.0772959,7.6845282],[-0.0704563,7.6736723],[-0.0703061,7.6720668],[-0.0710678,7.6704134],[-0.0700271,7.6682602],[-0.0705797,7.6668567],[-0.0692117,7.6632308],[-0.0692117,7.6600622],[-0.0653493,7.6630554],[-0.0598937,7.6633053],[-0.0581825,7.6641453],[-0.0579733,7.6649108],[-0.0599474,7.670541],[-0.0594592,7.6735235],[-0.0557685,7.6754905],[-0.0488055,7.6748791],[-0.0473195,7.6752832],[-0.0426149,7.6793555],[-0.0448412,7.6812906],[-0.0461876,7.6842624],[-0.0450987,7.6910034],[-0.047062,7.698127],[-0.0457799,7.70028],[-0.0428188,7.7024968],[-0.0397074,7.7030656],[-0.0351638,7.7011943],[-0.0335437,7.7031613],[-0.0316286,7.7041819],[-0.0242686,7.7124642],[-0.0216883,7.7137825],[-0.0239521,7.7144523],[-0.031457,7.7122303],[-0.0339782,7.7155102],[-0.0340158,7.7175674],[-0.0331736,7.7196033],[-0.0298744,7.7218041],[-0.0268006,7.7219317],[-0.0254864,7.722628],[-0.0248319,7.7252062],[-0.0210768,7.7289697],[-0.0220639,7.7305538],[-0.0254113,7.7293684],[-0.0266665,7.7319039],[-0.0256795,7.7351146],[-0.0237429,7.7375597],[-0.0217903,7.7381657],[-0.0219297,7.7387717],[-0.0260764,7.7409404],[-0.029397,7.7395424],[-0.0326479,7.7390162],[-0.0365639,7.7412594],[-0.038023,7.7431836],[-0.0376046,7.747117],[-0.0400722,7.7514544],[-0.0405711,7.7543301],[-0.0357002,7.7566635],[-0.0348043,7.7583591],[-0.0343055,7.7622711],[-0.0325298,7.7627548],[-0.0309795,7.7616652],[-0.0305289,7.7553612],[-0.0292522,7.7531181],[-0.0283295,7.7533254],[-0.0269616,7.7550689],[-0.0255132,7.760937],[-0.0237429,7.7637063],[-0.0229168,7.7638444],[-0.0177831,7.7628611],[-0.0152403,7.7594062],[-0.0120914,7.757801],[-0.0076497,7.7594381],[-0.0035888,7.7566103],[-0.0004828,7.757397],[0.0033581,7.7567698],[0.003444,7.7554675],[0.0068986,7.7520391],[0.0074351,7.750184],[0.0068825,7.7481482],[0.0042432,7.74742],[-0.0011426,7.7397285],[-0.0025266,7.7386654],[-0.0045276,7.7382827],[-0.0092268,7.7386654],[-0.0099349,7.7353325],[-0.0090498,7.7314415],[-0.0099242,7.7287252],[-0.0111204,7.7273537],[-0.0094843,7.7257537],[-0.0101817,7.7211449],[-0.0085402,7.7207303],[-0.0080681,7.7196034],[-0.0069416,7.7193163],[-0.0063408,7.7180724],[-0.0052357,7.7175089],[-0.0053752,7.7162225],[-0.0041199,7.7139473],[-0.0041413,7.7126609],[-0.0059867,7.7118316],[-0.0093448,7.7128097],[-0.0118125,7.7073875],[-0.0147575,7.7066592],[-0.0148112,7.7057395],[-0.0155836,7.7053036],[-0.0183892,7.705378],[-0.0196499,7.7041181],[-0.0202721,7.7025021],[-0.0188291,7.7019492],[-0.0173593,7.7003757],[-0.0180244,7.6970637],[-0.0204384,7.696681],[-0.0214684,7.6954051],[-0.023346,7.6951181],[-0.0272512,7.6930554],[-0.0285977,7.6903388],[-0.0260013,7.6871598],[-0.0280666,7.6834331],[-0.0289625,7.6828111],[-0.0317252,7.6840126],[-0.0317037,7.6825612],[-0.0331736,7.6798233],[-0.0392568,7.6741535],[-0.0436932,7.6684941],[-0.049181,7.6669045],[-0.0506911,7.6640443],[-0.0510344,7.6619815],[-0.0563586,7.6574199],[-0.0558168,7.6530655],[-0.0546849,7.6525924],[-0.0523567,7.6534962],[-0.0492507,7.648472],[-0.0542128,7.6439421],[-0.055393,7.6408956],[-0.0575495,7.6405022],[-0.0583488,7.6391836],[-0.0575924,7.6384605],[-0.0546849,7.6382159],[-0.0572813,7.6371366],[-0.0575388,7.6352225],[-0.057072,7.6344091],[-0.0556612,7.6347919],[-0.0530434,7.6337391],[-0.0517184,7.6339731],[-0.0467563,7.6307883],[-0.0441492,7.6326226],[-0.0439882,7.6296983],[-0.0407642,7.6315486],[-0.0348473,7.6294165],[-0.0334901,7.6297089],[-0.0291663,7.6267687],[-0.0284636,7.624929],[-0.0253201,7.622749],[-0.0245798,7.6228447],[-0.023936,7.6260775],[-0.0228095,7.6275928],[-0.0199395,7.628183],[-0.0166404,7.6274971],[-0.0171071,7.6218504],[-0.0163239,7.6190271],[-0.0178689,7.6159964],[-0.0166243,7.615906],[-0.0157553,7.6172937],[-0.0150096,7.6168737],[-0.0133091,7.6131783],[-0.014382,7.6094191],[-0.0098544,7.6079196],[-0.01104,7.6044581],[-0.0102729,7.6034691],[-0.0107879,7.6023312],[-0.009833,7.6016878],[-0.0077248,7.6018101],[-0.0042754,7.5991674],[-0.0030094,7.5931163],[-0.0011963,7.5921751],[-0.0002736,7.5905852],[-0.0003648,7.5893675],[-0.0029504,7.5888039],[-0.0039804,7.5892931],[-0.0052518,7.5874532],[-0.0066519,7.5874373],[-0.0057238,7.585289],[-0.0085241,7.5845924],[-0.0067323,7.5836725],[-0.0056219,7.583965],[-0.005284,7.5825186],[-0.0032777,7.5822049],[-0.0042379,7.5803491],[-0.0019151,7.5806947],[0.0009522,7.5780838],[0.0033903,7.5778153],[0.0067136,7.5749305],[0.0077516,7.5747736],[0.0086769,7.5731557],[0.011099,7.5726625],[0.0114061,7.5718994],[0.0123127,7.572483],[0.0141486,7.571817],[0.0166538,7.5698202],[0.016733,7.5679178],[0.0146905,7.5669533],[0.0162012,7.5671321],[0.0194769,7.5657721],[0.0204009,7.5649798],[0.0208032,7.5634656],[0.0198913,7.5630514],[0.0186796,7.5635952],[0.0187017,7.5616814],[0.016224,7.5629763],[0.0147609,7.562162],[0.0168972,7.5611932],[0.0149479,7.560009],[0.0145282,7.5590997],[0.0178407,7.5595882],[0.0174236,7.5564846],[0.0186273,7.5579749],[0.019448,7.5580348],[0.0192127,7.5588285],[0.0199744,7.5590106],[0.0205269,7.5602895],[0.0216763,7.558528],[0.0228779,7.5596062],[0.0236115,7.5590757],[0.0260831,7.5596368],[0.0286782,7.5584243],[0.0302111,7.5559555],[0.0320055,7.5550329],[0.0344878,7.5524178],[0.038369,7.551188],[0.0386399,7.5484294],[0.0418237,7.5478112],[0.0417995,7.545922],[0.0458953,7.5419148],[0.047105,7.5384608],[0.047624,7.5341824],[0.0444737,7.5363602],[0.0432506,7.5357619],[0.0415863,7.533257],[0.0408863,7.5332477],[0.0389644,7.5347567],[0.0399032,7.5368587],[0.0388451,7.5380234],[0.0385661,7.5397265],[0.0360811,7.5384634],[0.0350699,7.5387878],[0.0354239,7.5399432],[0.0347225,7.54081],[0.035609,7.5424068],[0.0345777,7.5444529],[0.0317359,7.5458342],[0.0296572,7.5446975],[0.0266504,7.5473605],[0.0262213,7.5460974],[0.0272875,7.543707],[0.0268891,7.5431699],[0.0228229,7.5443904],[0.0203647,7.5435235],[0.0193025,7.5439184],[0.0167128,7.5404883],[0.0131589,7.5428482],[0.0118379,7.5423513],[0.0087628,7.5463208],[0.0081968,7.549719],[0.0057024,7.5483071],[0.0040582,7.5489612],[0.0045792,7.5533318],[0.0023134,7.5516361],[-0.001443,7.5528618],[-0.000405,7.5510032],[-0.0008985,7.5484905],[-0.0001931,7.5457996],[-0.0017086,7.5432443],[-0.0004077,7.5412315],[-0.0032213,7.5387373],[-0.0028673,7.5365489],[-0.0034037,7.5353657],[-0.0060805,7.5329274],[-0.0066586,7.53431],[-0.008736,7.534201],[-0.0101683,7.535488],[-0.010301,7.537001],[-0.0126252,7.5368308],[-0.0148112,7.5353604],[-0.0148219,7.5340282],[-0.0135968,7.5330802],[-0.0140568,7.5326734],[-0.0151062,7.5331188],[-0.0158686,7.5353484],[-0.0189603,7.5343404],[-0.0207388,7.5347966],[-0.0223106,7.5363548],[-0.024848,7.5362697],[-0.0255,7.537],[-0.0246234,7.5390984],[-0.0220799,7.5397119],[-0.0221651,7.540834],[-0.0204706,7.5405933],[-0.0195263,7.5418497],[-0.0182516,7.5418218],[-0.0159028,7.5440181],[-0.0152054,7.5455816],[-0.0204317,7.5442947],[-0.0229047,7.5466392],[-0.0249372,7.5445001],[-0.0270796,7.5446191],[-0.0284207,7.5428375],[-0.0319183,7.5411225],[-0.0325352,7.5421409],[-0.0325,7.54475],[-0.0306496,7.5506416],[-0.0319585,7.5512452],[-0.0337636,7.5533777],[-0.0339031,7.5487032],[-0.0364519,7.5452127],[-0.039297,7.5461586],[-0.0404705,7.5455337],[-0.0402787,7.5412208],[-0.0396806,7.5400256],[-0.0414388,7.5396653],[-0.0410593,7.542678],[-0.0423145,7.5443691],[-0.0443637,7.5517983],[-0.046708,7.5519046],[-0.048257,7.553936],[-0.0516298,7.5553559],[-0.0520027,7.5584934],[-0.0526316,7.5589321],[-0.0535825,7.557277],[-0.0556357,7.5575788],[-0.0557269,7.5565478],[-0.0539875,7.5557601],[-0.0531802,7.5537712],[-0.0515118,7.5528087],[-0.0517579,7.5518827],[-0.0500098,7.5512053],[-0.04976,7.5484669],[-0.0484192,7.5484161],[-0.0476039,7.5474429],[-0.0466356,7.544157],[-0.0475301,7.543469],[-0.0462906,7.5433929],[-0.0499454,7.540487],[-0.0528449,7.5407369],[-0.0548217,7.5394819],[-0.0610095,7.5414761],[-0.0654513,7.5415426],[-0.0660521,7.5407103],[-0.0661486,7.5382986],[-0.066669,7.5380752],[-0.0701639,7.543824],[-0.072142,7.5441138],[-0.0741912,7.5361807],[-0.0768319,7.5352606],[-0.0760383,7.5365619],[-0.0764222,7.5373174],[-0.0748149,7.5384448],[-0.0758073,7.5402982],[-0.0796844,7.5387164],[-0.0803154,7.5378718],[-0.0808378,7.5379512],[-0.0803563,7.5384262],[-0.0815298,7.5383285],[-0.0796351,7.5395643],[-0.0804193,7.5397158],[-0.07662,7.5414828],[-0.0783688,7.5415878],[-0.079785,7.5404697],[-0.0811476,7.5405242],[-0.0812803,7.5414475],[-0.0795436,7.5428854],[-0.0803348,7.5454806],[-0.0797501,7.547621],[-0.0829446,7.548549],[-0.0844359,7.5481714],[-0.0867963,7.5524205],[-0.0895107,7.554856],[-0.0900471,7.5541913],[-0.0886524,7.5522769],[-0.0884378,7.5471637],[-0.0872818,7.5450232],[-0.0893243,7.5435781],[-0.0874212,7.5430981],[-0.0859058,7.5408007],[-0.0861955,7.5401892],[-0.0895241,7.5402024],[-0.0917651,7.5418936],[-0.0939953,7.5413432],[-0.0954518,7.5398621],[-0.0969337,7.5409204],[-0.0988032,7.5407781],[-0.0931478,7.5439091],[-0.093298,7.5452519],[-0.0981648,7.5426049],[-0.0994509,7.5426009],[-0.0986691,7.543594],[-0.0994724,7.5437496],[-0.1011112,7.5426846],[-0.1002368,7.5422539],[-0.1034273,7.5407741],[-0.1039374,7.5408775],[-0.1029807,7.5420691],[-0.1045116,7.5423808],[-0.105506,7.5417108],[-0.1059231,7.5433959],[-0.106194,7.5394792],[-0.1104534,7.5387852],[-0.1107645,7.540806],[-0.1100752,7.5447959],[-0.1111139,7.5452997],[-0.1099102,7.5477779],[-0.1117891,7.546701],[-0.1121083,7.5457332],[-0.1132268,7.5454633],[-0.1137102,7.5493706],[-0.1149541,7.5513901],[-0.115394,7.5512505],[-0.1153028,7.548791],[-0.1164807,7.545242],[-0.1160646,7.5412528],[-0.1171267,7.5402556],[-0.1182205,7.5405505],[-0.1201242,7.5423231],[-0.119817,7.5446244],[-0.1208335,7.5479109],[-0.1226395,7.5487286],[-0.1259324,7.5521063],[-0.1261725,7.5541527],[-0.1293455,7.5548301],[-0.1293254,7.5616203],[-0.1310644,7.5583776],[-0.132652,7.5577975],[-0.1332843,7.5582847],[-0.1335391,7.5574458],[-0.1315583,7.5562021],[-0.1318896,7.5517557],[-0.1292468,7.5501064],[-0.1284885,7.5471903],[-0.1260746,7.5453157],[-0.1251411,7.5435182],[-0.1253128,7.5413272],[-0.1282552,7.5397584],[-0.1283974,7.5378492],[-0.1299208,7.5381098],[-0.132,7.54],[-0.133,7.54475],[-0.1349366,7.5461772],[-0.1354891,7.5459805],[-0.1355719,7.5436117],[-0.1363742,7.5425849],[-0.138461,7.5440819],[-0.1402688,7.5430556],[-0.1419908,7.5437629],[-0.1424682,7.5448743],[-0.1422146,7.5474149],[-0.1434687,7.5492935],[-0.1445933,7.5473883],[-0.1482672,7.5465096],[-0.1496083,7.5446137],[-0.1517916,7.5450232],[-0.1587634,7.5423032],[-0.16075,7.54275],[-0.1615,7.5445],[-0.1596588,7.5481277],[-0.1602897,7.5486276],[-0.1632318,7.5469254],[-0.1668415,7.5469377],[-0.1638852,7.5446702],[-0.1644838,7.5428535],[-0.1657446,7.5420373],[-0.1677615,7.5422898],[-0.1692903,7.5432257],[-0.170036,7.5419494],[-0.1717687,7.5417792],[-0.1730891,7.5431969],[-0.177691,7.5446276],[-0.1786378,7.5462862],[-0.1795697,7.5431702],[-0.1806629,7.5418005],[-0.1818761,7.541375],[-0.182924,7.542194],[-0.183447,7.5447174],[-0.1855644,7.5444946],[-0.187309,7.5456064],[-0.1875401,7.5450498],[-0.1862253,7.5431755],[-0.1868573,7.5417234],[-0.19025,7.543],[-0.1973573,7.5425851],[-0.199272,7.5392691],[-0.2012381,7.538272],[-0.2023727,7.5384262],[-0.2042824,7.5368441],[-0.1985,7.53475],[-0.1974911,7.53711],[-0.1962465,7.5378731],[-0.1942617,7.53711],[-0.1927232,7.5388883],[-0.1905322,7.5391755],[-0.1890987,7.5381862],[-0.188385,7.5363761],[-0.185677,7.5388936],[-0.184198,7.5381204],[-0.1848257,7.5362166],[-0.1844083,7.534516],[-0.1813871,7.5382481],[-0.180236,7.538149],[-0.1775203,7.5363777],[-0.1773305,7.53875],[-0.1760182,7.5393351],[-0.1746118,7.5381789],[-0.1683006,7.5381178],[-0.1684266,7.536642],[-0.1671824,7.5353085],[-0.1671395,7.5322394],[-0.166427,7.5317074],[-0.1658841,7.5319894],[-0.1650008,7.5374056],[-0.1643108,7.537691],[-0.1595644,7.5369787],[-0.1588753,7.5345347],[-0.1563036,7.537],[-0.1546186,7.5357007],[-0.1535,7.5375],[-0.1522476,7.5379822],[-0.149261,7.5374375],[-0.1496995,7.535589],[-0.1484495,7.5357246],[-0.1478347,7.5347607],[-0.1471647,7.5355319],[-0.1478782,7.5360065],[-0.1464084,7.5365091],[-0.1444426,7.5354867],[-0.1419117,7.5364413],[-0.1415187,7.5356183],[-0.1402098,7.5351636],[-0.1371896,7.5355943],[-0.1368678,7.5335043],[-0.1393408,7.5318504],[-0.1408873,7.5298935],[-0.1430798,7.5285691],[-0.144335,7.5285851],[-0.147264,7.5260004],[-0.1510611,7.5244468],[-0.151813,7.522868],[-0.1465452,7.523437],[-0.1404346,7.5259467],[-0.1373111,7.5279043],[-0.136621,7.5266545],[-0.1381391,7.525309],[-0.1390618,7.5222723],[-0.1383805,7.5218708],[-0.1370075,7.5234894],[-0.135414,7.5238625],[-0.1358546,7.5256335],[-0.1325257,7.5276969],[-0.1315241,7.5302341],[-0.1295081,7.530953],[-0.1279238,7.5309962],[-0.126552,7.5292791],[-0.1257316,7.5295559],[-0.1260585,7.5303188],[-0.1238859,7.5314249],[-0.1200933,7.5312659],[-0.1202837,7.5295822],[-0.1246154,7.5272874],[-0.12425,7.52675],[-0.1185375,7.5284042],[-0.1179823,7.529436],[-0.1167271,7.5299199],[-0.1140397,7.5294735],[-0.1134292,7.5282606],[-0.1151258,7.5255324],[-0.11379,7.524139],[-0.1142682,7.5211063],[-0.1157425,7.5202233],[-0.1180011,7.5199536],[-0.1185644,7.5168936],[-0.1218959,7.5162233],[-0.1260826,7.5136224],[-0.1269281,7.5114254],[-0.12575,7.51125],[-0.1226148,7.5134096],[-0.1176073,7.5150691],[-0.1135862,7.5173742],[-0.1121287,7.5174575],[-0.1119592,7.5168351],[-0.114706,7.5114893],[-0.1169389,7.5095478],[-0.1155043,7.5067127],[-0.1153135,7.5044505],[-0.113892,7.5057163],[-0.1139778,7.5084819],[-0.1112661,7.5094467],[-0.1087435,7.5116171],[-0.1069506,7.5120904],[-0.101645,7.5112953],[-0.1017898,7.5107316],[-0.1046759,7.5102901],[-0.1037747,7.5077852],[-0.1048046,7.5060567],[-0.1043862,7.5050409],[-0.104838,7.5038617],[-0.1064086,7.5027486],[-0.1072693,7.500266],[-0.1121163,7.4971854],[-0.1116443,7.4967067],[-0.1073045,7.4968238],[-0.1014921,7.4997197],[-0.1015431,7.4985523],[-0.1053465,7.494941],[-0.1068766,7.4922659],[-0.1053733,7.4916009],[-0.1021546,7.4934996],[-0.1006311,7.4929571],[-0.1005775,7.4897713],[-0.1043165,7.489032],[-0.1033777,7.4857663],[-0.1012373,7.4847877],[-0.1006097,7.4829208],[-0.1072079,7.4785328],[-0.1097024,7.4775967],[-0.1120172,7.4743191],[-0.11033,7.4727779],[-0.1068726,7.4738124],[-0.1063791,7.470992],[-0.1035333,7.4750144],[-0.1001751,7.4761181],[-0.097501,7.4726289],[-0.0960499,7.4750596],[-0.0962618,7.4767058],[-0.0940678,7.4772962],[-0.0934267,7.4793626],[-0.0910127,7.4811816],[-0.0903153,7.4836442],[-0.0892371,7.484926],[-0.0930244,7.4885533],[-0.0935327,7.4900292],[-0.0956369,7.4915903],[-0.0968331,7.4954728],[-0.096463,7.4967546],[-0.094049,7.4978662],[-0.0941321,7.4993979],[-0.0934146,7.500209],[-0.0942193,7.5020572],[-0.0963248,7.5032166],[-0.0963986,7.5044984],[-0.0955148,7.5043853],[-0.0970691,7.5066736],[-0.0959855,7.5076682],[-0.0921178,7.5082266],[-0.0909752,7.5067162],[-0.0911468,7.504275],[-0.0915062,7.5036394],[-0.0921292,7.5039349],[-0.0922626,7.5027566],[-0.0911146,7.4989485],[-0.0891653,7.4981075],[-0.0877082,7.4982079],[-0.0867078,7.4964461],[-0.0836487,7.4971003],[-0.0811744,7.49576],[-0.0795905,7.4939025],[-0.0799536,7.4931233],[-0.0795275,7.492888],[-0.0804824,7.4922285],[-0.0810134,7.4904507],[-0.084326,7.4896995],[-0.084157,7.4889323],[-0.0813112,7.4876997],[-0.0805628,7.4864764],[-0.081405,7.4842292],[-0.0818074,7.4791604],[-0.0838083,7.4766447],[-0.0847015,7.4737007],[-0.0839478,7.4735757],[-0.0773415,7.4793413],[-0.0766924,7.479328],[-0.0741363,7.4731289],[-0.0682032,7.4680813],[-0.0687826,7.4660654],[-0.0721809,7.4640362],[-0.0716928,7.4627091],[-0.0687718,7.4640921],[-0.0661057,7.4640841],[-0.0651401,7.4652357],[-0.0636756,7.4656027],[-0.0637186,7.4674802],[-0.0655881,7.4695174],[-0.0652689,7.4708577],[-0.0627744,7.4708391],[-0.0599018,7.4718936],[-0.0584587,7.470278],[-0.0567167,7.4697461],[-0.0563492,7.4701583],[-0.0575843,7.4725359],[-0.0549424,7.4741501],[-0.051485,7.4747777],[-0.0513402,7.4758468],[-0.0550067,7.4760649],[-0.0580645,7.4740703],[-0.0615969,7.474315],[-0.0625572,7.4738204],[-0.0639419,7.4756686],[-0.0675917,7.4750756],[-0.069252,7.4758176],[-0.0684071,7.4776712],[-0.0697026,7.4796391],[-0.0696999,7.4810805],[-0.068045,7.4822985],[-0.0698917,7.4817228],[-0.0718027,7.4832133],[-0.0735301,7.4872502],[-0.0693888,7.4902659],[-0.0687236,7.4922604],[-0.0669426,7.4925662],[-0.067593,7.4945407],[-0.0707312,7.4939052],[-0.0715265,7.4918269],[-0.073455,7.4905731],[-0.0771229,7.4897606],[-0.077607,7.4908217],[-0.077253,7.4944198],[-0.0779504,7.4960738],[-0.0757697,7.499007],[-0.0765,7.49925],[-0.0798547,7.49768],[-0.084511,7.4986839],[-0.0859916,7.5008419],[-0.089111,7.5014775],[-0.0891888,7.5023337],[-0.087956,7.5040692],[-0.0882661,7.5053812],[-0.0863079,7.5059308],[-0.0865,7.50725],[-0.085187,7.5083702],[-0.0852621,7.5090137],[-0.0869465,7.5106678],[-0.0896803,7.5106915],[-0.0912541,7.5120186],[-0.0940302,7.511177],[-0.0956851,7.5118165],[-0.0968546,7.5141034],[-0.0953338,7.5159662],[-0.0972314,7.5163079],[-0.0969773,7.5167872],[-0.0982916,7.5172824],[-0.0982429,7.5184568],[-0.0999116,7.519211],[-0.0969317,7.520401],[-0.0959084,7.5222185],[-0.0966883,7.5234158],[-0.0962216,7.5245299],[-0.092952,7.5273034],[-0.0915894,7.5265402],[-0.0907606,7.5235886],[-0.086221,7.5218615],[-0.0868084,7.5199416],[-0.0861928,7.5184006],[-0.0824337,7.5190734],[-0.0819629,7.5159223],[-0.0827032,7.5131036],[-0.0801498,7.5131514],[-0.0778699,7.5115745],[-0.0773791,7.5118537],[-0.0783205,7.5160553],[-0.0778377,7.5187463],[-0.0750402,7.5215916],[-0.073691,7.5190814],[-0.0724089,7.5181493],[-0.0713709,7.520629],[-0.0685143,7.5240593],[-0.0650221,7.5225675],[-0.0629568,7.5195215],[-0.062938,7.5179167],[-0.0602759,7.5146858],[-0.0591669,7.516385],[-0.0593546,7.5192542],[-0.0577641,7.5215278],[-0.0556183,7.5203205],[-0.0544891,7.5203445],[-0.0551677,7.5244475],[-0.0546876,7.5250617],[-0.0510585,7.5250617],[-0.0506683,7.5214786],[-0.0493661,7.5215411],[-0.0486445,7.5208736],[-0.047451,7.5168131],[-0.0460535,7.5197169],[-0.0459999,7.5224],[-0.0449538,7.524155],[-0.0435,7.525],[-0.0417298,7.5240859],[-0.04025,7.52475],[-0.0379425,7.5244422],[-0.0370494,7.5230727],[-0.0347212,7.5229903],[-0.0336188,7.5219878],[-0.0343269,7.5199589],[-0.0327042,7.5193606],[-0.0325875,7.5183647],[-0.0334699,7.5178774],[-0.0341392,7.5155985],[-0.0317144,7.5154942],[-0.0292683,7.5089898],[-0.0277662,7.5113645],[-0.02635,7.5123537],[-0.0270018,7.5145821],[-0.0256969,7.5150999],[-0.0247528,7.5164754],[-0.0263447,7.5171654],[-0.0267953,7.5191864],[-0.0259289,7.5197196],[-0.0245811,7.5193699],[-0.0241949,7.5211821],[-0.0227753,7.5213888],[-0.0221299,7.5197934],[-0.0214671,7.5206928],[-0.0207375,7.5204934],[-0.0197518,7.5219187],[-0.0189284,7.5218243],[-0.0193079,7.5212113],[-0.0185542,7.5207932],[-0.0155742,7.5214493],[-0.0178447,7.5184538],[-0.017606,7.5172492],[-0.0159404,7.5179087],[-0.0137477,7.5176255],[-0.0110722,7.5200107],[-0.0106645,7.5182291],[-0.008913,7.5167067],[-0.0076161,7.5133402],[-0.007305,7.5153386],[-0.0056863,7.5163225],[-0.002709,7.5156311],[0.0006786,7.5136128],[0.004887,7.5062668],[0.005807,7.5063505],[0.0073345,7.5077307],[0.0096739,7.5073776],[0.0113082,7.5048441],[0.011732,7.5025678],[0.0132528,7.5015067],[0.0138697,7.4988342],[0.0152725,7.4986773],[0.0181693,7.5035038],[0.0194567,7.5037166],[0.0212699,7.5026263],[0.0218734,7.5013365],[0.0187755,7.4973902],[0.0219083,7.4952495],[0.0221363,7.4939225],[0.0230214,7.4931194],[0.0269213,7.4944676],[0.0291985,7.4931513],[0.0296411,7.4922923],[0.0283831,7.489008],[0.0314999,7.4883991],[0.0330264,7.4844094],[0.0357418,7.4880214],[0.0400642,7.4864072],[0.0356372,7.4996452],[0.0376099,7.4977864],[0.0429475,7.4945846],[0.0445461,7.4946591],[0.0453454,7.495425],[0.0456364,7.5001119],[0.0499588,7.49768],[0.0527414,7.4971321],[0.0533438,7.4948506],[0.0530541,7.4930316],[0.0516432,7.4912765],[0.0480062,7.489867],[0.0477433,7.4888192],[0.0483307,7.4879656],[0.0496504,7.4888485],[0.0526729,7.4883138],[0.0542876,7.4859945],[0.0546427,7.483085],[0.0520526,7.4798989],[0.0486016,7.4781286],[0.0478231,7.4740798],[0.0453937,7.4711503],[0.0435296,7.471258],[0.0439534,7.4703285],[0.0432935,7.4696716],[0.0442825,7.4686223],[0.0463271,7.4685972],[0.0469957,7.4649026],[0.0484621,7.4671079],[0.0498354,7.4672994],[0.0516235,7.4666096],[0.051772,7.4684908],[0.054068,7.4732406],[0.0551033,7.4742512],[0.057292,7.4746661],[0.0610793,7.4731821],[0.064652,7.4669696],[0.0632036,7.4562731],[0.0620449,7.4549966],[0.0591803,7.4543476],[0.0604784,7.4520604],[0.0626779,7.4503277],[0.0604784,7.4502838],[0.0574797,7.4522413],[0.0553393,7.4524594],[0.050388,7.4514594],[0.0503129,7.4479594],[0.0523192,7.4472572],[0.0505918,7.4438742],[0.0506133,7.4399008],[0.0511551,7.4396428],[0.0519698,7.4405796],[0.052181,7.439829],[0.0535101,7.4399646],[0.054076,7.4408396],[0.0557792,7.4401987],[0.0587431,7.4423636],[0.0600761,7.4416854],[0.0600439,7.4409593],[0.0576219,7.439422],[0.0549504,7.4351014],[0.0537381,7.432249],[0.0540197,7.431475],[0.0554144,7.4325974],[0.0563216,7.4316661],[0.058102,7.4323261],[0.0587833,7.4320708],[0.0592745,7.4306322],[0.0605643,7.4327091],[0.0633216,7.4340176],[0.0653225,7.4357943],[0.0670981,7.4361347],[0.0686324,7.4351134],[0.0689381,7.4340336],[0.06558,7.4319963],[0.0640793,7.4302928],[0.0675702,7.4302622],[0.0694048,7.4285972],[0.0691527,7.4258045],[0.0666583,7.4223256],[0.0680959,7.4215702],[0.0674093,7.4197403],[0.0676118,7.4179038],[0.0717115,7.421666],[0.0731546,7.4220596],[0.073701,7.4215046],[0.0727568,7.4181906],[0.0759494,7.4173519],[0.0756383,7.4162986],[0.0727308,7.4142612],[0.0739002,7.4123142],[0.0733799,7.4094097],[0.0787497,7.4121866],[0.080198,7.4115855],[0.0779155,7.40854],[0.076742,7.4050982],[0.0793827,7.4073298],[0.0836581,7.4086437],[0.0861418,7.4103088],[0.0848973,7.4042603],[0.0866729,7.4033799],[0.0868982,7.4026085],[0.0832531,7.4023266],[0.0822151,7.4017069],[0.080139,7.3997971],[0.0808418,7.3988395],[0.0793987,7.3983847],[0.0795597,7.3970574],[0.0836796,7.3982623],[0.0847417,7.3962009],[0.0835186,7.3946156],[0.08674,7.3954854],[0.0876921,7.3946741],[0.0879174,7.3923706],[0.0908437,7.3926739],[0.0943494,7.3941421],[0.0957227,7.3935038],[0.0958461,7.3921047],[0.0926971,7.3908173],[0.0894356,7.3878727],[0.0915116,7.3869603],[0.0912219,7.3835317],[0.0951326,7.3844174],[0.0963396,7.3833428],[0.0961679,7.3808903],[0.0927883,7.3776345],[0.0919193,7.3759188],[0.0923189,7.3753336],[0.094112,7.3756807],[0.0942354,7.3716428],[0.0962913,7.3709206],[0.0946847,7.3669385],[0.0948939,7.3662123],[0.0963476,7.3643662],[0.0987482,7.3662974],[0.1002154,7.3662389],[0.0974822,7.3630149],[0.0956315,7.3618231],[0.0952278,7.3623924],[0.0945291,7.3615811],[0.0940476,7.3620479],[0.0931478,7.360775],[0.0922251,7.360807],[0.0913748,7.3621024],[0.0904414,7.3622541],[0.0916323,7.3593785],[0.0931933,7.3589715],[0.0926422,7.3568035],[0.098944,7.3589449],[0.1001175,7.35712],[0.1000504,7.356201],[0.0981715,7.3536393],[0.099117,7.3539279],[0.0993597,7.3527069],[0.100326,7.3537397],[0.1013821,7.3538447],[0.1004179,7.3554189],[0.1012906,7.3553855],[0.1007223,7.356596],[0.1017657,7.3573315],[0.1003119,7.3580724],[0.1000464,7.3591816],[0.1005238,7.3595833],[0.1016504,7.3583397],[0.1021492,7.3588757],[0.1028761,7.3585406],[0.1032101,7.3571998],[0.1063925,7.35712],[0.1056629,7.3588039],[0.106933,7.3605476],[0.1080501,7.3600728],[0.1105821,7.3608815],[0.1121861,7.3600249],[0.1129103,7.3630574],[0.1162416,7.3647386],[0.1184678,7.3673933],[0.1226681,7.3666698],[0.1235962,7.364978],[0.1196426,7.3611554],[0.1233762,7.3605942],[0.1246744,7.3592322],[0.1242882,7.3563486],[0.1225716,7.35388],[0.1219225,7.3496131],[0.1242158,7.3505867],[0.130468,7.3559123],[0.1320291,7.3548217],[0.133177,7.3525446],[0.1320881,7.3483894],[0.1336652,7.3478787],[0.1390028,7.3490279],[0.1399147,7.3488789],[0.1416153,7.3468997],[0.1415,7.34475],[0.14075,7.34375],[0.1368248,7.3434521],[0.1342338,7.3411005],[0.1341936,7.3403609],[0.135119,7.3401188],[0.1343089,7.3389856],[0.1320532,7.33798],[0.1328498,7.337158],[0.1319459,7.3350883],[0.1357761,7.3376395],[0.137431,7.3373256],[0.1379675,7.3363174],[0.1377314,7.3344206],[0.13944,7.3345802],[0.1407838,7.3335347],[0.1413524,7.3316513],[0.1407194,7.3282567],[0.1423931,7.3274693],[0.1437449,7.3278204],[0.1457164,7.3306683],[0.1469073,7.3312442],[0.147429,7.3335434],[0.1490396,7.3315448],[0.1495922,7.3285919],[0.1522911,7.3244931],[0.1516977,7.3288925],[0.1521429,7.3328564],[0.1505792,7.3381423],[0.151,7.3415],[0.15025,7.34675],[0.150885,7.3556969],[0.1500401,7.3575324],[0.1496136,7.3652387],[0.1499838,7.3663187],[0.1506972,7.3663346],[0.1529744,7.3640337],[0.1544148,7.3600276],[0.1536208,7.3568753],[0.1555909,7.3560434],[0.156692,7.3624961],[0.1577756,7.364184],[0.1567107,7.3655845],[0.1563165,7.3675609],[0.1580411,7.3706266],[0.1563835,7.372498],[0.1597604,7.3756102],[0.1551175,7.3768046],[0.1536745,7.3806083],[0.151408,7.383122],[0.1544094,7.3867529],[0.1535591,7.3887425],[0.1539008,7.3903804],[0.1562735,7.3911205],[0.1594037,7.3931367],[0.1609915,7.3913599],[0.1609808,7.3892984],[0.1621395,7.3876147],[0.1601708,7.3832736],[0.1627071,7.3826436],[0.1635,7.38175],[0.164618,7.3771384],[0.1669163,7.3740692],[0.1678526,7.3706226],[0.167868,7.3557873],[0.1692307,7.3503192],[0.1716118,7.3466018],[0.1712859,7.3443087],[0.1727435,7.3415638],[0.1723909,7.3400204],[0.1709211,7.3385413],[0.1707762,7.3369771],[0.1709667,7.3340987],[0.1720102,7.3334363],[0.172914,7.3313506],[0.1729753,7.3285798],[0.1721871,7.3266446],[0.1729327,7.3223349],[0.1745582,7.3204247],[0.1731282,7.3183463],[0.1740378,7.3181541],[0.1762748,7.3154658],[0.1776561,7.3111533],[0.1805931,7.3062928],[0.1798984,7.3018472],[0.1807648,7.2989446],[0.1800084,7.2969173],[0.1818189,7.2964863],[0.1859575,7.2991627],[0.1872745,7.2984125],[0.1874649,7.2966486],[0.1848659,7.2908673],[0.1812677,7.2879407],[0.1849839,7.2841175],[0.1837769,7.2819704],[0.1845413,7.2778093],[0.1836321,7.2754334],[0.183,7.26875],[0.1810384,7.2661025],[0.17661,7.2640192],[0.1741183,7.2620024],[0.1719162,7.258469],[0.1686358,7.2552282],[0.1678446,7.2522615],[0.1687753,7.2469905],[0.1683113,7.2459714],[0.165047,7.2433079],[0.1627699,7.2430977],[0.1620644,7.2437496],[0.1630971,7.2524071],[0.1608923,7.2523047],[0.1607662,7.2534122],[0.1612906,7.2548889],[0.1623152,7.2547825],[0.1621033,7.2560623],[0.163321,7.2572224],[0.162399,7.2576089],[0.1625901,7.2618933],[0.161992,7.2644449],[0.1610725,7.2655609],[0.1613268,7.266757],[0.1592508,7.2678878],[0.159338,7.2694256],[0.16003,7.2698513],[0.1581806,7.2710114],[0.1574014,7.2739793],[0.1566799,7.2744656],[0.1558739,7.2721475],[0.1527481,7.2728176],[0.1526868,7.2719366],[0.154046,7.2712083],[0.1533241,7.2700888],[0.1545502,7.2701267],[0.1557451,7.2690665],[0.1550853,7.2679463],[0.1531595,7.2677069],[0.1546341,7.2652395],[0.1543787,7.2633776],[0.1510778,7.2642259],[0.1505686,7.263742],[0.1510338,7.2634458],[0.1505544,7.2631678],[0.1525868,7.26186],[0.1511918,7.261581],[0.1527894,7.2601771],[0.1510922,7.2600015],[0.151341,7.2595944],[0.1552007,7.2584557],[0.1558498,7.2575377],[0.1555853,7.2568057],[0.147559,7.2563324],[0.1460542,7.2557395],[0.1433735,7.2560171],[0.147618,7.2541463],[0.1483369,7.2528096],[0.1431495,7.250979],[0.1390578,7.2513581],[0.1408401,7.2499626],[0.145306,7.2488397],[0.1464862,7.2478127],[0.1464754,7.2460991],[0.1450646,7.2446676],[0.1430824,7.2439572],[0.1434579,7.2430392],[0.1463775,7.2416543],[0.1460372,7.241178],[0.1473619,7.2403584],[0.1493078,7.2376324],[0.1527089,7.236906],[0.1540661,7.2355969],[0.1582691,7.2368608],[0.1612008,7.2333325],[0.1609299,7.2304694],[0.1583388,7.2281837],[0.1541439,7.2275823],[0.1521403,7.2248097],[0.1499891,7.2268612],[0.1493937,7.2297722],[0.1497692,7.2323586],[0.1468295,7.2330504],[0.144276,7.2362701],[0.1408857,7.23842],[0.1380292,7.2377362],[0.1383027,7.2357086],[0.1377368,7.2352057],[0.1339763,7.2374329],[0.1317072,7.2371402],[0.1309723,7.2358709],[0.1301347,7.236735],[0.1297183,7.2367264],[0.1302414,7.2348332],[0.1294434,7.2347055],[0.1303057,7.2327724],[0.131561,7.2329812],[0.1331288,7.2342664],[0.1337188,7.2319861],[0.1326835,7.2302938],[0.1314872,7.2306078],[0.1282954,7.22986],[0.1283008,7.2274652],[0.1299235,7.226973],[0.1304841,7.2261614],[0.1289472,7.2242535],[0.127708,7.223897],[0.1274452,7.2228432],[0.1301555,7.2201105],[0.1303554,7.218301],[0.1280192,7.2178886],[0.1248126,7.2210484],[0.1238644,7.2153553],[0.1219413,7.2139184],[0.1194334,7.2085166],[0.1145397,7.2117031],[0.1131902,7.2110449],[0.114584,7.2102569],[0.1143077,7.2076331],[0.1127627,7.2077236],[0.1108664,7.204871],[0.1116081,7.2028925],[0.1099116,7.2017057],[0.1113251,7.2006958],[0.1114941,7.1997139],[0.1093805,7.1972178],[0.109756,7.1945567],[0.1075834,7.1897721],[0.1047242,7.1867943],[0.1060371,7.1851137],[0.1060183,7.1832962],[0.1054484,7.181271],[0.1043768,7.1814999],[0.1041207,7.1794867],[0.1015833,7.180627],[0.1002985,7.1801906],[0.0987951,7.1820228],[0.0980589,7.1824353],[0.0968023,7.1819842],[0.0958943,7.1828757],[0.0959212,7.1860624],[0.097273,7.1899051],[0.0964576,7.1938515],[0.0941616,7.1889152],[0.0920856,7.1891387],[0.0913614,7.1900169],[0.0919569,7.1955307],[0.0898969,7.1965579],[0.0910047,7.2001636],[0.0892371,7.2007703],[0.0876412,7.1999135],[0.0871584,7.2020929],[0.0905755,7.203136],[0.0923055,7.204871],[0.0925577,7.206892],[0.091116,7.2052236],[0.0903904,7.2057039],[0.0884566,7.2054857],[0.087955,7.2069572],[0.085431,7.2062521],[0.083288,7.2065767],[0.0814211,7.2089503],[0.0811851,7.2109514],[0.0799191,7.2115528],[0.0793397,7.2112468],[0.0796509,7.2059913],[0.0782669,7.2047858],[0.0803563,7.2038438],[0.0808659,7.2021142],[0.0794631,7.2004537],[0.0756611,7.2005335],[0.0764295,7.1986654],[0.0755337,7.1972551],[0.0770116,7.1961002],[0.0760567,7.1949426],[0.0772905,7.1935774],[0.0808766,7.1934311],[0.0816491,7.1929308],[0.0817725,7.1916827],[0.0789884,7.1915204],[0.0778002,7.1930239],[0.075413,7.1931038],[0.0725363,7.1908724],[0.0703463,7.1900887],[0.0701947,7.1890123],[0.0689006,7.1891134],[0.0679873,7.1881448],[0.0667723,7.1879851],[0.0657812,7.1884468],[0.0657691,7.189635],[0.0677915,7.192517],[0.0652581,7.1925902],[0.0650047,7.1915297],[0.064428,7.1930612],[0.0635415,7.1935868],[0.063964,7.192038],[0.0635482,7.1911212],[0.0611356,7.1920287],[0.0609277,7.191563],[0.0618222,7.1910773],[0.0603041,7.1899623],[0.0630252,7.1894607],[0.0623654,7.1877602],[0.0612751,7.1877709],[0.0611678,7.1868555],[0.0597717,7.1865042],[0.0602142,7.1858682],[0.0598401,7.1850179],[0.0583903,7.1848862],[0.057418,7.1869885],[0.0568186,7.1869446],[0.0565208,7.1854983],[0.0556558,7.1854171],[0.054481,7.183851],[0.0547653,7.1829622],[0.0562352,7.1827839],[0.0562647,7.1810369],[0.0531319,7.1805299],[0.0526102,7.1790263],[0.0515883,7.1788148],[0.050557,7.1795187],[0.0503263,7.1814294],[0.0511149,7.182245],[0.0498448,7.1833401],[0.0521381,7.1843048],[0.0507487,7.1863192],[0.0496383,7.1861223],[0.0498073,7.1875673],[0.0487746,7.1883537],[0.0490563,7.1895086],[0.0512315,7.190263],[0.0491045,7.1913634],[0.0481577,7.1924744],[0.0482918,7.1937251],[0.04705,7.1942068],[0.0477299,7.1948428],[0.04878,7.1944197],[0.0498006,7.1957861],[0.0513214,7.1945634],[0.0516915,7.1961693],[0.0535235,7.1967388],[0.0520322,7.1974227],[0.0514877,7.1985962],[0.0526303,7.2007943],[0.0549477,7.2012866],[0.0531346,7.2019971],[0.0546151,7.2042137],[0.0545709,7.2054365],[0.0520295,7.2033994],[0.0499649,7.2047925],[0.0507179,7.2025532],[0.0495163,7.201421],[0.0498006,7.2001849],[0.0478533,7.1986747],[0.047856,7.1997538],[0.0465658,7.2000492],[0.0464854,7.2014462],[0.0454289,7.2013894],[0.0447553,7.2028779],[0.0443906,7.2020077],[0.0428349,7.2019385],[0.042973,7.2031174],[0.0419042,7.203128],[0.042446,7.2040195],[0.0415434,7.2039356],[0.04107,7.2046222],[0.0409909,7.2055229],[0.041986,7.2065621],[0.0429167,7.2066113],[0.0425613,7.2072992],[0.0433673,7.208772],[0.0406918,7.207685],[0.0416292,7.2102409],[0.0404504,7.2101039],[0.0406502,7.2123418],[0.0394432,7.2123444],[0.0392367,7.2114982],[0.0378446,7.2115435],[0.0389323,7.2102822],[0.0387941,7.209114],[0.034579,7.2072686],[0.0343001,7.2068202],[0.0355272,7.2060578],[0.0331829,7.2055575],[0.0328678,7.2072819],[0.0321047,7.2075294],[0.0320967,7.2047952],[0.0300823,7.2032544],[0.028886,7.200278],[0.0269817,7.2011934],[0.0250237,7.2002767],[0.0270836,7.1991152],[0.0273974,7.1981359],[0.0256298,7.195536],[0.0227679,7.1959185],[0.0233486,7.1948282],[0.0224514,7.1941469],[0.0228511,7.1936027],[0.0244859,7.1925822],[0.0257666,7.1926727],[0.025017,7.1910813],[0.0233674,7.1920014],[0.0237671,7.1904726],[0.0226915,7.1903595],[0.0225621,7.1909722],[0.021966,7.1905777],[0.0218251,7.1895652],[0.0228699,7.188339],[0.0220558,7.1878015],[0.0215153,7.1889857],[0.0208528,7.1872001],[0.0188828,7.1874476],[0.0191671,7.1892944],[0.0177737,7.1890389],[0.0182243,7.1908152],[0.0167678,7.1895672],[0.0160021,7.189792],[0.0162153,7.1888846],[0.0147709,7.1879079],[0.0137101,7.1879785],[0.0131267,7.1890057],[0.0113726,7.1884468],[0.0108173,7.1894407],[0.0110024,7.191229],[0.0113873,7.1915098],[0.0121209,7.1907261],[0.0129336,7.1917293],[0.012424,7.1924385],[0.0135358,7.1929867],[0.0133279,7.1936174],[0.0142278,7.1944104],[0.0128156,7.1947776],[0.0120887,7.1941549],[0.0116783,7.1959777],[0.0106913,7.1967867],[0.0133815,7.197923],[0.0152691,7.2005741],[0.0135666,7.1995556],[0.0107181,7.1998283],[0.011335,7.2005029],[0.0120431,7.2002448],[0.0127861,7.2012413],[0.0146234,7.205499],[0.0144705,7.2064064],[0.0123301,7.2051238],[0.0120619,7.2061057],[0.0112465,7.2064197],[0.0120994,7.207524],[0.0131562,7.2132266],[0.0145242,7.2151025],[0.0153825,7.2147992],[0.0165573,7.2160419],[0.0164741,7.2176251],[0.0185622,7.2217123],[0.0180191,7.2221035],[0.0161871,7.2208954],[0.0153127,7.2212094],[0.0163078,7.2251529],[0.0147253,7.2250944],[0.0141942,7.2258554],[0.0106054,7.2251103],[0.0096881,7.2255627],[0.0096828,7.2278724],[0.011614,7.2292135],[0.0114906,7.2304215],[0.0122845,7.2309483],[0.0126278,7.2324065],[0.011968,7.2333538],[0.009731,7.2330717],[0.0098008,7.2338114],[0.0077945,7.2301767],[0.0053751,7.2282396],[0.0064534,7.2256478],[0.0072581,7.2254456],[0.0072259,7.2243759],[0.0099885,7.222492],[0.0111902,7.2233195],[0.0121853,7.2232078],[0.0134915,7.2188731],[0.0098839,7.2155443],[0.0102729,7.2134315],[0.0098678,7.213019],[0.0091249,7.2134474],[0.0017273,7.2129205],[0.0025186,7.2121049],[0.0039925,7.2121515],[0.0087655,7.2102143],[0.0091061,7.2087162],[0.0081056,7.2071169],[0.0086743,7.2050653],[0.0075611,7.2038013],[0.0085375,7.2023723],[0.0073251,7.2016511],[0.0086126,7.2013478],[0.0084382,7.2004137],[0.0074995,7.1995436],[0.0054073,7.1998576],[0.004946,7.1976755],[0.0017649,7.1964195],[0.0005042,7.1967814],[-0.0003809,7.1985377],[-0.0042969,7.2020077],[-0.0023496,7.1972178],[-0.0027359,7.1947058],[-0.004195,7.1932847],[-0.0065661,7.1939766],[-0.0072581,7.1966803],[-0.0083765,7.1975025],[-0.013293,7.1954642],[-0.0136498,7.1964128],[-0.0120646,7.1975571],[-0.0111365,7.2005229],[-0.0125474,7.2012679],[-0.0119627,7.202822],[-0.0134218,7.2044027],[-0.0126547,7.2055283],[-0.0137517,7.2062946],[-0.0117052,7.2085725],[-0.0139207,7.2091127],[-0.0148273,7.208325],[-0.016965,7.210225],[-0.0175551,7.2101105],[-0.0183705,7.21378],[-0.019159,7.2149455],[-0.0196096,7.2147859],[-0.0193146,7.2154591],[-0.0202775,7.2158955],[-0.0197893,7.2125932],[-0.0210205,7.2136177],[-0.0218117,7.2132053],[-0.0214469,7.2110046],[-0.0204867,7.2106534],[-0.0180835,7.2072845],[-0.0188157,7.2062228],[-0.0171125,7.2054112],[-0.0168389,7.2036895],[-0.0178233,7.202367],[-0.0173754,7.2015128],[-0.0178072,7.2001609],[-0.019953,7.1988065],[-0.0223401,7.2003632],[-0.0235739,7.1969038],[-0.0259933,7.1971486],[-0.0281471,7.1960443],[-0.0297149,7.1962878],[-0.0288418,7.1981718],[-0.0301158,7.1985284],[-0.0305638,7.1994425],[-0.0286299,7.1997645],[-0.0258297,7.2021328],[-0.0254408,7.203277],[-0.028823,7.2050732],[-0.0291932,7.2045144],[-0.0298342,7.204871],[-0.0300005,7.2030721],[-0.0320309,7.2039157],[-0.0332299,7.2060339],[-0.0315321,7.2099269],[-0.0326774,7.209887],[-0.0326264,7.209251],[-0.0335732,7.2086629],[-0.0363493,7.2102542],[-0.0372264,7.209118],[-0.0397289,7.2084607],[-0.0360663,7.2083902],[-0.0347668,7.2070557],[-0.0351597,7.2065647],[-0.0342974,7.2062361],[-0.0332969,7.2029205],[-0.0344302,7.2022352],[-0.0348499,7.2010418],[-0.0374436,7.2011389],[-0.0380096,7.2036243],[-0.0395224,7.2053047],[-0.0407159,7.2012014],[-0.0418076,7.2030069],[-0.0436449,7.2015074],[-0.0445166,7.2036017],[-0.0455949,7.2026118],[-0.049012,7.2034713],[-0.0511792,7.2018374],[-0.0522199,7.2019625],[-0.0526518,7.2030402],[-0.0573108,7.2054431],[-0.0553098,7.2072074],[-0.0518525,7.2074229],[-0.0520563,7.2087055],[-0.0513429,7.2104485],[-0.0496571,7.2107146],[-0.0516862,7.2129072],[-0.0511605,7.2145783],[-0.0469762,7.2178407],[-0.0475824,7.2185964],[-0.0483871,7.2177821],[-0.0502968,7.2183942],[-0.052228,7.2204165],[-0.0555486,7.2219172],[-0.0560153,7.22064],[-0.0590944,7.2208209],[-0.0593787,7.2202036],[-0.0574583,7.2191073],[-0.0536281,7.218623],[-0.0525123,7.2178779],[-0.052802,7.2156001],[-0.0542611,7.2146741],[-0.054937,7.2129418],[-0.0548539,7.2104378],[-0.0556773,7.2103234],[-0.0563961,7.211292],[-0.057056,7.2095304],[-0.058558,7.2086177],[-0.060921,7.2097167],[-0.0609291,7.2073165],[-0.06212,7.2053154],[-0.0643328,7.2050147],[-0.0663525,7.2056081],[-0.0663793,7.204416],[-0.064778,7.2030455],[-0.0627194,7.2042683],[-0.0603846,7.203454],[-0.0604731,7.2002248],[-0.0629836,7.2008049],[-0.0628388,7.1986229],[-0.0642335,7.1981212],[-0.0692922,7.2006532],[-0.0687638,7.1996447],[-0.0665577,7.1984007],[-0.0667414,7.19746],[-0.0678585,7.1970063],[-0.0672041,7.1964048],[-0.0686002,7.1955706],[-0.0667334,7.19457],[-0.0661433,7.1917466],[-0.0652742,7.1906077],[-0.0656068,7.1892984],[-0.0695121,7.1878082],[-0.0706708,7.1883883],[-0.0720549,7.1880423],[-0.0752413,7.1921351],[-0.0772047,7.1932102],[-0.0783324,7.1922673],[-0.0770009,7.1901446],[-0.0774488,7.1882605],[-0.0788784,7.1879199],[-0.080367,7.1888247],[-0.0824618,7.1889737],[-0.0791359,7.1840666],[-0.0793102,7.1829782],[-0.0809035,7.1822969],[-0.082022,7.1825071],[-0.0827247,7.1834944],[-0.0853801,7.1827387],[-0.0871879,7.1834226],[-0.0894517,7.1832576],[-0.0897749,7.1839069],[-0.0914794,7.1841251],[-0.093534,7.1855648],[-0.0959666,7.1884336],[-0.0969949,7.1802186],[-0.0936627,7.1791514],[-0.0923511,7.1780444],[-0.0930566,7.1753379],[-0.0921486,7.1741271],[-0.0890923,7.175809],[-0.0882098,7.1752128],[-0.0849295,7.1751995],[-0.0847739,7.1740073],[-0.0862357,7.1707021],[-0.0842643,7.1712343],[-0.0829983,7.1693289],[-0.083288,7.1681739],[-0.0851923,7.166806],[-0.0879389,7.1616751],[-0.0879014,7.1612706],[-0.0868124,7.1617496],[-0.0867802,7.1585614],[-0.0861257,7.1590511],[-0.0856429,7.1630483],[-0.0845057,7.1633996],[-0.0833631,7.1650869],[-0.081625,7.1598282],[-0.0811127,7.1599479],[-0.0809276,7.165353],[-0.079608,7.168621],[-0.0798708,7.1707127],[-0.0775534,7.1740339],[-0.0779074,7.175604],[-0.0772154,7.1765674],[-0.0751555,7.1769134],[-0.0727335,7.1737172],[-0.0688389,7.171048],[-0.0694853,7.1730626],[-0.0712073,7.1747604],[-0.0711805,7.1771954],[-0.0701827,7.1804155],[-0.0665268,7.1798753],[-0.0650275,7.1810701],[-0.0629246,7.1813628],[-0.0627154,7.1820574],[-0.0623775,7.1810861],[-0.0632894,7.1794894],[-0.0611597,7.1793883],[-0.0576621,7.1826189],[-0.0585902,7.1872387],[-0.0535798,7.1868555],[-0.0517438,7.1900049],[-0.0499374,7.1906662],[-0.0471318,7.1934497],[-0.0436154,7.19077],[-0.0419283,7.1914166],[-0.0424808,7.193141],[-0.0409144,7.1916668],[-0.0386131,7.1921138],[-0.0368643,7.1881541],[-0.0452006,7.1848756],[-0.0498355,7.1817248],[-0.0487089,7.1799897],[-0.0489557,7.1766259],[-0.0473571,7.1767643],[-0.0449431,7.1811287],[-0.0421858,7.1814267],[-0.041078,7.1788959],[-0.0396431,7.1815864],[-0.035829,7.1819962],[-0.0343591,7.1810542],[-0.0329214,7.1831352],[-0.0316796,7.1817594],[-0.0307435,7.1769879],[-0.0298369,7.1797954],[-0.029688,7.1831924],[-0.0291623,7.1836634],[-0.0299683,7.1844684],[-0.0284877,7.1850379],[-0.0252771,7.1829196],[-0.0244805,7.1812484],[-0.0221148,7.1812191],[-0.0206745,7.1791887],[-0.0206959,7.1777224],[-0.021463,7.1765807],[-0.0209454,7.1751357],[-0.0227693,7.1727486],[-0.0209293,7.1726102],[-0.0195533,7.1652572],[-0.0184858,7.1658852],[-0.0193173,7.1700048],[-0.0176168,7.1779299],[-0.0156856,7.1797874],[-0.0151813,7.1782812],[-0.0130516,7.1780204],[-0.0148326,7.1842156],[-0.0145161,7.1863312],[-0.0123784,7.1876778],[-0.0115255,7.1872413],[-0.0113538,7.1862793],[-0.0103238,7.1865787],[-0.0101267,7.1861263],[-0.008803,7.1861343],[-0.0077677,7.1874968],[-0.0057668,7.1858442],[-0.0036424,7.187079],[-0.0024301,7.1861476],[-0.001903,7.184209],[-0.000802,7.1848277],[-5.63e-05,7.186254],[0.000236,7.1891068],[0.0012928,7.191076],[0.004549,7.1923587],[0.0070757,7.1927552],[0.0057051,7.1913607],[0.0050023,7.1887262],[0.0034064,7.1861396],[0.007073,7.1862647],[0.0073037,7.1845962],[0.0065754,7.1831338],[0.0085388,7.1840346],[0.0078307,7.1813096],[0.0093287,7.1823408],[0.0100325,7.1821871],[0.0101012,7.1831325],[0.0110655,7.1838098],[0.0118527,7.1832004],[0.0117293,7.1816609],[0.0130114,7.1824193],[0.0149426,7.1817886],[0.0144571,7.1801494],[0.0126868,7.1784628],[0.0129282,7.1768974],[0.0181961,7.1799737],[0.0197732,7.1801015],[0.0208729,7.1785633],[0.0221899,7.174336],[0.0233218,7.176099],[0.0240862,7.1762986],[0.027101,7.1736214],[0.0273532,7.1720992],[0.0284542,7.1719715],[0.0294855,7.1731078],[0.0316152,7.1724399],[0.0305316,7.1717772],[0.0310841,7.1713754],[0.0308239,7.1684267],[0.0319907,7.1676949],[0.0329295,7.1705105],[0.0346085,7.1711066],[0.034622,7.1729295],[0.0358933,7.1743772],[0.0377052,7.1731105],[0.0372854,7.1746966],[0.0377856,7.1754444],[0.036588,7.1764024],[0.0380579,7.1786165],[0.0370923,7.1793776],[0.0377628,7.180474],[0.0391388,7.1806177],[0.0403458,7.1772247],[0.041066,7.176916],[0.040327,7.1752049],[0.0409587,7.1733886],[0.041703,7.1738743],[0.0420651,7.1730333],[0.0417995,7.1714206],[0.0392273,7.1696988],[0.0387874,7.1681606],[0.0405443,7.1675166],[0.0399542,7.1659065],[0.0414884,7.1637509],[0.0412121,7.1624788],[0.0428081,7.1612972],[0.0433391,7.1593757],[0.044353,7.1595886],[0.0464988,7.1575448],[0.0475717,7.1573532],[0.0480974,7.1576832],[0.0484139,7.1628461],[0.0493205,7.1633198],[0.0503343,7.1627609],[0.0490415,7.1606239],[0.0496691,7.1595274],[0.0512356,7.158918],[0.0504202,7.1580824],[0.0503424,7.1563977],[0.048784,7.1564776],[0.0488538,7.1542048],[0.0478023,7.1534942],[0.0484568,7.1524191],[0.0476307,7.149928],[0.0483817,7.1490844],[0.0491568,7.1490817],[0.0512221,7.1533612],[0.0519061,7.1518269],[0.052283,7.1520744],[0.0540009,7.1555594],[0.0552106,7.1567304],[0.0556666,7.1566133],[0.0559348,7.1526905],[0.0576809,7.1553572],[0.0589469,7.1554902],[0.060178,7.1568009],[0.0595611,7.1595993],[0.0607842,7.1630457],[0.060752,7.1651028],[0.0616989,7.1662871],[0.0632867,7.1656777],[0.0635791,7.1631548],[0.0627945,7.159916],[0.0648357,7.1578535],[0.0659072,7.1607383],[0.0702068,7.1598155],[0.0687584,7.1628886],[0.0688013,7.1680222],[0.0706977,7.1667315],[0.0729534,7.1692357],[0.0754103,7.1701459],[0.0757188,7.1684427],[0.0751314,7.1668672],[0.0755967,7.1667342],[0.0800854,7.1693182],[0.0799271,7.1707447],[0.0806513,7.1725277],[0.0820407,7.1736481],[0.0840792,7.1738556],[0.0849281,7.1757956],[0.086571,7.1738157],[0.0887771,7.1737199],[0.0886604,7.1727353],[0.0866622,7.170436],[0.0896421,7.170098],[0.0907043,7.1693981],[0.0909349,7.1659278],[0.0906033,7.165489],[0.0878973,7.1659864],[0.0860144,7.1632186],[0.0844011,7.1632812],[0.0831431,7.162367],[0.083068,7.1606957],[0.0805736,7.1617869],[0.0807184,7.1600198],[0.0799084,7.1590617],[0.0805896,7.1568954],[0.0789374,7.155751],[0.0793451,7.1538296],[0.0789159,7.1517857],[0.0769418,7.1503219],[0.0795758,7.1492201],[0.0800237,7.1482061],[0.0795275,7.1466446],[0.0806071,7.1461323],[0.0825262,7.1491403],[0.0849402,7.1485049],[0.0844574,7.1505748],[0.0860627,7.1523405],[0.0872496,7.1511962],[0.0869458,7.1478109],[0.0873817,7.1474077],[0.0890346,7.1473093],[0.092048,7.1498535],[0.092905,7.1491137],[0.0940101,7.1491908],[0.0939149,7.1462367],[0.0929278,7.1451083],[0.0904226,7.1439825],[0.0924799,7.1424296],[0.093298,7.1376351],[0.0920534,7.1316708],[0.0888535,7.1269627],[0.0864503,7.1261057],[0.0853479,7.1237476],[0.0832182,7.1237156],[0.0806218,7.1208173],[0.0771953,7.1184844],[0.0770076,7.1199496],[0.0754036,7.1199922],[0.0749758,7.1209716],[0.073809,7.1208146],[0.0736052,7.1196755],[0.0745144,7.117485],[0.0673342,7.1159945],[0.0672209,7.1151236],[0.0660226,7.1155966],[0.0637481,7.1123456],[0.0671109,7.1115877],[0.0676574,7.1126224],[0.0686632,7.1122514],[0.0692647,7.1132485],[0.073007,7.1138959],[0.0741604,7.113329],[0.077249,7.1136697],[0.0796227,7.1121938],[0.0836581,7.1123828],[0.0841892,7.1111931],[0.0827086,7.1097452],[0.0836581,7.1083079],[0.09296,7.1053216],[0.093931,7.1040094],[0.0957562,7.0993423],[0.0952372,7.0981565],[0.0934401,7.0983748],[0.0906117,7.0974898],[0.0901148,7.0971757],[0.0906077,7.0962428],[0.0897125,7.095753],[0.0863323,7.0971677],[0.087491,7.0954017],[0.0846854,7.093613],[0.0818235,7.095037],[0.0773737,7.093999],[0.0760312,7.0908362],[0.0765663,7.0893091],[0.0756088,7.0885957],[0.0759172,7.0875497],[0.077092,7.0874459],[0.0755444,7.0853831],[0.0758475,7.0845766],[0.0768694,7.0847868],[0.0789723,7.0872995],[0.0795168,7.086155],[0.0802477,7.0866394],[0.0802195,7.0880434],[0.0825798,7.0906479],[0.0835535,7.0927586],[0.0856191,7.0913659],[0.0869291,7.0922343],[0.0906962,7.0906612],[0.0936922,7.0912987],[0.0940946,7.0897536],[0.093078,7.0861576],[0.0949126,7.084144],[0.0989628,7.0853165],[0.102447,7.0822449],[0.1022297,7.0809513],[0.1006579,7.0796523],[0.1008712,7.0765354],[0.100328,7.0757408],[0.1022686,7.0744569],[0.1031202,7.0764742],[0.1047349,7.0777758],[0.1061712,7.0780459],[0.1068565,7.0772767],[0.107,7.0746123],[0.1084189,7.0731736],[0.1090425,7.0752498],[0.1119715,7.0792344],[0.1146618,7.0809859],[0.1162818,7.0799425],[0.1155254,7.074915],[0.1188004,7.0780393],[0.1198599,7.0779594],[0.1219252,7.0764369],[0.1230624,7.0779461],[0.1253128,7.0774564],[0.1261389,7.0784066],[0.1261657,7.0795538],[0.127527,7.0794021],[0.1262248,7.0764076],[0.1263884,7.0748185],[0.1286361,7.0729846],[0.1306611,7.0696493],[0.133401,7.0679844],[0.1298833,7.063575],[0.1285811,7.0608453],[0.1327559,7.0601519],[0.1347005,7.058978],[0.1350251,7.0581368],[0.1323992,7.0559141],[0.1311962,7.0535983],[0.1295507,7.0541653],[0.128451,7.0555149],[0.1266003,7.0553578],[0.1250285,7.0530899],[0.124779,7.0482824],[0.1237893,7.0458973],[0.1229846,7.047034],[0.1232716,7.052246],[0.1226319,7.0532323],[0.1196346,7.0489985],[0.1183318,7.045324],[0.1163247,7.043986],[0.1165031,7.0425605],[0.114482,7.0416289],[0.113672,7.0461609],[0.1138759,7.0525761],[0.1130658,7.0551582],[0.1101717,7.0534705],[0.1085973,7.0505903],[0.1070148,7.0492114],[0.1033616,7.0484022],[0.0987482,7.0499994],[0.0966346,7.0514155],[0.0947571,7.055089],[0.0884324,7.059529],[0.086402,7.0648021],[0.0822821,7.0608147],[0.0781663,7.0618115],[0.0791091,7.0587783],[0.0786813,7.0579452],[0.0770894,7.057494],[0.078932,7.0536009],[0.0746593,7.0506941],[0.0748859,7.0499448],[0.076789,7.0493046],[0.0762498,7.0465442],[0.0768614,7.0451174],[0.0801927,7.0436426],[0.0860238,7.0452398],[0.090959,7.0475504],[0.0939524,7.0476995],[0.0958407,7.0449204],[0.0955912,7.0407331],[0.0988716,7.0395592],[0.1006579,7.0407784],[0.1022243,7.0409753],[0.1043004,7.0393994],[0.1047027,7.0376798],[0.1030773,7.0312217],[0.0732959,7.0442484],[0.0723945,7.0422544],[0.0714714,7.0417694],[0.0656937,7.0414892],[0.0624737,7.0401365],[0.0562779,7.042955],[0.0554959,7.042761],[0.0542579,7.0409287],[0.0534108,7.0370269],[0.0522596,7.0366605],[0.052846,7.034591],[0.0556045,7.0333838],[0.0560824,7.0323706],[0.0559304,7.0316161],[0.0532804,7.0302796],[0.0529112,7.0294604],[0.0546271,7.0268735],[0.0548009,7.0255801],[0.05378,7.0243944],[0.0503047,7.0237261],[0.0498486,7.0220231],[0.0506523,7.0209883],[0.0541493,7.0193715],[0.0558217,7.0168061],[0.056734,7.011201],[0.0622076,7.0070834],[0.0690713,7.0050569],[0.0736109,7.0052294],[0.0826032,7.0077733],[0.0837109,7.0055959],[0.0843625,6.9999044],[0.0856223,6.99846],[0.086817,6.9979318],[0.0891954,6.9981797],[0.0906832,6.9971018],[0.0911176,6.9941159],[0.0902271,6.9927792],[0.0882722,6.9912809],[0.0856115,6.9909791],[0.0836675,6.9929086],[0.0791496,6.9953771],[0.0767604,6.9974575],[0.0728724,6.9967892],[0.0707872,6.9949782],[0.0687563,6.9943638],[0.0667255,6.994159],[0.0632502,6.9953555],[0.0602527,6.9948166],[0.0563485,6.9978294],[0.0545185,7.0101447],[0.0526288,7.0111795],[0.0504133,7.0110932],[0.0489581,7.0103171],[0.047872,7.011007],[0.0457,7.0105543],[0.0441144,7.0111795],[0.0446357,7.0100369],[0.0440275,7.0084631],[0.0460909,7.0083553],[0.0494685,7.0058438],[0.0515428,7.0024591],[0.0511844,7.0014459],[0.0491536,7.003979],[0.0478503,7.0018555],[0.0469924,7.00178],[0.0436365,7.0050892],[0.0418229,7.0055959],[0.0419858,7.003246],[0.0433216,7.0003571],[0.0459172,6.9976731],[0.0472204,6.9933613],[0.0471661,6.9906988],[0.0455154,6.9903538],[0.0420618,6.99196],[0.0395314,6.9978779],[0.038934,6.9957759],[0.0377937,6.9955172],[0.0334931,6.9983091],[0.0322007,6.9966059],[0.0342315,6.9938572],[0.0340361,6.9927577],[0.032483,6.9919492],[0.0288231,6.9918522],[0.0290621,6.9909467],[0.0320052,6.9885213],[0.0335582,6.9849856],[0.0307888,6.9840154],[0.0288557,6.9843927],[0.0283018,6.9837998],[0.0321572,6.9794664],[0.0317228,6.9789813],[0.027976,6.979143],[0.0279109,6.9763618],[0.0291924,6.9752838],[0.028758,6.9741843],[0.0292575,6.9734297],[0.0324287,6.9742705],[0.0339057,6.9733003],[0.0355348,6.9696998],[0.0346877,6.964396],[0.0331238,6.9627359],[0.0288014,6.960914],[0.0271941,6.9616794],[0.0227414,6.9667892],[0.019581,6.9677809],[0.0184842,6.967339],[0.018962,6.9646439],[0.0185167,6.9635336],[0.0171483,6.962531],[0.0162035,6.9625849],[0.0164533,6.961259],[0.0175176,6.9605151],[0.017952,6.9580572],[0.0196571,6.9558688],[0.0193095,6.951837],[0.0183973,6.9512548],[0.0165836,6.9514058],[0.0136622,6.9533354],[0.0101652,6.9510392],[0.0079606,6.9514704],[0.0073958,6.9523221],[0.0063424,6.9506403],[0.0072329,6.949034],[0.0072872,6.9447218],[0.0022481,6.9438594],[2.17e-05,6.9441936],[0.0001412,6.9431155],[-0.0005539,6.9427705],[-0.003345,6.9440534],[-0.0036382,6.943094],[-0.0049632,6.9440211],[-0.0066791,6.9429754],[-0.0065488,6.9421884],[-0.0037577,6.9407546],[-0.0015856,6.94083],[-0.0012164,6.9397627],[0.000543,6.9400754],[0.0052563,6.9372724],[0.0059731,6.9358925],[0.0057776,6.9328954],[0.0079606,6.9313537],[0.0081778,6.9304158],[0.0068311,6.9263621],[0.0071895,6.9259201],[0.0053215,6.9246048],[0.001086,6.9252301],[0.0005973,6.9260171],[-0.0031603,6.9242814],[-0.0052998,6.9244862],[-0.004822,6.9237747],[-0.0058211,6.9233758],[-0.0045287,6.9233758],[-0.0012489,6.9197425],[-0.0016291,6.9187507],[-0.0055279,6.9168855],[-0.003964,6.9166699],[-0.0033776,6.9140393],[0.0007602,6.9119046],[0.0070592,6.9118615],[0.0080149,6.9094356],[0.0100023,6.9098885],[0.0124024,6.9149018],[0.014303,6.9160769],[0.0190272,6.916519],[0.0222853,6.9158937],[0.0287363,6.9171874],[0.0308866,6.9166591],[0.0332433,6.9128426],[0.0344922,6.9122172],[0.0395857,6.9178343],[0.0414319,6.9165082],[0.0432673,6.9119369],[0.0459498,6.913069],[0.0463842,6.9121633],[0.0479046,6.9119154],[0.0490015,6.9131876],[0.0509021,6.9134355],[0.0535302,6.9113332],[0.0558218,6.9110529],[0.0565277,6.9119369],[0.0610455,6.9124976],[0.0674205,6.9101472],[0.0698532,6.9148371],[0.0698206,6.9165405],[0.0724488,6.9178451],[0.0736,6.9217155],[0.0765323,6.9251439],[0.0805071,6.9260926],[0.0842702,6.9280332],[0.0862685,6.9275265],[0.087007,6.9264376],[0.0884732,6.9269389],[0.091791,6.9259417],[0.0923231,6.9279631],[0.0946961,6.9302163],[0.0965749,6.930723],[0.0990456,6.9292622],[0.0991597,6.9328792],[0.1012611,6.934022],[0.1051328,6.9317688],[0.1066913,6.9285129],[0.108847,6.9265023],[0.1118227,6.9271545],[0.1154935,6.9251816],[0.1183606,6.9222707],[0.1190068,6.9206643],[0.1191036,6.9184539],[0.1184865,6.9173374],[0.1118319,6.9136156],[0.1084031,6.9139878],[0.1073408,6.9125843],[0.1078563,6.9109715],[0.1074424,6.9101574],[0.1049742,6.9091106],[0.1029278,6.9097232],[0.0992178,6.9068116],[0.0966286,6.906924],[0.0954844,6.9048925],[0.0921883,6.9045901],[0.0897748,6.9031866],[0.0888922,6.9019227],[0.0854478,6.9014342],[0.0833623,6.8988676],[0.0820189,6.8987823],[0.0797226,6.8998989],[0.0783636,6.8994957],[0.0782855,6.8979837],[0.0764968,6.896743],[0.0768561,6.8941066],[0.0759188,6.8932692],[0.074099,6.892897],[0.0721307,6.8945409],[0.0718261,6.8958901],[0.069975,6.896177],[0.069522,6.8956497],[0.0708888,6.8901055],[0.0705295,6.8894076],[0.06721,6.8869108],[0.0635,6.8864068],[0.0616411,6.8871434],[0.0597119,6.8864998],[0.0587199,6.8845457],[0.0545491,6.8848016],[0.0551427,6.8815448],[0.0537446,6.8787222],[0.0511671,6.8777917],[0.0476758,6.8796062],[0.0468947,6.8789394],[0.0466526,6.8768845],[0.0452623,6.8753568],[0.0435908,6.875194],[0.0414351,6.8767139],[0.0412711,6.8741084],[0.0390685,6.8769775],[0.0388186,6.8764502],[0.0381547,6.8771481],[0.0377642,6.8720302],[0.0372565,6.8714408],[0.0360302,6.8715416],[0.0329372,6.8747132],[0.0313673,6.8751707],[0.0301176,6.8784431],[0.0279306,6.8775823],[0.0253375,6.8790324],[0.0269543,6.8763727],[0.0269153,6.8754499],[0.0278681,6.8751785],[0.0277354,6.8714796],[0.0299692,6.8685096],[0.0298208,6.8669897],[0.0271183,6.8645548],[0.023502,6.8638724],[0.0220024,6.8646169],[0.0205574,6.8668036],[0.0164881,6.8662376],[0.0140512,6.8682925],[0.0142074,6.8697659],[0.0122548,6.8695332],[0.0121689,6.8671216],[0.0115597,6.8662376],[0.0103803,6.8660747],[0.0092633,6.8608093],[0.0069358,6.8599098],[0.0055924,6.8578471],[0.0040302,6.8571181],[0.0016246,6.8574283],[0.0006561,6.8566373],[0.0001406,6.8543884],[0.0006248,6.8497045],[-0.0010154,6.8433068],[-0.0010388,6.8406235],[-0.0032336,6.8389407],[-0.0046395,6.8392819],[-0.0070686,6.8421823],[-0.0127703,6.8438729],[-0.0161445,6.846494],[-0.01773,6.8462226],[-0.0207449,6.8436325],[-0.023502,6.8443537],[-0.0263139,6.8457806],[-0.0266419,6.8465018],[-0.0267903,6.8482854],[-0.0260092,6.8508833],[-0.019339,6.8571646],[-0.020081,6.8639344],[-0.0230647,6.8679978],[-0.0239863,6.8713943],[-0.0230803,6.8735578],[-0.0183549,6.8761323],[-0.020948,6.8755197],[-0.0228538,6.8768922],[-0.0225492,6.8849334],[-0.0219087,6.8867945],[-0.0234005,6.8849877],[-0.0229865,6.8840339],[-0.0250876,6.878195],[-0.0261186,6.877435],[-0.0284149,6.8774816],[-0.0298521,6.8788618],[-0.0311486,6.8816146],[-0.0316094,6.8862517],[-0.0335933,6.8899039],[-0.0336636,6.8925558],[-0.0343119,6.8932149],[-0.0354835,6.8922224],[-0.0367879,6.8935794],[-0.0365223,6.8950992],[-0.0354601,6.8957815],[-0.0346634,6.9001393],[-0.0350851,6.9009922],[-0.0370534,6.9007751],[-0.0365223,6.8986505],[-0.0378345,6.8969446],[-0.0399746,6.8972858],[-0.0405213,6.8986971],[-0.0417085,6.8976425],[-0.0413492,6.8971928],[-0.0421303,6.8961227],[-0.0413649,6.8948976],[-0.0424115,6.8943083],[-0.0425677,6.8934398],[-0.0406463,6.8889967],[-0.0412008,6.88826],[-0.0423334,6.8883608],[-0.0438252,6.889586],[-0.0465667,6.8956109],[-0.0488161,6.8984102],[-0.0501205,6.8989219],[-0.0500736,6.8968516],[-0.0526433,6.8963321],[-0.0515655,6.8908809],[-0.0525965,6.8903071],[-0.0556738,6.8907724],[-0.0526746,6.8883531],[-0.0498315,6.8841813],[-0.0489568,6.8815448],[-0.0497066,6.8771094],[-0.0427083,6.8748451],[-0.0415523,6.8727979],[-0.0413961,6.86951],[-0.0448015,6.8645936],[-0.0510031,6.864516],[-0.0525965,6.8660825],[-0.053604,6.8707662],[-0.0555801,6.8746434],[-0.059751,6.8766596],[-0.0579545,6.8740851],[-0.0582982,6.8736043],[-0.0601727,6.8736974],[-0.060782,6.8729375],[-0.0585169,6.8721775],[-0.0577202,6.8691067],[-0.0584232,6.8667959],[-0.060657,6.8658964],[-0.0620785,6.8672301],[-0.0641405,6.866098],[-0.0632032,6.8656637],[-0.062266,6.8639422],[-0.0596104,6.8621742],[-0.0603133,6.8605612],[-0.0624066,6.8591809],[-0.0594385,6.8562651],[-0.0518935,6.8524653],[-0.0502533,6.8508678],[-0.0487693,6.8463467],[-0.04841,6.8418411],[-0.0492848,6.8412284],[-0.052081,6.8420117],[-0.0576812,6.8472385],[-0.0609694,6.8472928],[-0.0615161,6.8480217],[-0.0648825,6.8488825],[-0.0664837,6.8547296],[-0.0682567,6.8526979],[-0.0695767,6.8530081],[-0.0720682,6.8522249],[-0.071006,6.8517053],[-0.0699516,6.8460598],[-0.070717,6.8445708],[-0.0695298,6.8419031],[-0.0687253,6.8425933],[-0.0669055,6.8419419],[-0.0663509,6.8398558],[-0.0648122,6.8386848],[-0.0638203,6.8359162],[-0.0623909,6.8354199],[-0.0566189,6.8360093],[-0.0538774,6.8343807],[-0.0504564,6.8299448],[-0.0506087,6.8257376],[-0.0534205,6.8237445],[-0.056369,6.8237019],[-0.0607273,6.8255786],[-0.0619379,6.8252297],[-0.0643436,6.8258656],[-0.0671554,6.8279207],[-0.0683192,6.8273391],[-0.0690534,6.8278277],[-0.0698344,6.8276726],[-0.0701859,6.8265558],[-0.072904,6.8265829],[-0.0736694,6.8244774],[-0.0746106,6.8241245],[-0.0751847,6.8267807],[-0.0763445,6.8268893],[-0.0799843,6.8296269],[-0.0804217,6.8294562],[-0.0796562,6.8290762],[-0.0782464,6.8251211],[-0.0796289,6.8220888],[-0.0837294,6.8218018],[-0.0853931,6.823508],[-0.0872754,6.8236631],[-0.0879315,6.8243223],[-0.0901107,6.8229651],[-0.0920633,6.8227014],[-0.0928444,6.8238337],[-0.0916259,6.8307824],[-0.0949454,6.8260052],[-0.0960702,6.8260052],[-0.0981634,6.8278044],[-0.0981946,6.8305497],[-0.09682,6.8340085],[-0.0968512,6.8377464],[-0.100366,6.8327057],[-0.1010065,6.8308444],[-0.1031309,6.8324575],[-0.1034277,6.8349391],[-0.1055991,6.8397938],[-0.1055835,6.8368934],[-0.1082859,6.8374983],[-0.1114102,6.8389562],[-0.1145031,6.8423994],[-0.1147531,6.840895],[-0.1161746,6.8413913],[-0.1169088,6.837095],[-0.1109571,6.8355905],[-0.1117226,6.8341016],[-0.1083484,6.8328452],[-0.107005,6.8301775],[-0.1077079,6.8288281],[-0.1067394,6.8290142],[-0.1056928,6.8282077],[-0.1058178,6.8260207],[-0.1041776,6.8250901],[-0.1026232,6.8209255],[-0.098468,6.818816],[-0.0986711,6.8154269],[-0.0972496,6.8139534],[-0.0958124,6.8155821],[-0.0910558,6.8147135],[-0.0898529,6.8136897],[-0.0918525,6.8115803],[-0.0914775,6.8107892],[-0.0871505,6.8104635],[-0.0861351,6.809052],[-0.0787619,6.8092691],[-0.0717324,6.8059188],[-0.0659213,6.805624],[-0.0584544,6.8026847],[-0.0556973,6.7992644],[-0.0554942,6.7968137],[-0.0567751,6.7947817],[-0.0598837,6.7946265],[-0.0632657,6.7933468],[-0.0651793,6.7917957],[-0.0669523,6.7918112],[-0.0721698,6.7933934],[-0.0868771,6.8008699],[-0.0908683,6.8005053],[-0.0961014,6.8014205],[-0.0958749,6.7997686],[-0.0915244,6.7982407],[-0.0908917,6.7973643],[-0.088119,6.7973178],[-0.0859867,6.7961932],[-0.0800272,6.7909038],[-0.0783401,6.7885072],[-0.0795274,6.7873439],[-0.0880956,6.7859556],[-0.0954219,6.7870026],[-0.1002801,6.784482],[-0.1006784,6.78359],[-0.1006394,6.7828222],[-0.0967028,6.7842105],[-0.0932662,6.7844121],[-0.0890953,6.7834116],[-0.0868224,6.7818992],[-0.0877519,6.777393],[-0.0895796,6.7736391],[-0.0941409,6.7689079],[-0.097851,6.7679694],[-0.1018109,6.7692491],[-0.1025217,6.7686829],[-0.1010611,6.7674885],[-0.0965154,6.7660536],[-0.0959764,6.7627882],[-0.094016,6.7655572],[-0.0907199,6.7664569],[-0.0896733,6.7645954],[-0.0894546,6.7613999],[-0.0883846,6.7610043],[-0.0867053,6.7639672],[-0.0861976,6.7703195],[-0.081316,6.776408],[-0.0752315,6.7799602],[-0.073646,6.779968],[-0.0720995,6.7784168],[-0.0719198,6.7671162],[-0.0715059,6.7675971],[-0.0699984,6.7673256],[-0.0704593,6.7694586],[-0.0689596,6.7721577],[-0.0688503,6.7742053],[-0.0647536,6.7784595],[-0.0631876,6.7780057],[-0.0623909,6.7767687],[-0.0626174,6.7755781],[-0.0639999,6.7750197],[-0.0645076,6.7737865],[-0.063625,6.7731117],[-0.060864,6.7738485],[-0.0592784,6.7766368],[-0.0551818,6.7765592],[-0.0539789,6.7778506],[-0.051503,6.7786417],[-0.0451569,6.7783354],[-0.0398144,6.7733211],[-0.0406111,6.7774008],[-0.0398808,6.7818178],[-0.037979,6.7847107],[-0.034101,6.7883909],[-0.0383109,6.7903221],[-0.039791,6.7918539],[-0.041318,6.7943202],[-0.0417632,6.7965151],[-0.0396621,6.8031035],[-0.0356944,6.8068804],[-0.0345697,6.8072527],[-0.0317266,6.8068494],[-0.0277744,6.8052828],[-0.0259936,6.8037627],[-0.0250095,6.8025994],[-0.0236036,6.7982562],[-0.0233693,6.7942388],[-0.0165897,6.7950143],[-0.0148401,6.7973876],[-0.0130124,6.7977909],[-0.0131374,6.7955883],[-0.011919,6.7930134],[-0.0151682,6.7867622],[-0.0172458,6.7854592],[-0.0224008,6.7840942],[-0.0218384,6.7822793],[-0.0221352,6.7804489],[-0.0239473,6.7781841],[-0.0237286,6.7770052],[-0.0152306,6.7769432],[-0.0151682,6.7754075],[-0.0164647,6.7725998],[-0.0180112,6.7713123],[-0.0161367,6.77094],[-0.01534,6.7694508],[-0.0143559,6.7717001],[-0.0104506,6.7743371],[-0.0055768,6.7808522],[-0.0043896,6.7814572],[-0.003796,6.7802317],[-0.0039834,6.7712657],[0.0015777,6.7801697],[0.0028743,6.780542],[0.0048269,6.7763692],[0.0047644,6.7691561],[0.0061469,6.7707306],[0.0075919,6.7712968],[0.0112472,6.7695594],[0.0095836,6.7746164],[0.0103959,6.7782462],[0.0122157,6.7785331],[0.0153556,6.7769121],[0.0179097,6.7819613],[0.0144574,6.7838537],[0.0122079,6.7860331],[0.0112941,6.7886934],[0.0116456,6.7915475],[0.0180893,6.7894302],[0.0228694,6.7903764],[0.023299,6.7924937],[0.0197686,6.7967206],[0.0225648,6.7990628],[0.029071,6.7958597],[0.0298442,6.7981942],[0.0291803,6.8033904],[0.0312814,6.8051509],[0.0329763,6.8077103],[0.0407634,6.8080903],[0.0429894,6.8122705],[0.0443016,6.8120921],[0.0453951,6.8108047],[0.0419506,6.807718],[0.0398886,6.8069347],[0.0383499,6.8047709],[0.0391076,6.8032819],[0.0425677,6.8014903],[0.04206,6.7987138],[0.0387952,6.7955495],[0.0401151,6.793215],[0.039873,6.7916949],[0.0382523,6.7895911],[0.0314298,6.7863744],[0.0345696,6.783272],[0.0340541,6.7809142],[0.0330544,6.7797353],[0.0365223,6.7806195],[0.0392091,6.7841097],[0.0421615,6.7835668],[0.0441923,6.7795027],[0.0439579,6.7733754],[0.0483631,6.7775326],[0.0503939,6.7768346],[0.0523621,6.7740269],[0.0529245,6.768458],[0.0536118,6.7674187],[0.0545647,6.7740734],[0.0556113,6.7751593],[0.0548928,6.7761365],[0.0538305,6.7818139],[0.0496753,6.7861572],[0.048738,6.7879721],[0.0484725,6.7902678],[0.049441,6.7932926],[0.0499252,6.793913],[0.0513311,6.7937114],[0.0577983,6.7909193],[0.0613521,6.7863589],[0.060532,6.7907487],[0.0550099,6.7972712],[0.0542679,6.8001641],[0.0559784,6.8002804],[0.0640155,6.7946808],[0.0679364,6.7946808],[0.064781,6.7965422],[0.0625159,6.8008078],[0.0615396,6.8057171],[0.0636406,6.8081058],[0.0646794,6.8080748],[0.0674912,6.8061669],[0.0704827,6.8019014],[0.0719901,6.8012499],[0.0734898,6.8023589],[0.0749816,6.8050501],[0.0761766,6.8054689],[0.0778949,6.8053836],[0.0810348,6.8032586],[0.0812925,6.8038247],[0.0803084,6.8090132],[0.0787307,6.8104325],[0.0752237,6.8114562],[0.0746613,6.8132554],[0.0755908,6.8138914],[0.0809411,6.8130615],[0.0878847,6.8189634],[0.0895405,6.8179319],[0.09047,6.8150624],[0.096531,6.8144032],[0.098343,6.813651],[0.0992491,6.8139534],[0.1005612,6.8125419],[0.1000614,6.8116035],[0.0952344,6.8096802],[0.091665,6.8061281],[0.0914775,6.8052673],[0.0935942,6.8042978],[0.0970152,6.8046779],[0.1012251,6.8029484],[0.1016235,6.8008544],[0.0969215,6.7965112],[0.0972378,6.7957123],[0.0986828,6.7952664],[0.0984211,6.7934515],[0.0996591,6.7918694],[0.0996162,6.7908107],[0.0941605,6.7850481],[0.0922859,6.7845091],[0.0909816,6.7850985],[0.0905988,6.7827485],[0.0869552,6.779968],[0.0859047,6.7797819],[0.0962264,6.7801231],[0.1004206,6.7768191],[0.101397,6.776757],[0.1028029,6.7779359],[0.1068019,6.7784478],[0.1082234,6.7799525],[0.1101917,6.780542],[0.1100355,6.7787115],[0.1083328,6.7758573],[0.107333,6.7749731],[0.1023498,6.7732358],[0.098757,6.7699317],[0.1000379,6.7700713],[0.1014126,6.7690785],[0.1011626,6.7675505],[0.1026701,6.7674032],[0.1033965,6.7652547],[0.1123786,6.7700015],[0.117682,6.7742441],[0.1159559,6.7701023],[0.1160496,6.768458],[0.1174399,6.7682564],[0.1218607,6.7700093],[0.1217357,6.7689544],[0.1181975,6.7605932],[0.1149093,6.7571649],[0.1189161,6.7578708],[0.1201345,6.7575605],[0.1192285,6.7544269],[0.1195409,6.7534729],[0.1214545,6.7550785],[0.123743,6.7549466],[0.1234462,6.7568237],[0.1260862,6.759709],[0.1247506,6.7612525],[0.1249927,6.7624625],[0.1277186,6.7653943],[0.1289839,6.7652237],[0.1270625,6.7608259],[0.1279529,6.7602209],[0.1307804,6.7600503],[0.1308038,6.7594065],[0.1336078,6.7571184],[0.1348809,6.7568624],[0.13624,6.7575915],[0.1407389,6.7565755],[0.1380989,6.757801],[0.1377943,6.7594608],[0.1353261,6.7587007],[0.1331392,6.7619428],[0.1334203,6.7635716],[0.1343264,6.7646265],[0.1369507,6.7662553],[0.14234,6.7662863],[0.1423869,6.7679927],[0.1454799,6.7712502],[0.1411841,6.771545],[0.1419573,6.7751515],[0.14366,6.7764468],[0.145433,6.7752291],[0.1510332,6.7762296],[0.1522595,6.7747017],[0.1523766,6.7723206],[0.1531655,6.7714441],[0.1522751,6.7679616],[0.1547901,6.7679616],[0.1554774,6.7648592],[0.1567115,6.7651539],[0.1576331,6.7667982],[0.1593671,6.7676204],[0.1605699,6.7671085],[0.1604606,6.7662553],[0.1643971,6.7632924],[0.1645065,6.7618187],[0.1661311,6.7599107],[0.1682165,6.7586929],[0.168279,6.7571766],[0.172114,6.7590536],[0.1718953,6.7610121],[0.1731411,6.7615123],[0.1742892,6.7603605],[0.1756131,6.7603373],[0.1765641,6.7586541],[0.178259,6.7595112],[0.1799783,6.7593842],[0.1801706,6.7566569],[0.1820197,6.7579503],[0.1828848,6.7599747],[0.1850561,6.7602868],[0.1849866,6.7582891],[0.1811778,6.7527382],[0.1782167,6.7536971],[0.174998,6.7520563],[0.1745582,6.7513105],[0.1750624,6.7491902],[0.1719725,6.7457701],[0.1681101,6.7438523],[0.1677668,6.7430426],[0.1613188,6.7414124],[0.1619518,6.7405281],[0.1658785,6.7397716],[0.169183,6.740251],[0.169816,6.7397609],[0.168153,6.7377792],[0.1686466,6.7372038],[0.1742685,6.7406559],[0.1772511,6.7393241],[0.1787639,6.7401445],[0.1802337,6.7399421],[0.180738,6.7420197],[0.1836026,6.7432237],[0.1866388,6.7414976],[0.1888972,6.7424139],[0.1900989,6.7404535],[0.1911235,6.7403896],[0.1897985,6.7391749],[0.1863974,6.7389352],[0.1848632,6.7367723],[0.186258,6.7359572],[0.1862258,6.7350302],[0.185523,6.7340979],[0.1832002,6.7336877],[0.1832271,6.7319456],[0.1843268,6.7303474],[0.1861721,6.7298679],[0.1844877,6.7297934],[0.1844501,6.7292926],[0.1828784,6.7301396],[0.181033,6.7291807],[0.1780343,6.7304113],[0.1780477,6.7282537],[0.1794693,6.7264104],[0.1801801,6.727079],[0.1804483,6.7260908],[0.1817679,6.7254035],[0.1817518,6.7238212],[0.1784313,6.723086],[0.177809,6.7223402],[0.176307,6.7227717],[0.1723105,6.7219886],[0.1761353,6.7192928],[0.1754218,6.7175241],[0.1721871,6.7158885],[0.164575,6.7140824],[0.1681155,6.7124309],[0.1675147,6.7082859],[0.1662916,6.7067409],[0.1635182,6.7054623],[0.1592481,6.7057606],[0.1603639,6.7041197],[0.1638669,6.7022603],[0.1631105,6.7012853],[0.1634055,6.7002464],[0.1619089,6.699362],[0.1636845,6.6981099],[0.1631534,6.696437],[0.1603854,6.695526],[0.1594144,6.6963624],[0.1593447,6.69803],[0.1579553,6.6988985],[0.1565874,6.6988771],[0.1529288,6.7010456],[0.1506597,6.7003156],[0.1478809,6.7032992],[0.1479292,6.7052385],[0.1487875,6.7051692],[0.1497906,6.7064053],[0.1496994,6.7081794],[0.1480418,6.70762],[0.1436913,6.7040664],[0.1413792,6.7040824],[0.1438415,6.6987759],[0.1401883,6.6985202],[0.1398075,6.6976198],[0.1401025,6.6965649],[0.1408052,6.6962985],[0.138689,6.6939169],[0.1372218,6.6933762],[0.1346201,6.6934587],[0.1325977,6.6959362],[0.131793,6.6984722],[0.1323885,6.6989464],[0.1320237,6.7022283],[0.1315141,6.7027717],[0.1263213,6.6959895],[0.1263428,6.6943485],[0.1276731,6.6936665],[0.1283437,6.6904165],[0.1278716,6.6890153],[0.1205331,6.6852325],[0.1196694,6.6829734],[0.1184195,6.6821103],[0.1172018,6.6829308],[0.1184571,6.6870866],[0.1162577,6.6941967],[0.1166841,6.6939116],[0.117116,6.6950704],[0.1193261,6.6963518],[0.1146913,6.6961333],[0.1120788,6.6897079],[0.1093161,6.6884132],[0.1082915,6.6889407],[0.1082808,6.6907842],[0.1090532,6.6920469],[0.1086804,6.6943219],[0.1077229,6.6937491],[0.1065829,6.6950984],[0.1060277,6.6926649],[0.1038122,6.6903792],[0.1029485,6.6861489],[0.1010764,6.682446],[0.0992525,6.6816894],[0.0976753,6.6790254],[0.0959372,6.6780877],[0.0952184,6.6809861],[0.0943816,6.6816254],[0.091238,6.6799205],[0.0876868,6.674422],[0.0825798,6.6744966],[0.0800371,6.6728022],[0.0814426,6.6676127],[0.0798333,6.6663446],[0.0812495,6.6598335],[0.0829339,6.6590982],[0.0863242,6.6602598],[0.087558,6.6598548],[0.0870216,6.6588957],[0.0853586,6.6573932],[0.0812065,6.656157],[0.0803804,6.6523953],[0.0766683,6.6536741],[0.0728595,6.6510525],[0.0704777,6.6485482],[0.0683963,6.6482179],[0.0673878,6.6494753],[0.0687933,6.650946],[0.0693512,6.6547504],[0.0730741,6.6587679],[0.0733745,6.6604836],[0.0725913,6.6630731],[0.0739109,6.6656839],[0.0785887,6.6672077],[0.0786316,6.6695201],[0.0778484,6.6714063],[0.0735032,6.6716833],[0.0736105,6.6727489],[0.0760674,6.6747097],[0.0771296,6.6763933],[0.0787175,6.6790467],[0.0779235,6.6798566],[0.0839531,6.6852911],[0.0860023,6.6917165],[0.0855946,6.6921215],[0.0840926,6.6892018],[0.0816464,6.6866657],[0.0774193,6.6849821],[0.0754344,6.6850567],[0.0759494,6.6879977],[0.0736105,6.6876141],[0.0718081,6.6884346],[0.0709069,6.6829468],[0.0696731,6.6819558],[0.0688147,6.6820943],[0.0667977,6.6842148],[0.0648129,6.6841296],[0.0641692,6.6848116],[0.0627959,6.6848755],[0.0622058,6.6826484],[0.0622058,6.677054],[0.0617123,6.6758605],[0.0590622,6.6734736],[0.0582683,6.6732711],[0.0564337,6.674731],[0.0495779,6.6765958],[0.0482905,6.6782049],[0.047915,6.6798459],[0.0488162,6.6839271],[0.0503075,6.6844812],[0.0560903,6.6894788],[0.0596416,6.6904805],[0.0592875,6.692292],[0.0602531,6.6945616],[0.0576031,6.6920895],[0.0522923,6.6903526],[0.0484299,6.6913969],[0.0447392,6.6909493],[0.0443423,6.6919616],[0.0460052,6.6952862],[0.0492453,6.699069],[0.0512624,6.6998575],[0.0517023,6.7006353],[0.0355768,6.6977583],[0.0342142,6.6976944],[0.0330555,6.6985468],[0.0341821,6.7018287],[0.0360703,6.7048229],[0.0394392,6.7055688],[0.0446749,6.7093941],[0.0490147,6.7106887],[0.0550389,6.7160963],[0.0526839,6.716059],[0.0502646,6.7143062],[0.047797,6.7135816],[0.0416386,6.7137628],[0.0391924,6.7128251],[0.0355446,6.7142955],[0.0352228,6.7155316],[0.0362098,6.717556],[0.0412631,6.7207206],[0.0437307,6.7250359],[0.0406086,6.7226705],[0.0334847,6.7213173],[0.0325084,6.7218501],[0.0328624,6.7232672],[0.038023,6.7296176],[0.0437736,6.7325476],[0.0443101,6.7339221],[0.0410914,6.7330058],[0.0374544,6.733091],[0.0355232,6.7312904],[0.0309956,6.7301077],[0.0217581,6.7239491],[0.02002,6.7236295],[0.0193977,6.7240237],[0.0188398,6.7263358],[0.0208247,6.7331869],[0.0205672,6.7398089],[0.0250465,6.7434847],[0.0208032,6.7428508],[0.0198644,6.7433089],[0.0196177,6.7447473],[0.0207657,6.74764],[0.0170481,6.7457275],[0.0154495,6.745866],[0.0169516,6.7401871],[0.0145483,6.7350302],[0.0123167,6.7324731],[0.0121236,6.7303954],[0.0116622,6.7302249],[0.0057775,6.7351687],[0.0040823,6.7376886],[0.0027788,6.7383758],[0.0038409,6.7344122],[0.0074083,6.7281259],[0.0085187,6.7235868],[0.0075799,6.7213759],[0.0053215,6.7213386],[0.00346,6.7201293],[0.0027573,6.7170766],[-0.001545,6.7181421],[-0.0032401,6.7193887],[-0.0083953,6.7288824],[-0.0091678,6.7314768],[-0.0087333,6.729543],[-0.0097418,6.7246523],[-0.0131536,6.7249081],[-0.01737,6.7279554],[-0.0140762,6.7228197],[-0.0100851,6.7197297],[-0.0093877,6.7184511],[-0.0084436,6.7134644],[-0.0094682,6.7110031],[-0.010643,6.7107633],[-0.0125528,6.7112162],[-0.0155568,6.7131981],[-0.021801,6.7143275],[-0.0252986,6.7160537],[-0.0270152,6.7192502],[-0.0290323,6.7269432],[-0.0313068,6.7293086],[-0.0342036,6.7339541],[-0.0388599,6.7361916],[-0.0417996,6.7364686],[-0.0437951,6.7359359],[-0.0439024,6.7354458],[-0.0381088,6.7328247],[-0.0364351,6.7305232],[-0.0351048,6.7258351],[-0.0333238,6.7245565],[-0.0321865,6.7204436],[-0.03371,6.7192715],[-0.048194,6.7154783],[-0.0398469,6.7142849],[-0.0351906,6.7149242],[-0.0327873,6.7143488],[-0.0321865,6.7131981],[-0.0299549,6.7127719],[-0.0250411,6.7074016],[-0.0209856,6.7043967],[-0.0195694,6.7000067],[-0.0203204,6.6967673],[-0.0231528,6.6956379],[-0.0268328,6.6953714],[-0.0321651,6.6968419],[-0.0298584,6.6944444],[-0.0283456,6.6939862],[-0.0220907,6.6891165],[-0.0217688,6.6878698],[-0.0221014,6.6867936],[-0.028925,6.6833411],[-0.0345039,6.6829255],[-0.0290322,6.6799205],[-0.018754,6.6806984],[-0.0157929,6.6802935],[-0.0111902,6.6775229],[-0.0112438,6.6757646],[-0.0085724,6.672376],[-0.0078964,6.6687742],[-0.0090444,6.6678045],[-0.012188,6.6671651],[-0.0161791,6.6684119],[-0.0209749,6.6688168],[-0.0259638,6.667602],[-0.0262106,6.6665151],[-0.0254274,6.6639682],[-0.0207389,6.6592261],[-0.0201595,6.6570735],[-0.0213397,6.6544626],[-0.0267255,6.6520329],[-0.0272405,6.6510206],[-0.0315106,6.652683],[-0.0361884,6.6557095],[-0.0398576,6.6596524],[-0.03636,6.6489319],[-0.0451148,6.6521395],[-0.0462949,6.6519264],[-0.042969,6.6493475],[-0.0405979,6.6438912],[-0.0365746,6.6378275],[-0.036403,6.635824],[-0.0370681,6.6351739],[-0.0421321,6.634364],[-0.0455654,6.6348435],[-0.0498676,6.6377422],[-0.0547278,6.642996],[-0.0541484,6.6334794],[-0.05454,6.6319235],[-0.0554359,6.6312041],[-0.0607467,6.6311882],[-0.0644642,6.6329839],[-0.0671732,6.6359305],[-0.0683212,6.6362502],[-0.0673181,6.6332237],[-0.062592,6.6268401],[-0.0507152,6.62165],[-0.0475502,6.6137316],[-0.0493848,6.6131241],[-0.053891,6.6143284],[-0.0571203,6.6138275],[-0.0601137,6.610918],[-0.0625062,6.6073318],[-0.0650919,6.6088398],[-0.0668407,6.6084028],[-0.0685573,6.6035856],[-0.071261,6.6008359],[-0.0750804,6.6009425],[-0.0771189,6.600367],[-0.0776553,6.6009638],[-0.0779557,6.6044169],[-0.0768399,6.6094047],[-0.0791145,6.6124953],[-0.0781059,6.6138808],[-0.0741685,6.6160869],[-0.0742006,6.6173764],[-0.0771082,6.6206908],[-0.0783527,6.6245381],[-0.0771296,6.6260301],[-0.0802732,6.6285026],[-0.0809169,6.6305701],[-0.0803053,6.6321047],[-0.0817323,6.6325416],[-0.083288,6.6343533],[-0.0840604,6.6342787],[-0.0853372,6.631412],[-0.0890601,6.6295683],[-0.0886631,6.6260088],[-0.0892532,6.6251456],[-0.0906265,6.6264777],[-0.0925362,6.6337991],[-0.0923324,6.6348222],[-0.0940812,6.6362183],[-0.0952506,6.6391276],[-0.0957549,6.6395432],[-0.0970531,6.6390743],[-0.0977075,6.6282148],[-0.0987268,6.6249218],[-0.0962591,6.6192734],[-0.0977075,6.6179839],[-0.0984907,6.6156712],[-0.0999713,6.6151064],[-0.1016879,6.6167157],[-0.1040268,6.6210319],[-0.1066554,6.6226731],[-0.106988,6.6252202],[-0.1064944,6.6262113],[-0.1096165,6.6360158],[-0.108726,6.6391489],[-0.1103997,6.63868],[-0.1126957,6.639394],[-0.1135326,6.6390743],[-0.1134253,6.6380513],[-0.1143479,6.6367724],[-0.1181781,6.6329999],[-0.1201093,6.6298667],[-0.1198518,6.6281722],[-0.1186395,6.6262539],[-0.1193905,6.6240372],[-0.121032,6.623888],[-0.1251626,6.6272983],[-0.1291967,6.6278312],[-0.1293898,6.6293125],[-0.1288855,6.6299093],[-0.1209891,6.6337139],[-0.119766,6.6350567],[-0.1206565,6.6395645],[-0.1191115,6.6454258],[-0.1171804,6.6473333],[-0.1158285,6.6476424],[-0.117352,6.6483138],[-0.1200771,6.648367],[-0.1209301,6.6512603],[-0.1209247,6.650136],[-0.1222444,6.6508714],[-0.1226521,6.649177],[-0.124594,6.6485269],[-0.12667,6.6500082],[-0.1290679,6.6500508],[-0.127582,6.6485216],[-0.1277643,6.6467792],[-0.1291618,6.6449995],[-0.131675,6.6442455],[-0.1333916,6.6451807],[-0.1373828,6.6453192],[-0.1376188,6.6497737],[-0.1384878,6.6496778],[-0.1390457,6.651287],[-0.1392067,6.6498803],[-0.141964,6.64809],[-0.1483154,6.6490704],[-0.1484656,6.6474719],[-0.1504505,6.6457242],[-0.1531112,6.649081],[-0.1555789,6.6488466],[-0.1563406,6.6511378],[-0.159173,6.6526936],[-0.1598704,6.6521928],[-0.1606429,6.6527682],[-0.1624131,6.6518944],[-0.1654279,6.6522887],[-0.1648379,6.6509886],[-0.1663614,6.6480047],[-0.1671338,6.6473014],[-0.1706958,6.6469391],[-0.1743865,6.6489851],[-0.1747513,6.6485163],[-0.1757813,6.6489638],[-0.1770473,6.6522461],[-0.1813174,6.6533331],[-0.1817894,6.6541003],[-0.1767254,6.6586613],[-0.1733136,6.6600893],[-0.1774335,6.6613041],[-0.1812744,6.6615385],[-0.1846218,6.6634141],[-0.1886344,6.6640535],[-0.1885486,6.6700849],[-0.1867891,6.6737933],[-0.186038,6.6746884],[-0.1827979,6.6759458],[-0.1818109,6.6756474],[-0.1791072,6.6723014],[-0.1780129,6.6719178],[-0.1785493,6.6753064],[-0.177455,6.6775016],[-0.177691,6.6791],[-0.1800728,6.6813164],[-0.1874542,6.6832558],[-0.1882053,6.6835755],[-0.1882267,6.6843427],[-0.1850939,6.6887542],[-0.1838279,6.6893936],[-0.1782918,6.6877739],[-0.174644,6.6879657],[-0.174129,6.6884559],[-0.1753736,6.6913756],[-0.1683569,6.695169],[-0.1694727,6.6962772],[-0.1723695,6.6961706],[-0.1782489,6.6980886],[-0.1791716,6.6994952],[-0.1785922,6.7016263],[-0.1793862,6.7031607],[-0.1839566,6.7059737],[-0.1850081,6.7072524],[-0.1846218,6.7091917],[-0.179708,6.7116211],[-0.1797509,6.7154783],[-0.17797,6.7169913],[-0.1739574,6.717311],[-0.1696015,6.7161815],[-0.1649451,6.7162242],[-0.1641941,6.7156914],[-0.1601601,6.7168208],[-0.1615548,6.7196125],[-0.1610828,6.7210829],[-0.1598382,6.7218501],[-0.1559758,6.7227025],[-0.1537228,6.7221058],[-0.1562548,6.7246417],[-0.1598168,6.7263678],[-0.1603317,6.7275399],[-0.1599455,6.7299692],[-0.1577139,6.7327608],[-0.1531649,6.7343377],[-0.1556969,6.7350196],[-0.1576281,6.7373423],[-0.1587224,6.7350622],[-0.1664257,6.7318871],[-0.1680994,6.7305445],[-0.1706314,6.730097],[-0.1743007,6.7283283],[-0.1742363,6.7291807],[-0.17061,6.7338049],[-0.1711464,6.7353818],[-0.173614,6.7384504],[-0.1727772,6.7436499],[-0.1678205,6.7481035],[-0.1671553,6.7492542],[-0.167563,6.7517047],[-0.1687646,6.7504475],[-0.1708675,6.7501492],[-0.1759637,6.7508204],[-0.1764679,6.7517899],[-0.1771331,6.751694],[-0.1813603,6.7432876],[-0.186081,6.7390684],[-0.1877761,6.7347639],[-0.1900077,6.7317272],[-0.1914883,6.7307789],[-0.1940847,6.730406],[-0.1953292,6.7315994],[-0.196048,6.7362555],[-0.1976359,6.7390044],[-0.1944065,6.7403469],[-0.1907373,6.743277],[-0.1903188,6.7553911],[-0.1909089,6.7558279],[-0.1975071,6.7500266],[-0.1987195,6.7498721],[-0.2008331,6.7516621],[-0.203054,6.7518219],[-0.2050817,6.7547732],[-0.2065086,6.7556681],[-0.2097917,6.7565631],[-0.211637,6.7577564],[-0.2113527,6.7596954],[-0.2096093,6.7607822],[-0.2095074,6.7617997],[-0.2096254,6.7619435],[-0.2097112,6.7610379],[-0.2134717,6.7591148],[-0.2143836,6.7563713],[-0.2186752,6.7518965],[-0.2190614,6.7503196],[-0.2183104,6.7410288],[-0.2192545,6.7390684],[-0.2213788,6.7390258],[-0.2220011,6.7396224],[-0.2222908,6.7432343],[-0.2249944,6.7505327],[-0.2243453,6.7558279],[-0.2257884,6.7571544],[-0.2253753,6.7582731],[-0.2259654,6.7591308],[-0.2258527,6.7614321],[-0.2269095,6.7611711],[-0.2292001,6.7574154],[-0.2311045,6.7567602],[-0.2330303,6.757767],[-0.2344036,6.7600257],[-0.2381158,6.7623484],[-0.2402294,6.762913],[-0.2401435,6.7642395],[-0.2362597,6.768629],[-0.2362543,6.7695612],[-0.2420265,6.7668391],[-0.2452183,6.7683147],[-0.2466881,6.7717133],[-0.2463663,6.7741424],[-0.2452344,6.7751226],[-0.246039,6.7786064],[-0.2507275,6.7752824],[-0.2547455,6.7824418],[-0.2547991,6.7843488],[-0.2554965,6.7826548],[-0.2574277,6.7825696],[-0.2563334,6.7790538],[-0.2566767,6.7782868],[-0.259831,6.7776688],[-0.257535,6.776433],[-0.2560008,6.7738761],[-0.2528787,6.774462],[-0.2528572,6.7727254],[-0.250926,6.7700406],[-0.2496815,6.7661412],[-0.2472139,6.7652463],[-0.2464092,6.7642874],[-0.246259,6.7619222],[-0.2468813,6.760111],[-0.2494025,6.7596102],[-0.2493274,6.7582358],[-0.2442098,6.7539208],[-0.2421499,6.7496377],[-0.2364636,6.7461431],[-0.2368498,6.7450776],[-0.2381802,6.7445236],[-0.24966,6.7428188],[-0.2505505,6.741146],[-0.2430082,6.7352966],[-0.2424717,6.7291807],[-0.2407122,6.7275612],[-0.2359057,6.7251318],[-0.2320433,6.7185257],[-0.228138,6.7144341],[-0.2280951,6.7128997],[-0.22964,6.7112801],[-0.2388883,6.7099802],[-0.2429438,6.7105982],[-0.2441669,6.711685],[-0.2454972,6.7158832],[-0.2425361,6.7240876],[-0.2427292,6.7261334],[-0.244875,6.7287545],[-0.2466774,6.7292233],[-0.2515161,6.7288397],[-0.2545095,6.7269538],[-0.255872,6.7273161],[-0.2586615,6.729852],[-0.260582,6.7301823],[-0.2650452,6.7273587],[-0.2680493,6.7230647],[-0.2717722,6.7223508],[-0.2730167,6.7230221],[-0.2744115,6.7259203],[-0.2754736,6.7327501],[-0.2743256,6.736735],[-0.2720296,6.7371825],[-0.273757,6.7374275],[-0.2794004,6.735531],[-0.2820933,6.7319616],[-0.2845717,6.731301],[-0.2856231,6.7350728],[-0.2858591,6.7391749],[-0.2848506,6.7433089],[-0.2858913,6.7475068],[-0.2854192,6.750245],[-0.2860522,6.7504688],[-0.2881444,6.7481141],[-0.2911377,6.7415296],[-0.2930153,6.74121],[-0.2959442,6.746484],[-0.2961052,6.7482953],[-0.2947641,6.7509482],[-0.2949357,6.7536012],[-0.2963412,6.7536651],[-0.2973819,6.7562648],[-0.2973175,6.7585128],[-0.2990449,6.7608674],[-0.3004074,6.7601855],[-0.2996349,6.7577138],[-0.3013301,6.7518539],[-0.3023601,6.7501811],[-0.303787,6.7501385],[-0.3030682,6.7478797],[-0.305171,6.7450137],[-0.3051925,6.7445236],[-0.301373,6.7425205],[-0.2982187,6.7278169],[-0.2982187,6.7266022],[-0.3016305,6.7242581],[-0.3024674,6.722809],[-0.3021026,6.7163733],[-0.3038407,6.7164586],[-0.3045488,6.7174602],[-0.3056002,6.7243434],[-0.3077459,6.7312584],[-0.3110987,6.7331656],[-0.3162432,6.7294791],[-0.3192044,6.7305019],[-0.322938,6.735808],[-0.3247404,6.7429254],[-0.3245259,6.7442465],[-0.3264785,6.7436712],[-0.329032,6.7382586],[-0.3313923,6.7392389],[-0.3343106,6.7424992],[-0.3335381,6.7392815],[-0.3337741,6.7327394],[-0.3413916,6.7363408],[-0.3432584,6.7321002],[-0.3478933,6.7311412],[-0.3496099,6.7300331],[-0.3500605,6.7273481],[-0.3486014,6.7241729],[-0.3415632,6.7222337],[-0.3396964,6.721296],[-0.3374648,6.7186535],[-0.3381729,6.7173536],[-0.3419495,6.7162455],[-0.3429795,6.714839],[-0.3430224,6.7140718],[-0.3393531,6.7081261],[-0.3401256,6.7061868],[-0.3451896,6.7055688],[-0.3475285,6.7047377],[-0.3496528,6.7029902],[-0.3507042,6.7030328],[-0.3529573,6.7064426],[-0.3539765,6.7125374],[-0.3570449,6.7162348],[-0.3584182,6.720401],[-0.362742,6.7231926],[-0.3633106,6.7248335],[-0.3625381,6.7267088],[-0.3559506,6.7283922],[-0.3550494,6.7296602],[-0.3554463,6.7334213],[-0.3540945,6.7443957],[-0.3579462,6.7414231],[-0.3614009,6.7364899],[-0.3632891,6.7348278],[-0.3639972,6.7355097],[-0.3643513,6.7400699],[-0.362978,6.7541659],[-0.3618085,6.7557747],[-0.3601778,6.7557214],[-0.3607893,6.7573515],[-0.3597057,6.7632327],[-0.3574741,6.7651717],[-0.3559291,6.7680696],[-0.3617549,6.764639],[-0.3660143,6.7587792],[-0.3691363,6.757245],[-0.369705,6.7544109],[-0.3707886,6.7556681],[-0.3728593,6.7626254],[-0.3721404,6.7673025],[-0.3704882,6.770584],[-0.3708744,6.7712658],[-0.3753269,6.7706479],[-0.3764641,6.7719051],[-0.375799,6.7762945],[-0.3737068,6.778617],[-0.3711963,6.7800553],[-0.371325,6.7814829],[-0.3700161,6.7848175],[-0.3700483,6.7859575],[-0.3738678,6.7825589],[-0.3745651,6.7831236],[-0.3756166,6.785819],[-0.3745437,6.7883333],[-0.3755307,6.7925947],[-0.3741575,6.795812],[-0.3727734,6.7975379],[-0.3716469,6.7974633],[-0.3718615,6.7988696],[-0.371089,6.8012772],[-0.3699732,6.8025876],[-0.3673661,6.8036209],[-0.368321,6.8051337],[-0.3676236,6.8073176],[-0.3631604,6.8118612],[-0.3643781,6.8115895],[-0.3650487,6.8124098],[-0.3650218,6.8111581],[-0.3680527,6.8102259],[-0.3709173,6.8070939],[-0.3745759,6.8044626],[-0.3767002,6.8018205],[-0.3787923,6.8028219],[-0.3810132,6.8061351],[-0.3815818,6.8074455],[-0.3814423,6.8107053],[-0.3794253,6.8146789],[-0.3807557,6.8143593],[-0.3821826,6.8161064],[-0.3823543,6.8194408],[-0.3840602,6.8231161],[-0.3838456,6.8257899],[-0.3813458,6.8282827],[-0.3826439,6.8286662],[-0.3841889,6.8306263],[-0.385015,6.830605],[-0.3878957,6.8352655],[-0.3877831,6.8389672],[-0.3865922,6.8415238],[-0.3855085,6.8419393],[-0.3871179,6.8439526],[-0.3849614,6.8484266],[-0.3826225,6.8498327],[-0.3832126,6.850834],[-0.3845322,6.8511429],[-0.3878903,6.8470524],[-0.3895533,6.8471376],[-0.389446,6.8505783],[-0.3916884,6.8524318],[-0.3912002,6.8558378],[-0.3904331,6.8567566],[-0.3902507,6.8625832],[-0.3938985,6.8619867],[-0.393405,6.861582],[-0.3938663,6.8598563],[-0.3933621,6.8590681],[-0.3955507,6.8563305],[-0.3954327,6.8548498],[-0.3971493,6.8523253],[-0.3960443,6.8510683],[-0.3951967,6.848352],[-0.39554,6.8474892],[-0.3949714,6.8450924],[-0.397085,6.8439739],[-0.3978467,6.8428554],[-0.3955078,6.8403521],[-0.394907,6.8375824],[-0.39554,6.8366663],[-0.39554,6.8349299],[-0.3988445,6.8329272],[-0.4058182,6.833609],[-0.4071057,6.8325331],[-0.4087257,6.8328846],[-0.4091334,6.8319472],[-0.4104316,6.8318513],[-0.4078674,6.8296569],[-0.4004216,6.8296249],[-0.3951645,6.8283253],[-0.3938878,6.8276328],[-0.3925574,6.8252999],[-0.3939414,6.8225195],[-0.3920424,6.8210387],[-0.3923214,6.8194302],[-0.3942633,6.8178429],[-0.3983832,6.8164473],[-0.3988552,6.8157975],[-0.4028785,6.8157016],[-0.4017305,6.8141569],[-0.396173,6.8148174],[-0.3928578,6.8136562],[-0.3913772,6.8123033],[-0.3918707,6.8106308],[-0.3949177,6.8101194],[-0.3964412,6.8090541],[-0.3953254,6.8076266],[-0.3950894,6.8052402],[-0.3925252,6.8038979],[-0.390535,6.7995887],[-0.3917205,6.7981318],[-0.3948426,6.7974766],[-0.3931931,6.7965391],[-0.3951779,6.7965311],[-0.3959906,6.7957454],[-0.3948104,6.7954977],[-0.3947997,6.7949597],[-0.3941023,6.7958067],[-0.3931421,6.7953273],[-0.3879708,6.7962541],[-0.3865331,6.7951195],[-0.3865922,6.7931486],[-0.388931,6.7881734],[-0.3916293,6.7868151],[-0.3946334,6.7872093],[-0.3956607,6.7866127],[-0.3965458,6.787132],[-0.3962186,6.7862185],[-0.3942686,6.7867299],[-0.3928658,6.7853955],[-0.3887701,6.7835417],[-0.3903258,6.7817812],[-0.392147,6.7813497],[-0.3934613,6.7799701],[-0.394384,6.7800473],[-0.393751,6.7787902],[-0.3942525,6.7769977],[-0.3933513,6.7759855],[-0.38921,6.7742063],[-0.3890705,6.7697743],[-0.3907603,6.7678672],[-0.3947595,6.7672652],[-0.3953576,6.7659175],[-0.3968382,6.7657151],[-0.4020739,6.7682001],[-0.4025406,6.7686503],[-0.4020792,6.7693934],[-0.4028732,6.769476],[-0.4030636,6.7706452],[-0.4034686,6.7703363],[-0.4043564,6.7712632],[-0.4032862,6.7691457],[-0.4044235,6.7683573],[-0.4032111,6.765811],[-0.402664,6.7618796],[-0.4037905,6.7611018],[-0.408361,6.762977],[-0.4109252,6.7661093],[-0.4132426,6.7667698],[-0.4148948,6.7656405],[-0.4161501,6.7658855],[-0.4176843,6.769444],[-0.4209888,6.7718944],[-0.4219651,6.773908],[-0.4215038,6.77508],[-0.4244864,6.7736204],[-0.425452,6.7737162],[-0.4266322,6.7749095],[-0.4267502,6.7770296],[-0.4274261,6.7764863],[-0.429765,6.7765395],[-0.4338849,6.7794693],[-0.4340351,6.7805241],[-0.4331875,6.7815788],[-0.4339922,6.7825589],[-0.4346466,6.7826335],[-0.4350972,6.7803643],[-0.4357517,6.7798848],[-0.4352045,6.7794907],[-0.4356873,6.7792243],[-0.4355157,6.7781802],[-0.4372108,6.776678],[-0.4370928,6.7759642],[-0.4352474,6.7766354],[-0.4313958,6.772246],[-0.4303551,6.7708397],[-0.4308915,6.7683466],[-0.4299259,6.7687515],[-0.42763,6.768027],[-0.4262138,6.7668125],[-0.4242826,6.7637014],[-0.4238105,6.7601429],[-0.4227591,6.7582891],[-0.4203558,6.7573728],[-0.4194761,6.7551141],[-0.4197121,6.7537504],[-0.4184246,6.7535799],[-0.4178667,6.7545814],[-0.416987,6.7547092],[-0.4148627,6.7544109],[-0.4114938,6.7525358],[-0.4109359,6.7504262],[-0.4137898,6.7456103],[-0.4112363,6.7446727],[-0.4105497,6.7437351],[-0.4120732,6.7413698],[-0.4166222,6.7389618],[-0.4158068,6.7363408],[-0.4123736,6.7346999],[-0.4017735,6.7349983],[-0.4006148,6.7344016],[-0.4008079,6.7325477],[-0.4052925,6.7275612],[-0.4029751,6.7251318],[-0.4034472,6.7244073],[-0.4058075,6.7233631],[-0.4105282,6.7241303],[-0.4159355,6.7215304],[-0.4184246,6.7224254],[-0.4187465,6.7240876],[-0.4196692,6.7249613],[-0.4220939,6.725558],[-0.4221153,6.7287758],[-0.4247224,6.731333],[-0.4262674,6.7361596],[-0.4233813,6.7391003],[-0.4235959,6.7406559],[-0.4257739,6.7438204],[-0.4283702,6.7458873],[-0.4293358,6.7489985],[-0.4326081,6.7506606],[-0.4345742,6.7530125],[-0.4357946,6.751481],[-0.4360628,6.7497869],[-0.4377794,6.7485084],[-0.4406977,6.7492861],[-0.4416955,6.7504155],[-0.4424679,6.7532922],[-0.4430795,6.753484],[-0.445708,6.7520456],[-0.4475856,6.7517686],[-0.4493344,6.749968],[-0.4517269,6.7493501],[-0.4508686,6.7435753],[-0.4525101,6.740315],[-0.4571557,6.7378111],[-0.4599452,6.7383971],[-0.4621553,6.7379709],[-0.4632229,6.7389885],[-0.4630727,6.7436605],[-0.4610771,6.7506126],[-0.4614741,6.7520083],[-0.4610181,6.7523173],[-0.4610181,6.7529513],[-0.4674071,6.7504954],[-0.4698479,6.7476453],[-0.4738337,6.7494886],[-0.474059,6.7497017],[-0.4740322,6.7503303],[-0.4741877,6.7505913],[-0.4749441,6.7447153],[-0.4759956,6.7435647],[-0.479815,6.7415935],[-0.4824972,6.742073],[-0.4849327,6.7437138],[-0.4854262,6.7449178],[-0.4833877,6.7505434],[-0.4862577,6.7510494],[-0.4870141,6.7535266],[-0.4857749,6.7578203],[-0.4836479,6.7610885],[-0.4844579,6.7625055],[-0.4839698,6.7632779],[-0.4844821,6.7628278],[-0.4849166,6.7633205],[-0.4851767,6.7634164],[-0.4847905,6.7628624],[-0.4858553,6.7616665],[-0.4881567,6.760356],[-0.4915685,6.76148],[-0.4899108,6.760372],[-0.4897499,6.7587206],[-0.4919279,6.7572929],[-0.4931563,6.7550715],[-0.4952538,6.7533029],[-0.494653,6.7517153],[-0.4966915,6.7492968],[-0.4983383,6.7484284],[-0.4995078,6.7439695],[-0.5021551,6.7396783],[-0.5029222,6.7394839],[-0.504545,6.7406266],[-0.5054502,6.7399074],[-0.5047462,6.7413338],[-0.5071736,6.745376],[-0.5074686,6.7522694],[-0.5091369,6.7530045],[-0.5104619,6.7550928],[-0.5133855,6.7568241],[-0.5171084,6.7603827],[-0.5109716,6.7627],[-0.5081713,6.7648574],[-0.5107677,6.766365],[-0.5130315,6.7663756],[-0.5134982,6.768597],[-0.5174732,6.7688047],[-0.5236638,6.7671747],[-0.5250531,6.7679311],[-0.5245972,6.7691776],[-0.5226553,6.7706372],[-0.5187929,6.7709036],[-0.5163574,6.7757298],[-0.514563,6.7766168],[-0.5148983,6.778063],[-0.5154187,6.7786277],[-0.5183745,6.7776475],[-0.5213839,6.7781909],[-0.5244362,6.7767633],[-0.525831,6.7769071],[-0.5269146,6.7779352],[-0.5261958,6.7800553],[-0.5232346,6.7802151],[-0.5214322,6.7821647],[-0.5225104,6.7841996],[-0.5223388,6.7850306],[-0.5180526,6.7875182],[-0.51301,6.789324],[-0.5130208,6.7898034],[-0.516631,6.7909593],[-0.5205309,6.7896117],[-0.5232775,6.7899526],[-0.5251443,6.7887381],[-0.5283737,6.7894306],[-0.5297148,6.79317],[-0.5293715,6.7947786],[-0.5235887,6.7989441],[-0.5217165,6.801453],[-0.5280197,6.7992424],[-0.5296826,6.7991892],[-0.5308199,6.8002758],[-0.5311847,6.801991],[-0.5308628,6.8060499],[-0.5325043,6.8058581],[-0.5339286,6.8015755],[-0.5347306,6.8013678],[-0.5394674,6.8073762],[-0.5399931,6.8094855],[-0.5389309,6.8139598],[-0.5406153,6.8151423],[-0.5403632,6.8198989],[-0.5413341,6.8218111],[-0.54039,6.8228817],[-0.5420637,6.8233451],[-0.5417418,6.8249377],[-0.5380404,6.8296808],[-0.538491,6.8309698],[-0.5397946,6.8318806],[-0.540154,6.8344426],[-0.5407119,6.8343973],[-0.5405027,6.8349645],[-0.5411786,6.8353773],[-0.5405563,6.8360857],[-0.5437106,6.8355797],[-0.5428577,6.8339818],[-0.5433136,6.8341949],[-0.5431527,6.8336463],[-0.5439091,6.8333906],[-0.542922,6.8331243],[-0.5431098,6.8321389],[-0.5422032,6.8315903],[-0.541935,6.8298646],[-0.5430239,6.8301362],[-0.5426833,6.8294332],[-0.5436811,6.8289325],[-0.5433941,6.8282214],[-0.5463767,6.8259604],[-0.5482355,6.8266688],[-0.5478264,6.8250109],[-0.5472725,6.824951],[-0.5474711,6.823947],[-0.544982,6.8153181],[-0.5453789,6.8131023],[-0.5473691,6.8122714],[-0.55062,6.812021],[-0.5517606,6.812561],[-0.5514729,6.8117653],[-0.5487934,6.8108278],[-0.5470258,6.8093044],[-0.5466235,6.8064441],[-0.5427933,6.8022467],[-0.5385661,6.7914441],[-0.5380082,6.7876514],[-0.5382014,6.7797037],[-0.5434879,6.7698249],[-0.5440325,6.7703869],[-0.5439895,6.7720169],[-0.5473101,6.7752078],[-0.549016,6.7817599],[-0.551151,6.7828839],[-0.5535114,6.7809502],[-0.5548176,6.7809848],[-0.5587578,6.7864369],[-0.5610967,6.7885357],[-0.5623412,6.7860534],[-0.5599943,6.7772427],[-0.5603537,6.7768591],[-0.5674481,6.7793948],[-0.5683548,6.7826708],[-0.5692828,6.7833872],[-0.5724692,6.7822819],[-0.5729038,6.7836723],[-0.5725604,6.7875555],[-0.5762136,6.7885463],[-0.5768788,6.7911138],[-0.5790568,6.7914068],[-0.5799365,6.7933511],[-0.5814868,6.7942406],[-0.5830801,6.7990826],[-0.5829728,6.8013891],[-0.5876827,6.8005208],[-0.5891848,6.8012559],[-0.5897427,6.8027048],[-0.5887127,6.8060659],[-0.5907727,6.8086173],[-0.5912876,6.813049],[-0.5910194,6.8165965],[-0.5892491,6.8162449],[-0.5907619,6.8179601],[-0.5895978,6.8198829],[-0.5906117,6.8212172],[-0.5896461,6.8215181],[-0.5900109,6.8221786],[-0.5893886,6.8225301],[-0.5893618,6.8233584],[-0.5910516,6.8217338],[-0.5911186,6.8205048],[-0.5922398,6.8206712],[-0.5914432,6.8197924],[-0.5939484,6.815691],[-0.5947852,6.8125164],[-0.5949032,6.807829],[-0.5967271,6.8075307],[-0.5992055,6.8089369],[-0.603497,6.8134751],[-0.6038833,6.8185247],[-0.603143,6.8201759],[-0.6017777,6.8212172],[-0.6027246,6.8209375],[-0.6030035,6.8219975],[-0.6053639,6.8197178],[-0.6081749,6.8221041],[-0.609355,6.8252786],[-0.6097306,6.8281548],[-0.6089795,6.8315104],[-0.6065011,6.837103],[-0.6110931,6.8335238],[-0.6106746,6.8323307],[-0.6116939,6.8320431],[-0.6126273,6.8299658],[-0.6137001,6.8292201],[-0.612402,6.8216141],[-0.6092262,6.8119624],[-0.6087542,6.8088091],[-0.6054819,6.8052722],[-0.6053746,6.8043987],[-0.6017912,6.801959],[-0.6011796,6.8007552],[-0.6018019,6.7975059],[-0.5996454,6.7968241],[-0.5986047,6.7957481],[-0.5982936,6.7936494],[-0.5993557,6.7904959],[-0.5970597,6.7908901],[-0.5937553,6.7895904],[-0.592382,6.7844127],[-0.5893136,6.7775943],[-0.5890346,6.7748669],[-0.5863953,6.7702964],[-0.586288,6.7692415],[-0.5877042,6.7671321],[-0.5895496,6.7725231],[-0.5925322,6.7754422],[-0.5996776,6.7772534],[-0.6028104,6.7787875],[-0.608604,6.7782548],[-0.6113398,6.7790698],[-0.6129438,6.7803483],[-0.6157762,6.7781909],[-0.6229591,6.7780045],[-0.6233346,6.780018],[-0.6225246,6.7817333],[-0.6248796,6.7841996],[-0.623619,6.7866819],[-0.6237209,6.7895371],[-0.6211835,6.7925174],[-0.6230396,6.7928237],[-0.6236619,6.7935801],[-0.6233561,6.7981345],[-0.6211781,6.7994448],[-0.6211138,6.8015862],[-0.6241339,6.8040417],[-0.6236458,6.8068009],[-0.6240401,6.8104656],[-0.6247053,6.8107266],[-0.6243807,6.8125057],[-0.6268913,6.8161863],[-0.6294018,6.8181678],[-0.631215,6.8212198],[-0.636617,6.8218484],[-0.6381941,6.8199735],[-0.6396532,6.8193769],[-0.643698,6.8196965],[-0.6454253,6.8207085],[-0.6468523,6.8249803],[-0.645994,6.826738],[-0.6426787,6.8276861],[-0.6447709,6.8281655],[-0.6442988,6.835143],[-0.6433869,6.8373907],[-0.6461871,6.8350578],[-0.6475818,6.8349938],[-0.6511653,6.839681],[-0.6517017,6.8417369],[-0.6540942,6.8434519],[-0.6539869,6.847095],[-0.6526995,6.8478833],[-0.6539655,6.8478513],[-0.6543303,6.8491722],[-0.6557036,6.8505677],[-0.6588686,6.8489592],[-0.6611538,6.850067],[-0.6616688,6.8525064],[-0.6610465,6.8548605],[-0.6615079,6.8565861],[-0.6623662,6.8568738],[-0.6617975,6.858642],[-0.6624198,6.8596433],[-0.6648338,6.8551268],[-0.6668186,6.8539338],[-0.6670547,6.8518353],[-0.6680095,6.8501309],[-0.6690395,6.8497794],[-0.6657672,6.8441976],[-0.6657779,6.8429086],[-0.6667221,6.8421949],[-0.6690073,6.841918],[-0.6730414,6.8430045],[-0.6738138,6.8455824],[-0.6762385,6.8462535],[-0.6768179,6.8440058],[-0.6790173,6.8426317],[-0.6806052,6.8429406],[-0.6831372,6.8452202],[-0.6863988,6.8439419],[-0.6902182,6.843878],[-0.6950033,6.8509405],[-0.6958401,6.8502268],[-0.696044,6.8516009],[-0.6973529,6.8492787],[-0.7016122,6.8503972],[-0.7045305,6.8560855],[-0.7077062,6.8567992],[-0.7139504,6.8602398],[-0.7186818,6.8594516],[-0.7212997,6.8602292],[-0.7220399,6.8622104],[-0.720613,6.8664818],[-0.723306,6.8644686],[-0.7258058,6.8640852],[-0.7249689,6.8683459],[-0.7236922,6.8697733],[-0.7247543,6.870423],[-0.7241213,6.8740659],[-0.7249689,6.8752589],[-0.7252479,6.8772721],[-0.7239068,6.880606],[-0.7242179,6.882992],[-0.7237351,6.8847388],[-0.7253766,6.8858146],[-0.7283592,6.8828961],[-0.7287562,6.8809895],[-0.7308054,6.8791148],[-0.7319749,6.8790083],[-0.7340026,6.8804037],[-0.7340777,6.8821931],[-0.7365239,6.8814475],[-0.7379508,6.8819588],[-0.7393456,6.8838867],[-0.7375109,6.8875295],[-0.7381868,6.890906],[-0.7421029,6.887668],[-0.7440019,6.8851968],[-0.7453644,6.8850903],[-0.7461476,6.8856122],[-0.7470489,6.8882112],[-0.7474351,6.8977654],[-0.7510293,6.8964233],[-0.753175,6.9010886],[-0.7548916,6.9013229],[-0.75472,6.9027395],[-0.7560825,6.9019513],[-0.7574773,6.9024306],[-0.7553315,6.9015359],[-0.7563079,6.9008755],[-0.7553423,6.8997678],[-0.7559216,6.8990648],[-0.7555997,6.898511],[-0.7572198,6.8974352],[-0.7553959,6.897792],[-0.7559967,6.8960932],[-0.7545805,6.8955606],[-0.7538295,6.893899],[-0.7539153,6.8917475],[-0.7541728,6.8913853],[-0.7551384,6.8922374],[-0.755589,6.8904267],[-0.7567477,6.8901285],[-0.7570374,6.8866348],[-0.7584429,6.886262],[-0.7607549,6.8870342],[-0.7597679,6.8833861],[-0.7623911,6.8826032],[-0.7680077,6.8831198],[-0.7707381,6.8815221],[-0.7718325,6.8816019],[-0.7729268,6.8845897],[-0.7749868,6.8830985],[-0.777154,6.8846536],[-0.7772827,6.8861235],[-0.7797504,6.8855057],[-0.7830656,6.8865602],[-0.7843316,6.8884242],[-0.7839668,6.8914918],[-0.7876039,6.8923759],[-0.7887089,6.8942718],[-0.7898891,6.8943251],[-0.790447,6.893686],[-0.7898247,6.8912255],[-0.7905007,6.8882644],[-0.7930863,6.8822357],[-0.7963157,6.8802332],[-0.797689,6.8800308],[-0.8008969,6.8816925],[-0.8038044,6.8852607],[-0.804373,6.8873271],[-0.8086217,6.885314],[-0.8109927,6.8864857],[-0.81316,6.8961784],[-0.8139753,6.89686],[-0.8161211,6.8967855],[-0.8164644,6.8957417],[-0.8167756,6.8965618],[-0.8161748,6.8979784],[-0.8192647,6.8963062],[-0.8212817,6.897105],[-0.8222044,6.8982127],[-0.8232129,6.8979891],[-0.8248866,6.8996507],[-0.8251441,6.9027501],[-0.8237976,6.9065312],[-0.8247578,6.9111857],[-0.8240712,6.9134863],[-0.8246184,6.9141786],[-0.8279014,6.9142638],[-0.828588,6.9157762],[-0.8313561,6.9157975],[-0.83215,6.9153502],[-0.832386,6.9140508],[-0.8303476,6.9125597],[-0.8303476,6.9109194],[-0.8313775,6.9101526],[-0.833695,6.9101313],[-0.8345962,6.9111325],[-0.8345747,6.9124958],[-0.8375359,6.9166283],[-0.8382225,6.9218684],[-0.8397675,6.9259157],[-0.8411408,6.9267251],[-0.8414412,6.9256174],[-0.8398533,6.9213572],[-0.8402396,6.9176508],[-0.8393813,6.9134331],[-0.8417416,6.9085763],[-0.8416558,6.9068721],[-0.8390808,6.9033785],[-0.8351755,6.9027182],[-0.8354759,6.9006945],[-0.8346176,6.8997359],[-0.8347035,6.8976695],[-0.8313561,6.89784],[-0.8304548,6.8971796],[-0.8332229,6.8937925],[-0.8346176,6.893899],[-0.8365274,6.8952198],[-0.8378363,6.8950067],[-0.8400679,6.8909593],[-0.8413768,6.889745],[-0.8395744,6.8836524],[-0.8352185,6.8833328],[-0.8345318,6.8817138],[-0.8324075,6.8831198],[-0.829618,6.8817777],[-0.8282447,6.8832476],[-0.8262277,6.8823103],[-0.8244038,6.8793492],[-0.8225584,6.8739381],[-0.8206487,6.8727451],[-0.8192754,6.873576],[-0.8183527,6.8731499],[-0.8185244,6.8718504],[-0.8167434,6.8689531],[-0.8163357,6.866354],[-0.8141899,6.8654167],[-0.8148766,6.8634354],[-0.8139968,6.8615607],[-0.8079028,6.8611985],[-0.8053065,6.8597498],[-0.7921744,6.8593877],[-0.7911444,6.858642],[-0.7905865,6.8565542],[-0.7865095,6.8608789],[-0.7844281,6.8603676],[-0.7810378,6.8580668],[-0.7806409,6.8556594],[-0.7795143,6.8560003],[-0.7786131,6.8581307],[-0.7781839,6.8567992],[-0.7770789,6.8567566],[-0.7762849,6.8571507],[-0.7758451,6.8587805],[-0.7726881,6.8578884],[-0.7716447,6.8581919],[-0.7722777,6.8592625],[-0.7737476,6.8595155],[-0.7747239,6.8605487],[-0.7743216,6.8609055],[-0.7727391,6.8596699],[-0.7719666,6.8597658],[-0.7711566,6.8611186],[-0.7713175,6.8621545],[-0.7685173,6.8633395],[-0.7687855,6.8651823],[-0.7681739,6.8658001],[-0.7670152,6.8652462],[-0.7672298,6.8678346],[-0.7680452,6.867792],[-0.767616,6.8688572],[-0.7665324,6.8689637],[-0.7637859,6.8669931],[-0.7626486,6.8629028],[-0.7615328,6.8617524],[-0.7630671,6.8599309],[-0.762493,6.8551907],[-0.7610285,6.8555209],[-0.7589686,6.8530922],[-0.757488,6.8556381],[-0.7571984,6.8596859],[-0.7576704,6.864948],[-0.7582927,6.8655232],[-0.7571554,6.8672275],[-0.7573056,6.8694111],[-0.7537249,6.8707186],[-0.7460967,6.8698398],[-0.7431221,6.8664392],[-0.7427493,6.8646311],[-0.7435888,6.86155],[-0.7460028,6.8575235],[-0.7465768,6.8533213],[-0.7458204,6.8498859],[-0.7442701,6.8475477],[-0.7419419,6.8463387],[-0.7354349,6.84685],[-0.7331336,6.8461629],[-0.7278657,6.842131],[-0.727694,6.8410445],[-0.7287026,6.8387329],[-0.7329297,6.8375505],[-0.7346785,6.8360804],[-0.7408583,6.8344932],[-0.7417435,6.8327621],[-0.7408476,6.830573],[-0.7388198,6.8281974],[-0.7363629,6.8277181],[-0.7318997,6.8289538],[-0.7303387,6.8283945],[-0.7255375,6.8243837],[-0.7245076,6.8261841],[-0.7224584,6.8272493],[-0.7206023,6.8267806],[-0.7197815,6.825465],[-0.7158387,6.8229137],[-0.7139504,6.8224449],[-0.6992734,6.8220721],[-0.7002175,6.8167776],[-0.7011509,6.8154353],[-0.703758,6.8143061],[-0.7075399,6.8091074],[-0.7104582,6.8081273],[-0.7100719,6.8068595],[-0.7139504,6.8020443],[-0.7109034,6.8031842],[-0.7096589,6.8053361],[-0.7053834,6.8070513],[-0.7023686,6.8094749],[-0.697664,6.8102632],[-0.6959206,6.8112007],[-0.6889629,6.8193556],[-0.6880242,6.819265],[-0.6868494,6.8179387],[-0.6858945,6.8213583],[-0.6841457,6.8231533],[-0.6807232,6.8227432],[-0.6717432,6.8250123],[-0.6650323,6.8233637],[-0.6646836,6.8215527],[-0.6672478,6.8192677],[-0.6685245,6.8154433],[-0.6821501,6.8025556],[-0.6823969,6.8006966],[-0.6840491,6.8000947],[-0.6847143,6.7990453],[-0.6880778,6.7916838],[-0.6916344,6.7889778],[-0.6979805,6.7864582],[-0.6981039,6.7852011],[-0.6956685,6.7846471],[-0.6995523,6.7775836],[-0.6997025,6.7760068],[-0.6980181,6.775293],[-0.6965804,6.7756766],[-0.6922567,6.7807585],[-0.6881583,6.783326],[-0.6833518,6.7895904],[-0.6794572,6.7906664],[-0.6714428,6.7969839],[-0.6705415,6.7970904],[-0.6696296,6.7960464],[-0.6706917,6.7913589],[-0.6705201,6.7893666],[-0.6696189,6.7889938],[-0.6660462,6.7905172],[-0.6606656,6.7970318],[-0.6593514,6.7970851],[-0.6580532,6.7963074],[-0.6564117,6.7935002],[-0.6544805,6.7937453],[-0.6502801,6.7961955],[-0.6474102,6.7941288],[-0.6454736,6.7963394],[-0.6421208,6.7984274],[-0.641225,6.7980759],[-0.6389666,6.7924828],[-0.6391597,6.7913375],[-0.6418204,6.7892388],[-0.6423408,6.7868524],[-0.6437302,6.7862132],[-0.6506825,6.7857444],[-0.6597215,6.7759323],[-0.6593943,6.7750693],[-0.6539708,6.7751385],[-0.652855,6.7746272],[-0.6521684,6.7733647],[-0.6530428,6.7675476],[-0.6494969,6.7663064],[-0.6489337,6.7652143],[-0.6498402,6.7622525],[-0.6528121,6.7576125],[-0.6532037,6.7563234],[-0.6527236,6.7547732],[-0.650956,6.7561928],[-0.6441781,6.7589097],[-0.6410641,6.7590535],[-0.6400609,6.757783],[-0.6436926,6.7511453],[-0.6507951,6.7434954],[-0.6499797,6.7427282],[-0.6505376,6.7419451],[-0.6518412,6.740869],[-0.6555694,6.7400113],[-0.6528872,6.7389672],[-0.6532842,6.7374702],[-0.648703,6.7368096],[-0.6506288,6.7352753],[-0.6508434,6.7341459],[-0.6466699,6.7350569],[-0.6449372,6.731967],[-0.6446689,6.7334373],[-0.6438053,6.7337303],[-0.6436229,6.7366391],[-0.6430113,6.7374329],[-0.6403399,6.7385676],[-0.6388982,6.7403762],[-0.6382229,6.7401605],[-0.6377274,6.741495],[-0.6364882,6.7424459],[-0.6339253,6.7412672],[-0.6324703,6.7456636],[-0.629257,6.7486682],[-0.6248753,6.7501303],[-0.6206846,6.7479969],[-0.6189197,6.7453506],[-0.6245256,6.739372],[-0.6250674,6.7370493],[-0.6162804,6.7367483],[-0.6160176,6.7349823],[-0.6219453,6.7274439],[-0.6294501,6.7259895],[-0.6305592,6.7247469],[-0.6287044,6.7225133],[-0.6228787,6.721914],[-0.6162429,6.7200227],[-0.6154597,6.7180835],[-0.615288,6.714498],[-0.6169765,6.7106794],[-0.6159311,6.7103025],[-0.6149018,6.707564],[-0.6132723,6.7064652],[-0.6120305,6.707556],[-0.6103447,6.7073662],[-0.6103984,6.7083019],[-0.6090935,6.7100414],[-0.6070191,6.7102545],[-0.6057943,6.7091637],[-0.6055959,6.7103278],[-0.6071422,6.7156181],[-0.5999357,6.7143601],[-0.6012332,6.7167356],[-0.6010589,6.7181101],[-0.5967533,6.7174601],[-0.5974245,6.7189279],[-0.5974031,6.7236055],[-0.5963838,6.7254834],[-0.5951044,6.7256752],[-0.5924517,6.7224787],[-0.5915317,6.7223628],[-0.5912809,6.7269152],[-0.5906318,6.7273787],[-0.5859755,6.7236374],[-0.5866608,6.7272655],[-0.586123,6.7286852],[-0.5877203,6.7310799],[-0.5878007,6.7335598],[-0.586009,6.7347412],[-0.5849764,6.7376353],[-0.5825463,6.7384477],[-0.5805212,6.7430639],[-0.578236,6.7454771],[-0.5759963,6.7458048],[-0.5750576,6.7415336],[-0.574045,6.7425258],[-0.573459,6.7413272],[-0.5723673,6.7455464],[-0.570538,6.7469395],[-0.5654097,6.747347],[-0.560174,6.7467504],[-0.5583823,6.7447366],[-0.5600882,6.7312371],[-0.5592406,6.7312291],[-0.5561882,6.7336478],[-0.5559146,6.7294471],[-0.5536562,6.7279021],[-0.5530474,6.7266768],[-0.5500701,6.7252943],[-0.5483079,6.7262106],[-0.5497938,6.7220392],[-0.5469614,6.7247482],[-0.5463767,6.7244792],[-0.5470473,6.7220791],[-0.5493942,6.7194953],[-0.5497818,6.7177532],[-0.5486834,6.7182406],[-0.5474791,6.7177292],[-0.5475824,6.7188546],[-0.5455613,6.7201559],[-0.544652,6.719735],[-0.5441934,6.7212853],[-0.5414321,6.7198376],[-0.5427423,6.723997],[-0.5413342,6.7248308],[-0.5382603,6.7237307],[-0.5357927,6.7217382],[-0.5339795,6.7220445],[-0.5322307,6.7209337],[-0.529747,6.7204489],[-0.5275744,6.7187134],[-0.5257291,6.7202838],[-0.5241251,6.7205714],[-0.5184683,6.7161256],[-0.517787,6.7163706],[-0.5167329,6.7194553],[-0.516167,6.7196338],[-0.5156574,6.7170632],[-0.5132005,6.7123789],[-0.5127794,6.713276],[-0.5134784,6.7151396],[-0.512998,6.7154183],[-0.5129078,6.7184794],[-0.5108012,6.718776],[-0.5087547,6.7179689],[-0.5082518,6.7161056],[-0.5075678,6.7156594],[-0.5056742,6.7159711],[-0.5031878,6.7144074],[-0.4938161,6.7123376],[-0.4915604,6.7115578],[-0.4905814,6.7105502],[-0.4873761,6.7097164],[-0.4859572,6.7086349],[-0.4846832,6.7060403],[-0.482512,6.7051758],[-0.4825053,6.7042794],[-0.4819849,6.7066997],[-0.4800081,6.7077719],[-0.4780313,6.7052945],[-0.4771676,6.7057685],[-0.4685417,6.7004329],[-0.4661357,6.7007152],[-0.4644727,6.6994419],[-0.4596985,6.6990183],[-0.4545486,6.6966554],[-0.4527542,6.6943219],[-0.4490018,6.6918337],[-0.4496348,6.6898624],[-0.4474783,6.6912104],[-0.4436937,6.6900063],[-0.4356819,6.6901288],[-0.431208,6.6894415],[-0.4265785,6.6877206],[-0.4246742,6.685046],[-0.4232311,6.684396],[-0.4226021,6.6829574],[-0.4206669,6.6820197],[-0.4198086,6.6817054],[-0.4188404,6.6826484],[-0.4171211,6.68304],[-0.4154098,6.6814443],[-0.4129905,6.6821742],[-0.4128309,6.6815375],[-0.4107428,6.681748],[-0.4067946,6.6804906],[-0.4053033,6.6793451],[-0.4048687,6.6764919],[-0.4053434,6.6762895],[-0.4051423,6.6724399],[-0.4061348,6.6702235],[-0.4038066,6.6691259],[-0.4040748,6.668609],[-0.4015482,6.6678577],[-0.4014301,6.6658491],[-0.399574,6.6654973],[-0.398764,6.6645011],[-0.398764,6.6631903],[-0.4027444,6.6616451],[-0.4024655,6.6607979],[-0.3994775,6.6589224],[-0.3991985,6.6567431],[-0.4024708,6.655443],[-0.403533,6.6540044],[-0.4000568,6.6501201],[-0.3962857,6.6481965],[-0.3936786,6.6417119],[-0.3936839,6.6366072],[-0.3986245,6.6325896],[-0.397557,6.6318915],[-0.3980613,6.631769],[-0.3983885,6.6297548],[-0.3957439,6.632094],[-0.3955507,6.6330425],[-0.3913772,6.6328613],[-0.3901434,6.6303676],[-0.3906584,6.627309],[-0.3900468,6.6250283],[-0.3888881,6.6243783],[-0.387708,6.6252415],[-0.3822792,6.624261],[-0.3802514,6.6221722],[-0.3800476,6.6196677],[-0.3783953,6.6199981],[-0.3769255,6.61938],[-0.3761745,6.6168968],[-0.3743398,6.6155647],[-0.3735888,6.6159803],[-0.3729344,6.6179306],[-0.3703165,6.617515],[-0.3697693,6.6183036],[-0.3741038,6.622737],[-0.3719902,6.6235683],[-0.3702092,6.6231633],[-0.3707564,6.6243889],[-0.3704774,6.6258383],[-0.3693616,6.6259129],[-0.3664756,6.628087],[-0.3633857,6.6251669],[-0.361476,6.6269147],[-0.3592658,6.6259662],[-0.3568089,6.6262539],[-0.3534293,6.6256252],[-0.3517664,6.6231314],[-0.3504896,6.623547],[-0.3481829,6.6225985],[-0.347389,6.6284173],[-0.3443527,6.6297814],[-0.3403831,6.6291313],[-0.3396857,6.6273836],[-0.3398252,6.6249431],[-0.3384626,6.6258703],[-0.3370679,6.62311],[-0.3364563,6.6233125],[-0.3371215,6.6274156],[-0.3354585,6.6299413],[-0.3338492,6.6289289],[-0.332315,6.6301438],[-0.3299117,6.6285559],[-0.3282702,6.6264458],[-0.3299761,6.6317956],[-0.3292573,6.6329572],[-0.3276694,6.6336713],[-0.3297186,6.6371667],[-0.3293645,6.6381791],[-0.32812,6.6385841],[-0.3194833,6.6345664],[-0.3162754,6.6349608],[-0.3144837,6.6345238],[-0.3130567,6.6327121],[-0.3135663,6.6300905],[-0.3128904,6.6275754],[-0.3114206,6.6270212],[-0.3091353,6.6285772],[-0.3035939,6.6279431],[-0.3019255,6.629174],[-0.2984333,6.6296855],[-0.2949518,6.6315878],[-0.2921784,6.6315718],[-0.2862024,6.6337565],[-0.2783167,6.6303569],[-0.2749479,6.6309537],[-0.2731133,6.6322539],[-0.2693045,6.632158],[-0.2717078,6.6303143],[-0.2761173,6.6293871],[-0.27807,6.6274369],[-0.2783918,6.6252628],[-0.2794755,6.6246873],[-0.2846468,6.624261],[-0.2908802,6.6208401],[-0.2968133,6.6211491],[-0.2935517,6.6185487],[-0.2934659,6.6178986],[-0.293777,6.6168649],[-0.2954829,6.6155327],[-0.2952683,6.6127831],[-0.2969205,6.6116001],[-0.2945817,6.6110992],[-0.2933157,6.6088398],[-0.2944529,6.6084135],[-0.297178,6.6090743],[-0.2980793,6.6081684],[-0.2976501,6.6075289],[-0.2983582,6.6073158],[-0.2973497,6.6061967],[-0.2950752,6.6071453],[-0.2929294,6.6061328],[-0.2913523,6.6070813],[-0.289228,6.6118559],[-0.2893782,6.6134012],[-0.2873397,6.6158098],[-0.2874363,6.6183356],[-0.2842927,6.6181011],[-0.2821255,6.6160549],[-0.2781129,6.6139874],[-0.2777481,6.6122715],[-0.2800977,6.6106836],[-0.2773512,6.6106622],[-0.2747011,6.6084988],[-0.2740038,6.6071772],[-0.2728772,6.6071879],[-0.2725446,6.6059623],[-0.2713966,6.6061541],[-0.2719867,6.6031167],[-0.2698302,6.6045341],[-0.2699161,6.6032446],[-0.2685213,6.6020083],[-0.2656567,6.6001005],[-0.2638757,6.5999833],[-0.2639186,6.5984806],[-0.2616871,6.5976919],[-0.258683,6.5976812],[-0.2580285,6.5967647],[-0.2580929,6.5950807],[-0.2555502,6.5954431],[-0.2536726,6.5964769],[-0.2513015,6.5994398],[-0.2497459,6.5974148],[-0.2471387,6.5971164],[-0.2470958,6.5965408],[-0.248555,6.5962851],[-0.2529216,6.5921285],[-0.253458,6.5881531],[-0.2540374,6.5876095],[-0.2536726,6.5868954],[-0.2523852,6.5871406],[-0.2441883,6.5849663],[-0.2388454,6.5875562],[-0.2384269,6.5897198],[-0.2362275,6.5908602],[-0.2360344,6.5934501],[-0.2342963,6.5949635],[-0.2334488,6.5951127],[-0.2321398,6.5925761],[-0.2311528,6.5922031],[-0.2297258,6.595571],[-0.2278268,6.5958268],[-0.2245224,6.5985658],[-0.222956,6.5975107],[-0.2221942,6.5977665],[-0.2198553,6.6010278],[-0.2187932,6.6010491],[-0.2197051,6.597969],[-0.2239484,6.5956669],[-0.2260941,6.5897997],[-0.2273065,6.591958],[-0.2299297,6.5889737],[-0.2327192,6.5878866],[-0.2327943,6.5874443],[-0.2287442,6.5860268],[-0.2278805,6.5848224],[-0.228374,6.5835488],[-0.2292913,6.5828667],[-0.2315792,6.5826562],[-0.2330357,6.5811667],[-0.2421659,6.5780332],[-0.2400684,6.5764824],[-0.2378744,6.5775749],[-0.2361417,6.5776708],[-0.2369249,6.5746013],[-0.2384698,6.5730878],[-0.2406693,6.5724696],[-0.2420265,6.5709188],[-0.247246,6.5711213],[-0.2472729,6.5705564],[-0.2409858,6.5685953],[-0.2412808,6.5675241],[-0.2438074,6.5666288],[-0.2433515,6.5657282],[-0.2425844,6.565467],[-0.2418441,6.5660799],[-0.2416992,6.5654617],[-0.2396447,6.5661705],[-0.2385396,6.5672896],[-0.2388293,6.5688617],[-0.2377242,6.5699329],[-0.2353585,6.5712865],[-0.2346826,6.5701994],[-0.2335239,6.5737113],[-0.2322471,6.574969],[-0.2291036,6.5736367],[-0.2298868,6.5712492],[-0.2284277,6.5717821],[-0.2259064,6.5710361],[-0.2254236,6.5686059],[-0.2262068,6.5668366],[-0.2242971,6.5651313],[-0.2241415,6.563719],[-0.224855,6.5627065],[-0.2313834,6.5589174],[-0.229184,6.5592584],[-0.2259117,6.5581553],[-0.2247852,6.5570468],[-0.2248925,6.5553627],[-0.2269256,6.5508008],[-0.2302998,6.5495377],[-0.2365494,6.5502145],[-0.2353585,6.546873],[-0.2336741,6.5456685],[-0.233084,6.541373],[-0.2307344,6.541794],[-0.2279609,6.5416234],[-0.226357,6.540792],[-0.2246994,6.5414529],[-0.2217382,6.5409839],[-0.2209818,6.5381273],[-0.2200162,6.5375837],[-0.2188361,6.5387029],[-0.216288,6.5391559],[-0.2164382,6.543185],[-0.2145016,6.5453274],[-0.2141422,6.5443308],[-0.2113742,6.5434994],[-0.2100062,6.5410159],[-0.2101618,6.5398114],[-0.2122486,6.5383405],[-0.2122539,6.5368322],[-0.2079141,6.5334852],[-0.2049664,6.5299197],[-0.2005971,6.5268126],[-0.1999399,6.5254215],[-0.2010906,6.5234709],[-0.1972497,6.5248246],[-0.1921856,6.5238493],[-0.1894659,6.5226288],[-0.1877493,6.5235135],[-0.185228,6.5215575],[-0.1837742,6.5224156],[-0.182417,6.5209553],[-0.1809847,6.5235455],[-0.1787961,6.5216854],[-0.1769561,6.5229432],[-0.1746494,6.5230072],[-0.1732975,6.5259705],[-0.1709533,6.5267806],[-0.1710498,6.5246168],[-0.1728737,6.5207687],[-0.1723373,6.5196495],[-0.1704598,6.5212377],[-0.1699877,6.5201078],[-0.1697838,6.5168727],[-0.170449,6.515343],[-0.1712295,6.5151485],[-0.1704785,6.5145382],[-0.1706663,6.5135762],[-0.170162,6.5127421],[-0.1701272,6.5142451],[-0.1686573,6.514469],[-0.1662648,6.5162065],[-0.1655996,6.5191591],[-0.1667798,6.5198946],[-0.1657069,6.5203743],[-0.1637972,6.5191058],[-0.163368,6.5166542],[-0.1622415,6.514842],[-0.1605892,6.5151085],[-0.1567483,6.5205982],[-0.1568878,6.5232524],[-0.1562441,6.5236148],[-0.1522476,6.5181198],[-0.1513249,6.5174003],[-0.1495385,6.5173683],[-0.1502037,6.5155669],[-0.1495707,6.5129819],[-0.1507187,6.5116655],[-0.1487017,6.511948],[-0.1481599,6.510946],[-0.148471,6.509848],[-0.1479667,6.5104716],[-0.1478005,6.5141278],[-0.1467168,6.5173151],[-0.1470494,6.5191698],[-0.1445496,6.5170592],[-0.1439488,6.5152151],[-0.1414919,6.5141598],[-0.141964,6.5159293],[-0.140183,6.5196815],[-0.1373291,6.5138614],[-0.1378226,6.5121345],[-0.1372433,6.5111112],[-0.131836,6.5092138],[-0.1275444,6.503223],[-0.1268149,6.5032763],[-0.1241863,6.5058346],[-0.1200342,6.5119533],[-0.1186502,6.5129979],[-0.1162791,6.513339],[-0.1160753,6.514437],[-0.1147235,6.5145862],[-0.1143801,6.5135416],[-0.1154852,6.5091818],[-0.1200342,6.5029991],[-0.1201201,6.4996733],[-0.1193047,6.5010164],[-0.1195407,6.5024875],[-0.1177275,6.5031697],[-0.1173091,6.5045981],[-0.1142728,6.5066768],[-0.1112956,6.5125609],[-0.1108611,6.5145969],[-0.1121807,6.5216534],[-0.1083988,6.5231458],[-0.1081628,6.5222504],[-0.1094556,6.5210565],[-0.1098311,6.518445],[-0.1096702,6.517848],[-0.1077604,6.5170912],[-0.1046383,6.5179013],[-0.1020205,6.5200652],[-0.09951,6.5180506],[-0.09745,6.5202464],[-0.0988877,6.5142344],[-0.1016772,6.5120172],[-0.1018489,6.5097467],[-0.1007009,6.5076041],[-0.1011515,6.5067834],[-0.1052177,6.5037666],[-0.1092196,6.5044489],[-0.1100886,6.502189],[-0.1116979,6.5008991],[-0.1118803,6.4968164],[-0.112803,6.4937677],[-0.1125026,6.4922326],[-0.1102173,6.4914758],[-0.1098311,6.4904311],[-0.1080501,6.4905377],[-0.1067948,6.4898448],[-0.1051319,6.4903884],[-0.1041234,6.492094],[-0.096302,6.4965179],[-0.0941348,6.4988098],[-0.0918925,6.503159],[-0.0900686,6.5052483],[-0.0886953,6.4985433],[-0.0911844,6.4951428],[-0.091356,6.4926164],[-0.0929976,6.4885122],[-0.0908733,6.4876808],[-0.0858092,6.4871691],[-0.0867641,6.4841629],[-0.0888455,6.4836672],[-0.0885934,6.4833154],[-0.0864101,6.4832035],[-0.0858361,6.4846266],[-0.0828481,6.4854528],[-0.081507,6.4848238],[-0.0821293,6.4827984],[-0.0800371,6.4804105],[-0.0737822,6.4804531],[-0.0732458,6.4799841],[-0.0776553,6.4744567],[-0.0779021,6.4727457],[-0.0786263,6.4721274],[-0.0847042,6.4749044],[-0.0884754,6.4730655],[-0.0904816,6.4740249],[-0.0907016,6.4736465],[-0.09009,6.472767],[-0.0857824,6.4725218],[-0.0846881,6.4735612],[-0.0840604,6.4732787],[-0.0830627,6.4715197],[-0.0845862,6.4703151],[-0.0829125,6.4696755],[-0.0820112,6.4685135],[-0.0806272,6.4697927],[-0.0766254,6.4702511],[-0.0756705,6.4674581],[-0.0740719,6.4662321],[-0.0706709,6.4668398],[-0.0683427,6.4685988],[-0.0651562,6.4666266],[-0.0645876,6.4656991],[-0.0654459,6.4629806],[-0.067699,6.4608911],[-0.0686216,6.4590682],[-0.0699413,6.4588123],[-0.0686967,6.4584392],[-0.0656605,6.4594306],[-0.067023,6.4559765],[-0.0690401,6.4540469],[-0.0666154,6.4546759],[-0.0653279,6.4557846],[-0.0646412,6.4570853],[-0.062635,6.4585778],[-0.062592,6.4605393],[-0.0617659,6.4607312],[-0.0598776,6.4596758],[-0.0607038,6.4567548],[-0.058161,6.4520533],[-0.0547493,6.4501664],[-0.0537515,6.4486419],[-0.0496531,6.4478103],[-0.0438166,6.4441856],[-0.0403834,6.4373838],[-0.0379157,6.4338869],[-0.0377441,6.4314561],[-0.0362849,6.4307098],[-0.0342036,6.4274901],[-0.03209,6.4182572],[-0.0295794,6.4154585],[-0.0302446,6.4135661],[-0.0278413,6.4155598],[-0.0259745,6.4152506],[-0.0273693,6.4116683],[-0.0264144,6.4075209],[-0.0268972,6.4039172],[-0.0207174,6.4023286],[-0.0196767,6.4002068],[-0.0208247,6.3977866],[-0.0226057,6.3974134],[-0.0266343,6.3976],[-0.0322294,6.4011504],[-0.0343537,6.4008146],[-0.034976,6.3992153],[-0.0356573,6.3989594],[-0.0346595,6.3981171],[-0.0347668,6.3975307],[-0.0365263,6.3976426],[-0.0369072,6.3970615],[-0.0299978,6.3901525],[-0.030781,6.388212],[-0.0350297,6.3859729],[-0.0381625,6.3853545],[-0.0385165,6.3845548],[-0.0383234,6.3836912],[-0.0360274,6.3818999],[-0.0330985,6.3814734],[-0.0328517,6.3806417],[-0.0312156,6.3807644],[-0.0304109,6.3798794],[-0.0334257,6.3774803],[-0.0323796,6.3772831],[-0.030781,6.3783813],[-0.0300139,6.3778695],[-0.0301105,6.3766593],[-0.0318539,6.3751453],[-0.0298262,6.3727142],[-0.0298423,6.3706403],[-0.0331521,6.3674469],[-0.0336134,6.3653357],[-0.0360113,6.3648292],[-0.0374651,6.3652184],[-0.0385219,6.3628459],[-0.037787,6.3624621],[-0.0372505,6.3601589],[-0.0361669,6.3593592],[-0.0350565,6.3561763],[-0.0334257,6.3549608],[-0.0317091,6.3520125],[-0.0313604,6.3499012],[-0.0349492,6.3499438],[-0.0353944,6.3482324],[-0.034563,6.3459719],[-0.0352389,6.345556],[-0.0362742,6.3458492],[-0.0367034,6.3480512],[-0.0381517,6.3490908],[-0.0390422,6.3475287],[-0.041644,6.3467023],[-0.0428456,6.3481365],[-0.0431889,6.3500558],[-0.0457692,6.351378],[-0.0467777,6.3508075],[-0.0457156,6.3507222],[-0.043881,6.3493147],[-0.0439346,6.3471821],[-0.0425613,6.3450282],[-0.040673,6.3437379],[-0.0425935,6.3435993],[-0.043484,6.3453907],[-0.0466275,6.3453587],[-0.0465524,6.3469582],[-0.047164,6.3475447],[-0.0494814,6.3466596],[-0.0499213,6.345572],[-0.0512195,6.3452414],[-0.051595,6.344463],[-0.0509834,6.34361],[-0.0486553,6.3441538],[-0.0483656,6.343546],[-0.0456244,6.3428369],[-0.0467455,6.3388009],[-0.045147,6.3404857],[-0.0424755,6.3406669],[-0.0411666,6.3383317],[-0.0424326,6.335378],[-0.0413168,6.334237],[-0.0388169,6.3345462],[-0.0371754,6.3359324],[-0.0330395,6.3372174],[-0.0316286,6.3362897],[-0.028823,6.3365776],[-0.0272727,6.3358951],[-0.025835,6.3368442],[-0.021565,6.3343596],[-0.0213504,6.3318697],[-0.0230777,6.3295131],[-0.0252664,6.3287027],[-0.0299656,6.3305475],[-0.033195,6.3295664],[-0.0368428,6.3293958],[-0.041467,6.3318271],[-0.0419605,6.3299503],[-0.0404799,6.3277963],[-0.0404799,6.3248532],[-0.0425291,6.3232323],[-0.0432265,6.3211422],[-0.0448412,6.3200332],[-0.044471,6.317426],[-0.0455439,6.3166635],[-0.0461072,6.3174899],[-0.0467187,6.3168928],[-0.048548,6.3168821],[-0.0494385,6.3159064],[-0.0431675,6.3157997],[-0.0437254,6.3142855],[-0.0425613,6.3145734],[-0.0420678,6.3140296],[-0.0428885,6.3127979],[-0.0393695,6.3111557],[-0.0386131,6.3100413],[-0.0394929,6.308671],[-0.0423735,6.3079672],[-0.0460857,6.3053972],[-0.045501,6.3037816],[-0.0438488,6.3032377],[-0.0431246,6.3013022],[-0.0436449,6.3000065],[-0.0453991,6.2993667],[-0.0442028,6.2977511],[-0.0455064,6.2969353],[-0.0445193,6.2952823],[-0.0455117,6.291134],[-0.0457263,6.2865377],[-0.047105,6.2834663],[-0.0463218,6.2799577],[-0.046826,6.2781714],[-0.0475287,6.2774942],[-0.0511658,6.277009],[-0.0517184,6.2749348],[-0.0533599,6.2756973],[-0.0554305,6.2757133],[-0.0546795,6.2750467],[-0.0552642,6.2745242],[-0.0534511,6.2740869],[-0.0529951,6.2711328],[-0.0519329,6.2707009],[-0.0517988,6.2699704],[-0.0535208,6.2690639],[-0.0533491,6.2676295],[-0.0547814,6.2657845],[-0.0550818,6.2636675],[-0.0566174,6.2624891],[-0.0564847,6.2607374],[-0.05912,6.2565887],[-0.0596737,6.2532052],[-0.0642094,6.2538132],[-0.0670177,6.2521601],[-0.067479,6.2528213],[-0.0671625,6.2545544],[-0.0678814,6.2542771],[-0.0684285,6.2522241],[-0.0681174,6.2504217],[-0.0710303,6.2475794],[-0.0710732,6.2470942],[-0.0697804,6.2467529],[-0.0703919,6.2450145],[-0.0715358,6.2441999],[-0.0725511,6.2442786],[-0.0727522,6.2437],[-0.0721031,6.2438413],[-0.0721112,6.2432494],[-0.0745869,6.2429721],[-0.0759173,6.2421082],[-0.0783205,6.2379168],[-0.085423,6.2341626],[-0.0858951,6.2331174],[-0.0888348,6.2308883],[-0.0903797,6.2277633],[-0.0909913,6.2275926],[-0.0906962,6.224185],[-0.0918549,6.2238757],[-0.091635,6.2220945],[-0.0881052,6.2231238],[-0.0870431,6.2249369],[-0.0864852,6.2295658],[-0.0844896,6.2313576],[-0.0782883,6.2319868],[-0.0762928,6.2352611],[-0.0741685,6.2340026],[-0.0736749,6.2352184],[-0.0748122,6.2361677],[-0.0744152,6.2378634],[-0.0712288,6.2403165],[-0.0676882,6.2451051],[-0.0635576,6.2483514],[-0.0626041,6.2480341],[-0.0626671,6.2496965],[-0.0614548,6.250379],[-0.0602505,6.2494618],[-0.0588906,6.2494325],[-0.0553608,6.2539678],[-0.0547412,6.2556942],[-0.0561078,6.2559448],[-0.056077,6.2571433],[-0.0539043,6.2608413],[-0.0516057,6.2587884],[-0.05108,6.2617799],[-0.0468046,6.2644461],[-0.0465953,6.266451],[-0.0448465,6.2685093],[-0.0450021,6.2702157],[-0.0436127,6.2719967],[-0.0423092,6.2722846],[-0.0425828,6.2732498],[-0.040614,6.2735484],[-0.0389886,6.2753187],[-0.0362259,6.2759052],[-0.035668,6.2765558],[-0.034284,6.2765931],[-0.032959,6.2754467],[-0.0319773,6.2756653],[-0.0345737,6.2790139],[-0.0369233,6.2790886],[-0.0363708,6.2823786],[-0.0346971,6.2856472],[-0.0318271,6.2866496],[-0.0295579,6.2863884],[-0.0265807,6.2878547],[-0.0246871,6.2879933],[-0.0222141,6.291214],[-0.0197303,6.2921257],[-0.0230724,6.2912886],[-0.0252718,6.289449],[-0.0272942,6.2893797],[-0.0297082,6.2882919],[-0.0317305,6.2908034],[-0.0314462,6.2930482],[-0.0329965,6.2932935],[-0.0331897,6.296786],[-0.0309151,6.300801],[-0.0308454,6.302118],[-0.0292093,6.3032431],[-0.0286353,6.3063676],[-0.0265378,6.307482],[-0.0254005,6.307242],[-0.0258458,6.3085963],[-0.0253254,6.3110544],[-0.023362,6.3131071],[-0.0238663,6.3139709],[-0.0216186,6.3132031],[-0.0221175,6.3143068],[-0.0207228,6.3155438],[-0.0206637,6.3163116],[-0.0187647,6.3164662],[-0.0179654,6.3197933],[-0.0168067,6.3210249],[-0.0173646,6.3228004],[-0.0161254,6.3268152],[-0.0134379,6.3291452],[-0.0072634,6.3307234],[-0.0066894,6.3305421],[-0.0066358,6.3291079],[-0.0077409,6.3265966],[-0.0058901,6.3270605],[-0.0046992,6.3311019],[-0.0033957,6.3314912],[-0.0031865,6.3335385],[-0.0018239,6.3342476],[-0.0042003,6.3348288],[-0.0037712,6.3395873],[-0.0019848,6.3418985],[-0.0017756,6.343618],[0.0006223,6.3441538],[0.0055414,6.3432474],[0.0064695,6.3424797],[0.0070327,6.3439405],[0.0083256,6.3444524],[0.0096452,6.3440152],[0.0111473,6.3424104],[0.0091731,6.3446816],[0.003562,6.3461158],[0.0032186,6.3490162],[0.0019902,6.3483604],[0.0022101,6.3502424],[0.002768,6.3506476],[0.0035083,6.3502424],[0.0038838,6.3530361],[0.0055146,6.3558138],[0.0034225,6.3600683],[0.0042754,6.3611399],[0.0061476,6.3612732],[0.0060135,6.3626487],[0.0048548,6.3639868],[0.0053805,6.3658741],[0.0077945,6.3686038],[0.010069,6.3693768],[0.0102675,6.3729648],[0.0132286,6.3761848],[0.0143659,6.3794422],[0.0135452,6.3811855],[0.0154281,6.3854291],[0.019666,6.3884172],[0.0193441,6.390595],[0.0181746,6.3919277],[0.0195211,6.3925515],[0.0204867,6.3945879],[0.0235176,6.3967683],[0.0248104,6.396747],[0.025202,6.3980691],[0.0274819,6.3996737],[0.0273961,6.4043437],[0.0288016,6.4060709],[0.0286567,6.4103676],[0.027777,6.4113111],[0.0281391,6.4134062],[0.0319397,6.4191528],[0.0319773,6.4212798],[0.0337583,6.422959],[0.033195,6.4237319],[0.0335705,6.424942],[0.0346971,6.4260295],[0.0389403,6.4255977],[0.0408769,6.4271223],[0.0435805,6.4266265],[0.0457263,6.4245635],[0.0486928,6.4233321],[0.0503397,6.4209972],[0.0513428,6.4212371],[0.0519007,6.4199364],[0.0538051,6.4207733],[0.0538266,6.4233908],[0.0547063,6.425683],[0.0522977,6.4313815],[0.0557202,6.4397186],[0.0566536,6.440726],[0.061487,6.4402196],[0.0616533,6.4377676],[0.0646949,6.437597],[0.0621897,6.4385725],[0.0631016,6.44087],[0.0616801,6.4429062],[0.0618625,6.4468348],[0.06109,6.4508273],[0.0641048,6.4567441],[0.0718081,6.4682363],[0.0717866,6.4698034],[0.0702524,6.4719781],[0.0704724,6.4768926],[0.073176,6.4771431],[0.0745815,6.4743714],[0.0779718,6.4754534],[0.0795489,6.4792485],[0.0820327,6.4806397],[0.0820756,6.4813006],[0.081401,6.4814525],[0.0815915,6.4823147],[0.0827274,6.4830302],[0.0823894,6.4836859],[0.0837935,6.4860977],[0.0877565,6.4890906],[0.0894114,6.4886002],[0.0900686,6.4875342],[0.089854,6.4865934],[0.0872871,6.4843814],[0.0871128,6.4833101],[0.0882339,6.4826358],[0.0869572,6.4774869],[0.0880596,6.4750643],[0.0887248,6.475099],[0.0890815,6.4731161],[0.0884244,6.4708215],[0.0892854,6.4695076],[0.0884995,6.4665439],[0.0900686,6.4678019],[0.0931826,6.4734706],[0.0951058,6.4746619],[0.0958648,6.4769592],[0.0973722,6.4757013],[0.0973427,6.4736971],[0.0960177,6.4703204],[0.0938049,6.4682576],[0.09307,6.4656564],[0.0936681,6.4652087],[0.0971228,6.467037],[0.1007813,6.4662854],[0.1011354,6.4637375],[0.1002288,6.4632471],[0.0996146,6.4617387],[0.1003327,6.460532],[0.0996387,6.4597518],[0.1007639,6.4585151],[0.1004729,6.4572045],[0.1022492,6.4583279],[0.1032275,6.4582706],[0.107975,6.4554002],[0.1091605,6.4543361],[0.109587,6.4529635],[0.1073313,6.447152],[0.1074681,6.4453822],[0.1085939,6.4434356],[0.1079026,6.4426104],[0.1091082,6.4411898],[0.1059184,6.4366088],[0.1056308,6.4343426],[0.1065561,6.4329294],[0.1066902,6.4293425],[0.1041542,6.4242237],[0.1046836,6.4200687],[0.1034608,6.4170911],[0.1035212,6.4151613],[0.1013097,6.4117776],[0.1006472,6.4087043],[0.101307,6.4067266],[0.1028004,6.4052712],[0.0975171,6.4000549],[0.0958125,6.4003774],[0.0960472,6.4029629],[0.0948335,6.4067985],[0.0958849,6.4105755],[0.0973434,6.412318],[0.0959346,6.4153692],[0.0923324,6.4154692],[0.0914258,6.4169778],[0.0921795,6.4198485],[0.0956332,6.4257676],[0.0959042,6.4263216],[0.0958098,6.4266472],[0.0906345,6.4189849],[0.0890909,6.4177748],[0.0894946,6.4132676],[0.0909671,6.411599],[0.0930975,6.4113991],[0.0911327,6.4075575],[0.0909054,6.4054038],[0.0922995,6.405014],[0.0919676,6.40364],[0.0924692,6.4019674],[0.0915086,6.400605],[0.0924531,6.3987141],[0.0899935,6.3929646],[0.0898178,6.3890703],[0.0888926,6.3885725],[0.0894839,6.3876122],[0.089229,6.3866739],[0.0855413,6.3815127],[0.087442,6.3824997],[0.0882755,6.3816333],[0.0931263,6.3836272],[0.0971107,6.384095],[0.096412,6.3811908],[0.0945049,6.3785039],[0.0946471,6.3767953],[0.0959238,6.3750866],[0.0963825,6.3726516],[0.0956529,6.3718245],[0.0963651,6.3709329],[0.0954471,6.3696827],[0.0937231,6.3632991],[0.0937513,6.3609719],[0.0905353,6.3547795],[0.087668,6.3510315],[0.0874306,6.3461878],[0.0861472,6.3431688],[0.0844091,6.3412294],[0.0832638,6.3412401],[0.0824565,6.3422237],[0.0841194,6.3477179],[0.0825624,6.3464837],[0.0799265,6.3461305],[0.079329,6.3467556],[0.0774863,6.3469315],[0.0750482,6.3497039],[0.0732458,6.3497119],[0.0718115,6.3488962],[0.0699708,6.3497732],[0.0681764,6.3479778],[0.0665567,6.3482221],[0.0672859,6.3471528],[0.0666502,6.3444257],[0.0607386,6.3334799],[0.059081,6.3284208],[0.0562352,6.3270605],[0.050557,6.320663],[0.0368106,6.3100826],[0.0363412,6.3079418],[0.0280532,6.2991801],[0.0252063,6.2943013],[0.0221215,6.291977],[0.0230076,6.291724],[0.0261108,6.2930815],[0.0284823,6.2966501],[0.0339643,6.2997038],[0.0350375,6.30198],[0.0379188,6.3032887],[0.0402428,6.3058764],[0.0423798,6.3066751],[0.0437123,6.3095714],[0.0484166,6.3131845],[0.0496638,6.3133058],[0.0507645,6.3152312],[0.0535127,6.3175486],[0.0582227,6.3203665],[0.0607386,6.3204758],[0.0638555,6.3256901],[0.0683695,6.3308434],[0.0720173,6.3331546],[0.0728521,6.333188],[0.0734375,6.3306794],[0.0720441,6.3269859],[0.066262,6.319642],[0.0657349,6.3203685],[0.0642242,6.3189069],[0.0627328,6.3186456],[0.0621991,6.3153612],[0.0598501,6.312492],[0.0598589,6.311301],[0.0567287,6.3088569],[0.0572655,6.3076673],[0.056771,6.3066895],[0.0575102,6.3064459],[0.0562211,6.3048673],[0.0563807,6.3028545],[0.0545052,6.3011183],[0.054583,6.2996033],[0.0553133,6.2997928],[0.0556451,6.3011456],[0.062703,6.3010113],[0.0633833,6.3029191],[0.0661423,6.3066035],[0.0688013,6.3088563],[0.0695121,6.3084044],[0.0686858,6.3065309],[0.0705682,6.3053055],[0.0719677,6.3062543],[0.0742811,6.3066715],[0.0783634,6.3119075],[0.0802705,6.3167275],[0.0804368,6.3186363],[0.0813138,6.3197186],[0.0801551,6.3225338],[0.0807452,6.3236562],[0.0932501,6.3313632],[0.0974768,6.3331893],[0.1016222,6.3372654],[0.1013124,6.3391754],[0.0986832,6.3414773],[0.0983807,6.3431088],[0.0989976,6.3462304],[0.1014036,6.3530148],[0.1019669,6.3537399],[0.1028292,6.3536935],[0.1032972,6.3562496],[0.104751,6.3583822],[0.1067694,6.3595211],[0.1071509,6.3615364],[0.1082768,6.362578],[0.1117232,6.3634557],[0.109577,6.3654769],[0.1086375,6.3648279],[0.107865,6.3654436],[0.1089621,6.3669557],[0.1095293,6.3717372],[0.1115718,6.3741057],[0.1131074,6.373963],[0.1148294,6.3752572],[0.1160297,6.3750306],[0.1172434,6.3779335],[0.1168773,6.3787438],[0.1179977,6.3806057],[0.121889,6.3819872],[0.12242,6.3831287],[0.1261704,6.3856843],[0.1251599,6.3868785],[0.1257473,6.388925],[0.1274036,6.3896927],[0.1286072,6.389033],[0.129839,6.3895681],[0.1295507,6.3919431],[0.1286133,6.3914579],[0.1277845,6.3925461],[0.1299051,6.3947545],[0.129611,6.3959294],[0.130753,6.3996131],[0.1326352,6.3992286],[0.1343317,6.3963199],[0.1340025,6.3956302],[0.1356212,6.3958854],[0.1367605,6.3971242],[0.137658,6.3965687],[0.1377562,6.3985745],[0.1371092,6.3978359],[0.136106,6.3978452],[0.135017,6.3993046],[0.1355334,6.4036466],[0.1370092,6.4048534],[0.1362066,6.4066813],[0.1345778,6.4076845],[0.1360812,6.4084151],[0.1357573,6.4096532],[0.1370106,6.4130004],[0.1341788,6.4132969],[0.1333755,6.4149175],[0.136342,6.4196592],[0.1374444,6.4226684],[0.1373244,6.4254971],[0.1391986,6.4281284],[0.1395111,6.4303007],[0.1402916,6.4312622],[0.1395795,6.4318186],[0.1391409,6.4360458],[0.1356956,6.4416989],[0.1372587,6.4460486],[0.1361365,6.446535],[0.1369925,6.4469801],[0.1374796,6.4489667],[0.1369442,6.4496013],[0.1342097,6.4502023],[0.1335271,6.4514163],[0.1354945,6.4583059],[0.136515,6.4598064],[0.1374122,6.4595665],[0.1378092,6.4601702],[0.1355065,6.4619292],[0.1364949,6.4643612],[0.1379688,6.4659429],[0.135178,6.4666745],[0.1328927,6.4697608],[0.1295346,6.46999],[0.1267585,6.4710134],[0.1238,6.4722633],[0.1215416,6.4744793],[0.1213995,6.4758932],[0.1199128,6.4766774],[0.1189835,6.4781898],[0.1174667,6.4830709],[0.1168927,6.488305],[0.1158741,6.4887521],[0.1156032,6.4896369],[0.1163636,6.4920501],[0.1197767,6.4969217],[0.1187116,6.4996123],[0.1195729,6.5008725],[0.118567,6.5013402],[0.1187816,6.50376],[0.1206501,6.5037486],[0.1197875,6.506842],[0.125227,6.5105649],[0.1259921,6.5118793],[0.1280259,6.5123703],[0.1262918,6.5135842],[0.1266673,6.5145862],[0.1282887,6.5155362],[0.1303956,6.5134763],[0.1318909,6.5147554],[0.1343009,6.514902],[0.1346013,6.5161039],[0.1353174,6.5162651],[0.1364192,6.5137134],[0.1371856,6.5132631],[0.1376013,6.514325],[0.1395071,6.5126781],[0.1391825,6.5158867],[0.1409072,6.5166035],[0.1447642,6.5141198],[0.14566,6.5170379],[0.1484764,6.5181651],[0.1500991,6.5197161],[0.1514778,6.5223103],[0.1513705,6.5238146],[0.1506543,6.5244036],[0.1510164,6.5255175],[0.1539373,6.5283395],[0.153197,6.529035],[0.1489136,6.5282342],[0.1478755,6.5269725],[0.1467597,6.5268099],[0.1464513,6.5273029],[0.147374,6.5298291],[0.1488022,6.5308591],[0.1486051,6.531512],[0.1479292,6.531468],[0.1481894,6.5322754],[0.1471674,6.5319423],[0.1449479,6.5327191],[0.1465452,6.5353653],[0.1456466,6.5360834],[0.1451196,6.5354865],[0.144042,6.5355618],[0.1440091,6.5369415],[0.1446877,6.5377929],[0.1442707,6.5388788],[0.1425017,6.5372306],[0.1413269,6.5369495],[0.1407047,6.5389534],[0.1386018,6.5386163],[0.1379755,6.5392438],[0.1392764,6.5416128],[0.1379956,6.5428319],[0.1376912,6.5476031],[0.1392817,6.5489554],[0.1376966,6.5516375],[0.1370072,6.5564552],[0.1373935,6.5595169],[0.1363501,6.5620989],[0.1408321,6.5678652],[0.1423126,6.5686752],[0.1462877,6.5693227],[0.1480982,6.5730984],[0.1495117,6.5744933],[0.1518546,6.5754259],[0.1498685,6.5784595],[0.1516105,6.5799317],[0.1517621,6.5824484],[0.1543075,6.5873297],[0.1545811,6.5904579],[0.1577514,6.5966767],[0.157958,6.6022947],[0.1625311,6.6049071],[0.159409,6.6057118],[0.1581712,6.60704],[0.1589316,6.6083629],[0.1581752,6.6090156],[0.1579928,6.6107795],[0.1604658,6.6125006],[0.1606348,6.6140087],[0.1575717,6.6153728],[0.1585481,6.618562],[0.1580948,6.6193587],[0.1548788,6.6192574],[0.1545596,6.6214261],[0.1566035,6.6243249],[0.1617452,6.625127],[0.1637435,6.6236775],[0.1643014,6.6217486],[0.167681,6.6229315],[0.168381,6.6206003],[0.1706395,6.6225159],[0.170913,6.6236056],[0.1719028,6.6238534],[0.1744268,6.6209999],[0.1741773,6.6177388],[0.1788068,6.6227424],[0.1826745,6.6221003],[0.1837367,6.620515],[0.186038,6.618999],[0.1883876,6.6144883],[0.188503,6.6137049],[0.1870841,6.6129296],[0.1870653,6.6119811],[0.1855606,6.6107661],[0.1866817,6.6100627],[0.1892701,6.6110779],[0.1910967,6.6141259],[0.1903671,6.615149],[0.1905227,6.6162947],[0.1922661,6.6188258],[0.1908486,6.6196677],[0.1905093,6.6207361],[0.1895584,6.6208574],[0.1895571,6.6219217],[0.1883903,6.622793],[0.1889656,6.6247393],[0.1867944,6.6286784],[0.1873362,6.6315985],[0.1889509,6.6318915],[0.1903617,6.6312148],[0.1921642,6.6271571],[0.1967964,6.6292646],[0.1998138,6.6323444],[0.2015305,6.6324031],[0.202319,6.6317317],[0.20226,6.6300798],[0.2003664,6.6277992],[0.1995617,6.6241971],[0.197137,6.6212397],[0.1972336,6.6190336],[0.1962036,6.6160016],[0.1967722,6.614744],[0.201053,6.6173391],[0.2031022,6.6167663],[0.2058595,6.620499],[0.2143675,6.6243996],[0.2189809,6.6301891],[0.2198821,6.6304382],[0.2201745,6.6292859],[0.2209738,6.6289662],[0.2246511,6.6297508],[0.2219823,6.6252735],[0.2207941,6.6243326],[0.2189997,6.6241118],[0.2178732,6.6229555],[0.2188468,6.6208347],[0.2207498,6.6201566],[0.2209349,6.6192854],[0.2165937,6.6147014],[0.2161753,6.612911],[0.2171731,6.6115575],[0.2191365,6.6129856],[0.2204454,6.615522],[0.2231598,6.6161855],[0.223546,6.6178853],[0.2253243,6.6188231],[0.2247182,6.6205763],[0.2223471,6.6202459],[0.2217382,6.6206802],[0.2228567,6.6228409],[0.2269015,6.6260834],[0.2288622,6.6266989],[0.2293396,6.6252735],[0.229986,6.6250443],[0.2322739,6.6270505],[0.2324563,6.6281216],[0.2307129,6.6289422],[0.230214,6.6312787],[0.232915,6.63284],[0.2323115,6.6347636],[0.2326387,6.6360105],[0.2357367,6.6354536],[0.2372508,6.6341575],[0.2373567,6.6358986],[0.2383116,6.6367138],[0.2395159,6.6359771],[0.2396514,6.6384695],[0.2416268,6.63941],[0.2435312,6.63876],[0.244706,6.6375371],[0.2453296,6.6354896],[0.2463073,6.6352858],[0.2457064,6.6369429],[0.2468464,6.6389571],[0.2467203,6.640481],[0.2513149,6.6436727],[0.2596298,6.6436994],[0.2622557,6.6429721],[0.2642539,6.641187],[0.2650398,6.6422074],[0.2666813,6.6423673],[0.2682048,6.6460306],[0.2663192,6.6459453],[0.2653348,6.6464661],[0.2649701,6.6475651],[0.2630925,6.6477223],[0.2618909,6.6488786],[0.262143,6.6502],[0.2637577,6.6505596],[0.2657922,6.6496485],[0.265363,6.6526297],[0.2664238,6.6537007],[0.2684703,6.6534929],[0.2672781,6.6507022],[0.269267,6.6511724],[0.2709916,6.6491317],[0.2716541,6.6496765],[0.2715602,6.6511751],[0.2730234,6.6507262],[0.2737986,6.6523766],[0.2775778,6.6530133],[0.2755742,6.6540883],[0.2755178,6.6552965],[0.2731656,6.6543987],[0.2714074,6.6560997],[0.2703036,6.6563075],[0.2720377,6.6591462],[0.2738146,6.660305],[0.2735934,6.6613028],[0.2751115,6.6614852],[0.2743953,6.663169],[0.2761817,6.6636845],[0.2763741,6.6649159],[0.2777032,6.6654354],[0.2773055,6.6668387],[0.2784106,6.6675687],[0.2767517,6.6676806],[0.2757405,6.6684865],[0.2767423,6.6721229],[0.2787298,6.6743687],[0.2826338,6.6748535],[0.2835082,6.6732125],[0.2839521,6.6747896],[0.2856325,6.6761056],[0.2861461,6.6728289],[0.2918887,6.6761895],[0.2952415,6.6763667],[0.2944221,6.674013],[0.2933358,6.6729394],[0.2953072,6.6732817],[0.2954748,6.6722967],[0.2967998,6.6718139],[0.2968508,6.6704605],[0.2974436,6.670354],[0.2968575,6.667971],[0.2978379,6.6671011],[0.2956626,6.6650258],[0.2967328,6.6649193],[0.297178,6.6638829],[0.2958557,6.6626135],[0.2965504,6.6619901],[0.2960944,6.6595444],[0.2971338,6.659655],[0.297524,6.6571534],[0.2984628,6.6562076],[0.2996778,6.660052],[0.2973336,6.6629052],[0.2985728,6.6631383],[0.2987471,6.6650445],[0.3002974,6.6655933],[0.2999634,6.6666071],[0.3011611,6.6670745],[0.3004235,6.6691312],[0.3021669,6.6684318],[0.3031942,6.6703992],[0.3040391,6.6698931],[0.3053883,6.6702794],[0.3044066,6.6720669],[0.3062493,6.6737506],[0.3072095,6.6756727],[0.3019296,6.6711865],[0.2996886,6.6718485],[0.2996725,6.6728502],[0.2979062,6.6728369],[0.2981356,6.6741516],[0.2974597,6.6741609],[0.2974731,6.6747443],[0.2985647,6.6779491],[0.299356,6.6776827],[0.2997261,6.6789961],[0.3013676,6.680384],[0.298377,6.6799524],[0.2974462,6.6804826],[0.2968723,6.6791612],[0.2946474,6.6801576],[0.2957565,6.682366],[0.293891,6.6824553],[0.2941042,6.6855841],[0.2952012,6.6885571],[0.2962929,6.689351],[0.2977091,6.6888901],[0.2991199,6.689628],[0.299828,6.6886583],[0.3008728,6.6892031],[0.3003645,6.6908534],[0.3021643,6.6910466],[0.3023373,6.6918977],[0.3013381,6.6921907],[0.301546,6.6930911],[0.2999809,6.6944471],[0.3015768,6.699948],[0.3055787,6.706019],[0.3066543,6.7058778],[0.306083,6.7070872],[0.3069332,6.7075241],[0.3066704,6.7082779],[0.3088859,6.7119061],[0.3107983,6.7117143],[0.3100446,6.713286],[0.3119221,6.7136855],[0.313105,6.716336],[0.3143495,6.7165118],[0.3143924,6.7171245],[0.3138345,6.7181847],[0.3114863,6.7175987],[0.3105971,6.718475],[0.30512,6.7146232],[0.3037763,6.7140478],[0.3026846,6.7144074],[0.3022917,6.7111203],[0.3007387,6.7114785],[0.3007843,6.7098003],[0.2988142,6.7083099],[0.2962983,6.7090904],[0.2956438,6.711035],[0.2963814,6.7129343],[0.2950323,6.7135657],[0.2942222,6.7149349],[0.297347,6.7217994],[0.2961829,6.7214691],[0.2943403,6.7194606],[0.2904376,6.7122471],[0.2911431,6.7151426],[0.2903169,6.7187601],[0.2925593,6.721581],[0.2934712,6.7217648],[0.2941874,6.7211202],[0.2947855,6.721549],[0.2947453,6.7223269],[0.2936469,6.7225839],[0.2941579,6.7254621],[0.2954762,6.7250532],[0.2950256,6.7262879],[0.2961494,6.7263305],[0.2963009,6.7269245],[0.2980196,6.7264337],[0.2979277,6.7281219],[0.2991468,6.7289809],[0.2972129,6.732252],[0.2958718,6.7314129],[0.295389,6.7327714],[0.2943322,6.7316393],[0.2938628,6.732196],[0.2942598,6.7364313],[0.2936268,6.7382799],[0.2944824,6.7400406],[0.2940184,6.7411807],[0.2942035,6.7455224],[0.2943912,6.7458953],[0.2947184,6.7451095],[0.2963291,6.7447806],[0.2961937,6.7483512],[0.2969205,6.7489958],[0.2949786,6.7519018],[0.2943456,6.7540433],[0.2946192,6.7552686],[0.299238,6.76091],[0.3020865,6.7621992],[0.3037146,6.7590455],[0.3100848,6.7547412],[0.3104228,6.7554337],[0.3077111,6.7603001],[0.3124934,6.7595037],[0.3149074,6.7607662],[0.3146285,6.7619595],[0.311265,6.7616771],[0.3084326,6.7631048],[0.3068098,6.7648494],[0.3067401,6.766024],[0.3044307,6.7674837],[0.304243,6.7685331],[0.3048921,6.7706799],[0.3059488,6.7718145],[0.3125578,6.7723579],[0.3123647,6.7729012],[0.3081912,6.7741797],[0.3075742,6.7749787],[0.3083789,6.776955],[0.3079498,6.7788887],[0.3108895,6.7806306],[0.3115225,6.7824098],[0.3163826,6.7838534],[0.3173268,6.7848761],[0.3217363,6.7852969],[0.3214574,6.7865061],[0.3184533,6.7873531],[0.3179169,6.7887913],[0.3185928,6.7904213],[0.3169298,6.7918596],[0.3177237,6.7940436],[0.3209478,6.7978362],[0.3177237,6.7965365],[0.315932,6.7946295],[0.3134321,6.7902723],[0.3119624,6.7906131],[0.3109324,6.7916998],[0.3088295,6.7889512],[0.3095859,6.7845938],[0.309189,6.7838693],[0.3050637,6.7828546],[0.3035805,6.7834831],[0.3043449,6.7812352],[0.3034759,6.7797703],[0.3035215,6.7785558],[0.3009975,6.7782655],[0.3014749,6.7765182],[0.3010994,6.7759482],[0.2993935,6.7770776],[0.2987766,6.7768219],[0.2999836,6.7754102],[0.3001285,6.7729758],[0.2973712,6.7702883],[0.2980229,6.7690471],[0.2964082,6.7693055],[0.2958262,6.7688101],[0.2981999,6.7660453],[0.2969822,6.7638959],[0.2969876,6.7621306],[0.2962178,6.7621752],[0.2946688,6.7606597],[0.2937501,6.7607303],[0.2936798,6.7587326],[0.2899843,6.754929],[0.2895391,6.7536664],[0.2884032,6.7532656],[0.289126,6.7523147],[0.288261,6.7489199],[0.289692,6.7483299],[0.2909258,6.746239],[0.2908105,6.7357974],[0.290266,6.7344042],[0.2916634,6.7290688],[0.2912557,6.7274653],[0.2901292,6.7262985],[0.2897537,6.7209177],[0.2891394,6.7209044],[0.2886325,6.7228969],[0.2881068,6.7228303],[0.2881001,6.7206407],[0.2870607,6.7206141],[0.2852744,6.7171591],[0.2871707,6.7156807],[0.2862051,6.7143435],[0.2864519,6.710726],[0.2844107,6.7090638],[0.2857518,6.7072497],[0.2864546,6.7082486],[0.2890241,6.7090904],[0.2898368,6.707255],[0.288536,6.703443],[0.2860683,6.7000999],[0.284518,6.6992821],[0.2832252,6.6997323],[0.280268,6.6974107],[0.2779466,6.6968472],[0.2773324,6.6952489],[0.2755406,6.6949452],[0.2755286,6.6941727],[0.2743444,6.693885],[0.2738978,6.6930139],[0.2714127,6.6923612],[0.2704954,6.693512],[0.268355,6.6924944],[0.2660966,6.6943032],[0.2652195,6.6938983],[0.2644336,6.6945483],[0.2636491,6.6968592],[0.2639079,6.6993393],[0.262033,6.7056541],[0.2622423,6.7071298],[0.2611238,6.7066956],[0.2614054,6.7055688],[0.2608904,6.705076],[0.2615046,6.7032992],[0.2609172,6.7018953],[0.2617756,6.699948],[0.260354,6.6989304],[0.2607939,6.697103],[0.2581841,6.6931924],[0.259788,6.6933415],[0.2601045,6.6924731],[0.2616066,6.6925663],[0.2618051,6.6916579],[0.2608931,6.6900116],[0.2633098,6.6901555],[0.2645704,6.6887942],[0.2644926,6.6874329],[0.2656567,6.6864419],[0.2691355,6.6877672],[0.2709876,6.6862688],[0.2717373,6.6871905],[0.2776422,6.6893803],[0.2832674,6.6935613],[0.2846427,6.693516],[0.2844281,6.691943],[0.2764606,6.6835755],[0.2709541,6.6790467],[0.265646,6.6724053],[0.2602614,6.6669679],[0.2550217,6.6637178],[0.2546275,6.6624443],[0.2531013,6.6617303],[0.2525541,6.6605795],[0.2511996,6.6603557],[0.246833,6.6620127],[0.2434507,6.6617756],[0.2411762,6.6630437],[0.2402991,6.6643172],[0.2384618,6.664493],[0.2379709,6.665825],[0.2370375,6.6661208],[0.2373319,6.6673396],[0.2364756,6.6675301],[0.2356374,6.6692644],[0.2337532,6.669592],[0.2341863,6.6708655],[0.2360183,6.6714329],[0.2344733,6.6741196],[0.2328238,6.6750666],[0.2336821,6.6767876],[0.2344653,6.6770487],[0.2345176,6.6781689],[0.2340576,6.6789028],[0.2321666,6.6788123],[0.2309704,6.6810074],[0.2321693,6.6870839],[0.2335989,6.6881921],[0.2345806,6.6910346],[0.2361873,6.6913063],[0.2370322,6.6926196],[0.2366754,6.6936745],[0.2346531,6.6939516],[0.2345324,6.6956378],[0.2336311,6.69608],[0.233092,6.6974919],[0.2327004,6.7003183],[0.2334219,6.7044287],[0.2343902,6.7051692],[0.2335855,6.7081288],[0.2339449,6.7107606],[0.2350634,6.7122657],[0.2345672,6.7138214],[0.2352431,6.7181261],[0.2384698,6.7216689],[0.2389365,6.7240317],[0.2369678,6.7256033],[0.2370684,6.7280113],[0.2332342,6.7335172],[0.2334756,6.7350036],[0.2349722,6.7348331],[0.2359807,6.7356082],[0.2359432,6.736133],[0.2333093,6.7375767],[0.2331805,6.74235],[0.2340603,6.745344],[0.2360666,6.7480076],[0.2361041,6.7503889],[0.2376169,6.7529513],[0.2361631,6.7563926],[0.2366459,6.7604412],[0.2361417,6.7632966],[0.2348328,6.7652889],[0.2337652,6.7697103],[0.2342051,6.7735298],[0.232687,6.7792749],[0.2338189,6.78168],[0.2313137,6.7859095],[0.2329284,6.7885729],[0.2321505,6.7935109],[0.2328184,6.7956522],[0.2329713,6.8026994],[0.2336016,6.8042042],[0.2321559,6.8058102],[0.2329498,6.8098211],[0.230729,6.8134112],[0.2306968,6.8156004],[0.231775,6.8179174],[0.2303266,6.821385],[0.2278376,6.8234942],[0.2278805,6.8265729],[0.2254611,6.8275583],[0.2254933,6.8295503],[0.2244151,6.8307541],[0.2241415,6.8322881],[0.2228272,6.8334439],[0.2208048,6.8385784],[0.2205634,6.8438034],[0.2167171,6.8477821],[0.2137399,6.8494492],[0.211224,6.8528153],[0.2082092,6.8592279],[0.2088582,6.8608629],[0.2078658,6.8633182],[0.2093303,6.8661303],[0.2079087,6.8693738],[0.2092016,6.8721486],[0.2090406,6.8733097],[0.2112615,6.8746997],[0.2130586,6.8774745],[0.2133429,6.8794583],[0.2149039,6.8806753],[0.2155557,6.88247],[0.2151373,6.8847841],[0.2166635,6.8886159],[0.2164328,6.8904373],[0.2178276,6.8923066],[0.2155208,6.8974139],[0.2155852,6.8995868],[0.2179456,6.9039963],[0.2209711,6.9054768],[0.2225777,6.9076922],[0.2244191,6.9119605],[0.2263704,6.911633],[0.2271509,6.9124159],[0.2274084,6.915249],[0.226078,6.9178531],[0.2272582,6.9194933],[0.2273709,6.9214743],[0.2251929,6.9290256],[0.2267191,6.9312994],[0.226298,6.9352401],[0.2268773,6.9369441],[0.2285457,6.9391487],[0.2309221,6.9403735],[0.2315551,6.9418432],[0.2315497,6.9441863],[0.2332556,6.9489096],[0.2329928,6.9510476],[0.2337733,6.9520886],[0.2332932,6.9606777],[0.2340066,6.9654275],[0.2349977,6.9672659],[0.2368283,6.9675002],[0.2378891,6.9683282],[0.2385288,6.9680473],[0.2390572,6.9656778],[0.2405848,6.9657816],[0.2419393,6.9679861],[0.2420707,6.9700488],[0.2443385,6.9702518],[0.2461034,6.9693226],[0.2485684,6.9663434],[0.2496251,6.9638993],[0.2504942,6.9588513],[0.250057,6.954192],[0.251559,6.9530152],[0.2525166,6.9539683],[0.2562663,6.9527729],[0.2582645,6.9536009],[0.2591228,6.9532814],[0.2575082,6.9494261],[0.2596056,6.9453471],[0.2592677,6.9438029],[0.2602869,6.9400913],[0.2609172,6.9418219],[0.2652919,6.9459702],[0.2665847,6.9455442],[0.2705598,6.941577],[0.2717882,6.9387068],[0.2719465,6.9346144],[0.2712518,6.9317334],[0.2717158,6.9303143],[0.273073,6.9298084],[0.2731132,6.9289537],[0.2735665,6.9299096],[0.2730247,6.9330115],[0.2747011,6.9340339],[0.2748942,6.9409966],[0.2780351,6.9441969],[0.2795854,6.9476822],[0.277728,6.9480123],[0.2755675,6.947155],[0.2723354,6.9516253],[0.2731079,6.9534598],[0.2715173,6.9560158],[0.2707905,6.959666],[0.2699,6.9604062],[0.2683577,6.9761223],[0.2671507,6.9774375],[0.2653107,6.9764205],[0.2647153,6.9790242],[0.2632803,6.9794236],[0.2636638,6.9800519],[0.2652115,6.9802263],[0.2649178,6.9815175],[0.2639803,6.9818357],[0.2639911,6.983031],[0.2622503,6.98367],[0.2627411,6.9851715],[0.2600992,6.9859383],[0.2584255,6.9884675],[0.2589565,6.9914385],[0.261569,6.9925993],[0.2598256,6.994367],[0.2604505,6.9973674],[0.2587929,6.9977321],[0.2570924,6.9969707],[0.2566943,6.9958636],[0.2566767,6.997],[0.2533829,6.9991804],[0.2528572,7.0006818],[0.2532247,7.0024203],[0.252074,7.0036209],[0.2475679,7.0011131],[0.2457279,6.9979078],[0.2442741,7.0009933],[0.2417958,7.001555],[0.2430162,7.0049414],[0.2415289,7.0063377],[0.2431771,7.0073533],[0.2439389,7.0073426],[0.2452773,7.0056335],[0.2464843,7.0054152],[0.2490324,7.0063204],[0.2502984,7.0089453],[0.2514839,7.009137],[0.2534795,7.008892],[0.2553892,7.007348],[0.2567035,7.007151],[0.258624,7.0099462],[0.2571917,7.0115968],[0.2571809,7.0132526],[0.2600294,7.0154782],[0.2619231,7.0156006],[0.2622878,7.0165856],[0.2599651,7.0205681],[0.2573097,7.0186461],[0.254201,7.0184598],[0.2517897,7.0170249],[0.2513471,7.0173044],[0.2514946,7.0211645],[0.2531764,7.0211219],[0.2546462,7.0229055],[0.2520579,7.0244388],[0.252817,7.0295127],[0.2535814,7.0305003],[0.2526078,7.0312563],[0.2497137,7.0311046],[0.248673,7.0286023],[0.2476108,7.0279208],[0.2457654,7.0279368],[0.2451459,7.0266217],[0.2435043,7.0260653],[0.2422088,7.0244282],[0.2405351,7.0240661],[0.2399611,7.0250192],[0.2399772,7.0264753],[0.2414444,7.026643],[0.2420103,7.027415],[0.2419808,7.0295021],[0.2436894,7.0294941],[0.2453524,7.0304604],[0.2457225,7.0315785],[0.2440435,7.0336282],[0.247525,7.0365697],[0.2413881,7.0378369],[0.2392155,7.0406186],[0.2405405,7.0424767],[0.2416201,7.0465841],[0.2437538,7.0460144],[0.2456689,7.0489559],[0.2490512,7.0491076],[0.2469724,7.0517083],[0.2436036,7.0524856],[0.2446228,7.0577242],[0.2452223,7.0581382],[0.2466613,7.056734],[0.2480185,7.0564306],[0.2491343,7.0604447],[0.250808,7.0594332],[0.2525407,7.0567021],[0.2532971,7.0564785],[0.2549118,7.0598431],[0.2558734,7.0639776],[0.2567115,7.0638652],[0.2575779,7.0613816],[0.2595681,7.0598857],[0.2579427,7.0569523],[0.2587849,7.055089],[0.2590424,7.0519745],[0.2595413,7.0512984],[0.2612429,7.0522361],[0.2620143,7.0519106],[0.2607979,7.0473055],[0.2634653,7.0452052],[0.2641037,7.0476116],[0.2657935,7.0485992],[0.2656192,7.0502975],[0.2668422,7.0524856],[0.2665472,7.0551103],[0.267089,7.0557598],[0.2678186,7.0559248],[0.2717078,7.0535983],[0.273124,7.0504626],[0.2737248,7.0506702],[0.2739555,7.0532416],[0.2730167,7.0561324],[0.2732259,7.0575485],[0.2710318,7.0584323],[0.2689504,7.0607535],[0.2680707,7.0626061],[0.2685857,7.0643523],[0.2667403,7.0655661],[0.2669334,7.0665882],[0.2695942,7.0694843],[0.2712679,7.0687496],[0.271343,7.0659494],[0.272373,7.0630107],[0.2756613,7.0646557],[0.2767557,7.063591],[0.2795505,7.0626647],[0.2811599,7.0587198],[0.2816714,7.0588523],[0.282222,7.0625742],[0.2812242,7.0661517],[0.2833499,7.0679032],[0.2813174,7.0689887],[0.27969,7.0710069],[0.2787995,7.0747227],[0.2805591,7.075319],[0.2827799,7.0746801],[0.2855372,7.0713582],[0.2873484,7.0705444],[0.2927041,7.0758194],[0.2941954,7.0765008],[0.2966335,7.0763118],[0.3013408,7.0728914],[0.3038533,7.0677413],[0.3043771,7.067806],[0.3044522,7.068723],[0.3074187,7.0688934],[0.3124479,7.0665313],[0.3097764,7.0685633],[0.309763,7.0695508],[0.3087759,7.0701151],[0.3070459,7.0697265],[0.3052622,7.0714035],[0.3047647,7.0746881],[0.3032368,7.0760254],[0.3035992,7.0779248],[0.3022474,7.078545],[0.3023091,7.0806558],[0.3006273,7.082338],[0.300687,7.0845319],[0.2975616,7.0864424],[0.2969393,7.0875816],[0.2970171,7.0897589],[0.2933854,7.0924179],[0.2931252,7.0970812],[0.2986479,7.0970439],[0.2965504,7.1011163],[0.2968184,7.102469],[0.2981651,7.10299],[0.2997154,7.1025216],[0.3011048,7.1001554],[0.3030226,7.1011801],[0.3033739,7.1051619],[0.3066489,7.1099981],[0.3043985,7.1114859],[0.3000104,7.1098996],[0.2979451,7.1080444],[0.2956364,7.1082068],[0.2943,7.1122577],[0.2935839,7.112625],[0.2924198,7.1119756],[0.2913576,7.1128885],[0.2906576,7.1141355],[0.2911136,7.1164417],[0.2901131,7.1168742],[0.2889819,7.1158542],[0.2891931,7.1129231],[0.2881457,7.1088469],[0.2875771,7.1080684],[0.2845328,7.1068214],[0.2832326,7.1053183],[0.2824688,7.1061787],[0.2834491,7.1089041],[0.2826539,7.1106634],[0.2803069,7.1121992],[0.2799153,7.110698],[0.2791965,7.113349],[0.2784187,7.1143337],[0.2776086,7.1142858],[0.2757043,7.1114646],[0.2730274,7.1111718],[0.275495,7.1094285],[0.2764365,7.1077037],[0.2761146,7.1066631],[0.2747856,7.1060056],[0.2751732,7.1024497],[0.2726787,7.1024284],[0.2702755,7.1006744],[0.2701092,7.0994101],[0.2678615,7.0982922],[0.2637416,7.0995991],[0.2611989,7.1043315],[0.2587701,7.1073418],[0.2598913,7.1086699],[0.2598216,7.1104798],[0.2576651,7.1126929],[0.2561255,7.1158522],[0.2561295,7.1184419],[0.2580366,7.1200933],[0.2562422,7.1237649],[0.2559766,7.1284464],[0.2611372,7.1331266],[0.2596083,7.1347914],[0.2594608,7.1358107],[0.2601314,7.1367755],[0.2620612,7.137353],[0.2615824,7.1393198],[0.2625561,7.1403737],[0.2633151,7.1428461],[0.264321,7.1429313],[0.2650344,7.1421755],[0.2649258,7.1426891],[0.2657466,7.1430803],[0.2651739,7.143751],[0.2660282,7.1449563],[0.2658653,7.1457284],[0.2680718,7.1471214],[0.2701789,7.1470658],[0.2718526,7.1511217],[0.2736872,7.1527398],[0.271461,7.1543259],[0.2687037,7.1533199],[0.267545,7.1536499],[0.2680503,7.1555419],[0.2700394,7.1577085],[0.2705745,7.1595048],[0.2683,7.160914],[0.2667175,7.163236],[0.2673572,7.1639319],[0.2670836,7.1647609],[0.2657452,7.1660995],[0.2691945,7.168971],[0.2691945,7.1708924],[0.270305,7.1722496],[0.2723153,7.1725237],[0.2732125,7.1713102],[0.2768536,7.1701432],[0.2779332,7.1725849],[0.2796216,7.173076],[0.2839279,7.1702018],[0.2846467,7.1671307],[0.2844138,7.1620372],[0.2849031,7.1607241],[0.2862346,7.1604243],[0.2873801,7.1615901],[0.2875825,7.166502],[0.2862693,7.1731905],[0.2869513,7.1745592],[0.2895284,7.1753349],[0.2958906,7.1719742],[0.2965086,7.1730566],[0.29458,7.1748337],[0.2945709,7.1762321],[0.2962704,7.1753017],[0.2978871,7.1752375],[0.2974355,7.1764024],[0.2983582,7.1798247],[0.297972,7.18016],[0.2953219,7.1791488],[0.2935197,7.1804819],[0.2925968,7.1788826],[0.2899092,7.1781322],[0.2859691,7.1787922],[0.2864331,7.1808306],[0.2848077,7.1818791],[0.286299,7.1842476],[0.2861607,7.1849649],[0.2812779,7.1831991],[0.2786198,7.1870378],[0.2770024,7.1829715],[0.2742196,7.1825245],[0.2723823,7.1844591],[0.2698946,7.182567],[0.2685776,7.1843819],[0.2689558,7.1867184],[0.2714556,7.1891507],[0.2736067,7.1883151],[0.2760261,7.1900821],[0.2761012,7.1920301],[0.2770319,7.1937118],[0.275597,7.1953484],[0.2762206,7.1991697],[0.280205,7.1995024],[0.280779,7.2000771],[0.2789911,7.203676],[0.2794915,7.2052502],[0.28111,7.2052534],[0.2859932,7.2031839],[0.2867281,7.2017682],[0.2882865,7.2008528],[0.287675,7.2023217],[0.2880934,7.2064942],[0.2873692,7.2088013],[0.2877514,7.2097526],[0.2885554,7.2094533],[0.2912933,7.2124176],[0.292688,7.2126837],[0.2934954,7.2121276],[0.2948123,7.2128939],[0.2963573,7.2121036],[0.2972808,7.2137843],[0.2995531,7.2142444],[0.2995035,7.2123165],[0.3007172,7.2123138],[0.3010216,7.2115528],[0.2999863,7.207681],[0.3037441,7.2091286],[0.3053266,7.2082984],[0.3058577,7.2072979],[0.3076118,7.2077396],[0.3088617,7.2068082],[0.308969,7.203945],[0.3096557,7.203285],[0.311501,7.2047912],[0.3111255,7.2093548],[0.3123701,7.2090754],[0.3130674,7.2071861],[0.3145722,7.2081494],[0.3165007,7.2076012],[0.3168628,7.2084261],[0.3144515,7.2110712],[0.3139687,7.2139823],[0.3131801,7.2149775],[0.3141242,7.2154192],[0.3172249,7.2151425],[0.3169459,7.2178247],[0.3196442,7.2173777],[0.3206849,7.2179045],[0.3218222,7.2166699],[0.3225839,7.2167337],[0.3216666,7.2186496],[0.3223586,7.2191831],[0.3222513,7.2206001],[0.324609,7.2215793],[0.3262129,7.2230455],[0.3227207,7.2249347],[0.3233322,7.2256931],[0.3250489,7.2257224],[0.3264356,7.2267521],[0.3254887,7.2280214],[0.3243542,7.2275544],[0.3240323,7.2281498],[0.31822,7.2255521],[0.317933,7.2264914],[0.3165302,7.2273907],[0.3138292,7.2260736],[0.3126557,7.2266604],[0.3101546,7.2262758],[0.3059033,7.2228805],[0.3017807,7.2235949],[0.3015983,7.2242269],[0.3028214,7.2260071],[0.3078452,7.2290006],[0.3079176,7.2311985],[0.3102028,7.2345299],[0.3086042,7.2355942],[0.3040445,7.2349875],[0.3027356,7.2372227],[0.3017056,7.2373823],[0.2991307,7.2331941],[0.2974999,7.2270581],[0.2936375,7.2259086],[0.2927577,7.2229923],[0.2916956,7.2225559],[0.290494,7.2239076],[0.2905154,7.2263769],[0.2966228,7.2319954],[0.292629,7.2346443],[0.2936161,7.2353774],[0.2935678,7.2378626],[0.2902847,7.237671],[0.2857786,7.2360692],[0.2847004,7.2297044],[0.2824699,7.22885],[0.2803767,7.2297829],[0.2793239,7.2323626],[0.2783717,7.2315271],[0.2773377,7.2324371],[0.2773498,7.2341474],[0.2785957,7.2346323],[0.2774933,7.236455],[0.2763158,7.2364603],[0.2742451,7.2327963],[0.2730113,7.2322961],[0.2700904,7.2334536],[0.2692294,7.2357552],[0.2664962,7.2361464],[0.2682155,7.2398742],[0.2672714,7.2426574],[0.2667993,7.2487985],[0.2656084,7.2497165],[0.265139,7.2510335],[0.2636826,7.2592898],[0.2639803,7.2602556],[0.2666156,7.2609448],[0.2664412,7.2637398],[0.2646978,7.2649092],[0.2655172,7.2683321],[0.2646965,7.2690412],[0.2643263,7.2718695],[0.267038,7.2757566],[0.2663353,7.279415],[0.2668905,7.2839273],[0.2676643,7.2854026],[0.2695687,7.2844275],[0.2691543,7.2881097],[0.2695888,7.2894932],[0.2709876,7.2907077],[0.2704444,7.2914806],[0.2704471,7.2940347],[0.272727,7.2945162],[0.2742907,7.2939495],[0.2747547,7.2961258],[0.2760073,7.29603],[0.2766698,7.2979509],[0.2781826,7.2987145],[0.2789819,7.3001551],[0.2819136,7.3015106],[0.2836999,7.300485],[0.2842444,7.3025708],[0.2853616,7.302914],[0.2864706,7.3021265],[0.2868488,7.303909],[0.2850759,7.3051381],[0.2827893,7.3056542],[0.2817084,7.3041484],[0.2792327,7.304356],[0.2787968,7.3038491],[0.2780525,7.3051049],[0.2784253,7.3061185],[0.2760449,7.3079781],[0.275487,7.309186],[0.2743283,7.307905],[0.2737248,7.3083759],[0.2732635,7.3102222],[0.2736671,7.311567],[0.2725326,7.3117213],[0.2724025,7.3125181],[0.2711096,7.3119754],[0.2705303,7.3131167],[0.2694708,7.3119541],[0.2674994,7.312006],[0.266975,7.3136594],[0.268182,7.3160711],[0.269212,7.3166138],[0.2686822,7.3185572],[0.2637202,7.3175835],[0.2619459,7.31906],[0.2601917,7.3187554],[0.2596016,7.3203356],[0.2583008,7.3199006],[0.2583665,7.3227712],[0.2607335,7.3232035],[0.2609722,7.3241439],[0.2602708,7.325506],[0.2586293,7.3257454],[0.257771,7.3270224],[0.2579266,7.3285174],[0.259835,7.3293129],[0.2598363,7.3308306],[0.2611412,7.3327992],[0.2622409,7.332432],[0.26335,7.3286824],[0.267207,7.3302812],[0.2678293,7.3324972],[0.270385,7.3345797],[0.2694949,7.3352267],[0.2694708,7.3370064],[0.2709407,7.3395602],[0.2720189,7.3399725],[0.2691302,7.3417017],[0.2688003,7.3426274],[0.2715468,7.3454207],[0.2719653,7.3470061],[0.2736175,7.3472828],[0.2729416,7.3502249],[0.2760851,7.3531165],[0.2752,7.3539598],[0.2756828,7.3563752],[0.2727431,7.3549334],[0.2704257,7.3555027],[0.2703828,7.3587321],[0.2715951,7.3601473],[0.270254,7.3618338],[0.267148,7.358764],[0.2663648,7.3564976],[0.2645624,7.3553803],[0.2645141,7.3542205],[0.2626365,7.3520498],[0.2605981,7.3517466],[0.2593106,7.3525286],[0.2604371,7.3567955],[0.2618131,7.3592668],[0.2594635,7.360666],[0.2593535,7.3616688],[0.2615315,7.3644114],[0.2648923,7.3670927],[0.2640474,7.3681807],[0.2641574,7.3701571],[0.2631167,7.371543],[0.2621698,7.3718862],[0.2602842,7.3711281],[0.2587849,7.3719819],[0.259501,7.374908],[0.2619606,7.3767194],[0.2613571,7.3805711],[0.2630174,7.3822602],[0.2683818,7.3824012],[0.2705678,7.3813877],[0.2714047,7.379805],[0.272668,7.3810632],[0.2715579,7.3824112],[0.2719063,7.3831779],[0.2738978,7.3817395],[0.2789041,7.3825182],[0.2789167,7.3836481],[0.2770435,7.3839614],[0.2744704,7.3864842],[0.27325,7.3894607],[0.2719492,7.3881094],[0.2680707,7.3886308],[0.2670407,7.3892905],[0.2661395,7.3913652],[0.2639106,7.3905459],[0.2628028,7.3915354],[0.2633607,7.3936368],[0.2643384,7.3947579],[0.2637684,7.3963924],[0.2680653,7.4023505],[0.2642995,7.4051487],[0.2638596,7.4062924],[0.2668959,7.4070425],[0.2693206,7.4084735],[0.2718862,7.4079362],[0.2729577,7.4061887],[0.2734512,7.4086198],[0.2706778,7.4136495],[0.2715333,7.4153432],[0.2742586,7.4120217],[0.2769998,7.4135936],[0.2790195,7.413309],[0.2791522,7.4101585],[0.2803592,7.4079003],[0.2815837,7.4072367],[0.2808233,7.4058908],[0.2833875,7.4049426],[0.2856553,7.4061661],[0.2864251,7.4040635],[0.2853683,7.4020274],[0.2863406,7.4013198],[0.2880102,7.4038906],[0.2893245,7.4041898],[0.2899843,7.4067087],[0.29119,7.4078431],[0.2927832,7.4076742],[0.2938467,7.4066954],[0.2956881,7.4075838],[0.2958879,7.4082806],[0.2997529,7.4087581],[0.3029877,7.4101465],[0.3052716,7.4087302],[0.3088135,7.408153],[0.305627,7.4096039],[0.3048143,7.4108966],[0.3053158,7.4154421],[0.3047043,7.4165539],[0.3043985,7.4139793],[0.302922,7.4116081],[0.2990676,7.4100042],[0.2938306,7.4105535],[0.2918458,7.4126081],[0.2909392,7.4154182],[0.2898382,7.4156762],[0.2893755,7.4177123],[0.2897845,7.4188227],[0.2892642,7.4208774],[0.2883509,7.4210223],[0.28786,7.4236528],[0.2866986,7.423573],[0.2847004,7.4201326],[0.2823079,7.4201313],[0.2817607,7.4187669],[0.2805443,7.4188826],[0.2789819,7.421025],[0.2797431,7.4247168],[0.2781558,7.4255439],[0.274449,7.4237672],[0.2724642,7.4254109],[0.2700663,7.4254375],[0.2657533,7.4287302],[0.2646643,7.4303739],[0.2640957,7.4328953],[0.2650398,7.4346613],[0.2664104,7.4356028],[0.2700636,7.4308792],[0.2762407,7.4348209],[0.2784991,7.4347517],[0.2798,7.4333142],[0.281927,7.4351719],[0.2844798,7.4345083],[0.2832735,7.4360563],[0.2821925,7.4363475],[0.2807897,7.4387651],[0.2774383,7.4413183],[0.2741593,7.4405151],[0.2712062,7.4425232],[0.2714851,7.4432014],[0.2717909,7.4422705],[0.2730837,7.4422745],[0.2737047,7.4436229],[0.2731696,7.4451322],[0.2735317,7.4457626],[0.2800709,7.4465658],[0.2808112,7.4499062],[0.2819002,7.4509248],[0.282678,7.4507918],[0.2825627,7.4476828],[0.2839118,7.44597],[0.285151,7.4473304],[0.2881873,7.4482719],[0.288308,7.4469328],[0.2922454,7.4436841],[0.2935302,7.43995],[0.2942732,7.4399058],[0.2952415,7.4429301],[0.297339,7.4451269],[0.2959147,7.4476056],[0.297752,7.4498583],[0.2977332,7.4521801],[0.296891,7.4532173],[0.2974959,7.4539633],[0.2963331,7.4541003],[0.2953702,7.4578343],[0.2939594,7.4591108],[0.2943496,7.4599127],[0.2905811,7.4594114],[0.2912007,7.4619299],[0.289987,7.4643633],[0.289869,7.4664617],[0.2920845,7.4701424],[0.2904806,7.4730571],[0.2926022,7.4755064],[0.2926223,7.4765383],[0.2939983,7.4783334],[0.2936375,7.479554],[0.2949572,7.4819289],[0.2939191,7.4831043],[0.2950457,7.4860083],[0.2993801,7.4856254],[0.2991508,7.4869683],[0.3022997,7.4872782],[0.3034249,7.4882222],[0.3031097,7.4892447],[0.3018022,7.4893617],[0.3022434,7.4908829],[0.2996162,7.4933587],[0.2998683,7.4945806],[0.3031178,7.4969022],[0.3002733,7.497571],[0.2993935,7.4984379],[0.3007346,7.500213],[0.2987283,7.5018923],[0.2986693,7.5026635],[0.3010136,7.5035889],[0.2992004,7.5071603],[0.3000534,7.5078224],[0.3022233,7.5077426],[0.3044468,7.5059104],[0.3052166,7.5059583],[0.3058469,7.5080178],[0.3036502,7.5113591],[0.3083387,7.5138375],[0.3083977,7.5152442],[0.3075582,7.5167972],[0.3083816,7.518374],[0.3081375,7.5192223],[0.3034173,7.5189787],[0.3058201,7.523219],[0.306319,7.5255457],[0.3088176,7.5260693],[0.3111416,7.5249368],[0.3104657,7.5290876],[0.3111255,7.5295423],[0.3105703,7.5311856],[0.3084379,7.5314409],[0.3073007,7.5330603],[0.3086767,7.5339803],[0.3070003,7.5354135],[0.3045541,7.5359188],[0.3018612,7.5347754],[0.3010297,7.5353444],[0.3027892,7.5373174],[0.3020972,7.5401838],[0.3027731,7.5410693],[0.3056887,7.5401333],[0.3076923,7.5412847],[0.3081053,7.5399073],[0.3095242,7.5403514],[0.3150201,7.5392213],[0.3165758,7.5403487],[0.3163934,7.5429651],[0.3138184,7.545103],[0.3110987,7.5441138],[0.3045541,7.54614],[0.3036529,7.5498253],[0.3045461,7.5520482],[0.3069627,7.5538403],[0.3034785,7.5535611],[0.3026551,7.5547018],[0.3020596,7.5541594],[0.3020489,7.5516547],[0.3004342,7.5494158],[0.3005093,7.5460443],[0.2995746,7.5446563],[0.2983636,7.5442415],[0.2974462,7.5399458],[0.2951771,7.5399498],[0.2941646,7.5446536],[0.2915078,7.5444329],[0.2870232,7.5457624],[0.2873182,7.5449434],[0.2918941,7.5421834],[0.2926075,7.5391787],[0.2918324,7.5378333],[0.2947453,7.535823],[0.2935356,7.5342382],[0.2962849,7.5318823],[0.2980578,7.5288297],[0.2999541,7.527899],[0.3023386,7.5287712],[0.3019148,7.5269736],[0.3009197,7.5250937],[0.2994445,7.5244422],[0.298208,7.5247692],[0.2976689,7.5263727],[0.2952281,7.5262849],[0.2953836,7.524865],[0.2930179,7.5220011],[0.2932701,7.5208789],[0.2926719,7.5194377],[0.2895766,7.5190229],[0.2884018,7.5182092],[0.2879351,7.5184644],[0.2882516,7.5206715],[0.2875248,7.5250671],[0.2839494,7.5283245],[0.2803016,7.5267237],[0.2793091,7.5273353],[0.2781558,7.5263461],[0.2780861,7.5238412],[0.2821845,7.5259898],[0.2842069,7.5241284],[0.2845824,7.5223734],[0.2786064,7.5143959],[0.281294,7.5148746],[0.2827209,7.512125],[0.2869695,7.5111198],[0.2878976,7.5095881],[0.2895123,7.5091307],[0.2905476,7.5061205],[0.289979,7.5041314],[0.288434,7.5021582],[0.287565,7.5034559],[0.2875113,7.5066045],[0.2862561,7.5070725],[0.284282,7.5056365],[0.2855802,7.5026316],[0.2859449,7.4960206],[0.2882624,7.4938081],[0.2881202,7.4913695],[0.2873558,7.4912445],[0.2858725,7.4927205],[0.2836651,7.4920104],[0.2822435,7.4928321],[0.2809721,7.4948745],[0.2775791,7.4962121],[0.2790141,7.4937443],[0.2786171,7.4924146],[0.277335,7.4915131],[0.2766269,7.4881065],[0.2731535,7.4900798],[0.2723998,7.486713],[0.269393,7.4847371],[0.2688163,7.4808226],[0.2667859,7.4821815],[0.2672097,7.487338],[0.265131,7.4902739],[0.2646723,7.492396],[0.2646241,7.4949543],[0.2657291,7.4970551],[0.2642432,7.4989591],[0.2634573,7.502246],[0.2626982,7.5035038],[0.2611211,7.5041713],[0.2599329,7.5038017],[0.2588224,7.5050409],[0.2571756,7.5054078],[0.2596861,7.5014722],[0.2601635,7.4983794],[0.2581894,7.4953026],[0.2532434,7.4945155],[0.2580607,7.4906808],[0.2577495,7.4866333],[0.2561295,7.4853408],[0.2531844,7.4848701],[0.2496332,7.4852291],[0.2522564,7.4829314],[0.2553248,7.4775382],[0.2549708,7.4755277],[0.2540642,7.4746714],[0.2507302,7.4748682],[0.2495205,7.4758069],[0.2490538,7.4754426],[0.2504057,7.4721556],[0.2520418,7.4719588],[0.2525997,7.4695865],[0.2508563,7.4655335],[0.2523208,7.4645229],[0.2553248,7.4603848],[0.2550459,7.4585444],[0.2531952,7.457704],[0.2502608,7.4585656],[0.248571,7.4605656],[0.2480775,7.4636559],[0.2491611,7.4648633],[0.2490646,7.4657995],[0.2477503,7.4663048],[0.2448964,7.4660973],[0.2444941,7.4705173],[0.2417475,7.470395],[0.2404171,7.4713843],[0.2409053,7.4729428],[0.2434909,7.4739533],[0.2435446,7.4746501],[0.2424771,7.4746075],[0.2392209,7.4769531],[0.2374828,7.4771287],[0.2301979,7.4734321],[0.2290553,7.474932],[0.2269953,7.4759745],[0.2263409,7.477602],[0.2269578,7.4787881],[0.2316731,7.4816603],[0.2367049,7.4817666],[0.2355623,7.4835005],[0.2368712,7.4856865],[0.2366674,7.4862716],[0.2312601,7.4864205],[0.2283203,7.4882927],[0.2267003,7.4921647],[0.2288032,7.4947761],[0.2384913,7.4928933],[0.2403045,7.4945953],[0.2453095,7.4951378],[0.2453577,7.4968769],[0.2466774,7.4987969],[0.2454972,7.4994883],[0.2433193,7.4991426],[0.2410045,7.5010227],[0.2396554,7.5010041],[0.2381211,7.5040888],[0.2390331,7.5059024],[0.2439201,7.5067959],[0.2439147,7.5075618],[0.2425575,7.5083117],[0.2425951,7.5090988],[0.2446443,7.510822],[0.2390385,7.5127419],[0.2393818,7.5151458],[0.2470261,7.5192462],[0.2441776,7.5201823],[0.2433059,7.5210784],[0.2432522,7.5232323],[0.2460444,7.5262956],[0.2435875,7.5260217],[0.2422839,7.5268301],[0.2434856,7.5333767],[0.242874,7.5350147],[0.2443439,7.5369877],[0.2440757,7.5391043],[0.2430671,7.539769],[0.2414095,7.5392425],[0.2365279,7.5344669],[0.235734,7.530925],[0.2326602,7.5268513],[0.23251,7.5215783],[0.2301174,7.5221234],[0.2295649,7.5228095],[0.2308953,7.5263833],[0.2304339,7.5306698],[0.2310669,7.534318],[0.2296078,7.5358284],[0.2282774,7.5353178],[0.2275908,7.5323503],[0.2263355,7.5309144],[0.2270543,7.5291275],[0.2252304,7.5228095],[0.2229988,7.5209694],[0.2219581,7.5187463],[0.2205312,7.5175976],[0.2185249,7.5172785],[0.2170604,7.5233892],[0.2145338,7.5178529],[0.2128815,7.5164276],[0.2118194,7.5165658],[0.2109074,7.5178529],[0.2102637,7.5212566],[0.2115083,7.5349775],[0.2129459,7.5393596],[0.2148396,7.5408433],[0.2124631,7.5411996],[0.2103495,7.5438692],[0.2095191,7.5461169],[0.2096415,7.5496392],[0.2116585,7.5548401],[0.209679,7.5580946],[0.2093893,7.565029],[0.2082145,7.5670657],[0.2070773,7.567055],[0.2062189,7.5658],[0.2051353,7.5660447],[0.2045345,7.568193],[0.2054143,7.5696713],[0.2074742,7.5692034],[0.2085364,7.5699585],[0.2110577,7.5780732],[0.21227,7.5799768],[0.2135467,7.5797641],[0.2167761,7.5706285],[0.2170014,7.5770416],[0.2184713,7.5820294],[0.2196579,7.5815625],[0.2216256,7.5756005],[0.2239269,7.5775839],[0.2256381,7.5803916],[0.2273387,7.5804607],[0.228036,7.5793866],[0.2282989,7.5764327],[0.2275532,7.5729736],[0.2291518,7.573266],[0.2307075,7.5759195],[0.2338564,7.575409],[0.2352565,7.5742445],[0.2357125,7.5637261],[0.2366674,7.5648801],[0.2373004,7.5681186],[0.2389955,7.5707349],[0.2402025,7.569884],[0.2411789,7.5674645],[0.2421606,7.5697564],[0.244301,7.5700063],[0.2467418,7.5687886],[0.2477771,7.5705168],[0.2470905,7.5715431],[0.2429867,7.5714527],[0.240047,7.5737127],[0.2396285,7.5750262],[0.2401113,7.5762492],[0.2385879,7.578137],[0.2366567,7.578573],[0.2362275,7.5797588],[0.2387702,7.5827792],[0.2387059,7.5838427],[0.2349937,7.5822368],[0.2333629,7.5824389],[0.2314371,7.5856187],[0.2318072,7.5863525],[0.2337438,7.5870465],[0.2335721,7.587767],[0.2328533,7.5884901],[0.2289158,7.5893197],[0.2263784,7.5930206],[0.225547,7.5955889],[0.2256864,7.5989919],[0.226196,7.604607],[0.2270597,7.6068402],[0.2256006,7.6101901],[0.226078,7.6115778],[0.2294737,7.6135824],[0.2310401,7.6105463],[0.2354443,7.6058725],[0.2369839,7.6029374],[0.2372682,7.6002362],[0.2458835,7.6008583],[0.2488124,7.5986889],[0.2511942,7.5941744],[0.2512479,7.5884742],[0.2527821,7.5864961],[0.2585542,7.5917178],[0.2631783,7.588203],[0.2622235,7.5930418],[0.2599704,7.5948763],[0.2588493,7.5973329],[0.2592677,7.5991967],[0.2625132,7.5967374],[0.2652866,7.5968172],[0.2670944,7.5960142],[0.2694815,7.5915742],[0.2761227,7.5908139],[0.2712035,7.5939937],[0.2736443,7.5966098],[0.2754039,7.5969448],[0.2752268,7.5985134],[0.273757,7.59896],[0.2712464,7.5981731],[0.2700984,7.5989467],[0.2697283,7.6001059],[0.2682692,7.5997842],[0.2662897,7.6018766],[0.2636397,7.6021079],[0.2613491,7.6048409],[0.2623308,7.6057821],[0.2656138,7.6062394],[0.2649271,7.6081748],[0.2617729,7.6079728],[0.2588546,7.6088182],[0.2583986,7.6095626],[0.2587581,7.6122744],[0.2603352,7.6132527],[0.2611721,7.6154647],[0.2655655,7.6166078],[0.26508,7.6172538],[0.2615529,7.6180966],[0.2607751,7.6195375],[0.2606946,7.6242006],[0.2620625,7.6271143],[0.2665043,7.6289911],[0.2683926,7.6278134],[0.2692401,7.6282388],[0.2702004,7.6275343],[0.2704364,7.628486],[0.2714825,7.6289699],[0.2749532,7.6290284],[0.2747226,7.6297089],[0.2727807,7.6303257],[0.2697015,7.6306128],[0.2646857,7.6338774],[0.2644122,7.6346962],[0.265249,7.6361317],[0.2664641,7.6366687],[0.2659786,7.6383808],[0.2669388,7.6398482],[0.2753127,7.6442558],[0.2754629,7.6448087],[0.2744061,7.6450905],[0.2658552,7.6431446],[0.2634627,7.6437348],[0.2624381,7.6459412],[0.2628618,7.6470258],[0.2687734,7.6487006],[0.2710855,7.651008],[0.2715415,7.6523638],[0.2681082,7.6505455],[0.2645463,7.6520182],[0.2637738,7.6538311],[0.2670515,7.6573082],[0.2670729,7.6589085],[0.264734,7.6574358],[0.2606356,7.6573401],[0.2598417,7.6614126],[0.2582645,7.6652883],[0.2550995,7.6681326],[0.2575135,7.6715989],[0.2576637,7.6730663],[0.2561188,7.6765006],[0.2585274,7.6829972],[0.2613276,7.6861337],[0.2602923,7.6891427],[0.2624756,7.6961919],[0.2635324,7.6968192],[0.2657479,7.6956178],[0.2680814,7.6920879],[0.2689505,7.6950011],[0.2727807,7.6968352],[0.2729201,7.6988234],[0.2749318,7.6987383],[0.2767235,7.6962079],[0.277555,7.6961069],[0.2785313,7.6972711],[0.2778071,7.6987117],[0.2790785,7.6994826],[0.2753556,7.7022682],[0.2684355,7.7002428],[0.2673733,7.7013432],[0.2670407,7.7037832],[0.2692831,7.7065529],[0.2629852,7.7069409],[0.2611291,7.7093756],[0.2597344,7.7177322],[0.2610648,7.7219901],[0.2622664,7.7222719],[0.2670944,7.7180352],[0.2656996,7.7253072],[0.2664453,7.7253444],[0.2675986,7.7239942],[0.2705115,7.7244673],[0.272845,7.7225377],[0.2746421,7.7195289],[0.2780619,7.7169561],[0.2792086,7.7167315],[0.2793467,7.717469],[0.2778339,7.7191568],[0.2754039,7.7243716],[0.2749211,7.7270614],[0.276576,7.7280448],[0.2812511,7.7272846],[0.28175,7.7279145],[0.278247,7.7309046],[0.2785259,7.732478],[0.2800736,7.7346202],[0.2789497,7.7345405],[0.2760154,7.7327066],[0.2731615,7.7322627],[0.2708173,7.736688],[0.2693447,7.7374986],[0.2671909,7.7375677],[0.2655816,7.7392714],[0.2667993,7.7398268],[0.2687332,7.7393405],[0.2736255,7.7413178],[0.2785474,7.7418016],[0.2820396,7.7449138],[0.2888149,7.746426],[0.2897939,7.7483263],[0.2887908,7.7487196],[0.2866705,7.7476898],[0.2832815,7.7488765],[0.2828523,7.7500512],[0.2800655,7.7487967],[0.277614,7.746628],[0.2763373,7.7464313],[0.272153,7.7478426],[0.2684087,7.7473589],[0.2663219,7.7489456],[0.2665526,7.7499794],[0.2679339,7.7512498],[0.2720015,7.7529613],[0.271638,7.7549732],[0.2724481,7.7576521],[0.27439,7.7597783],[0.279851,7.7632598],[0.2807522,7.7666243],[0.2785313,7.7648225],[0.2767503,7.7653221],[0.2741486,7.7633236],[0.2698383,7.7625156],[0.2694386,7.7604586],[0.2669227,7.7578355],[0.2624246,7.7573465],[0.2590209,7.7547553],[0.2573231,7.754261],[0.2567866,7.7552124],[0.2581277,7.7603895],[0.2518406,7.7547128],[0.2509421,7.7549466]],[[0.0359801,6.9468672],[0.0357954,6.9493467],[0.0368163,6.9519124],[0.0405088,6.9537451],[0.0417468,6.951395],[0.0406065,6.9473739],[0.0369249,6.945746],[0.0359801,6.9468672]],[[0.0841236,6.9354289],[0.0857092,6.9352779],[0.0861328,6.9339196],[0.0848947,6.9319574],[0.0833417,6.9318496],[0.0827335,6.9335638],[0.0841236,6.9354289]],[[0.0296958,6.8579556],[0.0367566,6.8518449],[0.036616,6.8504645],[0.0324139,6.8466491],[0.0302894,6.8471765],[0.0279306,6.852],[0.0296958,6.8579556]],[[0.1782804,6.761873],[0.1787725,6.7609655],[0.1770034,6.7605544],[0.1772651,6.7613495],[0.1782804,6.761873]],[[-0.3932655,6.7529832],[-0.388062,6.7507032],[-0.3854013,6.7463775],[-0.3861201,6.7449071],[-0.387665,6.7448112],[-0.3918815,6.7481141],[-0.3937268,6.7521735],[-0.3932655,6.7529832]],[[-0.229007,6.5823231],[-0.2267003,6.5826962],[-0.2219474,6.5856911],[-0.2210677,6.5856165],[-0.2212823,6.5848278],[-0.2242971,6.5831331],[-0.2258957,6.5806818],[-0.2277196,6.580799],[-0.229007,6.5823231]],[[-0.2198017,6.575779],[-0.2133966,6.5789978],[-0.2110791,6.5780172],[-0.2083755,6.5799464],[-0.2068198,6.5798078],[-0.2086544,6.5779639],[-0.2154243,6.5762266],[-0.2170336,6.5752141],[-0.2188468,6.5725389],[-0.2207565,6.5673056],[-0.2215397,6.5661332],[-0.2234495,6.5652272],[-0.2238786,6.5662185],[-0.2216363,6.5697997],[-0.2198017,6.575779]],[[-0.0388545,6.3431621],[-0.0365907,6.342469],[-0.0360757,6.3417972],[-0.0388277,6.340571],[-0.0388545,6.3431621]],[[-0.9485682,8.6646192],[-0.948274,8.664633],[-0.9484935,8.6644668],[-0.9485682,8.6646192]],[[-0.9464947,8.6643883],[-0.946322,8.6644114],[-0.9464527,8.6643237],[-0.9464947,8.6643883]],[[-0.9474941,8.664116],[-0.9473867,8.6643006],[-0.9473634,8.6641483],[-0.9474941,8.664116]],[[-0.9523606,8.6577287],[-0.9493941,8.6583068],[-0.9470927,8.6572037],[-0.9477633,8.6569491],[-0.9501773,8.6578136],[-0.9523606,8.6577287]],[[-0.1298961,7.5323674],[-0.1292378,7.5327393],[-0.1278221,7.5330059],[-0.1290254,7.532234],[-0.1298961,7.5323674]],[[-0.0936203,7.5105285],[-0.0933723,7.5109759],[-0.093108,7.5106776],[-0.0936203,7.5105285]],[[-0.0716437,7.1848782],[-0.0723837,7.1851525],[-0.0724975,7.1852815],[-0.0715706,7.1854026],[-0.0716437,7.1848782]],[[0.2348758,7.1558669],[0.2345677,7.1553656],[0.2330271,7.1557691],[0.2322261,7.1574688],[0.2337543,7.1578234],[0.2348758,7.1558669]],[[-0.9394862,8.6424335],[-0.940083,8.6434511],[-0.9389464,8.6423473],[-0.9394862,8.6424335]],[[-0.9438605,8.6468115],[-0.9425774,8.6463643],[-0.9418482,8.6455831],[-0.9420591,8.6454324],[-0.9438605,8.6468115]],[[-0.9450385,8.6473865],[-0.9456069,8.6478949],[-0.944763,8.6474054],[-0.9450385,8.6473865]],[[-0.9530748,8.6677565],[-0.9511115,8.6656141],[-0.9509934,8.6641186],[-0.9517659,8.663567],[-0.9572483,8.6666641],[-0.9562398,8.6675762],[-0.9554995,8.6677035],[-0.9545769,8.6668656],[-0.9530748,8.6677565]],[[0.2247786,8.3206845],[0.2249502,8.3195805],[0.2232551,8.3186675],[0.2194142,8.3182004],[0.214672,8.3186038],[0.2095222,8.3153765],[0.2072906,8.315695],[0.2003812,8.312489],[0.1983427,8.3143574],[0.1990508,8.3163957],[0.1955103,8.3256315],[0.1957678,8.3284128],[0.1976132,8.3298141],[0.2090716,8.3336145],[0.2091574,8.3293045],[0.2105092,8.3289224],[0.2130841,8.329899],[0.2158522,8.3300476],[0.2177619,8.3295381],[0.2182984,8.3287313],[0.2179121,8.3278608],[0.2201223,8.3268629],[0.2198862,8.3261835],[0.2192854,8.3264489],[0.2185451,8.325735],[0.2190011,8.3248234],[0.2230445,8.3226003],[0.2247786,8.3206845]],[[0.1804781,6.6406605],[0.1792765,6.6409163],[0.1789117,6.6426853],[0.1823878,6.6454348],[0.1826453,6.6421099],[0.1804781,6.6406605]],[[-0.3753265,6.6293098],[-0.3745131,6.6315133],[-0.3730588,6.6325417],[-0.3729602,6.6301912],[-0.3753265,6.6293098]],[[0.230791,7.8671682],[0.2274007,7.8690812],[0.2275938,7.8714618],[0.2297396,7.8711005],[0.2318853,7.8686774],[0.230791,7.8671682]],[[0.1572847,7.6641878],[0.1585936,7.6651129],[0.1600742,7.6649321],[0.1614475,7.6618698],[0.1632017,7.6614551],[0.1639151,7.6649109],[0.164752,7.6655701],[0.1660824,7.665485],[0.1674771,7.6603387],[0.1694941,7.6597219],[0.1729917,7.6609766],[0.1756954,7.6609128],[0.1771545,7.6597645],[0.1774335,7.6570849],[0.1752877,7.654533],[0.1729917,7.6531294],[0.1690113,7.6522575],[0.167917,7.6488016],[0.1669407,7.648557],[0.1654386,7.6527891],[0.165782,7.6555537],[0.1630997,7.6571275],[0.1577568,7.6618273],[0.1572847,7.6641878]],[[-0.2317536,8.0261938],[-0.2292216,8.0260743],[-0.2286235,8.0238938],[-0.2317643,8.0241859],[-0.2323785,8.0251314],[-0.2317536,8.0261938]],[[0.0639653,7.7705895],[0.0675814,7.7708525],[0.0699512,7.773657],[0.0713774,7.7691241],[0.0738898,7.7661565],[0.0757768,7.7675479],[0.0779271,7.7663956],[0.0785525,7.7673522],[0.0804066,7.7669826],[0.0862651,7.7641563],[0.0886239,7.7608408],[0.0898965,7.7618192],[0.091597,7.7611887],[0.0940655,7.7621236],[0.1001215,7.762928],[0.1058507,7.7611921],[0.1127382,7.7608952],[0.1181469,7.7615148],[0.1192988,7.7606669],[0.1210213,7.7608517],[0.1219538,7.7616235],[0.1244113,7.7609387],[0.1267043,7.7616453],[0.1254865,7.7640585],[0.1223707,7.7650042],[0.1167755,7.7649064],[0.1140218,7.7657869],[0.113945,7.7666348],[0.1181688,7.7683741],[0.1236324,7.7690263],[0.1311707,7.7684315],[0.1340032,7.7669592],[0.1338315,7.7662788],[0.1313692,7.7647294],[0.1318896,7.7641953],[0.1357359,7.7637966],[0.1380452,7.7643547],[0.1412398,7.7630046],[0.1434767,7.7612347],[0.1469743,7.7617874],[0.1482832,7.7612666],[0.1489699,7.758981],[0.1483905,7.7529109],[0.1514912,7.7537294],[0.1531219,7.7525388],[0.1573706,7.7528258],[0.1628744,7.7492645],[0.1647198,7.7521348],[0.1662969,7.7523155],[0.1674449,7.7510398],[0.1679385,7.7485203],[0.1722407,7.7482971],[0.1772725,7.7457031],[0.1795041,7.7438321],[0.1791286,7.742567],[0.175395,7.7407278],[0.1665759,7.7389817],[0.1694888,7.7355132],[0.1695961,7.733993],[0.1630139,7.7332966],[0.1513463,7.7278428],[0.1467061,7.7297139],[0.1460409,7.7318827],[0.1432031,7.7342588],[0.1441687,7.7366136],[0.1397189,7.73988],[0.1346469,7.7402228],[0.1313853,7.7387185],[0.1308167,7.737698],[0.1309669,7.7358907],[0.1315892,7.7352847],[0.1344859,7.7352634],[0.1368999,7.7338814],[0.1376939,7.7303943],[0.1373398,7.727258],[0.1377797,7.7245683],[0.1365781,7.7233669],[0.1342285,7.7229098],[0.1293576,7.7239942],[0.1283357,7.7235397],[0.1281238,7.7225536],[0.1309347,7.7206931],[0.1320881,7.718689],[0.1349258,7.7183276],[0.1392388,7.7164776],[0.1400864,7.7143832],[0.1397967,7.7134582],[0.1373076,7.7118209],[0.135709,7.7115445],[0.132029,7.7122994],[0.1301783,7.7116083],[0.1300979,7.7106833],[0.1335579,7.7095138],[0.1347488,7.7061542],[0.1361811,7.7048624],[0.1381338,7.7072067],[0.1422161,7.706622],[0.1436967,7.7070579],[0.1491845,7.7113744],[0.1505148,7.710391],[0.1518559,7.7071642],[0.157671,7.7092454],[0.159291,7.7079244],[0.1565176,7.7056545],[0.1532829,7.7010455],[0.1541841,7.6981004],[0.1531434,7.6965614],[0.153484,7.6946582],[0.1522636,7.6939538],[0.1511693,7.6921463],[0.1511264,7.6883559],[0.1484925,7.6875478],[0.147956,7.6862959],[0.1465666,7.686575],[0.1445657,7.6857563],[0.1433989,7.6868567],[0.1436511,7.6892038],[0.1395875,7.6909236],[0.1391476,7.6905621],[0.1395768,7.6890736],[0.1382518,7.6883612],[0.1368999,7.6858148],[0.135119,7.6850386],[0.1341748,7.6836511],[0.1348132,7.6816043],[0.1421463,7.6809025],[0.1446783,7.6799775],[0.1458424,7.6787335],[0.1513624,7.6768037],[0.1536584,7.6748419],[0.1546079,7.672205],[0.1546776,7.6705569],[0.1518506,7.6668992],[0.1546025,7.6650278],[0.1553965,7.6631458],[0.15324,7.6612424],[0.1512337,7.6578931],[0.1507777,7.6555271],[0.1463842,7.6535972],[0.1456493,7.6524807],[0.145998,7.6506784],[0.1439005,7.6494874],[0.1409769,7.648977],[0.1376831,7.6506252],[0.1346523,7.6502956],[0.1353711,7.648876],[0.1396304,7.6452075],[0.139963,7.6430967],[0.1442653,7.6394282],[0.1404807,7.6375806],[0.1394588,7.6378863],[0.1366103,7.6358659],[0.1321256,7.6355947],[0.1296768,7.6362726],[0.1300576,7.637966],[0.1290223,7.6392899],[0.1259592,7.6403745],[0.1209944,7.6377108],[0.118854,7.6396621],[0.1192081,7.6415017],[0.1182854,7.6420068],[0.1160431,7.6402576],[0.1154476,7.6376736],[0.1104051,7.6367697],[0.1102334,7.6378677],[0.1129961,7.6410019],[0.1118374,7.6462549],[0.1109308,7.6466324],[0.1085865,7.6458668],[0.1063818,7.6463134],[0.1048529,7.6482806],[0.1025838,7.6496842],[0.1050729,7.6507023],[0.105105,7.6525339],[0.1065923,7.653447],[0.1051506,7.653245],[0.1032275,7.6514998],[0.0988904,7.6530097],[0.0978416,7.6473847],[0.0963879,7.6462629],[0.0954491,7.6466802],[0.0945532,7.6485092],[0.091002,7.6492376],[0.0875902,7.6478446],[0.0853586,7.6458136],[0.0815713,7.6472916],[0.0800478,7.6484294],[0.0795758,7.6497161],[0.0839209,7.6530124],[0.087837,7.6537567],[0.0881588,7.6567021],[0.087086,7.6600303],[0.0769043,7.6609128],[0.0741792,7.6591265],[0.0735891,7.6564788],[0.070982,7.6593179],[0.0710034,7.6599452],[0.0727951,7.6597113],[0.0730848,7.6604662],[0.0719154,7.6617847],[0.069083,7.6628799],[0.0687611,7.6681114],[0.0707781,7.6708334],[0.0735569,7.6713863],[0.0701988,7.6729387],[0.0675917,7.6727579],[0.0655532,7.674406],[0.0620878,7.6754693],[0.0615728,7.6764794],[0.0649953,7.6781912],[0.0688255,7.6812641],[0.0728273,7.6818488],[0.0744152,7.6842412],[0.0776768,7.6872395],[0.0719368,7.6856765],[0.0634074,7.6851662],[0.0607037,7.6882709],[0.0605965,7.6913755],[0.056895,7.6909715],[0.0551784,7.6916838],[0.0542557,7.6937359],[0.0543952,7.6975635],[0.0535905,7.7005724],[0.0553715,7.7022947],[0.0583434,7.7031453],[0.0603282,7.7026775],[0.0633001,7.700668],[0.0678491,7.7000407],[0.0646412,7.7036344],[0.0646305,7.7058565],[0.0682125,7.7086352],[0.0755525,7.7105451],[0.067817,7.7131074],[0.0632036,7.7130968],[0.0620619,7.7152858],[0.062238,7.7210174],[0.0629246,7.7216871],[0.0742757,7.7239729],[0.0792754,7.7236327],[0.0826549,7.7246002],[0.0800586,7.7249616],[0.0740826,7.7282574],[0.0695765,7.7275238],[0.0661433,7.7279703],[0.0610471,7.7314787],[0.0581825,7.7342641],[0.0578713,7.7354335],[0.0620556,7.7366561],[0.0645232,7.7361139],[0.0697696,7.7363691],[0.0844896,7.7384953],[0.09009,7.738389],[0.0934696,7.7390162],[0.0944137,7.7407066],[0.0902295,7.74127],[0.0864959,7.7432474],[0.0856805,7.7445975],[0.0832343,7.7446188],[0.0816357,7.7484884],[0.0814748,7.7513056],[0.0799513,7.7505296],[0.0761855,7.7462666],[0.0735676,7.7462559],[0.0727844,7.7452354],[0.0686324,7.7429922],[0.0657999,7.7432899],[0.0613475,7.7453417],[0.061444,7.746341],[0.0634503,7.7486266],[0.0672483,7.7514119],[0.0674844,7.7525813],[0.0641155,7.7554091],[0.0595665,7.7544523],[0.0578499,7.7551114],[0.0583005,7.7578116],[0.0635147,7.7634883],[0.0620985,7.7652317],[0.0574636,7.767496],[0.0572812,7.768389],[0.0639653,7.7705895]],[[-0.1114887,7.8135629],[-0.1095079,7.816017],[-0.108089,7.8161106],[-0.107796,7.8152337],[-0.108604,7.8133862],[-0.1107363,7.8108485],[-0.111708,7.812114],[-0.1114887,7.8135629]],[[0.125113,8.0617605],[0.1254536,8.0624776],[0.126265,8.0624948],[0.125982,8.0619916],[0.125113,8.0617605]],[[0.0472176,8.0633739],[0.041872,8.0662566],[0.041188,8.068498],[0.0414669,8.0700808],[0.0402546,8.0730444],[0.040496,8.0742713],[0.0416386,8.0753442],[0.0440955,8.0760559],[0.0451067,8.0771128],[0.045796,8.075546],[0.0505972,8.0742129],[0.0551583,8.0710447],[0.0557122,8.0697488],[0.0555807,8.0672126],[0.0544757,8.0660282],[0.0472176,8.0633739]],[[0.1203319,8.0826046],[0.1191571,8.0855735],[0.1196212,8.0874271],[0.1193207,8.0932958],[0.1210132,8.0971462],[0.1204352,8.0983385],[0.1223731,8.0997406],[0.1249587,8.1033228],[0.1273835,8.1034715],[0.1294488,8.1016977],[0.1315463,8.0976029],[0.1338074,8.0971223],[0.1336464,8.0947629],[0.1291269,8.0899339],[0.1281854,8.0867393],[0.1265506,8.0850836],[0.1243794,8.0841926],[0.1227714,8.0815517],[0.1214316,8.0815822],[0.1203319,8.0826046]],[[0.0145387,7.7516972],[0.0155249,7.7525634],[0.0166415,7.7525634],[0.0172662,7.7517731],[0.0135843,7.7479009],[0.0127867,7.7479009],[0.0145387,7.7516972]],[[-0.0003782,7.708961],[0.0030523,7.7089929],[0.0032616,7.7088334],[0.0014296,7.7069728],[-0.0003326,7.7083151],[-0.0003782,7.708961]],[[-0.01266,7.6201224],[-0.0116676,7.6214251],[-0.006743,7.6230893],[-0.0054717,7.624174],[-0.0041252,7.6236051],[-0.0037926,7.6209944],[-0.0045276,7.6194418],[-0.0115496,7.6181817],[-0.0125528,7.6187346],[-0.01266,7.6201224]],[[0.0649314,8.0624344],[0.0660898,8.0618383],[0.0658375,8.0611155],[0.0640495,8.0618336],[0.0649314,8.0624344]],[[0.071622,7.9098901],[0.068863,7.908665],[0.0671786,7.9091154],[0.0682099,7.9101209],[0.0683957,7.911687],[0.071622,7.9098901]],[[-0.5951124,6.7550289],[-0.595665,6.7559771],[-0.5953179,6.7565356],[-0.5927897,6.7560037],[-0.5935192,6.7547252],[-0.5951124,6.7550289]],[[0.1860863,7.7549094],[0.186089,7.7567645],[0.1876339,7.7565147],[0.1955599,7.7526717],[0.1961231,7.7517893],[0.1900613,7.7527035],[0.1860863,7.7549094]],[[0.1826987,7.7565652],[0.183506,7.7579498],[0.184202,7.7569425],[0.1851958,7.7573651],[0.1846553,7.7542902],[0.1826987,7.7565652]],[[0.2210905,7.2891566],[0.2197936,7.2931554],[0.2208169,7.2955884],[0.2215934,7.2902926],[0.2210905,7.2891566]],[[0.2566928,7.3167574],[0.2570227,7.3157678],[0.256442,7.3152823],[0.256092,7.316377],[0.2566928,7.3167574]],[[0.2443745,7.3588109],[0.2447931,7.3582981],[0.2442145,7.3584202],[0.2443745,7.3588109]],[[0.2566043,7.3146704],[0.2569985,7.3117426],[0.2558398,7.3106153],[0.2548219,7.3112265],[0.2546597,7.3121736],[0.2566043,7.3146704]],[[0.2637631,7.4593635],[0.2622315,7.4571641],[0.2606249,7.4582997],[0.2617836,7.4596241],[0.2637631,7.4593635]],[[0.2832466,7.4532785],[0.2828792,7.4515524],[0.282546,7.451444],[0.2822918,7.4530205],[0.2832466,7.4532785]],[[0.2366365,7.3111826],[0.236308,7.3110735],[0.236603,7.3114899],[0.2366365,7.3111826]],[[0.2888589,7.4817806],[0.2904746,7.482065],[0.2901575,7.4813165],[0.2890854,7.4814063],[0.2888589,7.4817806]],[[-0.1354945,6.606671],[-0.1348293,6.6096831],[-0.1349674,6.6082523],[-0.1335767,6.6067083],[-0.1332736,6.6052668],[-0.1354945,6.606671]],[[0.2065515,7.4900133],[0.208236,7.4870827],[0.207552,7.4859817],[0.2065274,7.4857663],[0.2055806,7.4873938],[0.2058971,7.4894202],[0.2065515,7.4900133]],[[0.250413,7.3219564],[0.2499993,7.3214157],[0.249538,7.3211297],[0.2496144,7.3218134],[0.250413,7.3219564]],[[0.2451941,7.284913],[0.245508,7.2827952],[0.2453779,7.2821407],[0.2447328,7.284192],[0.2451941,7.284913]],[[-0.7282482,8.312815],[-0.7272962,8.3148206],[-0.7246471,8.3140019],[-0.7216748,8.3150784],[-0.7208169,8.3147769],[-0.7200015,8.3137365],[-0.7199264,8.3120698],[-0.7213826,8.307413],[-0.7237743,8.3073653],[-0.7256175,8.3082488],[-0.7277771,8.3104925],[-0.7282482,8.312815]],[[-0.3642976,6.6845239],[-0.3653705,6.6855255],[-0.3654993,6.6895321],[-0.3644478,6.6900969],[-0.3604084,6.6893296],[-0.3586489,6.6896174],[-0.3574902,6.6936399],[-0.3557253,6.6939489],[-0.3542393,6.6858212],[-0.3530947,6.6848196],[-0.3535219,6.6849021],[-0.3530914,6.68243],[-0.3561866,6.6833837],[-0.3580749,6.6829574],[-0.3614652,6.684428],[-0.3642976,6.6845239]],[[0.2123505,7.76672],[0.20697,7.7654018],[0.2066615,7.7658589],[0.2109128,7.7719342],[0.2091613,7.772944],[0.2068841,7.7723009],[0.2061438,7.7731088],[0.2075922,7.775692],[0.2091801,7.776468],[0.2106285,7.7765955],[0.2186537,7.774225],[0.2198419,7.7734968],[0.2195656,7.7728404],[0.2205017,7.7717189],[0.2212635,7.7715993],[0.2206975,7.7700367],[0.2232134,7.7679212],[0.2223444,7.7646284],[0.2207243,7.7647906],[0.2176237,7.7671718],[0.2161378,7.7676129],[0.2151346,7.7673831],[0.2142361,7.766114],[0.2123505,7.76672]],[[0.2205741,7.6682124],[0.2164972,7.6647886],[0.2150112,7.659791],[0.2127984,7.6569467],[0.2134716,7.6607161],[0.215502,7.6644047],[0.2154672,7.6670853],[0.2144158,7.6697595],[0.2151132,7.6773087],[0.2228674,7.6821386],[0.2221191,7.6775905],[0.2234709,7.67649],[0.2254772,7.6764634],[0.2244848,7.6687493],[0.223884,7.6686164],[0.2232242,7.6715245],[0.2205741,7.6682124]],[[0.1919601,7.1481223],[0.1921746,7.1481862],[0.192121,7.1480451],[0.1919601,7.1481223]],[[0.2381252,7.1928443],[0.2387702,7.1926474],[0.2382231,7.1921032],[0.2381252,7.1928443]],[[0.232923,7.7385484],[0.2316731,7.7402973],[0.2321505,7.7432899],[0.2329606,7.7428965],[0.2336633,7.7411584],[0.2335453,7.7389312],[0.232923,7.7385484]],[[0.2192518,7.7335252],[0.2155638,7.7290973],[0.2154377,7.732183],[0.2147323,7.7326295],[0.2106768,7.7315877],[0.2096254,7.7289644],[0.2080402,7.7275424],[0.2066266,7.7285391],[0.2036816,7.7287039],[0.1997656,7.7329405],[0.1958173,7.7342375],[0.1935857,7.7356621],[0.1922554,7.738171],[0.1920596,7.7400899],[0.1937574,7.7399252],[0.19939,7.7367996],[0.2031344,7.7365338],[0.2058917,7.7346893],[0.2085257,7.7354601],[0.211511,7.7350774],[0.2154002,7.7378548],[0.2192518,7.7335252]],[[0.2452826,7.6615295],[0.2422893,7.6594614],[0.2384162,7.6604343],[0.2369678,7.6614551],[0.2362168,7.6641134],[0.2376866,7.6668992],[0.2411306,7.6693979],[0.246495,7.6709822],[0.2480024,7.6707536],[0.249601,7.6690364],[0.2522671,7.6678083],[0.2525032,7.6663038],[0.2517307,7.6651395],[0.2503306,7.6646876],[0.2488017,7.6656126],[0.2467686,7.6646716],[0.2458727,7.6638475],[0.2452826,7.6615295]],[[0.2356857,7.4560923],[0.2335292,7.4566508],[0.2330464,7.4590444],[0.2357393,7.4607145],[0.239253,7.4613262],[0.2386951,7.464358],[0.2390653,7.4649591],[0.2444351,7.465725],[0.2449661,7.4647463],[0.2445004,7.4634649],[0.2415436,7.460922],[0.2424556,7.4579965],[0.2422625,7.4567465],[0.2414578,7.4561348],[0.2356857,7.4560923]],[[0.2238035,7.683683],[0.2232188,7.6838903],[0.2229495,7.6875836],[0.223825,7.691519],[0.225091,7.6934488],[0.2270651,7.6948682],[0.2283069,7.6910539],[0.2309516,7.6922287],[0.2334675,7.6922341],[0.234704,7.6950622],[0.2369973,7.6966012],[0.2373272,7.7005564],[0.2359244,7.7035041],[0.2364716,7.7050032],[0.2376249,7.7038709],[0.238148,7.7019545],[0.2409804,7.7013166],[0.2416322,7.7004129],[0.2415973,7.6941824],[0.2469832,7.6952563],[0.249476,7.69173],[0.2520257,7.6906312],[0.2528441,7.6888898],[0.2530879,7.6865218],[0.2514142,7.6817106],[0.2503788,7.6810142],[0.2485496,7.6813385],[0.2466935,7.6789993],[0.2444082,7.6780424],[0.2410018,7.6788823],[0.2387541,7.6786218],[0.236426,7.6773353],[0.2352351,7.6781062],[0.235455,7.6803656],[0.238089,7.6823539],[0.2365923,7.6867876],[0.2370214,7.6884941],[0.23862,7.6896185],[0.2382606,7.6901421],[0.2349776,7.6883798],[0.2335399,7.6859902],[0.2314103,7.6843103],[0.2283955,7.6836989],[0.2257991,7.684927],[0.2238035,7.683683]],[[0.2243131,7.6631351],[0.2233744,7.6640868],[0.2240288,7.6657987],[0.2250481,7.6646663],[0.2243131,7.6631351]],[[0.2473801,7.4367784],[0.2475786,7.4393954],[0.2484101,7.4399114],[0.2497351,7.4368422],[0.2488393,7.4362252],[0.2473801,7.4367784]],[[0.25702,7.2320952],[0.2610218,7.2291762],[0.2619338,7.2269517],[0.2617192,7.2255574],[0.2602708,7.2229284],[0.2582002,7.221103],[0.2552497,7.2214276],[0.2524012,7.2270102],[0.2523369,7.2301182],[0.2512076,7.2323905],[0.253505,7.2318145],[0.2540983,7.2335249],[0.253395,7.2346017],[0.2541561,7.2354894],[0.25702,7.2320952]],[[0.0917564,7.1755091],[0.0915733,7.1747219],[0.0903833,7.1747522],[0.0906579,7.1755999],[0.0917564,7.1755091]],[[0.1436249,6.5845347],[0.1439045,6.5839871],[0.1428025,6.583353],[0.1428632,6.5837979],[0.1436249,6.5845347]],[[0.0994214,7.8666525],[0.0999639,7.8659896],[0.0991975,7.8652297],[0.100603,7.865534],[0.1004058,7.864972],[0.0996079,7.8642785],[0.0986248,7.8644101],[0.0970209,7.862792],[0.0962216,7.8627654],[0.0960177,7.8637538],[0.0944835,7.8631746],[0.0934321,7.8636103],[0.0940758,7.8659644],[0.0937432,7.8677977],[0.0951648,7.8722454],[0.0968546,7.8755028],[0.0988314,7.8772883],[0.1001322,7.8770119],[0.1023316,7.8748784],[0.0994214,7.8666525]],[[0.0915572,7.9239726],[0.0941657,7.9252611],[0.0951111,7.9234121],[0.0948121,7.921053],[0.0932711,7.9187856],[0.094167,7.9136357],[0.092099,7.909834],[0.0903931,7.9085641],[0.0861981,7.903078],[0.0863591,7.8993366],[0.0852942,7.899316],[0.0839826,7.9004398],[0.0818798,7.9006417],[0.0801136,7.9059525],[0.0752561,7.9108435],[0.0822607,7.9146399],[0.085777,7.9196244],[0.0853385,7.9214768],[0.0871852,7.9221303],[0.0902322,7.9221197],[0.0915572,7.9239726]],[[0.2613603,7.1711527],[0.2601969,7.1695016],[0.2571809,7.1686955],[0.2552873,7.1706063],[0.2548635,7.1733314],[0.2566391,7.175439],[0.259552,7.1756732],[0.2611667,7.1737625],[0.2613603,7.1711527]],[[0.2255577,7.6365677],[0.2228004,7.635491],[0.2221701,7.6359137],[0.221175,7.6396674],[0.2212554,7.6429053],[0.222339,7.6425013],[0.2233958,7.6399864],[0.2260137,7.6388327],[0.2298492,7.6415496],[0.232231,7.6412359],[0.2334756,7.6399333],[0.2343178,7.6377215],[0.2336258,7.6364507],[0.2299404,7.6349089],[0.2255577,7.6365677]],[[0.0836591,7.603541],[0.0791959,7.6011589],[0.0773077,7.5950334],[0.0788526,7.5909496],[0.0815992,7.5865255],[0.0836591,7.5807401],[0.0798826,7.5800594],[0.0805692,7.5771667],[0.0815992,7.5756352],[0.0817709,7.5732529],[0.0812559,7.5725723],[0.0800542,7.5739336],[0.0774793,7.5751247],[0.075591,7.5778473],[0.0743894,7.5778473],[0.0743894,7.576486],[0.0709562,7.5781876],[0.0723295,7.5783578],[0.0731878,7.5793788],[0.0723295,7.5802296],[0.0707845,7.5798893],[0.0707845,7.5836328],[0.0690679,7.5865255],[0.0716428,7.589248],[0.0721578,7.5921407],[0.0716428,7.5943527],[0.0706129,7.5946931],[0.0690679,7.5938423],[0.0673513,7.5895884],[0.0632314,7.5918004],[0.0584249,7.5916302],[0.0561933,7.5923109],[0.0551633,7.5933318],[0.0556783,7.5941826],[0.055335,7.5950334],[0.0541334,7.5948632],[0.0522451,7.5960543],[0.0524168,7.5972454],[0.0532751,7.5977558],[0.0529317,7.5986066],[0.0517301,7.5984365],[0.0494985,7.6014992],[0.0508718,7.6042217],[0.0510435,7.6013291],[0.0519018,7.6008186],[0.0527601,7.6006485],[0.0531034,7.6016694],[0.0541334,7.6016694],[0.0579099,7.600138],[0.0589399,7.6049023],[0.0584249,7.6066038],[0.0589399,7.6077948],[0.0599699,7.607965],[0.0596265,7.6037112],[0.065463,7.6004783],[0.0646047,7.6043918],[0.0652914,7.6042217],[0.0663213,7.6072844],[0.0666647,7.6066038],[0.0692396,7.6076247],[0.0706129,7.6037112],[0.0735311,7.6074545],[0.0785093,7.6060933],[0.0821142,7.6059232],[0.0870924,7.6038814],[0.0836591,7.603541]],[[0.0560002,7.6526944],[0.0553673,7.6498872],[0.0508761,7.6514068],[0.0512087,7.6521617],[0.0545197,7.6537046],[0.0554424,7.6537046],[0.0560002,7.6526944]],[[0.1298498,7.8334019],[0.1297197,7.8329967],[0.1295386,7.8331601],[0.1298498,7.8334019]],[[0.1867086,7.8033721],[0.1949215,7.8059497],[0.1972711,7.8059178],[0.1986766,7.8047751],[0.1991218,7.8017617],[0.2022976,7.8000822],[0.2047169,7.8000503],[0.205307,7.7943475],[0.2070451,7.7905421],[0.2064067,7.786795],[0.2042904,7.7855434],[0.2036548,7.7858782],[0.2030593,7.7876242],[0.2036762,7.7910204],[0.203129,7.7918655],[0.2023029,7.7911054],[0.2011067,7.7865665],[0.1981455,7.7842757],[0.197078,7.7843767],[0.1953131,7.7865559],[0.1937091,7.7870502],[0.1815185,7.7875365],[0.1786807,7.7871591],[0.177235,7.7853201],[0.1759663,7.7854238],[0.175285,7.7871618],[0.1741236,7.7871777],[0.1740405,7.7878421],[0.1746252,7.787571],[0.1783159,7.791051],[0.1806387,7.7914057],[0.18351,7.790934],[0.1820844,7.7922774],[0.1839405,7.79384],[0.1834711,7.7955354],[0.18419,7.7954743],[0.1846151,7.7943595],[0.1851797,7.7953892],[0.1870197,7.7945654],[0.1855874,7.7964057],[0.1862083,7.7983257],[0.1856075,7.7984386],[0.1846808,7.7989581],[0.1875615,7.8004449],[0.1848981,7.8033747],[0.1867086,7.8033721]],[[0.2108538,7.6767186],[0.2103764,7.6774709],[0.211181,7.679212],[0.2099459,7.6807683],[0.2103147,7.680977],[0.2110442,7.6808494],[0.2121466,7.6783746],[0.2108538,7.6767186]],[[0.1333407,7.7978487],[0.1334117,7.7970368],[0.1326674,7.7969438],[0.13161,7.7980081],[0.1321538,7.7983682],[0.1333407,7.7978487]],[[0.1295212,7.7979709],[0.1271568,7.7958941],[0.1268028,7.796702],[0.1260585,7.7967179],[0.1240884,7.7957108],[0.122935,7.7965505],[0.1234956,7.7979616],[0.1295212,7.7979709]],[[0.1727611,7.8176738],[0.1722193,7.8209847],[0.1759636,7.8195923],[0.1761782,7.8177057],[0.1753896,7.8169085],[0.1740539,7.8167225],[0.1727611,7.8176738]],[[0.1208617,7.8687688],[0.1181325,7.8719877],[0.1198143,7.8740043],[0.1216918,7.8735606],[0.1236713,7.8710471],[0.1302078,7.8726944],[0.1329088,7.8726758],[0.1351418,7.8797392],[0.1363863,7.8805748],[0.1387802,7.8800461],[0.1398048,7.8854794],[0.1415241,7.8866564],[0.1440051,7.8862153],[0.1443565,7.8895178],[0.1469287,7.8904304],[0.1463681,7.892787],[0.1489364,7.8942363],[0.1478299,7.8960203],[0.1493306,7.8966553],[0.1491576,7.8977392],[0.1519002,7.8969608],[0.1526888,7.8995352],[0.1518425,7.9008158],[0.1522489,7.9014786],[0.1535444,7.9022438],[0.1567912,7.9018426],[0.1578855,7.8992921],[0.157553,7.8968718],[0.1556727,7.8937023],[0.1530978,7.8914174],[0.1530267,7.8872887],[0.1504062,7.884596],[0.1504813,7.8815034],[0.1522341,7.8805682],[0.150429,7.8793978],[0.1488948,7.8769588],[0.1468724,7.876191],[0.1462756,7.8744533],[0.1424173,7.8745729],[0.1409823,7.8739937],[0.1423529,7.8706805],[0.1406202,7.869073],[0.1405907,7.8673487],[0.1418848,7.8660414],[0.1449721,7.8649162],[0.1438925,7.863969],[0.140934,7.8635572],[0.1379541,7.8614621],[0.1418017,7.8578101],[0.1402661,7.8576121],[0.1396814,7.8561016],[0.1382571,7.8554798],[0.1337537,7.8591492],[0.1318212,7.8565958],[0.1283075,7.8550401],[0.1326755,7.8519433],[0.1326916,7.849346],[0.1315409,7.8477159],[0.1319325,7.8449844],[0.131447,7.8419898],[0.1258492,7.839439],[0.1271769,7.8336969],[0.1290156,7.8320999],[0.1203279,7.8295331],[0.1191276,7.8275614],[0.1191545,7.8241442],[0.1181808,7.8218457],[0.1151499,7.8210538],[0.1143292,7.822146],[0.113786,7.8304325],[0.1090097,7.835066],[0.1100966,7.8357216],[0.111993,7.8342057],[0.115272,7.8347186],[0.1147489,7.8361893],[0.1174861,7.8381822],[0.1186167,7.838307],[0.1216784,7.8416896],[0.1227352,7.8422051],[0.1233427,7.8420722],[0.1231174,7.841473],[0.1244773,7.8420417],[0.1255126,7.8413893],[0.1249306,7.8423326],[0.1253624,7.8435323],[0.1242614,7.8432467],[0.122471,7.8450734],[0.1233736,7.8447227],[0.1240066,7.845294],[0.1238108,7.8464139],[0.1246168,7.8467394],[0.1255113,7.8489408],[0.1236606,7.8494085],[0.1238161,7.8501604],[0.1250929,7.8507516],[0.1253235,7.8550042],[0.1247764,7.8585992],[0.125345,7.8597444],[0.1284134,7.8607222],[0.129772,7.8620839],[0.1282485,7.8678774],[0.125569,7.8689349],[0.1252846,7.8698635],[0.1242346,7.8702567],[0.1223919,7.8700508],[0.1208617,7.8687688]],[[0.0463298,7.1688046],[0.0459047,7.1678093],[0.0450262,7.1673303],[0.0452757,7.168613],[0.0463298,7.1688046]],[[0.1042728,7.1747986],[0.1037578,7.1743898],[0.1035518,7.1752202],[0.1038221,7.1754501],[0.1042728,7.1747986]],[[0.101054,7.1731891],[0.1010411,7.1744665],[0.1019939,7.1747347],[0.1023544,7.173815],[0.101054,7.1731891]],[[0.1068349,7.173815],[0.1059851,7.1730485],[0.1058178,7.1737511],[0.1068349,7.173815]],[[0.1049423,7.1698518],[0.1056021,7.170746],[0.1054573,7.1719436],[0.1059884,7.1720873],[0.1066321,7.1709855],[0.1049423,7.1698518]],[[0.232231,6.98654],[0.2326146,6.9856028],[0.2319413,6.985507],[0.2318233,6.9863616],[0.232231,6.98654]],[[0.166578,7.0401762],[0.1660136,7.0402992],[0.1662751,7.0408319],[0.1665917,7.0406953],[0.166578,7.0401762]],[[0.1524064,6.9797709],[0.1513983,6.9799044],[0.150827,6.9811718],[0.1516335,6.9816722],[0.1523056,6.9812719],[0.1524064,6.9797709]],[[0.1134239,7.0249553],[0.1124369,7.0250538],[0.1103246,7.0306414],[0.1123121,7.0359096],[0.115158,7.0395578],[0.1164213,7.0390148],[0.1173708,7.0375999],[0.117344,7.0317408],[0.1163328,7.0275641],[0.1134239,7.0249553]],[[0.233141,7.0500885],[0.2330016,7.0485329],[0.2324071,7.0482708],[0.2320183,7.0501359],[0.233141,7.0500885]],[[0.1139161,7.0034332],[0.1140274,7.0056442],[0.115681,7.007505],[0.1157856,7.0050079],[0.1139161,7.0034332]],[[0.1880872,7.045594],[0.189498,7.0441084],[0.1887238,7.0435961],[0.187399,7.0449622],[0.1880872,7.045594]],[[0.1685187,7.0355863],[0.1674864,7.0350945],[0.1670047,7.0358322],[0.1677755,7.0365972],[0.1685187,7.0355863]],[[0.1504014,6.931319],[0.1498865,6.9331935],[0.152633,6.9352383],[0.1519464,6.931319],[0.1504014,6.931319]],[[0.1418171,7.0335722],[0.1406127,7.0327825],[0.1398385,7.0339778],[0.1400751,7.0346822],[0.141559,7.0350664],[0.1418171,7.0335722]],[[0.208464,6.9659547],[0.2081957,6.9683482],[0.2087134,6.9680446],[0.2090889,6.9687289],[0.2080965,6.971338],[0.2083754,6.9738779],[0.2076365,6.9769862],[0.208531,6.9753582],[0.2104729,6.9752304],[0.211814,6.969682],[0.211401,6.9665004],[0.2094161,6.9668306],[0.208464,6.9659547]],[[0.2283859,7.1143961],[0.2280981,7.1130954],[0.2272988,7.1126195],[0.2267233,7.1151575],[0.2283859,7.1143961]],[[0.1439046,6.9910115],[0.1430645,6.9906779],[0.1427956,6.9921789],[0.1435685,6.9915785],[0.1439046,6.9910115]],[[0.1833646,7.100694],[0.1836019,7.0994351],[0.1831354,7.0991427],[0.1828653,7.1004585],[0.1833646,7.100694]],[[0.187524,6.9881001],[0.1876903,6.9903417],[0.1879665,6.9897933],[0.1904878,6.9900595],[0.1910913,6.9867316],[0.1906407,6.985877],[0.1889187,6.9855815],[0.187524,6.9881001]],[[0.188156,7.0467892],[0.187399,7.0457306],[0.1870548,7.0459867],[0.1876054,7.0472161],[0.188156,7.0467892]],[[0.1878576,7.1186802],[0.1871709,7.1203836],[0.1876859,7.122598],[0.1926641,7.1312851],[0.1938657,7.136395],[0.1950674,7.1382687],[0.2007322,7.1398017],[0.2026205,7.1449115],[0.2045087,7.1457632],[0.2060537,7.1445709],[0.206912,7.1426973],[0.2046804,7.1398017],[0.2038221,7.137417],[0.2026205,7.136395],[0.1971273,7.1345214],[0.1954107,7.1329884],[0.196784,7.124131],[0.1912908,7.1198726],[0.1878576,7.1186802]],[[0.2321874,7.0405949],[0.2322856,7.0397457],[0.2310932,7.0384926],[0.2309108,7.0393976],[0.2321874,7.0405949]],[[0.184887,7.04877],[0.184973,7.0476089],[0.183132,7.0485992],[0.1835105,7.0488041],[0.184887,7.04877]],[[0.153929,6.9237673],[0.152273,6.925945],[0.1521224,6.9271619],[0.1539505,6.9262866],[0.153929,6.9237673]],[[0.1765925,7.0506611],[0.1753908,7.0516833],[0.1750475,7.0530462],[0.1754064,7.0540138],[0.1767641,7.0545795],[0.1788837,7.0544354],[0.180369,7.0533869],[0.1813821,7.0515587],[0.1798286,7.0501216],[0.1765925,7.0506611]],[[0.1674726,7.0372665],[0.1665917,7.037608],[0.1665229,7.0386736],[0.1671698,7.0388921],[0.1674726,7.0372665]],[[0.1253631,6.9444678],[0.1234098,6.943313],[0.1231845,6.9456147],[0.1194897,6.9499959],[0.1190552,6.9526477],[0.1202944,6.9537021],[0.1218742,6.9538931],[0.1240012,6.9508532],[0.1253631,6.9444678]],[[0.100628,6.9558697],[0.0986162,6.956557],[0.0978804,6.9580731],[0.0988089,6.9618743],[0.1001532,6.9618163],[0.1006159,6.9609811],[0.1015962,6.957463],[0.100628,6.9558697]],[[0.1322393,7.1544498],[0.1356725,7.1604112],[0.1367025,7.1605815],[0.1380758,7.1599002],[0.1385908,7.1583673],[0.1384191,7.1501917],[0.1391058,7.1447412],[0.1397924,7.1433786],[0.1401357,7.1370764],[0.1379041,7.1297521],[0.1401357,7.1302631],[0.142539,7.1285597],[0.1445989,7.1328181],[0.1470022,7.1360544],[0.1487188,7.1428676],[0.152152,7.1438896],[0.153182,7.1449115],[0.1538686,7.140994],[0.1557569,7.1387797],[0.1538686,7.1357137],[0.1540403,7.1319664],[0.1506071,7.1289004],[0.1488905,7.1254937],[0.1494054,7.1229386],[0.1512937,7.1207243],[0.1507787,7.1193616],[0.1468305,7.1186802],[0.1447706,7.1142514],[0.1428823,7.1123777],[0.1411657,7.1127183],[0.1360159,7.1179989],[0.1348142,7.1137404],[0.1351575,7.1118666],[0.1329259,7.1101632],[0.1337843,7.1070971],[0.1355009,7.1064157],[0.1397924,7.1064157],[0.1411657,7.1048826],[0.1421957,7.0992613],[0.1392774,7.0980688],[0.1360159,7.0931288],[0.1344709,7.0924474],[0.1346426,7.0985799],[0.1339559,7.1014757],[0.1327543,7.1047123],[0.1312093,7.1053936],[0.1305227,7.1047123],[0.1301794,7.1023275],[0.1288061,7.100624],[0.1265745,7.0938102],[0.1252012,7.091766],[0.121768,7.0893811],[0.120223,7.0897218],[0.1188497,7.0909143],[0.1179914,7.0973875],[0.1167898,7.0992613],[0.1088934,7.1016461],[0.1073484,7.1035199],[0.1078634,7.105053],[0.1099233,7.1062454],[0.1149015,7.1072674],[0.1136999,7.1123777],[0.1157598,7.1145921],[0.1167898,7.1173175],[0.1198797,7.1186802],[0.120738,7.1171472],[0.1221113,7.1185099],[0.1239996,7.1234497],[0.1234846,7.1268564],[0.1222829,7.1289004],[0.1229696,7.1306037],[0.1236562,7.1302631],[0.1267461,7.1316257],[0.1257162,7.134862],[0.1246862,7.1355434],[0.1246862,7.1367357],[0.1260595,7.136395],[0.1300077,7.1408236],[0.1286344,7.1428676],[0.1294927,7.1445709],[0.1312093,7.1464445],[0.1337843,7.1464445],[0.1346426,7.1486587],[0.1346426,7.151384],[0.1339559,7.151384],[0.1325826,7.1529169],[0.1322393,7.1544498]],[[0.1902608,7.0985799],[0.1895742,7.0997723],[0.1897459,7.1014757],[0.1873217,7.1040501],[0.1879367,7.105501],[0.1912269,7.1067805],[0.1923958,7.1090384],[0.1943438,7.1102909],[0.1956099,7.1103551],[0.1975441,7.1073411],[0.1978139,7.1031792],[0.1969556,7.0996019],[0.1945524,7.0978985],[0.1902608,7.0985799]],[[0.1526921,6.9380766],[0.1516031,6.9379648],[0.1471399,6.9405209],[0.1471399,6.9449513],[0.1486848,6.9459738],[0.1528047,6.9463146],[0.1540063,6.9452922],[0.1543848,6.9413528],[0.1526921,6.9380766]],[[0.1085161,6.9820975],[0.1124858,6.9895945],[0.1143526,6.9916391],[0.1183008,6.9996472],[0.1232789,7.0008398],[0.1239656,6.9993064],[0.1237939,6.9974322],[0.121219,6.9875499],[0.1239656,6.9763042],[0.1239656,6.9728964],[0.1260255,6.9706813],[0.1263688,6.9689774],[0.1260255,6.9671031],[0.1236223,6.9665919],[0.1225923,6.9655695],[0.1244806,6.9594353],[0.1241372,6.9573905],[0.1220773,6.9567089],[0.1189874,6.9570497],[0.1179574,6.9584129],[0.1203607,6.9619912],[0.1184724,6.9630136],[0.1179574,6.9618208],[0.1121376,6.9569663],[0.111342,6.9569352],[0.1100409,6.9588386],[0.1062845,6.9747707],[0.1080011,6.9781785],[0.1085161,6.9820975]],[[0.2169545,7.1264364],[0.2202404,7.1322744],[0.2219198,7.1366774],[0.2238494,7.13801],[0.2236437,7.1389269],[0.2263119,7.1424664],[0.2263095,7.1402783],[0.2283696,7.1355721],[0.2249748,7.1311102],[0.2241351,7.1290636],[0.2250775,7.1260788],[0.2267681,7.1251091],[0.2273189,7.1257579],[0.2289633,7.1231695],[0.2292103,7.1203863],[0.2284872,7.1166633],[0.2271964,7.1200302],[0.2251405,7.1217742],[0.2238387,7.1205244],[0.2227088,7.1203125],[0.2166984,7.1217002],[0.2145555,7.1229028],[0.2140903,7.1254139],[0.2169545,7.1264364]],[[0.1262677,6.566778],[0.1275357,6.5670085],[0.1277147,6.5664356],[0.1265689,6.5638619],[0.1255971,6.5655696],[0.1262677,6.566778]],[[0.1121566,6.5506329],[0.1114833,6.550004],[0.1108476,6.5504197],[0.1086536,6.5564818],[0.1087958,6.5582379],[0.1108208,6.5606241],[0.1111655,6.5619497],[0.1077014,6.5623148],[0.1074305,6.5646103],[0.1149648,6.5631541],[0.1154986,6.5592371],[0.1131704,6.5559263],[0.1121566,6.5506329]],[[0.1119366,6.544103],[0.1111534,6.5464013],[0.1114686,6.5475711],[0.1125482,6.5478456],[0.1119366,6.544103]],[[0.0646144,6.4862576],[0.0693539,6.490519],[0.0688764,6.4885669],[0.0666985,6.4868199],[0.0663136,6.4843175],[0.0646848,6.4834607],[0.0646144,6.4862576]],[[-0.0663015,6.5880332],[-0.0629568,6.5874017],[-0.0634235,6.5853873],[-0.0643623,6.5848944],[-0.0653386,6.5852115],[-0.0663015,6.5880332]],[[0.129827,6.5735647],[0.1297653,6.5715077],[0.1275699,6.5724749],[0.1265124,6.571962],[0.1269731,6.5726161],[0.129827,6.5735647]],[[0.1529258,6.6259572],[0.1539665,6.6255789],[0.1537036,6.6240469],[0.1522982,6.622808],[0.1510214,6.6227868],[0.1508713,6.6238258],[0.1529258,6.6259572]],[[0.1238322,6.4082779],[0.1258358,6.4076275],[0.1243284,6.4053779],[0.1226601,6.4059749],[0.1224884,6.4075875],[0.1238322,6.4082779]],[[0.0964532,6.3947222],[0.0966259,6.3939689],[0.0953861,6.3927381],[0.0945975,6.3905656],[0.0940356,6.3905323],[0.0932349,6.3914293],[0.0933395,6.3922436],[0.0944017,6.3935097],[0.0952291,6.3931192],[0.0964532,6.3947222]],[[0.129894,6.4045915],[0.1304519,6.4047181],[0.1301515,6.404393],[0.129894,6.4045915]],[[0.1090345,6.4196486],[0.1091793,6.4181346],[0.1078758,6.417239],[0.1075217,6.4185078],[0.1090345,6.4196486]],[[0.0781944,6.3192228],[0.0790581,6.3186016],[0.0754961,6.314792],[0.074324,6.3145308],[0.0736977,6.3165915],[0.0781944,6.3192228]],[[-0.4033399,7.6411508],[-0.4018271,7.6409381],[-0.4016715,7.6397259],[-0.4033291,7.6399279],[-0.4033399,7.6411508]],[[0.0910033,8.0378778],[0.0936554,8.0380437],[0.0937097,8.0377602],[0.0910033,8.0378778]],[[0.0927515,8.0346197],[0.0931357,8.0350931],[0.0929748,8.0345257],[0.0927515,8.0346197]],[[0.2211669,7.8459675],[0.2215612,7.8465548],[0.22401,7.8467806],[0.2256221,7.8459782],[0.2259546,7.845181],[0.2231839,7.8451199],[0.2211669,7.8459675]],[[-0.4316559,8.1089841],[-0.4309425,8.1090611],[-0.4311088,8.1083017],[-0.4316559,8.1089841]],[[-0.4835621,8.1072953],[-0.4839617,8.1076909],[-0.4839027,8.1080919],[-0.483613,8.1077095],[-0.4835621,8.1072953]],[[0.1820603,8.1194329],[0.1820657,8.1189098],[0.1818833,8.1187744],[0.1815802,8.1192232],[0.1820603,8.1194329]],[[0.1061162,7.9927502],[0.1055885,7.9934388],[0.1063322,7.9931208],[0.1061162,7.9927502]],[[-0.3797123,8.1805233],[-0.3725615,8.1775803],[-0.3688145,8.1777528],[-0.3652418,8.178921],[-0.3636968,8.1752731],[-0.3615296,8.1737545],[-0.3615189,8.1724536],[-0.3630906,8.17068],[-0.3660893,8.169634],[-0.3781271,8.1711526],[-0.3796613,8.1730854],[-0.3806591,8.1770891],[-0.3797123,8.1805233]],[[-0.5872214,8.1984396],[-0.5882675,8.1977175],[-0.5891955,8.1980891],[-0.590145,8.1993847],[-0.5902094,8.2007439],[-0.5887824,8.2005687],[-0.5879349,8.1992201],[-0.5868298,8.1998891],[-0.5864596,8.1987422],[-0.5839209,8.1983732],[-0.5817658,8.1958033],[-0.582376,8.1952896],[-0.5853599,8.1956148],[-0.5863577,8.1963794],[-0.5872214,8.1984396]],[[-0.0533012,7.7744848],[-0.0531812,7.7745542],[-0.0531931,7.7744293],[-0.0533012,7.7744848]],[[-0.0527698,7.7739579],[-0.0525346,7.7745587],[-0.0524077,7.7744117],[-0.0527698,7.7739579]],[[-0.6263468,8.2279917],[-0.6247053,8.2273094],[-0.6231147,8.2261361],[-0.6260785,8.2266564],[-0.6263468,8.2279917]],[[-0.712105,8.3223779],[-0.718089,8.3271046],[-0.7181212,8.3280361],[-0.7133684,8.3250876],[-0.7108739,8.322216],[-0.712105,8.3223779]],[[-0.0512242,7.773827],[-0.0509008,7.7739574],[-0.0508963,7.7737827],[-0.0512242,7.773827]],[[-0.0559189,7.7750911],[-0.0558243,7.7753162],[-0.0557209,7.775248],[-0.0559189,7.7750911]],[[0.1059896,6.9062184],[0.1075259,6.9056193],[0.1088929,6.9037847],[0.1135001,6.9040444],[0.1144133,6.9020468],[0.1141556,6.9004805],[0.1109727,6.8978674],[0.110426,6.8953783],[0.1091607,6.8948821],[0.1081219,6.8956342],[0.1065519,6.8998369],[0.1067082,6.9011783],[0.1077782,6.9020313],[0.1058178,6.903962],[0.1059896,6.9062184]],[[0.1489525,6.9205104],[0.1474638,6.9198448],[0.1480713,6.9224089],[0.1485716,6.921939],[0.1489525,6.9205104]],[[0.1875716,6.754875],[0.1886867,6.7575073],[0.1892969,6.757775],[0.1888208,6.7558093],[0.1875716,6.754875]],[[0.1924069,6.7444263],[0.1933336,6.7460139],[0.1945125,6.7460711],[0.1949054,6.7454438],[0.1940256,6.7440814],[0.1924069,6.7444263]],[[0.1909465,6.7368532],[0.190976,6.7371232],[0.1911597,6.7369507],[0.1909465,6.7368532]],[[-0.2743632,7.6609726],[-0.2734888,7.6607879],[-0.2734861,7.6605845],[-0.2746327,7.6602576],[-0.2743632,7.6609726]],[[-0.27624,7.6630301],[-0.2763983,7.6632567],[-0.276124,7.6633571],[-0.27624,7.6630301]],[[-0.2749868,7.6617794],[-0.274598,7.6611959],[-0.2748178,7.6612115],[-0.2749868,7.6617794]],[[-0.2729734,7.6625865],[-0.2730392,7.662139],[-0.2731615,7.6625902],[-0.2729734,7.6625865]],[[-0.2734861,7.6637226],[-0.2729463,7.6634322],[-0.2733023,7.6632641],[-0.2734861,7.6637226]],[[-0.2730878,7.6686383],[-0.2725621,7.6677658],[-0.2733231,7.6684616],[-0.2730878,7.6686383]],[[-0.2721014,7.6685579],[-0.2716286,7.6690471],[-0.2710936,7.6687201],[-0.2714503,7.6682363],[-0.2721014,7.6685579]],[[0.2794325,7.4784956],[0.2819189,7.4794756],[0.2856486,7.4770143],[0.2886432,7.4770077],[0.2895565,7.4763362],[0.2891757,7.4753735],[0.2903303,7.473452],[0.2882838,7.471746],[0.2864063,7.4712939],[0.2825332,7.474549],[0.281117,7.4748948],[0.2809319,7.4771712],[0.2794325,7.4784956]],[[-0.1254067,7.5330058],[-0.1245926,7.5336346],[-0.1239496,7.5333428],[-0.124765,7.5328249],[-0.1254067,7.5330058]],[[-0.0444254,7.5430928],[-0.0446802,7.5421562],[-0.0451,7.5424579],[-0.0444254,7.5430928]],[[-0.0238059,7.5260656],[-0.0247917,7.5236152],[-0.0258726,7.523905],[-0.025595,7.5253556],[-0.0238059,7.5260656]],[[-0.0662841,7.5337091],[-0.0667883,7.5334684],[-0.0681284,7.5337061],[-0.0667012,7.5348339],[-0.0662841,7.5337091]],[[-0.1029271,7.5232934],[-0.1066983,7.521315],[-0.1082057,7.5219958],[-0.1065852,7.5267336],[-0.1041985,7.5282979],[-0.1025462,7.5277554],[-0.1032168,7.5262982],[-0.1026558,7.5247673],[-0.1029271,7.5232934]],[[0.0825852,7.4660388],[0.0794202,7.4657197],[0.0786906,7.4676983],[0.0802249,7.4702195],[0.0818288,7.4704163],[0.0842723,7.4670361],[0.0825852,7.4660388]],[[0.1079428,7.3799167],[0.1082298,7.379297],[0.1065226,7.3773153],[0.104177,7.3771437],[0.1054484,7.3795869],[0.1079428,7.3799167]],[[0.0098719,7.2029723],[0.0101662,7.2033316],[0.0103225,7.203317],[0.0103708,7.2028593],[0.0098719,7.2029723]],[[0.0322026,7.1794681],[0.0312451,7.1779619],[0.0303921,7.1779406],[0.0289839,7.1786458],[0.0253442,7.1825284],[0.0258484,7.1829462],[0.0271413,7.1824167],[0.0290027,7.1807109],[0.0303304,7.1814054],[0.0321248,7.1804953],[0.0322026,7.1794681]],[[0.0766656,7.1879465],[0.0765301,7.187554],[0.0764805,7.1881128],[0.0766656,7.1879465]],[[0.1356725,7.1728445],[0.1360159,7.1745477],[0.1396207,7.177954],[0.1406507,7.1806791],[0.1413374,7.18119],[0.143054,7.1803385],[0.1399641,7.1730149],[0.1380758,7.1725039],[0.1356725,7.1728445]],[[0.0094494,7.1963197],[0.0094374,7.1968865],[0.0100006,7.1967095],[0.0094494,7.1963197]],[[-0.013698,7.1948814],[-0.0142137,7.1950956],[-0.013684,7.1950876],[-0.013698,7.1948814]],[[0.0446199,7.1988025],[0.0449686,7.1995143],[0.0450557,7.1982091],[0.0446199,7.1988025]],[[0.0445689,7.200785],[0.043999,7.2001397],[0.043492,7.200624],[0.0441726,7.2012899],[0.0445689,7.200785]],[[-0.0322247,7.1990779],[-0.0317869,7.2001264],[-0.0310794,7.1996906],[-0.0314885,7.1989482],[-0.0322247,7.1990779]],[[-0.0333801,7.2018334],[-0.0333875,7.2019711],[-0.0333211,7.2019691],[-0.0333801,7.2018334]],[[0.0612596,7.1863119],[0.0616814,7.1864031],[0.061833,7.1861543],[0.0616331,7.1860518],[0.0612596,7.1863119]],[[0.0316796,7.187723],[0.0311029,7.1898572],[0.0317547,7.1923773],[0.0324762,7.1928323],[0.0351664,7.1921298],[0.0334874,7.1956584],[0.0342894,7.1962598],[0.0354065,7.1960057],[0.0352254,7.1970422],[0.0382617,7.1995595],[0.0382483,7.1981518],[0.0396618,7.1976782],[0.040724,7.1954056],[0.040437,7.19428],[0.0387505,7.192829],[0.0411357,7.1923294],[0.042057,7.1914925],[0.0415581,7.1904733],[0.0399274,7.1898546],[0.0436771,7.1890243],[0.0431299,7.1871588],[0.0413811,7.1873584],[0.0402197,7.1865069],[0.0416386,7.185658],[0.0413597,7.1837632],[0.0395881,7.1814413],[0.0378942,7.1816436],[0.0374557,7.1835503],[0.0388585,7.1834239],[0.0393091,7.1841238],[0.0375737,7.1844298],[0.0373444,7.1853572],[0.0366658,7.1851936],[0.0361361,7.1863033],[0.0354655,7.1862674],[0.035727,7.1869619],[0.0349331,7.1867743],[0.0347547,7.1874103],[0.0334203,7.1862301],[0.0316796,7.187723]],[[0.1698616,7.3962408],[0.169119,7.3967236],[0.1699622,7.3966837],[0.1698616,7.3962408]],[[0.1350251,7.4765649],[0.1345208,7.4782403],[0.134832,7.4797615],[0.1361811,7.4762723],[0.1350251,7.4765649]],[[0.129717,7.4903563],[0.1306263,7.492763],[0.1312995,7.4927497],[0.132029,7.491686],[0.1319486,7.4904122],[0.1304063,7.4899335],[0.129717,7.4903563]],[[0.0940865,7.5581504],[0.0948295,7.5564687],[0.0946686,7.5560924],[0.0935984,7.5566481],[0.0940865,7.5581504]],[[0.0299288,7.5319102],[0.0295854,7.5323516],[0.029632,7.5324819],[0.0299288,7.5319102]],[[-0.076215,7.5379622],[-0.0764584,7.5381803],[-0.0761761,7.5381337],[-0.076215,7.5379622]],[[-0.0090746,7.5338301],[-0.0082116,7.5339876],[-0.0080144,7.5337357],[-0.008398,7.5334033],[-0.0090746,7.5338301]],[[0.1521698,7.209444],[0.1524755,7.2112947],[0.152293,7.2126684],[0.1529691,7.2123245],[0.15302,7.2112894],[0.1521698,7.209444]],[[-0.8644237,8.5081415],[-0.8638631,8.5084001],[-0.863505,8.5076733],[-0.86391,8.5075659],[-0.8644237,8.5081415]],[[-0.0092,6.3568481],[-0.007875,6.3568961],[-0.0075638,6.3558191],[-0.0095326,6.3561977],[-0.0092,6.3568481]],[[-0.0202882,6.3183883],[-0.019623,6.3176792],[-0.0204492,6.3167195],[-0.0205725,6.3174393],[-0.0202882,6.3183883]],[[-0.0107946,6.3327774],[-0.0092476,6.3332666],[-0.0099792,6.334085],[-0.008968,6.336137],[-0.0073392,6.3357025],[-0.008404,6.3326901],[-0.010075,6.3321856],[-0.0107946,6.3327774]],[[0.0914043,6.4765401],[0.0917319,6.4766334],[0.0915223,6.476271],[0.0914043,6.4765401]],[[0.0914107,6.4774909],[0.0914258,6.4777041],[0.0915565,6.4776968],[0.0914107,6.4774909]],[[0.1189831,6.4012564],[0.1201053,6.4011911],[0.1213535,6.4006056],[0.1208986,6.4003488],[0.1189831,6.4012564]],[[0.1290883,6.402143],[0.1294796,6.4024038],[0.1298229,6.4022133],[0.1296633,6.4020287],[0.1290883,6.402143]],[[0.1881677,7.5364984],[0.1873094,7.5350519],[0.1871002,7.5324567],[0.1883125,7.5266599],[0.1857483,7.5252878],[0.1829266,7.5255856],[0.18224,7.5243518],[0.1829374,7.5233519],[0.1860273,7.5220543],[0.1890314,7.5194271],[0.1900721,7.51722],[0.1903027,7.513795],[0.1921374,7.5128962],[0.1904583,7.5100987],[0.1909625,7.5069821],[0.1899433,7.5050143],[0.1906621,7.5030783],[0.1922393,7.5015253],[0.1926899,7.4995575],[0.1908687,7.4947921],[0.1950422,7.4944942],[0.1924056,7.4912419],[0.1919872,7.4884283],[0.188055,7.4870641],[0.1869366,7.4857424],[0.187076,7.4752697],[0.1861533,7.4738975],[0.1876044,7.4705253],[0.186561,7.4617118],[0.1856732,7.4598582],[0.1826504,7.4580045],[0.1819745,7.4558317],[0.1802418,7.4543742],[0.1766771,7.4488876],[0.1720101,7.4459567],[0.1704276,7.4437413],[0.1721978,7.4379752],[0.1718223,7.434773],[0.1702264,7.4331054],[0.1690918,7.4297887],[0.1667932,7.4278286],[0.1675536,7.4261875],[0.1671633,7.4247938],[0.1664016,7.4234693],[0.1639017,7.4217272],[0.162684,7.4184663],[0.1614127,7.4190102],[0.1610854,7.4226315],[0.1617131,7.4251875],[0.1597899,7.4271636],[0.159983,7.429193],[0.1588136,7.429818],[0.158768,7.4309909],[0.1575369,7.4324006],[0.1577809,7.4330176],[0.1569173,7.4341772],[0.1570541,7.4364805],[0.1553267,7.4380497],[0.1547635,7.4378316],[0.1541948,7.4353475],[0.1540661,7.4311399],[0.1505578,7.4281238],[0.1520276,7.4249002],[0.1489431,7.4217511],[0.1486373,7.4256237],[0.1448232,7.4260918],[0.1441687,7.4280599],[0.1476288,7.4320974],[0.1436377,7.4318527],[0.1419425,7.4325814],[0.1392817,7.4368528],[0.1394802,7.4394752],[0.1387668,7.4401295],[0.1388258,7.4410604],[0.1346308,7.4441881],[0.1314175,7.443954],[0.129481,7.4425232],[0.127598,7.4428157],[0.1270187,7.4443689],[0.124433,7.447103],[0.1244008,7.4488264],[0.1257312,7.4514381],[0.1265305,7.4518317],[0.1336223,7.4466216],[0.1378481,7.4482094],[0.1343518,7.4507892],[0.1336545,7.4542891],[0.1350814,7.4549806],[0.137592,7.4540498],[0.1396304,7.4543051],[0.1400435,7.4547093],[0.1395607,7.4567997],[0.1451088,7.4582598],[0.1456386,7.4578715],[0.1460919,7.4545471],[0.1476046,7.4527067],[0.1499274,7.4513636],[0.1488197,7.4537599],[0.1479399,7.4584327],[0.147889,7.4615283],[0.1487178,7.4626693],[0.1502037,7.4623847],[0.1522744,7.4634059],[0.1545113,7.4631666],[0.1559758,7.4625788],[0.1583925,7.4602863],[0.1602566,7.4597199],[0.1597953,7.4611959],[0.1605114,7.4626054],[0.1604551,7.4651532],[0.158304,7.464733],[0.1532936,7.4670574],[0.1542243,7.4690121],[0.1570219,7.4704588],[0.1570554,7.4724468],[0.1552489,7.4707514],[0.1519766,7.470044],[0.1506275,7.4716316],[0.1497343,7.4692461],[0.1486292,7.4682276],[0.1452094,7.4680627],[0.1442733,7.4701716],[0.1412263,7.4701131],[0.1402286,7.4693631],[0.1383108,7.4651771],[0.1373532,7.4664005],[0.1365513,7.4701769],[0.1398396,7.4716316],[0.1427123,7.4755649],[0.1416904,7.4762963],[0.1392254,7.475775],[0.1382866,7.4765622],[0.1393139,7.4797854],[0.1412505,7.4821496],[0.1406577,7.4838516],[0.1421195,7.4853195],[0.1414517,7.4868593],[0.1432487,7.4883937],[0.1437396,7.4896928],[0.1446113,7.4896263],[0.1472211,7.4875454],[0.1489565,7.4853515],[0.1498067,7.4897846],[0.1508099,7.4895],[0.1518881,7.4881305],[0.1542163,7.4881384],[0.156582,7.4861041],[0.1573062,7.4866971],[0.1596585,7.4857796],[0.1601815,7.4865216],[0.1578051,7.4900798],[0.1562266,7.4892793],[0.1547044,7.4906435],[0.1538756,7.4929172],[0.1548761,7.4945607],[0.1546723,7.4951989],[0.1521242,7.4946006],[0.1501608,7.4951803],[0.1500803,7.5002223],[0.148766,7.501887],[0.1473445,7.4982598],[0.1441365,7.4948506],[0.1418567,7.4960951],[0.139727,7.4946644],[0.1381016,7.495893],[0.1362079,7.4962015],[0.1356071,7.4980045],[0.1361302,7.499249],[0.1339441,7.4995894],[0.1312834,7.4954037],[0.1301837,7.4954675],[0.1282632,7.4989512],[0.1273459,7.5042537],[0.128687,7.5050887],[0.1332146,7.5048973],[0.135524,7.5079234],[0.1320827,7.509636],[0.1302373,7.5097743],[0.1285475,7.508785],[0.126332,7.5099976],[0.125286,7.5120559],[0.1245511,7.518023],[0.1255757,7.5196451],[0.1273191,7.520278],[0.1313049,7.5168105],[0.1321793,7.5173529],[0.1324207,7.51981],[0.1331502,7.5203631],[0.134781,7.5191931],[0.1358968,7.5161217],[0.138064,7.5160765],[0.138638,7.5164063],[0.1387989,7.5196877],[0.1438576,7.522049],[0.1487862,7.51649],[0.148192,7.5220702],[0.1488948,7.5257824],[0.1562226,7.5280958],[0.1599763,7.5199562],[0.1619062,7.522259],[0.1618686,7.5233307],[0.1635933,7.5239236],[0.1628808,7.5248158],[0.1633787,7.5285531],[0.1655298,7.5332012],[0.1669353,7.5345839],[0.1687404,7.5341079],[0.1693171,7.5348126],[0.1683515,7.5356369],[0.1666751,7.5352035],[0.1621664,7.5357379],[0.161072,7.5372137],[0.1597202,7.5376152],[0.1584488,7.5357246],[0.158135,7.531635],[0.1566236,7.5310739],[0.1565941,7.5302589],[0.1529958,7.5313369],[0.1517755,7.5340042],[0.149222,7.5328582],[0.1474974,7.5310048],[0.1445416,7.5303294],[0.1438227,7.5306937],[0.1418728,7.5361714],[0.1410842,7.5350413],[0.1415563,7.5324141],[0.1402929,7.5285957],[0.140588,7.5269151],[0.1362213,7.52754],[0.134899,7.5321748],[0.1340193,7.5390032],[0.1324528,7.5419893],[0.1322517,7.5461586],[0.133177,7.5501949],[0.135473,7.5499636],[0.1358485,7.5516653],[0.1370314,7.5531849],[0.1306343,7.5529469],[0.1281989,7.554771],[0.1265144,7.5576745],[0.125345,7.558536],[0.1246798,7.5606312],[0.1228344,7.562301],[0.1211393,7.5722557],[0.1174003,7.5749411],[0.1142943,7.581721],[0.1121539,7.5814019],[0.1108879,7.5846084],[0.1053307,7.5914098],[0.101189,7.593866],[0.0989681,7.5978168],[0.095728,7.5977211],[0.094226,7.598758],[0.0937808,7.6008902],[0.0973588,7.6029374],[0.0986141,7.6065637],[0.1001,7.6074996],[0.1033133,7.6070263],[0.1040482,7.6043358],[0.1054162,7.6030224],[0.1075619,7.6046548],[0.1123792,7.6046336],[0.1129854,7.6065318],[0.1161182,7.6069971],[0.1179743,7.6085072],[0.1207826,7.607897],[0.1220727,7.6106207],[0.1229739,7.6112109],[0.1283652,7.6104027],[0.1288238,7.6088873],[0.1318923,7.6093473],[0.1324904,7.6096956],[0.1325816,7.6116948],[0.1352075,7.6140875],[0.1334292,7.6153743],[0.1317018,7.6151297],[0.1309025,7.6156135],[0.1300764,7.617751],[0.1305538,7.620032],[0.1310849,7.6203564],[0.133279,7.6186602],[0.1352048,7.6197608],[0.1361838,7.6212071],[0.1386702,7.6194046],[0.1419988,7.6207232],[0.1430503,7.6181897],[0.1388258,7.6155896],[0.137549,7.6134388],[0.1416904,7.6083503],[0.1410359,7.6050909],[0.1391798,7.6033096],[0.1430851,7.6020334],[0.1444745,7.600869],[0.1443726,7.5995184],[0.1423663,7.5980455],[0.1431817,7.5963227],[0.1425299,7.5943499],[0.1467758,7.5926803],[0.1464969,7.5907979],[0.1447481,7.5892878],[0.1464379,7.5874586],[0.1472962,7.5851401],[0.1451907,7.5815242],[0.147028,7.5803916],[0.1474357,7.5776637],[0.1489645,7.5753718],[0.1483557,7.5726146],[0.150488,7.5719526],[0.1517004,7.5703467],[0.1506758,7.5651938],[0.1517379,7.5590943],[0.1516092,7.5555474],[0.1527089,7.5520163],[0.1545811,7.5515058],[0.1560777,7.5491553],[0.1570407,7.5510351],[0.157156,7.5553346],[0.1590764,7.5583499],[0.159924,7.5587274],[0.1612598,7.5574352],[0.163663,7.5573501],[0.1657337,7.5581265],[0.1699984,7.5612161],[0.1728791,7.5605248],[0.1754326,7.5559143],[0.1761299,7.5558133],[0.1757759,7.5624711],[0.1736999,7.5707349],[0.1739734,7.571591],[0.1748264,7.5718781],[0.1779833,7.5687248],[0.1829642,7.5655661],[0.1863787,7.5660606],[0.1861185,7.5634071],[0.1848686,7.561264],[0.1852226,7.5599186],[0.1863384,7.5583179],[0.1893693,7.5577915],[0.1897985,7.5571002],[0.1874596,7.5523992],[0.1875535,7.549703],[0.1859093,7.5474482],[0.1860809,7.5466638],[0.1882938,7.546818],[0.1900586,7.5459033],[0.1915151,7.5470175],[0.1940578,7.5469616],[0.1942858,7.5490064],[0.1976064,7.5531596],[0.1985747,7.5530985],[0.1999721,7.5511734],[0.2007151,7.5550049],[0.2015948,7.5555155],[0.2047008,7.554981],[0.2071068,7.5520269],[0.2073884,7.5485384],[0.2065902,7.5453724],[0.2027321,7.5403487],[0.1997602,7.5389554],[0.1970887,7.539902],[0.1940095,7.5382055],[0.1909304,7.5383066],[0.1881677,7.5364984]],[[0.1724258,7.7159906],[0.1732935,7.7170597],[0.1747929,7.7178717],[0.1733096,7.7159474],[0.1724258,7.7159906]],[[0.1687391,7.6698179],[0.1693909,7.6700585],[0.1687539,7.669257],[0.1687391,7.6698179]],[[0.1766489,7.671987],[0.176547,7.6710527],[0.1761849,7.6708918],[0.1761366,7.6712188],[0.1766489,7.671987]],[[0.2469,7.4335761],[0.2471977,7.4329192],[0.2462992,7.4328607],[0.2462938,7.4330548],[0.2469,7.4335761]],[[0.2547656,7.4374047],[0.2554496,7.4372252],[0.2548635,7.4370709],[0.2547656,7.4374047]],[[0.2668583,7.4674111],[0.2676147,7.4661133],[0.2636772,7.4667728],[0.2654314,7.4677196],[0.2668583,7.4674111]],[[0.2937287,7.5146672],[0.2939191,7.5142896],[0.2930769,7.513545],[0.2929267,7.5138189],[0.2937287,7.5146672]],[[0.296026,7.5360304],[0.296368,7.535819],[0.2960877,7.5357898],[0.296026,7.5360304]],[[0.3161117,7.5413724],[0.3164229,7.5413405],[0.3162995,7.5410387],[0.3161117,7.5413724]],[[0.2425924,7.6569493],[0.2432576,7.6560615],[0.2427265,7.6544771],[0.2421525,7.6551031],[0.2425924,7.6569493]],[[0.2152258,7.6908067],[0.2181172,7.6882974],[0.2181172,7.6867664],[0.2174467,7.6862401],[0.214287,7.687702],[0.212034,7.6877552],[0.210886,7.6892916],[0.2111971,7.6908864],[0.2135897,7.6937305],[0.2152258,7.6908067]],[[0.135532,7.4361081],[0.137136,7.4258684],[0.1345557,7.4297515],[0.1333916,7.4302542],[0.1341158,7.4318819],[0.1316187,7.4355257],[0.1325226,7.4369645],[0.1310071,7.438946],[0.1322161,7.4388356],[0.1331019,7.4375869],[0.135532,7.4361081]],[[-0.2198271,8.2101669],[-0.2182192,8.2120345],[-0.2173421,8.2111213],[-0.2186222,8.2111492],[-0.2198271,8.2101669]],[[-0.2014242,8.2148621],[-0.200479,8.2155308],[-0.2000472,8.215491],[-0.2007804,8.2150314],[-0.2014242,8.2148621]],[[0.1091617,6.4421788],[0.1090479,6.442391],[0.1091919,6.4423637],[0.1091617,6.4421788]],[[-0.1588639,6.530453],[-0.1583083,6.5306539],[-0.1579766,6.5305665],[-0.1582691,6.5304454],[-0.1588639,6.530453]],[[0.1356018,7.4937709],[0.1360846,7.4953505],[0.1367336,7.4945527],[0.1365513,7.492037],[0.1356018,7.4937709]],[[0.1871538,7.6465367],[0.1882696,7.6460316],[0.1881516,7.6440484],[0.1870573,7.6449629],[0.1871538,7.6465367]],[[0.1857483,7.6552347],[0.1874435,7.6584779],[0.1873684,7.6551284],[0.1864564,7.654182],[0.1857483,7.6552347]],[[0.1627484,7.9073553],[0.1640171,7.9052113],[0.1647922,7.9057931],[0.1653153,7.9052166],[0.1632285,7.903341],[0.1613778,7.9058184],[0.1615924,7.9067124],[0.1624654,7.9062421],[0.1627484,7.9073553]]]}},{"type":"Feature","properties":{"name":"Lagune Tendo"},"geometry":{"type":"Polygon","coordinates":[[[-2.938947,5.1410199],[-2.9461169,5.1412596],[-2.9491907,5.1403193],[-2.9526722,5.1375677],[-2.954706,5.135815],[-2.9569531,5.1323584],[-2.9602575,5.1222656],[-2.9664695,5.1167997],[-2.9692483,5.1156189],[-2.9783034,5.1213306],[-2.9848051,5.1223724],[-2.990647,5.1277421],[-2.9935491,5.1285703],[-2.9956144,5.1299434],[-2.9959953,5.1315463],[-3.0004317,5.1305098],[-3.005442,5.1266789],[-3.0075073,5.1261873],[-3.0123031,5.1298312],[-3.0125874,5.1308891],[-3.01385,5.131176],[-3.0165142,5.1340681],[-3.0196309,5.1348375],[-3.0229654,5.1330484],[-3.0258429,5.1341964],[-3.0270284,5.1398865],[-3.0281282,5.1412383],[-3.0296195,5.1399774],[-3.0299091,5.137915],[-3.0325377,5.1339666],[-3.0354828,5.1325241],[-3.038283,5.1332293],[-3.04236,5.1378135],[-3.0485451,5.1393843],[-3.0503491,5.1404647],[-3.053322,5.146128],[-3.0565059,5.149386],[-3.060266,5.151799],[-3.06091,5.15412],[-3.0587227,5.1581046],[-3.06068,5.1605522],[-3.0634954,5.1617596],[-3.0606179,5.158512],[-3.0610671,5.1577155],[-3.0618412,5.15769],[-3.0622538,5.1551988],[-3.0597568,5.1491349],[-3.0597889,5.1476283],[-3.060717,5.1469818],[-3.0638713,5.1475428],[-3.0705231,5.1464208],[-3.072095,5.147286],[-3.0733152,5.1460036],[-3.0747879,5.1475909],[-3.0756247,5.1476283],[-3.0761129,5.1469284],[-3.0779904,5.1476764],[-3.0787844,5.1472222],[-3.0822444,5.147858],[-3.0840522,5.1488625],[-3.08521,5.147929],[-3.085724,5.146124],[-3.086752,5.146252],[-3.0876088,5.1453576],[-3.0930537,5.1463513],[-3.1010199,5.1449515],[-3.1083316,5.1451172],[-3.1102091,5.1457316],[-3.1102789,5.1465437],[-3.1081384,5.1476229],[-3.1060624,5.147842],[-3.105408,5.1489319],[-3.105998,5.1496104],[-3.1102789,5.1509301],[-3.1132561,5.149386],[-3.115536,5.1494555],[-3.1173277,5.1476496],[-3.119452,5.1474306],[-3.119967,5.1483496],[-3.1216675,5.1487636],[-3.1225768,5.148427],[-3.123268,5.14702],[-3.125444,5.1476169],[-3.1305885,5.1467948],[-3.1327611,5.1438776],[-3.1337643,5.1437841],[-3.1342873,5.1443905],[-3.1363151,5.144094],[-3.1436636,5.1277338],[-3.144221,5.123683],[-3.1458718,5.1216244],[-3.1463331,5.1221427],[-3.147692,5.122006],[-3.1484279,5.1212905],[-3.1449223,5.1170455],[-3.1419826,5.116618],[-3.138957,5.1148762],[-3.1355667,5.1148388],[-3.1311089,5.1114833],[-3.1288076,5.1106979],[-3.127632,5.11131],[-3.1260181,5.1141602],[-3.1209916,5.112787],[-3.1183362,5.1146411],[-3.1149405,5.1157204],[-3.1119418,5.115122],[-3.109742,5.1169247],[-3.1061053,5.1139649],[-3.1008636,5.1121961],[-3.0966479,5.1129099],[-3.094462,5.115312],[-3.0904251,5.1128725],[-3.0854296,5.1118687],[-3.0815366,5.1128642],[-3.0732546,5.1130185],[-3.0723054,5.1137924],[-3.0727869,5.1181889],[-3.0715531,5.1202406],[-3.0638123,5.1228533],[-3.0609155,5.1210367],[-3.060083,5.1192795],[-3.0576785,5.119199],[-3.0512284,5.1163212],[-3.0500386,5.1178391],[-3.0495607,5.1197368],[-3.0477646,5.1206734],[-3.0467062,5.1206594],[-3.0435374,5.1177658],[-3.0393505,5.1171309],[-3.0344153,5.1182423],[-3.0273396,5.1175664],[-3.0251429,5.1188541],[-3.0243892,5.1185923],[-3.024377,5.1196494],[-3.0232343,5.1205304],[-3.0223702,5.1203188],[-3.0224935,5.1187338],[-3.0222407,5.1186636],[-3.0221594,5.1201662],[-3.0208317,5.1204836],[-3.0208004,5.1192735],[-3.019635,5.117639],[-3.0165356,5.1163562],[-3.0170131,5.115902],[-3.0166161,5.1155547],[-3.0162942,5.116057],[-3.0125718,5.1144479],[-3.0126469,5.1124945],[-3.0121775,5.1142235],[-3.0086967,5.1141445],[-3.0070846,5.1151948],[-3.0064613,5.1138396],[-3.003214,5.1120628],[-3.0020795,5.1103779],[-3.001404,5.1105162],[-3.0004858,5.108398],[-3.000021,5.1081024],[-2.9996711,5.1086117],[-2.9949134,5.1038371],[-2.9950348,5.1029638],[-2.9944974,5.103267],[-2.9932922,5.1019251],[-2.9929791,5.1003503],[-2.9916931,5.1000584],[-2.9913911,5.0992014],[-2.9905893,5.0991435],[-2.985405,5.0941459],[-2.9785019,5.089432],[-2.9754335,5.0882351],[-2.9630739,5.0881229],[-2.9617813,5.0874988],[-2.9619743,5.086105],[-2.9613653,5.0877047],[-2.958439,5.0873642],[-2.9555637,5.0859322],[-2.9519105,5.0856917],[-2.9495931,5.0866749],[-2.9470182,5.0887855],[-2.9450292,5.0880878],[-2.9460418,5.0900839],[-2.9419622,5.0954592],[-2.9386872,5.095152],[-2.9328802,5.0962313],[-2.9319495,5.0970435],[-2.9321587,5.0981736],[-2.934937,5.1003938],[-2.9352701,5.0994078],[-2.9364771,5.0998674],[-2.9363028,5.1030461],[-2.9333545,5.1040542],[-2.9335374,5.1046562],[-2.9354192,5.1045685],[-2.9407432,5.1064962],[-2.9414224,5.1061834],[-2.9417803,5.1070272],[-2.9425179,5.1070199],[-2.9398084,5.1093549],[-2.9389247,5.1083256],[-2.939151,5.107839],[-2.9352377,5.1062357],[-2.9356054,5.1074527],[-2.9424156,5.1121191],[-2.9431386,5.1134721],[-2.9433687,5.1176365],[-2.9445169,5.1185109],[-2.945193,5.121892],[-2.9451653,5.1236522],[-2.942255,5.1241796],[-2.9407943,5.1251215],[-2.9416188,5.1258376],[-2.9394172,5.1301466],[-2.938947,5.1410199]],[[-3.143577,5.118397],[-3.1449478,5.118558],[-3.1452428,5.1192911],[-3.14312,5.1212965],[-3.142459,5.1193582],[-3.143577,5.118397]],[[-2.9535165,5.1008041],[-2.9558358,5.1016336],[-2.9563246,5.1026517],[-2.953323,5.1023608],[-2.9535165,5.1008041]],[[-2.9384902,5.0955848],[-2.9406154,5.0960358],[-2.9403525,5.0970978],[-2.9371208,5.0979453],[-2.9356711,5.096836],[-2.9358793,5.096294],[-2.9384902,5.0955848]],[[-2.9373193,5.100349],[-2.9389106,5.10198],[-2.9386265,5.1036934],[-2.9372025,5.1046015],[-2.9364625,5.1038659],[-2.9373193,5.100349]]]}},{"type":"Feature","properties":{"name":"Keta lagoon"},"geometry":{"type":"MultiPolygon","coordinates":[[[[0.995176,6.0080894],[1.0000818,6.0078147],[1.0064976,6.0050191],[1.008064,6.0035894],[1.0096948,6.0036107],[1.0106899,6.0045897],[1.0092308,6.007748],[1.0088445,6.013403],[1.0072567,6.0165186],[1.008866,6.0170734],[1.0128786,6.0136591],[1.0196163,6.013467],[1.0190155,6.0113331],[1.0196378,6.0100527],[1.0237576,6.0054113],[1.0218479,6.0041522],[1.0210325,6.0018261],[1.023012,5.9995801],[1.0244765,5.9958082],[1.0247661,5.9931087],[1.0221697,5.9928739],[1.0197987,5.9898649],[1.0231058,5.9885379],[1.0215528,5.9873574],[1.0217602,5.9867555],[1.0237254,5.9846898],[1.025485,5.9842737],[1.022045,5.9760988],[1.0234076,5.9756213],[1.0245931,5.9760775],[1.0269204,5.9789095],[1.026624,5.9803543],[1.0268097,5.9808564],[1.027282,5.980594],[1.0274638,5.9816839],[1.026975,5.9827642],[1.0274994,5.9829294],[1.0274179,5.9823787],[1.028141,5.9831756],[1.0281161,5.9825633],[1.0285286,5.9828193],[1.0286524,5.9856019],[1.0310358,5.9873982],[1.0325325,5.9898877],[1.0318673,5.9904278],[1.0326384,5.9903478],[1.0432076,6.0032707],[1.0457557,6.0079815],[1.0536414,6.0177283],[1.0530728,6.0187526],[1.0517102,6.0187153],[1.0512435,6.0158185],[1.0488456,6.0136418],[1.0487115,6.0121854],[1.0454071,6.008755],[1.0425639,6.0035001],[1.0416077,6.0037228],[1.0386358,6.0073185],[1.0315226,6.0123334],[1.0302781,6.0126108],[1.0232829,6.0104128],[1.021974,6.0106902],[1.0209869,6.0138911],[1.0236047,6.0155343],[1.0253643,6.0152996],[1.0343765,6.0184151],[1.0415232,6.0232339],[1.047986,6.026468],[1.0496938,6.0203441],[1.0548591,6.0291342],[1.0553956,6.0358346],[1.060009,6.0471226],[1.0597944,6.0510915],[1.0578418,6.0541855],[1.0647726,6.0608643],[1.0715264,6.0659853],[1.0716498,6.0669775],[1.0706735,6.0683218],[1.0641611,6.064545],[1.053915,6.0520197],[1.0494304,6.0490431],[1.0491621,6.0463971],[1.045289,6.0426522],[1.0439801,6.0422148],[1.0440659,6.0409985],[1.0359764,6.029625],[1.0263433,6.0256198],[1.0229959,6.0267401],[1.0174169,6.0240514],[1.0118486,6.0271029],[1.0098316,6.0260786],[1.0025145,6.0255771],[0.9963776,6.0230911],[0.9883096,6.0238806],[0.995176,6.0080894]],[[1.0465121,6.0361973],[1.0470915,6.0367628],[1.050353,6.0354398],[1.0518658,6.0316415],[1.0511255,6.0315561],[1.0489046,6.0330925],[1.0465121,6.0361973]],[[1.0353233,5.9979583],[1.0381021,6.000199],[1.0353072,5.9943571],[1.0305892,5.9894075],[1.0305902,5.987933],[1.0314354,5.9895449],[1.0316581,5.9891554],[1.0308655,5.9875789],[1.0278024,5.9866452],[1.0258328,5.9876149],[1.0255006,5.9896557],[1.0284338,5.993579],[1.0256888,5.9961497],[1.0269763,5.9981343],[1.0252168,5.9999696],[1.0263111,6.0018688],[1.0247018,6.0038321],[1.0259249,6.0052405],[1.023586,6.0069371],[1.0267617,6.007812],[1.0289504,6.0076306],[1.0314931,6.0058061],[1.0364498,6.0057847],[1.0364928,6.0043763],[1.034406,6.0016608],[1.0358973,5.9999589],[1.0353233,5.9979583]]],[[[1.0073586,5.9895448],[1.0082384,5.9918069],[1.0068222,5.9947092],[0.9989901,6.0007058],[0.9986039,6.0017088],[1.0065218,5.9967792],[1.0065218,5.9975901],[1.0006853,6.0037041],[0.9965976,6.0052512],[0.9928264,6.0030639],[0.9916248,6.0031919],[0.9910561,6.005614],[0.9940924,6.00571],[0.9929873,6.0062542],[0.9906645,6.0108422],[0.9918501,6.0113971],[0.9934594,6.010106],[0.9928371,6.011093],[0.9933146,6.0113171],[0.9928586,6.0124214],[0.9915872,6.0123467],[0.9900637,6.0141819],[0.990053,6.0148968],[0.9913726,6.0159851],[0.9882613,6.0233045],[0.9870918,6.0236352],[0.9810733,6.0226558],[0.9800577,6.023586],[0.9849822,6.0273203],[0.9845424,6.0280992],[0.982461,6.0282486],[0.9810555,6.0269576],[0.9795105,6.0269149],[0.9791243,6.0276724],[0.9806371,6.0315134],[0.9851646,6.0339461],[0.9861839,6.0368481],[0.9935331,6.0423748],[0.9931147,6.0433884],[0.9910548,6.0422575],[0.9893918,6.042951],[0.9860766,6.0419267],[0.9816778,6.0368908],[0.9804091,6.0359279],[0.9791511,6.0359679],[0.9772897,6.0305212],[0.9751064,6.0281259],[0.9708524,6.0273043],[0.9663463,6.0294382],[0.9653002,6.0305692],[0.9592223,6.0293369],[0.9579456,6.0302438],[0.9549066,6.0356612],[0.9526563,6.0336473],[0.9518516,6.033786],[0.9498131,6.0384272],[0.9470451,6.0369868],[0.9452178,6.034879],[0.9439123,6.0363467],[0.9447813,6.0368801],[0.9442449,6.037723],[0.9397817,6.0385232],[0.9383333,6.0396542],[0.9366381,6.0394514],[0.9339344,6.0345542],[0.9319603,6.0331565],[0.9299969,6.0332099],[0.9310068,6.0246195],[0.9289898,6.0199249],[0.9313073,6.0189006],[0.9311785,6.016852],[0.9322299,6.0141632],[0.9316291,6.0126268],[0.9287109,6.0139498],[0.9276165,6.013331],[0.9197416,6.0139285],[0.9184434,6.0128722],[0.9171881,6.0090844],[0.9193446,6.006705],[0.9185507,6.0044003],[0.910901,6.0017221],[0.9058088,6.0038148],[0.9040694,6.0034773],[0.9024976,6.0011833],[0.9026921,5.9995842],[0.9067033,5.9965605],[0.9061374,5.9954829],[0.9046796,5.9954282],[0.9043899,5.9946519],[0.9058624,5.9938143],[0.9060234,5.9920057],[0.9043779,5.9906625],[0.9029402,5.9906305],[0.9027471,5.9892114],[0.9016098,5.9899369],[0.8993353,5.9894888],[0.8989705,5.9884218],[0.8928766,5.9882297],[0.8887567,5.9886138],[0.8861389,5.9895955],[0.8858384,5.9909186],[0.8895935,5.9926899],[0.8907093,5.9924765],[0.8939924,5.996147],[0.898992,5.9984944],[0.8964385,6.0014607],[0.8928766,6.0009059],[0.8895935,5.9985158],[0.8889713,5.9964458],[0.8880486,5.9959763],[0.8862032,5.997086],[0.8825125,5.9966165],[0.8796586,5.9940983],[0.8749809,5.9922844],[0.8744659,5.9906412],[0.8748736,5.9894034],[0.8712794,5.9878989],[0.8689405,5.9877175],[0.867535,5.9867038],[0.8680286,5.9857435],[0.8694448,5.9852954],[0.8694448,5.9831826],[0.870464,5.9801949],[0.8692517,5.9738033],[0.8695092,5.9694176],[0.8734681,5.9677637],[0.8761825,5.9677637],[0.8759465,5.9671661],[0.8738007,5.9654055],[0.8711721,5.9656189],[0.8681359,5.9647012],[0.86378,5.9652667],[0.8619561,5.9640503],[0.8595743,5.9638155],[0.8571495,5.9609984],[0.8566975,5.9574304],[0.8553471,5.9565914],[0.8541991,5.9571142],[0.8527829,5.9558124],[0.8523215,5.9542225],[0.8547892,5.9520989],[0.854639,5.9489189],[0.855331,5.9480759],[0.8574124,5.9471795],[0.8586569,5.945771],[0.8634205,5.9438928],[0.8652659,5.945088],[0.867755,5.943594],[0.8714886,5.9431672],[0.8718319,5.9417159],[0.873849,5.9405634],[0.875351,5.9414171],[0.8751793,5.9420574],[0.8758231,5.9424842],[0.8820887,5.9438075],[0.8862515,5.9430391],[0.8864232,5.9418867],[0.8853905,5.9399018],[0.8855434,5.9378743],[0.8870669,5.9366791],[0.8910017,5.9352064],[0.8916132,5.9321651],[0.8912163,5.9313221],[0.8932011,5.9314928],[0.8951028,5.9288143],[0.894223,5.9219418],[0.8924206,5.9193913],[0.8914013,5.9192312],[0.8855005,5.9225181],[0.8848138,5.9231797],[0.8854898,5.9235106],[0.8850606,5.9240975],[0.8836551,5.9241935],[0.8842881,5.9257943],[0.8839019,5.9263172],[0.8833547,5.9248445],[0.8822282,5.925314],[0.8817454,5.9245991],[0.8814879,5.920053],[0.8795031,5.9207466],[0.8799859,5.9194233],[0.8789023,5.9190712],[0.8784087,5.9201917],[0.8769389,5.9197862],[0.8758982,5.9202877],[0.8757158,5.9176412],[0.8746751,5.9156776],[0.8760484,5.9133618],[0.8753295,5.9090824],[0.8760055,5.9076951],[0.8776899,5.9140982],[0.8786662,5.9128709],[0.8784838,5.9115903],[0.8764668,5.907407],[0.8723872,5.9026233],[0.8712177,5.9025913],[0.868785,5.9042507],[0.8686616,5.9048991],[0.8698203,5.9062784],[0.8690907,5.9071695],[0.8648689,5.9080286],[0.8642091,5.9100882],[0.8635439,5.910179],[0.8642628,5.9089037],[0.8643593,5.9065772],[0.8628144,5.9059476],[0.8616986,5.9044428],[0.8623208,5.903429],[0.8634152,5.9031942],[0.8634903,5.9025005],[0.8600034,5.9000673],[0.8601751,5.8992776],[0.8612855,5.8989201],[0.8613928,5.8974954],[0.8593436,5.8972286],[0.8591183,5.8966523],[0.8561786,5.8980717],[0.8545585,5.8967377],[0.8535393,5.8941443],[0.8534105,5.8914336],[0.8509214,5.8919032],[0.8509965,5.8905585],[0.8518334,5.8897527],[0.849929,5.8884614],[0.8499505,5.8876583],[0.8518468,5.8861989],[0.8550333,5.8874422],[0.8562027,5.8869673],[0.8655529,5.8889096],[0.8663039,5.8881626],[0.8676879,5.8887175],[0.8675806,5.8893045],[0.8640187,5.8904571],[0.8664434,5.8906706],[0.8681064,5.8888029],[0.8682995,5.8864444],[0.8657567,5.8817379],[0.8640616,5.8808947],[0.8609073,5.8817806],[0.8576565,5.8836909],[0.851069,5.8843633],[0.8442347,5.886423],[0.8368747,5.8857507],[0.836408,5.8838203],[0.8322399,5.8857293],[0.8280985,5.8850463],[0.8245366,5.8853451],[0.8242166,5.8845256],[0.8239327,5.8847583],[0.8230343,5.8847182],[0.822892,5.8848684],[0.8230767,5.8853897],[0.8229982,5.8856081],[0.8228246,5.8856986],[0.8222789,5.885678],[0.8229651,5.8855917],[0.8227708,5.8849831],[0.8229693,5.8846788],[0.8241184,5.8843951],[0.8235645,5.8835851],[0.8240316,5.8831369],[0.8241763,5.8843663],[0.8250612,5.884673],[0.8264847,5.8837349],[0.8267018,5.8818515],[0.826136,5.880708],[0.8271609,5.8798973],[0.8285987,5.8796849],[0.8268584,5.8810621],[0.8269173,5.882609],[0.8295773,5.8835689],[0.8304943,5.8831869],[0.8297357,5.8826472],[0.8305231,5.881649],[0.8343449,5.8806747],[0.8348827,5.8798484],[0.8340281,5.8792848],[0.8339944,5.8783201],[0.831637,5.8793517],[0.8310032,5.8784252],[0.8297165,5.8783869],[0.8297597,5.8777565],[0.830984,5.8769112],[0.8317354,5.877704],[0.8345342,5.8759078],[0.837333,5.8753989],[0.8418546,5.8714099],[0.8437506,5.8721658],[0.8466773,5.8708636],[0.8490472,5.8707438],[0.851056,5.8714698],[0.8516708,5.8671284],[0.8507442,5.865877],[0.847145,5.8645091],[0.8464621,5.8607852],[0.8467714,5.8567035],[0.8489758,5.8538146],[0.8462447,5.854316],[0.8468616,5.8557306],[0.8448905,5.8537846],[0.8424829,5.8536574],[0.8414672,5.8550121],[0.8431171,5.855419],[0.8427033,5.8580684],[0.8425604,5.8558381],[0.8389867,5.8549474],[0.8347885,5.8559503],[0.8339007,5.8576493],[0.8320198,5.8593333],[0.8285636,5.8599337],[0.8260854,5.8595226],[0.8249911,5.8615784],[0.8303316,5.864044],[0.8309752,5.8652836],[0.8250708,5.8727472],[0.8218219,5.8756031],[0.8187547,5.8767331],[0.8175364,5.8765882],[0.8179598,5.8741322],[0.8172888,5.8724704],[0.8195849,5.867944],[0.8186391,5.8668169],[0.8154126,5.87123],[0.8124886,5.8735368],[0.8111394,5.8728252],[0.8083931,5.8690473],[0.8056845,5.8665588],[0.8017925,5.866054],[0.8016638,5.865609],[0.799139,5.8663375],[0.7952378,5.8711848],[0.7944728,5.8712032],[0.7944781,5.8706993],[0.7959362,5.8701362],[0.7989306,5.8663117],[0.800785,5.8655607],[0.8011419,5.8635414],[0.8002606,5.8633194],[0.8003966,5.8627716],[0.8019059,5.861644],[0.8025925,5.8619275],[0.8032078,5.8605937],[0.8042316,5.8602267],[0.8040049,5.8593375],[0.8061684,5.8594406],[0.8065068,5.8606678],[0.8058208,5.8618882],[0.80707,5.8631364],[0.8080013,5.8630754],[0.8095184,5.8621954],[0.810628,5.862332],[0.8096336,5.8603757],[0.8104978,5.8598217],[0.8109876,5.8608486],[0.8118772,5.860468],[0.8122062,5.8594861],[0.8111988,5.8589094],[0.8116379,5.8579061],[0.812337,5.8576627],[0.8127158,5.8596724],[0.8144369,5.8591533],[0.814644,5.8584886],[0.8168619,5.8592068],[0.8167675,5.8581582],[0.8181832,5.8585755],[0.8185023,5.8579827],[0.8173093,5.8569673],[0.818524,5.8556372],[0.8229108,5.8527424],[0.8237497,5.8526816],[0.8239564,5.8534947],[0.8225064,5.8555917],[0.8230139,5.8558691],[0.826415,5.8530814],[0.8281778,5.8530272],[0.8289595,5.8494485],[0.8283159,5.8489727],[0.828214,5.8473574],[0.8268922,5.8473187],[0.826801,5.846798],[0.8272043,5.844983],[0.8283394,5.8439768],[0.8285576,5.8446654],[0.8284575,5.8434028],[0.8317004,5.8437525],[0.8330705,5.8424142],[0.8357753,5.8430161],[0.8360208,5.8441702],[0.8342877,5.8459156],[0.8322479,5.8449253],[0.8319447,5.84696],[0.8331547,5.8473459],[0.8339113,5.8492633],[0.8355199,5.850958],[0.8385134,5.8525461],[0.8382148,5.8497517],[0.8374724,5.8496993],[0.8385665,5.8465809],[0.8369771,5.8482266],[0.8386695,5.8463498],[0.8390857,5.8440347],[0.8381354,5.8400393],[0.8367511,5.8375514],[0.8380083,5.8361781],[0.8373944,5.836108],[0.837944,5.8349862],[0.8381896,5.8360425],[0.8390061,5.8350729],[0.838528,5.8344164],[0.8383966,5.8346107],[0.8366493,5.8346766],[0.8356907,5.8360327],[0.8346953,5.8362506],[0.8343402,5.8358283],[0.8343343,5.8361442],[0.8339092,5.8354094],[0.8343089,5.8358155],[0.8347333,5.8352062],[0.8341208,5.834589],[0.8332879,5.8348393],[0.8329989,5.8338131],[0.8336837,5.8337014],[0.8335132,5.8329487],[0.8341128,5.8332401],[0.8341483,5.8326871],[0.8351635,5.8321875],[0.8353494,5.8323991],[0.8348028,5.8324865],[0.8343164,5.8331586],[0.8337359,5.8334196],[0.8341845,5.8337661],[0.8342022,5.8345822],[0.8347684,5.8351476],[0.8349151,5.8358904],[0.835003,5.8351761],[0.8358728,5.8352309],[0.8354985,5.8348696],[0.8372763,5.8338569],[0.839052,5.8339235],[0.83951,5.8343647],[0.8376034,5.8373477],[0.8393954,5.8431518],[0.8393463,5.8469115],[0.840533,5.8484501],[0.8391737,5.8470122],[0.8388003,5.848681],[0.840664,5.8493072],[0.8410349,5.848772],[0.8420924,5.8483268],[0.8422549,5.84788],[0.8425049,5.8477184],[0.8421746,5.8485697],[0.8409941,5.8490042],[0.8415193,5.8505807],[0.8452856,5.8528364],[0.8460914,5.8514522],[0.8459407,5.8482254],[0.8477959,5.8433088],[0.8484568,5.8428849],[0.8496963,5.843845],[0.850926,5.8435835],[0.8525035,5.8447749],[0.8538276,5.8472711],[0.8561475,5.8492277],[0.8582441,5.8497819],[0.8598585,5.8494832],[0.8609905,5.8513137],[0.8621194,5.8515098],[0.8622765,5.8528595],[0.8643117,5.8539482],[0.8634952,5.8565665],[0.8650336,5.8560984],[0.8649411,5.8569099],[0.866272,5.857967],[0.8705051,5.8601299],[0.8742137,5.8615587],[0.8774431,5.8618896],[0.8843525,5.8686774],[0.8859511,5.8694779],[0.885876,5.8707692],[0.8876248,5.8723915],[0.887539,5.8738002],[0.8891054,5.8742165],[0.8892663,5.875273],[0.8920343,5.8773648],[0.8928927,5.8787416],[0.8923294,5.8802251],[0.8937295,5.8799529],[0.8943035,5.8809881],[0.890999,5.8840137],[0.8933272,5.8829038],[0.8937563,5.883256],[0.8922221,5.8859454],[0.8956982,5.887034],[0.8960523,5.8894352],[0.8994855,5.8922847],[0.9055151,5.893512],[0.9086587,5.887066],[0.9080042,5.8835548],[0.9060033,5.8821301],[0.9045978,5.8821087],[0.9030421,5.8804438],[0.9012719,5.8807427],[0.8997377,5.8761749],[0.8977206,5.8741151],[0.8983429,5.8730798],[0.8995874,5.8750863],[0.9018727,5.8752143],[0.904233,5.877573],[0.903482,5.8786829],[0.9042974,5.8788216],[0.9066578,5.8816178],[0.9089108,5.8822368],[0.9064003,5.8771994],[0.9050484,5.8766445],[0.9040185,5.8751503],[0.9032138,5.8701449],[0.9038361,5.8686401],[0.901819,5.869099],[0.901068,5.8706679],[0.9001132,5.8708173],[0.8992119,5.8651715],[0.9014543,5.8644244],[0.8997162,5.8634211],[0.8989974,5.8620657],[0.899051,5.8604328],[0.896755,5.8607316],[0.8959182,5.861959],[0.8942659,5.8618096],[0.8911546,5.865513],[0.8883329,5.8646058],[0.8856721,5.8600912],[0.8890088,5.8585544],[0.8863454,5.8580687],[0.8860879,5.8566786],[0.8865305,5.8560516],[0.8888318,5.857343],[0.8907952,5.859008],[0.8901085,5.8607156],[0.8920934,5.8597444],[0.8920504,5.8608543],[0.8931019,5.8608757],[0.8976509,5.8571509],[0.8984234,5.8571829],[0.8986487,5.8579727],[0.9030904,5.8592748],[0.9007623,5.8614307],[0.9003653,5.8627968],[0.900891,5.8632664],[0.9035839,5.8640775],[0.9056331,5.8657424],[0.9095921,5.8654329],[0.9102787,5.8647285],[0.9099783,5.8628928],[0.9093346,5.862626],[0.9087874,5.8600859],[0.9062661,5.8599258],[0.9051182,5.857279],[0.9056868,5.8560943],[0.9030582,5.8568734],[0.9033694,5.8555606],[0.9015133,5.8558915],[0.8992066,5.853821],[0.9000434,5.8527964],[0.9007193,5.853394],[0.9009232,5.8523908],[0.9033694,5.8515903],[0.900773,5.8521346],[0.9000005,5.8489754],[0.9003465,5.8479896],[0.9035518,5.8495731],[0.9040024,5.8509072],[0.9046568,5.8509713],[0.9048607,5.8531165],[0.9036269,5.854472],[0.9058424,5.8528764],[0.909399,5.8554432],[0.9102144,5.8565959],[0.9088625,5.8584316],[0.9112551,5.8582609],[0.9103324,5.8598724],[0.9136261,5.8628608],[0.9112765,5.8650594],[0.9127356,5.8658919],[0.9106453,5.8693518],[0.911668,5.8702212],[0.9114793,5.8708404],[0.9107618,5.8707134],[0.9112985,5.8719702],[0.9120507,5.8722695],[0.9118888,5.8714078],[0.9128129,5.8714017],[0.9117728,5.8700955],[0.9122699,5.8698456],[0.9141304,5.870353],[0.9182503,5.8701396],[0.9213294,5.867258],[0.9219624,5.8649313],[0.9167375,5.86031],[0.9162225,5.8587091],[0.9146561,5.8573003],[0.9128322,5.8524121],[0.9112872,5.8509019],[0.907854,5.8510033],[0.9052469,5.8496692],[0.9076663,5.8497706],[0.9103324,5.8465794],[0.9106113,5.8472678],[0.9110888,5.8437296],[0.9095223,5.8464619],[0.9057673,5.8489914],[0.9046783,5.8480202],[0.9061213,5.8475666],[0.9009554,5.8474252],[0.8996035,5.8455494],[0.8996465,5.843212],[0.8934076,5.8463179],[0.8923455,5.8454107],[0.8941265,5.845432],[0.8944483,5.8446315],[0.8912297,5.844845],[0.8889981,5.8431586],[0.8900066,5.8427317],[0.8888693,5.841515],[0.883698,5.8413442],[0.877993,5.8390682],[0.8765986,5.8370847],[0.8714017,5.8389325],[0.8693855,5.8389148],[0.8684091,5.8355854],[0.8690719,5.8331051],[0.8687986,5.8312189],[0.8760135,5.8304949],[0.881335,5.828531],[0.883395,5.8257559],[0.8853031,5.8243132],[0.8860933,5.8217745],[0.88749,5.8210661],[0.8883938,5.8177013],[0.8879693,5.8165569],[0.8868327,5.8159303],[0.8857235,5.8161074],[0.8822596,5.8145719],[0.8805442,5.8153353],[0.8801454,5.8150209],[0.8813793,5.8138907],[0.8808301,5.812768],[0.879075,5.8118794],[0.8779305,5.8117448],[0.8745668,5.8142466],[0.8739199,5.815952],[0.8733451,5.8147259],[0.8710391,5.8148897],[0.8721161,5.8133014],[0.876006,5.8105282],[0.8754422,5.8088609],[0.8736252,5.808002],[0.8737227,5.8066584],[0.8710355,5.8089717],[0.8702001,5.8080297],[0.871126,5.8081752],[0.8716422,5.8072398],[0.8709325,5.8056651],[0.8742809,5.8032808],[0.8793416,5.8017159],[0.8812089,5.8041377],[0.8817409,5.8081734],[0.8789647,5.8103516],[0.8813421,5.810016],[0.8806054,5.811156],[0.8815841,5.8101222],[0.8831464,5.8110534],[0.8840027,5.8127889],[0.8876291,5.8146718],[0.8873746,5.8138332],[0.8882971,5.8131053],[0.8908579,5.8129787],[0.8912237,5.8114755],[0.8888856,5.8066652],[0.8858795,5.8045765],[0.885641,5.803722],[0.8865635,5.8019497],[0.8886629,5.8026618],[0.8972358,5.8023453],[0.9005936,5.8008436],[0.9002787,5.8000262],[0.8949392,5.7990637],[0.8956366,5.7981778],[0.8945637,5.7970677],[0.8953576,5.7962137],[0.8986835,5.7977188],[0.8987372,5.7983806],[0.899456,5.7976974],[0.9002285,5.7988182],[0.9013765,5.7983912],[0.9058611,5.8023619],[0.9050887,5.8037282],[0.9053461,5.8044967],[0.9100293,5.8068236],[0.918269,5.8095134],[0.9227537,5.8102178],[0.9251262,5.813712],[0.9271418,5.814007],[0.9288691,5.8151277],[0.9298991,5.8144446],[0.9295772,5.813452],[0.9305214,5.8133559],[0.9310042,5.8143165],[0.9336649,5.8152451],[0.934491,5.8148395],[0.9359133,5.8166016],[0.9427844,5.8214998],[0.9429024,5.8226633],[0.9448658,5.8257265],[0.9449516,5.8275944],[0.9525369,5.831821],[0.9586751,5.840927],[0.9613639,5.8423333],[0.96214,5.8440706],[0.9622492,5.8466715],[0.9631156,5.8465607],[0.9649234,5.8483858],[0.9672623,5.8529965],[0.9685712,5.8538183],[0.968142,5.859635],[0.9613185,5.8738936],[0.9616833,5.8748968],[0.9607606,5.8769033],[0.9611254,5.877565],[0.9625416,5.8776076],[0.962563,5.8729118],[0.9633999,5.8725489],[0.9640007,5.870329],[0.9652238,5.8689629],[0.9674125,5.8686427],[0.967627,5.8643523],[0.9701376,5.8623459],[0.9696226,5.8586744],[0.9713178,5.8579487],[0.9725194,5.8589306],[0.9714894,5.8603821],[0.9716639,5.861374],[0.9729915,5.8617482],[0.9727018,5.8630289],[0.9736996,5.8636266],[0.9743433,5.8653982],[0.9756522,5.8659852],[0.9747939,5.8662948],[0.9748261,5.8684933],[0.9718757,5.8723781],[0.9723865,5.8738891],[0.9738069,5.8740857],[0.970136,5.8775135],[0.9665233,5.874891],[0.9659714,5.8753118],[0.9660928,5.8760708],[0.967869,5.8773839],[0.9685819,5.8792299],[0.9700701,5.8794591],[0.9703184,5.8807017],[0.9683117,5.8871746],[0.9692761,5.8897997],[0.9711262,5.889359],[0.9715431,5.892599],[0.9736017,5.8937395],[0.9742791,5.8975237],[0.975773,5.8989243],[0.9734493,5.9032578],[0.9765837,5.9081614],[0.9761553,5.9098613],[0.9768328,5.9111313],[0.9795949,5.9130493],[0.9818618,5.9095243],[0.9830344,5.9058179],[0.9826849,5.9013307],[0.982874,5.8999407],[0.9835875,5.8997139],[0.9832656,5.9021978],[0.9844747,5.9067669],[0.9840977,5.9086407],[0.9863723,5.9106315],[0.9859775,5.9118231],[0.986611,5.9115235],[0.9873749,5.9125666],[0.9873723,5.9135194],[0.9846121,5.916458],[0.9838825,5.9204706],[0.9843831,5.9222786],[1.0134043,5.9688761],[1.0103144,5.9630392],[1.0108294,5.9623136],[1.0124977,5.9626444],[1.0114463,5.9619188],[1.0115536,5.958184],[1.0120578,5.9576291],[1.0134419,5.959966],[1.0126694,5.9612145],[1.0137423,5.9618548],[1.0128518,5.962367],[1.0131093,5.9629539],[1.0146542,5.9631566],[1.0163468,5.9646201],[1.016682,5.9658776],[1.0239293,5.9744756],[1.0235672,5.9754026],[1.0188653,5.9770432],[1.013818,5.9694137],[1.0183664,5.9770231],[1.0186642,5.9785116],[1.0130449,5.9832707],[1.0073586,5.9895448]],[[0.9443766,5.8757702],[0.9442492,5.8758159],[0.9442988,5.8758586],[0.9443766,5.8757702]],[[0.8385623,5.8340617],[0.8385459,5.8341144],[0.8385519,5.8341856],[0.8385623,5.8340617]],[[0.8385317,5.8343009],[0.8385494,5.8343332],[0.8385664,5.8342936],[0.8385317,5.8343009]],[[0.8373481,5.8342691],[0.8373468,5.8343158],[0.8373893,5.8342716],[0.8373481,5.8342691]],[[0.8370936,5.834106],[0.8370893,5.8341284],[0.8371044,5.8341209],[0.8370936,5.834106]],[[0.8377667,5.8339588],[0.8377394,5.8339746],[0.8377476,5.8339909],[0.8377667,5.8339588]],[[0.8371386,5.834552],[0.8371252,5.8345831],[0.8371516,5.8345404],[0.8371386,5.834552]],[[0.83685,5.8346262],[0.8368181,5.8346365],[0.8368383,5.8346585],[0.83685,5.8346262]],[[0.8362451,5.8346022],[0.8361713,5.834693],[0.836223,5.8347711],[0.8362451,5.8346022]],[[0.8361884,5.834889],[0.8361753,5.8349243],[0.8361966,5.8349227],[0.8361884,5.834889]],[[0.8361174,5.8349846],[0.8361283,5.8350107],[0.8361365,5.8349602],[0.8361174,5.8349846]],[[0.8359335,5.835279],[0.8359313,5.8353007],[0.8359423,5.8352942],[0.8359335,5.835279]],[[0.8358161,5.8356566],[0.8357429,5.8356528],[0.8358281,5.8356707],[0.8358161,5.8356566]],[[0.8360471,5.8354697],[0.8360302,5.8354822],[0.8360586,5.8354914],[0.8360471,5.8354697]],[[0.8360445,5.8352021],[0.8360232,5.8352227],[0.8360418,5.8352173],[0.8360445,5.8352021]],[[0.8359097,5.8355332],[0.8358856,5.8355566],[0.8359075,5.8355658],[0.8359097,5.8355332]],[[0.8358152,5.8355022],[0.835819,5.8355294],[0.8358228,5.835506],[0.8358152,5.8355022]],[[0.8357988,5.8354229],[0.8357999,5.8354664],[0.8358163,5.8354327],[0.8357988,5.8354229]],[[0.8356704,5.8356299],[0.8356202,5.8356647],[0.8356355,5.8356788],[0.8356704,5.8356299]],[[0.8356726,5.8353675],[0.8356459,5.8354517],[0.8356617,5.8354501],[0.8356726,5.8353675]],[[0.835588,5.835574],[0.8355743,5.8356006],[0.8356027,5.8355914],[0.835588,5.835574]],[[0.8358217,5.8353316],[0.8357835,5.8353295],[0.8357857,5.8353604],[0.8358217,5.8353316]],[[0.8355104,5.8353691],[0.8354968,5.8354082],[0.8355426,5.8353854],[0.8355104,5.8353691]],[[0.8354712,5.8355766],[0.8354154,5.8356706],[0.8354915,5.8355936],[0.8354712,5.8355766]],[[0.8353444,5.8355337],[0.8353558,5.8355772],[0.8353774,5.835552],[0.8353444,5.8355337]],[[0.8354077,5.8359718],[0.8353348,5.8360335],[0.8354199,5.8360625],[0.8354077,5.8359718]],[[0.8355393,5.8358361],[0.8355097,5.83591],[0.8355492,5.8358553],[0.8355393,5.8358361]],[[0.8350698,5.8360847],[0.8350632,5.8361211],[0.8350785,5.8361135],[0.8350698,5.8360847]],[[0.8350869,5.836052],[0.8350809,5.8360791],[0.8350858,5.8360753],[0.8350869,5.836052]],[[0.8352311,5.8359569],[0.8351699,5.8360128],[0.8352283,5.8360101],[0.8352311,5.8359569]],[[0.8351399,5.8360764],[0.8350956,5.8361161],[0.8351229,5.8361286],[0.8351399,5.8360764]],[[0.83477,5.8358588],[0.834746,5.8358929],[0.8347752,5.8358728],[0.83477,5.8358588]],[[0.8347158,5.8358333],[0.8346054,5.8359301],[0.8347087,5.8359176],[0.8347158,5.8358333]],[[0.834474,5.8358274],[0.8344916,5.835856],[0.8345307,5.8357988],[0.834474,5.8358274]],[[0.8332818,5.8338651],[0.833423,5.834129],[0.8334974,5.8338864],[0.8332818,5.8338651]],[[0.8383287,5.8499032],[0.8389279,5.8523175],[0.8404058,5.8523495],[0.8414143,5.851469],[0.8408886,5.8499641],[0.8383287,5.8499032]],[[0.8385821,5.8485383],[0.8388028,5.8495758],[0.8397747,5.8494924],[0.8385821,5.8485383]],[[0.8477127,5.8538442],[0.848445,5.8536461],[0.8489291,5.8524574],[0.8483133,5.852558],[0.8477127,5.8538442]],[[0.8014779,5.8629763],[0.8015559,5.8636876],[0.8018522,5.8632551],[0.8014779,5.8629763]],[[0.8028145,5.8650615],[0.8025777,5.8653983],[0.8029588,5.8652824],[0.8028145,5.8650615]],[[0.8306448,5.8841982],[0.8302259,5.8844461],[0.8303763,5.8846064],[0.8306448,5.8841982]],[[0.8403515,5.8772471],[0.8399051,5.8776969],[0.839995,5.8778411],[0.8403515,5.8772471]],[[0.8375287,5.8802868],[0.8371846,5.8806524],[0.8374192,5.8808897],[0.8375287,5.8802868]],[[0.8368208,5.8831585],[0.8375317,5.8837498],[0.8386715,5.8834755],[0.8403138,5.8818418],[0.8441989,5.882043],[0.8461425,5.8790754],[0.8456973,5.8787772],[0.8422952,5.8807698],[0.8396029,5.8799501],[0.8368208,5.8831585]],[[0.8285824,5.8570889],[0.8303119,5.8578039],[0.8302495,5.8591197],[0.8322486,5.85907],[0.833701,5.8575358],[0.8337538,5.8545479],[0.8349043,5.8540584],[0.8349064,5.8535048],[0.8315192,5.8525767],[0.8285824,5.8570889]],[[0.8401773,5.8543428],[0.8412001,5.8543855],[0.8415675,5.8538469],[0.841112,5.8538234],[0.8401773,5.8543428]],[[0.8402197,5.8546418],[0.8396108,5.8548677],[0.8404219,5.8549496],[0.8402197,5.8546418]],[[0.8399082,5.8538437],[0.8391439,5.8547346],[0.8405411,5.8538571],[0.8399082,5.8538437]],[[0.838401,5.8536888],[0.8384233,5.8539613],[0.8384966,5.8537395],[0.838401,5.8536888]],[[0.8356286,5.8537256],[0.8354439,5.8543016],[0.8370511,5.8540608],[0.8356286,5.8537256]],[[0.8340809,5.8525216],[0.8340069,5.8525713],[0.8340458,5.8525878],[0.8340809,5.8525216]],[[0.8323885,5.8514741],[0.8345552,5.8527439],[0.836145,5.8528704],[0.8340084,5.8495794],[0.8323885,5.8514741]],[[0.8316774,5.8521407],[0.8321839,5.8521613],[0.8333752,5.8525099],[0.8324291,5.8517969],[0.8316774,5.8521407]],[[0.8295292,5.8534522],[0.8325633,5.8505865],[0.8326651,5.848439],[0.8299964,5.8516632],[0.8295292,5.8534522]],[[0.8203725,5.8670748],[0.8243857,5.8669591],[0.8269717,5.8685684],[0.8278113,5.8684221],[0.8257951,5.8653071],[0.8237075,5.8642982],[0.8205103,5.8652901],[0.8191913,5.8665024],[0.8203725,5.8670748]],[[0.8227397,5.8608295],[0.82345,5.8612435],[0.8236036,5.8605001],[0.824227,5.8602922],[0.8252851,5.8603271],[0.8261878,5.8585587],[0.823302,5.8590114],[0.8227397,5.8608295]],[[0.8236104,5.8611204],[0.8242771,5.8620613],[0.8252938,5.860582],[0.8246715,5.8603838],[0.8236104,5.8611204]],[[0.8189288,5.8595325],[0.8218188,5.8599893],[0.822565,5.8606448],[0.8234235,5.8579486],[0.8195428,5.8583483],[0.8189288,5.8595325]],[[0.8294422,5.8575774],[0.8291285,5.8580198],[0.8295647,5.8579749],[0.8294422,5.8575774]],[[0.8271542,5.8569484],[0.827087,5.8571652],[0.8274668,5.8569143],[0.8271542,5.8569484]],[[0.8267224,5.854485],[0.8252832,5.8545936],[0.8250613,5.8550279],[0.8262933,5.8551549],[0.8267224,5.854485]],[[0.8256029,5.8573961],[0.8256523,5.8580801],[0.8266386,5.85699],[0.8264774,5.8569472],[0.8256029,5.8573961]],[[0.8239951,5.8568654],[0.8235342,5.856489],[0.8232145,5.8569261],[0.8239951,5.8568654]],[[0.8225605,5.8560703],[0.8223694,5.856807],[0.8229395,5.856186],[0.8225605,5.8560703]],[[0.8263534,5.8563525],[0.8264667,5.8566226],[0.826632,5.8564429],[0.8263534,5.8563525]],[[0.8268129,5.8550225],[0.8269726,5.8556233],[0.8279085,5.8546526],[0.8276963,5.8545657],[0.8268129,5.8550225]],[[0.8287188,5.8475984],[0.8301214,5.848651],[0.8307378,5.8476456],[0.8297889,5.8465414],[0.8287188,5.8475984]],[[0.8311182,5.8484838],[0.8309961,5.8494352],[0.8309591,5.8499413],[0.8313088,5.8494647],[0.8311182,5.8484838]],[[0.8315726,5.8473735],[0.8311511,5.8478749],[0.8312375,5.8482705],[0.8315726,5.8473735]],[[0.9318051,5.8789927],[0.9329925,5.8798799],[0.933856,5.8800823],[0.9332296,5.8797039],[0.9338189,5.8791881],[0.9325483,5.878443],[0.9318051,5.8789927]],[[0.9359856,5.8723611],[0.9335403,5.8734328],[0.9330736,5.8728911],[0.9313839,5.8729952],[0.9275295,5.8748738],[0.9268126,5.8762084],[0.9283632,5.8775933],[0.9305581,5.8779998],[0.9309504,5.8775956],[0.9298576,5.8762528],[0.9299557,5.8748452],[0.9274572,5.8752656],[0.9329453,5.8731891],[0.9333656,5.8737744],[0.9324597,5.8745486],[0.9303537,5.8753028],[0.9302513,5.8765754],[0.9316676,5.8776375],[0.9333581,5.8775771],[0.9346873,5.879019],[0.9342339,5.8798262],[0.937085,5.8800724],[0.9364218,5.8813383],[0.9345989,5.8801816],[0.934335,5.8802675],[0.9383728,5.8833918],[0.93986,5.8833226],[0.9461517,5.8802418],[0.9464351,5.8788711],[0.9436701,5.8779164],[0.943362,5.8770904],[0.9440444,5.8769878],[0.944143,5.8760223],[0.9431062,5.8766675],[0.9424546,5.8766966],[0.9444978,5.875353],[0.9419807,5.8763582],[0.9415894,5.8757361],[0.9421533,5.8758939],[0.9399201,5.8740202],[0.9378024,5.8734292],[0.9393637,5.8732922],[0.9359856,5.8723611]],[[0.9065921,5.8669222],[0.9039187,5.8678919],[0.9053193,5.8685615],[0.9044294,5.8698656],[0.9049642,5.870625],[0.9044776,5.87183],[0.9055638,5.8730499],[0.9040719,5.8739623],[0.9049557,5.8737301],[0.9049744,5.8742558],[0.9054438,5.87464],[0.906675,5.8731565],[0.9066728,5.8756548],[0.9092523,5.8761866],[0.9114082,5.8745401],[0.9122895,5.8746305],[0.911829,5.874375],[0.9122981,5.8734678],[0.9098497,5.8721769],[0.9095878,5.8684544],[0.9065921,5.8669222]],[[0.869448,5.9558243],[0.8680332,5.9578299],[0.868513,5.959795],[0.8706351,5.957838],[0.8731557,5.9571425],[0.873668,5.9556787],[0.8725947,5.956722],[0.8706758,5.9556949],[0.869448,5.9558243]],[[1.0120846,5.9798256],[1.011548,5.9799711],[1.0113691,5.9806504],[1.0123326,5.9804806],[1.0120846,5.9798256]],[[1.0111709,5.9754907],[1.0107149,5.9761894],[1.0115715,5.9763487],[1.0115838,5.9757665],[1.0111709,5.9754907]],[[1.0087985,5.9738911],[1.0082809,5.9745101],[1.0091128,5.9752027],[1.0097105,5.9745408],[1.0087985,5.9738911]],[[1.0092299,5.9763242],[1.0095133,5.9769187],[1.0102836,5.9765938],[1.0099508,5.9759626],[1.0092299,5.9763242]],[[0.9243148,5.9994138],[0.9247225,6.0002034],[0.9246045,6.0010677],[0.9253662,6.00015],[0.9243148,5.9994138]],[[0.9253769,6.0013451],[0.9255379,6.0041406],[0.9262031,6.0059865],[0.9269755,6.0063493],[0.9268468,6.0034364],[0.9253769,6.0013451]],[[0.9393983,5.9896286],[0.9373249,5.9907284],[0.9382925,5.9913914],[0.9403984,5.990138],[0.9393983,5.9896286]],[[0.9514332,6.0284726],[0.9551239,6.0258159],[0.9561217,6.0264774],[0.9566367,6.028686],[0.9613252,6.0276297],[0.9654558,6.0242582],[0.9706271,6.0233513],[0.9721613,6.0217615],[0.9775042,6.0230632],[0.9794676,6.0230738],[0.9795841,6.0224214],[0.9747805,6.0208638],[0.9739186,6.0200311],[0.9676136,6.0220375],[0.9611262,6.021255],[0.9566273,6.0234459],[0.9526389,6.0264529],[0.9514332,6.0284726]],[[0.9719508,5.9892594],[0.9738605,5.9895155],[0.9771864,5.9889179],[0.9758346,5.9877655],[0.9739463,5.988043],[0.9719508,5.9892594]],[[0.9618013,6.0018288],[0.9639256,6.0011246],[0.9691426,6.0008467],[0.9693758,5.9995668],[0.9683805,5.9981347],[0.9647544,5.9984143],[0.9623177,6.0000072],[0.9618013,6.0018288]],[[0.9487425,6.0020869],[0.9496149,6.0027412],[0.9511544,6.0023336],[0.9511825,6.0028916],[0.951527,6.0018895],[0.9512246,6.0012796],[0.9502571,6.0012953],[0.9487425,6.0020869]],[[0.8950518,5.93113],[0.8957921,5.9312687],[0.8957117,5.9307458],[0.8950518,5.93113]],[[0.892037,5.9343154],[0.8922838,5.934977],[0.8941345,5.9337498],[0.8941721,5.9329014],[0.8930241,5.9331415],[0.892037,5.9343154]],[[0.8945851,5.9333336],[0.8966719,5.9337551],[0.8967684,5.9331736],[0.8952128,5.9318983],[0.8945851,5.9333336]],[[0.8724301,5.8768259],[0.8730524,5.8800703],[0.8743398,5.8807106],[0.8757989,5.8805185],[0.8784811,5.8793019],[0.883352,5.8753958],[0.8836954,5.8746914],[0.8809917,5.86848],[0.8733098,5.8758013],[0.8724301,5.8768259]],[[0.9756294,5.9285943],[0.9756911,5.9293333],[0.977456,5.9298295],[0.9806666,5.9292426],[0.9814069,5.9264786],[0.97976,5.9251127],[0.9756294,5.9285943]],[[0.9827024,5.9339486],[0.9819192,5.9366432],[0.9829599,5.9365204],[0.9837699,5.9372514],[0.9853417,5.9369259],[0.985803,5.9353466],[0.9845209,5.933351],[0.9827024,5.9339486]],[[0.9870167,5.9442903],[0.9885617,5.9429244],[0.9884973,5.9411957],[0.9875532,5.9402139],[0.9851499,5.9409823],[0.9847422,5.9420494],[0.9853001,5.9435647],[0.9870167,5.9442903]],[[0.9898491,5.9463179],[0.9907289,5.9457416],[0.9907718,5.944269],[0.9893342,5.9435434],[0.9886309,5.9440511],[0.9884973,5.9454642],[0.9898491,5.9463179]],[[0.9913204,5.948104],[0.9914156,5.9496045],[0.9928944,5.9494826],[0.9927746,5.948018],[0.9913204,5.948104]],[[1.0006873,5.9647723],[1.0011217,5.9667341],[1.0025217,5.9670243],[1.0038538,5.9661214],[1.0039854,5.964763],[1.0029241,5.9637159],[1.0017215,5.9638175],[1.0006873,5.9647723]],[[1.0045047,5.9716078],[1.0058607,5.9741704],[1.0071057,5.9742405],[1.0083234,5.9725478],[1.0082673,5.9719822],[1.0070582,5.9716505],[1.0063518,5.969555],[1.0049768,5.9702633],[1.0045047,5.9716078]],[[0.9718676,6.0057847],[0.9786053,6.0091137],[0.979764,6.0090497],[0.9835835,6.0107569],[0.986888,6.011141],[0.9873386,6.0108422],[0.9868665,6.0091137],[0.9823819,6.0089857],[0.9799786,6.0052726],[0.9802576,6.0032026],[0.9837123,5.9994467],[0.985343,5.9994254],[0.9890767,6.0022209],[0.9928103,6.0015594],[0.9954067,6.0023703],[0.9968229,6.0015381],[0.9937115,6.0011753],[0.9923812,5.9994467],[0.9882398,6.0000229],[0.9842272,5.9987425],[0.9768887,6.0011966],[0.9701939,6.0024343],[0.9702154,6.0032879],[0.9717174,6.0045043],[0.9718676,6.0057847]],[[0.851643,5.8911321],[0.8533113,5.8907426],[0.8550601,5.8911695],[0.8559667,5.8903744],[0.8559989,5.8890724],[0.8535527,5.8894673],[0.851643,5.8911321]],[[0.9072587,5.9964665],[0.9098255,5.9977949],[0.9117755,5.9972507],[0.913004,5.9960877],[0.9159061,5.9962157],[0.9186742,5.994946],[0.9227458,5.9974534],[0.9238186,5.997208],[0.9246662,5.9959009],[0.9206268,5.9922144],[0.9192106,5.9920703],[0.9137228,5.9924545],[0.9118345,5.9945138],[0.907248,5.9955382],[0.9072587,5.9964665]],[[0.9280363,5.9895809],[0.932588,5.9911601],[0.9349698,5.9915122],[0.9350046,5.9893088],[0.9382796,5.986924],[0.9424075,5.9872681],[0.9437165,5.9864278],[0.9492123,5.9865879],[0.951342,5.9872148],[0.9518838,5.9865985],[0.951798,5.9839523],[0.9491238,5.9827039],[0.949966,5.9818422],[0.9495932,5.9813407],[0.948016,5.9815435],[0.9477693,5.9807432],[0.9452453,5.9805111],[0.9289402,5.9884792],[0.9280363,5.9895809]],[[0.8951162,5.8298011],[0.8954327,5.8300466],[0.8966021,5.8294756],[0.8965002,5.8293848],[0.8951162,5.8298011]],[[0.8943813,5.8292674],[0.8939092,5.8299292],[0.8945529,5.8295022],[0.8943813,5.8292674]],[[0.8338447,5.833191],[0.8337591,5.8332445],[0.8338758,5.8331998],[0.8338447,5.833191]],[[0.8346644,5.832596],[0.8345259,5.832701],[0.8346338,5.8326649],[0.8346644,5.832596]],[[1.0078266,5.9921618],[1.0072982,5.9909734],[1.0038529,5.9948907],[1.0050251,5.9953281],[1.0051471,5.9938597],[1.005646,5.9937663],[1.0055011,5.9942465],[1.0063273,5.9932915],[1.007258,5.9934435],[1.0068798,5.9926833],[1.0078266,5.9921618]]]]}},{"type":"Feature","properties":{},"geometry":{"type":"Polygon","coordinates":[[[-0.9354472,10.525978],[-0.9422708,10.5287838],[-0.9460795,10.5322541],[-0.9498453,10.5329609],[-0.9521198,10.5318955],[-0.9547699,10.5286256],[-0.9588146,10.5285201],[-0.9608531,10.5297648],[-0.9636319,10.5356401],[-0.9657025,10.536716],[-0.9807229,10.5321803],[-0.9870851,10.5335199],[-0.9914732,10.5352814],[-0.9972131,10.5346802],[-1.0056138,10.537602],[-1.0094011,10.5377496],[-1.0194218,10.532982],[-1.022898,10.5320748],[-1.0287452,10.5285412],[-1.0317063,10.527961],[-1.0340774,10.5260624],[-1.0358691,10.5222333],[-1.0410619,10.5209359],[-1.0420275,10.5194274],[-1.0423923,10.5159464],[-1.0436475,10.5134042],[-1.049881,10.5101657],[-1.0521662,10.5047013],[-1.0531533,10.5005028],[-1.0557604,10.49776],[-1.0585713,10.4969899],[-1.0653466,10.4972431],[-1.067943,10.4955394],[-1.0696757,10.4917258],[-1.0720521,10.4886453],[-1.0721433,10.4822839],[-1.0738278,10.4760594],[-1.0740423,10.472694],[-1.0723794,10.4699931],[-1.0699546,10.468284],[-1.0678947,10.4676615],[-1.0628843,10.4682418],[-1.0612428,10.4676299],[-1.0606527,10.4661317],[-1.0607386,10.4616267],[-1.0629916,10.4557817],[-1.0634905,10.4523052],[-1.0732806,10.444508],[-1.075244,10.4438064],[-1.0802704,10.4462331],[-1.0823465,10.4452836],[-1.0835588,10.4411159],[-1.0836125,10.4358719],[-1.0823679,10.4326009],[-1.0772503,10.4282326],[-1.0774648,10.4261434],[-1.0804367,10.4239697],[-1.0809732,10.4203188],[-1.0704804,10.4126264],[-1.0679591,10.4085638],[-1.0666394,10.3977475],[-1.0693646,10.3897801],[-1.0681844,10.3854323],[-1.0679698,10.3799657],[-1.0672724,10.3787732],[-1.0658133,10.3780978],[-1.0642576,10.379016],[-1.0613287,10.3831212],[-1.0594297,10.3828679],[-1.0536361,10.3769792],[-1.0530889,10.3728422],[-1.0543978,10.3703305],[-1.0542262,10.3642516],[-1.0549128,10.3605155],[-1.0611463,10.3557662],[-1.066736,10.3539034],[-1.0680556,10.3522728],[-1.0692197,10.348906],[-1.0766226,10.3477133],[-1.0822982,10.3498031],[-1.0854256,10.3475023],[-1.0861337,10.3451064],[-1.0855866,10.3415443],[-1.0877699,10.335887],[-1.0850984,10.3323089],[-1.0826469,10.330599],[-1.0800827,10.3301188],[-1.0795355,10.3296781],[-1.0747933,10.3277544],[-1.0658294,10.32748],[-1.0651588,10.3280289],[-1.0680074,10.3288416],[-1.0732645,10.3286622],[-1.0844815,10.3326836],[-1.0868955,10.3369688],[-1.0848677,10.3417554],[-1.0853022,10.3461407],[-1.084283,10.3479455],[-1.0830867,10.3485893],[-1.0764831,10.3470854],[-1.069563,10.3481197],[-1.0684526,10.348906],[-1.0675085,10.35203],[-1.0664195,10.3533704],[-1.0607708,10.3553018],[-1.0547412,10.35984],[-1.0536039,10.3649692],[-1.0537541,10.3695179],[-1.0524559,10.3730322],[-1.053443,10.3777601],[-1.0587645,10.3833639],[-1.0619402,10.3835538],[-1.0651803,10.3789421],[-1.0662639,10.3787627],[-1.0673046,10.3800607],[-1.0684955,10.3908038],[-1.0659826,10.3968971],[-1.0672081,10.4082155],[-1.0689783,10.4120988],[-1.0712528,10.4143464],[-1.0802221,10.4200339],[-1.0803294,10.4227035],[-1.0797179,10.4238747],[-1.0770571,10.4253942],[-1.076628,10.4289818],[-1.0823357,10.4335084],[-1.0829151,10.4349856],[-1.0828614,10.4409787],[-1.0820246,10.4445344],[-1.0802972,10.4454313],[-1.075598,10.4431839],[-1.072948,10.4439752],[-1.0631311,10.4517091],[-1.0622299,10.4560982],[-1.0602665,10.4610253],[-1.060009,10.4663427],[-1.0614789,10.4686954],[-1.0689676,10.4685372],[-1.0711777,10.4698454],[-1.0733557,10.47281],[-1.071446,10.4820096],[-1.0715962,10.4879385],[-1.0667628,10.4951807],[-1.0646492,10.4965943],[-1.0569406,10.4965363],[-1.0539794,10.4984352],[-1.0525203,10.5003129],[-1.0499132,10.509153],[-1.0484541,10.5105454],[-1.0446882,10.5119695],[-1.0427141,10.5135624],[-1.0413301,10.5195751],[-1.0356331,10.521611],[-1.0324895,10.5268535],[-1.0277098,10.5284779],[-1.022737,10.5314841],[-1.0159457,10.5338258],[-1.0095298,10.5372433],[-1.0047448,10.5367265],[-1.0003781,10.5342688],[-0.9967625,10.5339735],[-0.9917629,10.5347013],[-0.9879434,10.5329292],[-0.9799934,10.5314103],[-0.9657991,10.5360303],[-0.9639323,10.534849],[-0.961808,10.5298281],[-0.9586322,10.5278134],[-0.9552741,10.527729],[-0.953933,10.5284463],[-0.9513581,10.5316951],[-0.947603,10.5322331],[-0.9419006,10.5278925],[-0.9321535,10.5241215],[-0.9287846,10.5236784],[-0.9255231,10.5243324],[-0.9159315,10.5275444],[-0.9133834,10.5270697],[-0.9104437,10.5247016],[-0.9096497,10.523209],[-0.9091401,10.519074],[-0.913496,10.5143799],[-0.9147245,10.5106456],[-0.9177071,10.5056877],[-0.9214622,10.5004659],[-0.92614,10.4970479],[-0.9352917,10.4865723],[-0.9352219,10.4839718],[-0.9344602,10.482326],[-0.9333551,10.480828],[-0.9314025,10.4797044],[-0.9262955,10.4798996],[-0.9221113,10.48173],[-0.9182757,10.4851956],[-0.9153038,10.4917838],[-0.9125412,10.4961512],[-0.9070534,10.5024966],[-0.9025472,10.5058986],[-0.8990711,10.5117585],[-0.8894742,10.5184939],[-0.8794159,10.5216742],[-0.8788848,10.5229611],[-0.8803225,10.5262628],[-0.8771467,10.5320643],[-0.8765191,10.5347857],[-0.874266,10.5355346],[-0.8700925,10.5329767],[-0.8680379,10.5339418],[-0.8626682,10.5403813],[-0.8629015,10.5462538],[-0.8623838,10.5474377],[-0.8564776,10.5500377],[-0.8541548,10.5538189],[-0.8466339,10.5618454],[-0.8461994,10.5692809],[-0.8407867,10.5777394],[-0.8412427,10.5864929],[-0.8385497,10.5953305],[-0.8376753,10.6008354],[-0.8265174,10.5991111],[-0.8174729,10.6029603],[-0.8154345,10.6044367],[-0.8141738,10.6071311],[-0.8087289,10.6101471],[-0.8027959,10.6158996],[-0.7988906,10.6178293],[-0.7961655,10.6201704],[-0.7952106,10.6227855],[-0.7959294,10.6274991],[-0.7957256,10.6331089],[-0.7966054,10.6444652],[-0.7949638,10.6493471],[-0.7908332,10.6516457],[-0.7842779,10.6507706],[-0.7773042,10.6517617],[-0.7722831,10.6490203],[-0.7682598,10.6443598],[-0.7665002,10.6431366],[-0.7594621,10.6402158],[-0.7551921,10.6395937],[-0.7524777,10.6400999],[-0.7480466,10.6450557],[-0.7442057,10.6457727],[-0.7387233,10.6485352],[-0.7343674,10.6494842],[-0.7309985,10.6511607],[-0.7270718,10.6515087],[-0.7222974,10.6496529],[-0.7187569,10.6453615],[-0.711531,10.639425],[-0.7098144,10.6283637],[-0.7065421,10.622195],[-0.7068586,10.6194427],[-0.7082802,10.6176395],[-0.7109785,10.6163636],[-0.7159513,10.6173126],[-0.7174373,10.6167326],[-0.7195401,10.6123353],[-0.7196903,10.6088237],[-0.7189179,10.6059553],[-0.7176304,10.6034138],[-0.7135856,10.5988159],[-0.7054424,10.5971074],[-0.6960654,10.5901787],[-0.6937051,10.5874789],[-0.6914735,10.5785673],[-0.6887484,10.5741694],[-0.6885928,10.570093],[-0.6865168,10.567219],[-0.6885553,10.5630846],[-0.7006574,10.5517569],[-0.7058394,10.5438515],[-0.7124966,10.5406767],[-0.7151681,10.5385935],[-0.7162839,10.5369216],[-0.7171905,10.5328607],[-0.7160693,10.5290211],[-0.7118475,10.5235888],[-0.7085002,10.5225076],[-0.704627,10.5227344],[-0.702197,10.5244274],[-0.7018268,10.5319272],[-0.7011885,10.5339207],[-0.6955558,10.5385196],[-0.6934476,10.5411091],[-0.6897998,10.5418738],[-0.6878364,10.5412937],[-0.68708,10.5387781],[-0.6873214,10.5309304],[-0.6825632,10.5266636],[-0.6800526,10.5254611],[-0.6737387,10.5243219],[-0.6682992,10.5258303],[-0.6641042,10.5299125],[-0.6633049,10.5353553],[-0.6622052,10.5377338],[-0.6577098,10.5413306],[-0.6550276,10.5465887],[-0.6529141,10.5489829],[-0.6469381,10.5531914],[-0.639149,10.555438],[-0.6344175,10.5544781],[-0.6292999,10.5521894],[-0.6184209,10.5554063],[-0.6122625,10.5526324],[-0.6072092,10.5529382],[-0.5990017,10.5474852],[-0.5949569,10.5460191],[-0.5920494,10.5459663],[-0.5886376,10.5479071],[-0.5822754,10.5478649],[-0.5782199,10.5493099],[-0.5766964,10.5503752],[-0.5747223,10.5545203],[-0.5672336,10.564962],[-0.5589724,10.5706151],[-0.5552173,10.5714483],[-0.548383,10.5703409],[-0.5459797,10.5689171],[-0.5425251,10.5654788],[-0.5378473,10.5639917],[-0.5329764,10.5605955],[-0.5264747,10.5577267],[-0.5220223,10.5577794],[-0.5158693,10.5598309],[-0.5099952,10.5641657],[-0.5078709,10.5663911],[-0.5073988,10.5677886],[-0.5073077,10.5732676],[-0.5081928,10.5773755],[-0.5077046,10.5897411],[-0.5042821,10.6012677],[-0.5067229,10.6071417],[-0.5014336,10.6186888],[-0.5011869,10.6210192],[-0.49851,10.6229911],[-0.4934835,10.6236449],[-0.4827172,10.6212723],[-0.4769182,10.6183513],[-0.4723156,10.6187837],[-0.4702449,10.6181141],[-0.469746,10.616991],[-0.4676539,10.6170543],[-0.4610771,10.6067567],[-0.4526174,10.6008196],[-0.4475105,10.6004979],[-0.4431009,10.5988053],[-0.4349256,10.6021905],[-0.415206,10.6023803],[-0.4050243,10.6057127],[-0.3945422,10.607748],[-0.388062,10.6099731],[-0.3821397,10.6132],[-0.377183,10.6182617],[-0.373224,10.6211721],[-0.3704131,10.6226906],[-0.3645551,10.6242302],[-0.3587937,10.6248787],[-0.3553712,10.6243567],[-0.3473622,10.618151],[-0.3451252,10.6184673],[-0.3428721,10.6202863],[-0.3383768,10.6268031],[-0.3377867,10.6310632],[-0.331918,10.6422825],[-0.3311885,10.6449186],[-0.3298795,10.6465635],[-0.3292894,10.6492417],[-0.335995,10.6578666],[-0.3395677,10.6662804],[-0.3420138,10.6698441],[-0.3437412,10.6708984],[-0.346359,10.6713201],[-0.3485155,10.6733023],[-0.3523028,10.6735869],[-0.3589225,10.6764652],[-0.3634501,10.6802291],[-0.3654671,10.6836555],[-0.3664219,10.6859749],[-0.366143,10.6898652],[-0.3669477,10.6928593],[-0.3658211,10.6977932],[-0.3667653,10.7042134],[-0.3674841,10.7068595],[-0.3701985,10.7115085],[-0.372355,10.7183817],[-0.3708208,10.7248648],[-0.3733099,10.7286333],[-0.371207,10.7338986],[-0.3708315,10.7357222],[-0.3720439,10.738758],[-0.3724945,10.7423209],[-0.3751123,10.7456728],[-0.3758741,10.7494358],[-0.3734279,10.7550855],[-0.3717005,10.7567509],[-0.3623182,10.7586798],[-0.35999,10.7599235],[-0.3586596,10.7618787],[-0.3513908,10.7655519],[-0.3507096,10.7669379],[-0.3505057,10.7722184],[-0.348714,10.7766187],[-0.3474212,10.7779836],[-0.3341818,10.7863572],[-0.3327441,10.7879802],[-0.3319985,10.7900512],[-0.3334415,10.792628],[-0.3350508,10.7940402],[-0.3396052,10.794446],[-0.3416973,10.7951942],[-0.3436875,10.796949],[-0.3484511,10.7976551],[-0.3540999,10.7994625],[-0.357635,10.8034409],[-0.361197,10.8032722],[-0.3632355,10.8056856],[-0.3674841,10.8075298],[-0.3685355,10.8119455],[-0.372076,10.8154758],[-0.3748977,10.8216406],[-0.3824723,10.824391],[-0.3867531,10.8285429],[-0.3891349,10.8351606],[-0.3928685,10.8427159],[-0.3955829,10.8538537],[-0.3955293,10.855508],[-0.3945208,10.8570569],[-0.3882122,10.8585847],[-0.3840494,10.8636107],[-0.3829444,10.8676567],[-0.3831482,10.8696481],[-0.3856051,10.8732831],[-0.387075,10.8775818],[-0.3874612,10.8845882],[-0.3868926,10.8902881],[-0.3892422,10.8982634],[-0.3891349,10.8995382],[-0.3881049,10.8992221],[-0.3851009,10.8948289],[-0.3827834,10.8946603],[-0.3805304,10.8960826],[-0.3767002,10.9023616],[-0.3794253,10.906523],[-0.3804767,10.9093569],[-0.3793931,10.9162467],[-0.3796184,10.922125],[-0.378449,10.9236103],[-0.3726554,10.923642],[-0.3713358,10.9242951],[-0.3703809,10.9259806],[-0.3704131,10.9274554],[-0.3724086,10.9313215],[-0.3810561,10.9384741],[-0.3811526,10.9416342],[-0.3792322,10.9441518],[-0.3776872,10.9449524],[-0.3710997,10.9432459],[-0.369072,10.9439517],[-0.3674519,10.9461111],[-0.3634286,10.9555174],[-0.3635573,10.9581508],[-0.3645551,10.9590777],[-0.3698015,10.9601731],[-0.3753591,10.9645654],[-0.3770113,10.9645338],[-0.3814745,10.9662718],[-0.385412,10.9688523],[-0.3861201,10.9706429],[-0.3854871,10.9736342],[-0.3869569,10.9785529],[-0.3898001,10.9844299],[-0.3894353,10.985915],[-0.3865922,10.989022],[-0.3838885,10.9936982],[-0.3830087,11.0089902],[-0.3833306,11.0105172],[-0.387193,11.0144665],[-0.3885341,11.017015],[-0.3891242,11.0214064],[-0.3874505,11.0242919],[-0.3729129,11.0328428],[-0.3678596,11.0385293],[-0.3671944,11.0423939],[-0.3684604,11.0433205],[-0.3726983,11.0443841],[-0.3738892,11.0478169],[-0.3736961,11.0512707],[-0.3723872,11.0549351],[-0.3681815,11.0593049],[-0.3692919,11.0603578],[-0.3704292,11.0597103],[-0.3738248,11.0554616],[-0.375284,11.0479432],[-0.3746939,11.0453739],[-0.3734923,11.0437417],[-0.3707135,11.0430046],[-0.368557,11.0412145],[-0.368278,11.0401509],[-0.3693938,11.0376237],[-0.3756595,11.0322215],[-0.3840816,11.0282831],[-0.388577,11.0250185],[-0.3899288,11.0227228],[-0.3895211,11.0163726],[-0.3840172,11.0086742],[-0.385176,11.0038298],[-0.3849828,10.9934665],[-0.3903043,10.9858834],[-0.390594,10.9843984],[-0.3892422,10.9806067],[-0.387547,10.9781526],[-0.3868067,10.9700636],[-0.385412,10.9678622],[-0.3809703,10.9642494],[-0.3747797,10.9632699],[-0.3709602,10.9593621],[-0.3655744,10.9582772],[-0.3640723,10.9572976],[-0.3640187,10.9564128],[-0.3694475,10.9446785],[-0.3719473,10.9443309],[-0.3776121,10.9458793],[-0.3812385,10.9435092],[-0.3819251,10.9420872],[-0.3822899,10.9395064],[-0.3817213,10.9376946],[-0.3744579,10.9320273],[-0.371443,10.9273501],[-0.3712607,10.9260227],[-0.372709,10.9243583],[-0.3783953,10.9246849],[-0.38023,10.9226622],[-0.3803051,10.9151932],[-0.3815174,10.910284],[-0.3803372,10.9063544],[-0.3776765,10.9022984],[-0.3777838,10.9015399],[-0.3815174,10.8965251],[-0.3838027,10.8953556],[-0.3857231,10.8965567],[-0.387826,10.900244],[-0.3889096,10.900539],[-0.3897679,10.8996435],[-0.3899825,10.8969149],[-0.3877401,10.8902564],[-0.388062,10.88128],[-0.38759,10.8765282],[-0.386045,10.8725666],[-0.3835344,10.8687103],[-0.3835881,10.8671404],[-0.3845108,10.8638109],[-0.3862274,10.8615982],[-0.389564,10.8586058],[-0.3943491,10.857942],[-0.3960228,10.8560137],[-0.3961837,10.8539906],[-0.3938556,10.8440647],[-0.3870964,10.8277526],[-0.3813136,10.8228209],[-0.3750587,10.8208292],[-0.3718722,10.8137791],[-0.3685141,10.8103225],[-0.3682888,10.8070872],[-0.3668833,10.8059491],[-0.3637183,10.8050427],[-0.3616369,10.8025872],[-0.3579033,10.8028612],[-0.3552961,10.7995415],[-0.3534025,10.7987511],[-0.3470886,10.7967382],[-0.3447658,10.7966433],[-0.3404206,10.7941351],[-0.3356034,10.7938452],[-0.3325778,10.7905096],[-0.3331572,10.7881647],[-0.3359252,10.7856774],[-0.3484565,10.7776621],[-0.350849,10.77264],[-0.351997,10.7657258],[-0.3578281,10.7630697],[-0.3612721,10.7597285],[-0.3710139,10.7577522],[-0.3723979,10.7568985],[-0.3751123,10.7529985],[-0.3763783,10.7485293],[-0.3760994,10.7461999],[-0.3733957,10.7424895],[-0.3726822,10.7386895],[-0.372709,10.7321699],[-0.3739536,10.7285753],[-0.3713358,10.7239477],[-0.3715932,10.722261],[-0.3724408,10.7216074],[-0.3728485,10.7181603],[-0.3702629,10.7101697],[-0.3677631,10.7064905],[-0.3669906,10.7024318],[-0.3664327,10.6976983],[-0.3674519,10.6939136],[-0.3665507,10.6895806],[-0.3669155,10.6852897],[-0.3645873,10.6808617],[-0.3585255,10.6756534],[-0.3527963,10.6731757],[-0.3489554,10.6727224],[-0.3464985,10.6707719],[-0.3428292,10.6699179],[-0.3359306,10.6568017],[-0.3297722,10.6492944],[-0.330137,10.6470485],[-0.3317034,10.6449291],[-0.3383446,10.6313479],[-0.3392673,10.6261599],[-0.3435481,10.6202231],[-0.3455812,10.6188258],[-0.3475177,10.6186044],[-0.3505111,10.6217416],[-0.355618,10.6249578],[-0.3588259,10.6254745],[-0.3648555,10.6246836],[-0.3706169,10.6232495],[-0.3733635,10.6217732],[-0.3777623,10.6185359],[-0.38185,10.6140752],[-0.3905511,10.6096462],[-0.3993487,10.6070731],[-0.4047883,10.6064509],[-0.415442,10.6030025],[-0.4340994,10.6029814],[-0.4437339,10.5994697],[-0.4464805,10.6013047],[-0.4521453,10.601447],[-0.4548517,10.6037592],[-0.4604709,10.6070678],[-0.4664201,10.6164848],[-0.4678148,10.6177924],[-0.4717523,10.6191949],[-0.4776746,10.6191],[-0.4822666,10.6216466],[-0.4928345,10.6240931],[-0.4986709,10.623492],[-0.5004358,10.6227011],[-0.5015409,10.6211985],[-0.5017716,10.6191185],[-0.5034024,10.6166061],[-0.5071092,10.6077691],[-0.5072594,10.6063929],[-0.5049044,10.6009039],[-0.5081016,10.5895196],[-0.5086488,10.5773281],[-0.5078495,10.5733256],[-0.5079621,10.5674669],[-0.5109394,10.5638836],[-0.5159175,10.560258],[-0.523417,10.5580537],[-0.5277193,10.5585705],[-0.5365598,10.5639284],[-0.5413663,10.5655315],[-0.5468166,10.5702354],[-0.550164,10.5714905],[-0.5561936,10.5719862],[-0.5588436,10.5713112],[-0.5669117,10.5661011],[-0.5699372,10.5628104],[-0.5734134,10.5570728],[-0.5753231,10.5550372],[-0.5769217,10.550987],[-0.5820823,10.5482235],[-0.5882943,10.5484872],[-0.5921781,10.5465465],[-0.5939162,10.5463672],[-0.5991089,10.5480337],[-0.6039798,10.5519151],[-0.6074774,10.5538031],[-0.6120587,10.5531808],[-0.618732,10.5559442],[-0.6299114,10.5528539],[-0.6333876,10.5547524],[-0.6392884,10.5559759],[-0.6477428,10.5535289],[-0.6529784,10.5498478],[-0.6560469,10.5461562],[-0.6579352,10.5422747],[-0.662849,10.5377391],[-0.6640506,10.5346169],[-0.6647909,10.5299441],[-0.6679773,10.5266847],[-0.6730628,10.5247016],[-0.6815118,10.5266056],[-0.686785,10.5308723],[-0.6862593,10.5357983],[-0.6865972,10.5401493],[-0.687654,10.5418897],[-0.6903148,10.5425647],[-0.6940806,10.5410986],[-0.696795,10.5380028],[-0.7010222,10.5349017],[-0.702374,10.5321276],[-0.7026208,10.5247491],[-0.7049489,10.5231827],[-0.7062793,10.5230455],[-0.7104904,10.5238947],[-0.7149911,10.5283302],[-0.7165575,10.5321698],[-0.7157421,10.5366105],[-0.7119656,10.5402389],[-0.7056034,10.5433083],[-0.7004857,10.5508604],[-0.687536,10.563227],[-0.6857765,10.5675091],[-0.6879008,10.5718491],[-0.6881368,10.5741272],[-0.6911516,10.5795692],[-0.6934476,10.5882172],[-0.6972242,10.5920454],[-0.7045627,10.5972762],[-0.7138109,10.5997966],[-0.7184029,10.606124],[-0.719229,10.6104477],[-0.7177162,10.615657],[-0.7160425,10.6163952],[-0.7149482,10.6154039],[-0.7133818,10.6150981],[-0.7125664,10.615172],[-0.7094497,10.6161948],[-0.7079154,10.616991],[-0.7062149,10.6198276],[-0.7064724,10.6234182],[-0.7090902,10.6278681],[-0.7104528,10.6383073],[-0.7117349,10.6410119],[-0.7173353,10.6448711],[-0.7226569,10.6507653],[-0.7264924,10.6518724],[-0.7265622,10.6529205],[-0.7268791,10.6519766],[-0.7322484,10.6512714],[-0.7383585,10.6492101],[-0.743959,10.646458],[-0.7485026,10.6455038],[-0.7527137,10.6406271],[-0.7549667,10.6400471],[-0.7601917,10.6410278],[-0.765996,10.6434055],[-0.767954,10.6446128],[-0.7725352,10.6499165],[-0.7772827,10.65231],[-0.7843584,10.651282],[-0.7906723,10.6521624],[-0.7949209,10.6501063],[-0.7970774,10.6452033],[-0.7963318,10.6256748],[-0.795629,10.622021],[-0.7970882,10.6198118],[-0.7998562,10.61881],[-0.8091688,10.6104687],[-0.8142758,10.607748],[-0.8164859,10.6041942],[-0.8248329,10.6002606],[-0.8280301,10.5995857],[-0.836522,10.6015947],[-0.8379972,10.601157],[-0.841822,10.5867196],[-0.8413607,10.578214],[-0.8466339,10.5696817],[-0.8468753,10.5625204],[-0.8475137,10.561492],[-0.8539322,10.555198],[-0.8567298,10.5504174],[-0.8627057,10.5478544],[-0.8634782,10.5452702],[-0.8631295,10.540587],[-0.8684349,10.5342741],[-0.8702964,10.5335516],[-0.8747381,10.5362096],[-0.8771414,10.5347224],[-0.8807141,10.5269379],[-0.8794427,10.5223493],[-0.8896512,10.5189896],[-0.8992642,10.5123809],[-0.9029603,10.5062309],[-0.9071392,10.5033827],[-0.9122354,10.4976703],[-0.9157383,10.4923165],[-0.9184581,10.4859921],[-0.9221864,10.4824263],[-0.9266496,10.4804429],[-0.9294659,10.4800842],[-0.9324217,10.4806961],[-0.9346372,10.4835393],[-0.9348249,10.4864721],[-0.9258771,10.4964202],[-0.9202337,10.5006821],[-0.9143972,10.5098176],[-0.9127075,10.5146014],[-0.9088773,10.5183304],[-0.909006,10.5229137],[-0.9107387,10.5257617],[-0.9143436,10.5280138],[-0.9164465,10.5280929],[-0.9243214,10.5251658],[-0.9291279,10.5242902],[-0.9354472,10.525978]],[[-0.6883407,10.5717383],[-0.6871873,10.5695552],[-0.6868976,10.568511],[-0.6882066,10.570035],[-0.6883407,10.5717383]],[[-1.0797983,10.3301161],[-1.0793424,10.330066],[-1.0786772,10.3297361],[-1.0791385,10.329752],[-1.0797983,10.3301161]],[[-1.0786799,10.330256],[-1.0782051,10.3302718],[-1.0774487,10.3298549],[-1.0778081,10.3298918],[-1.0786799,10.330256]],[[-1.0769793,10.3289762],[-1.0766307,10.3292269],[-1.0759226,10.3288442],[-1.0769793,10.3289762]],[[-1.0753968,10.328021],[-1.074847,10.3282294],[-1.0734174,10.3278653],[-1.0753968,10.328021]],[[-1.0804743,10.3308655],[-1.0822338,10.331541],[-1.0800585,10.3308813],[-1.0804743,10.3308655]],[[-1.0872898,10.335478],[-1.0870805,10.3360084],[-1.0870403,10.3352036],[-1.0872898,10.335478]],[[-1.086646,10.334879],[-1.0858226,10.3342589],[-1.0854229,10.3335465],[-1.0858762,10.3339159],[-1.086646,10.334879]],[[-0.3726286,10.7308575],[-0.372237,10.7328498],[-0.3720439,10.7380887],[-0.3710514,10.7354429],[-0.3726286,10.7308575]],[[-0.4469955,10.6008986],[-0.4459655,10.600693],[-0.4450804,10.5997386],[-0.4454827,10.5998915],[-0.4469955,10.6008986]],[[-0.7161069,10.6166957],[-0.7159138,10.6168434],[-0.7158279,10.6166694],[-0.7161069,10.6166957]],[[-0.7155973,10.6166694],[-0.715034,10.6166799],[-0.7136875,10.6162686],[-0.7144815,10.6159523],[-0.7155973,10.6166694]],[[-0.7143849,10.6155199],[-0.7128775,10.6159207],[-0.7119548,10.6156096],[-0.7129741,10.6152247],[-0.7143849,10.6155199]],[[-0.7152432,10.6427728],[-0.7127434,10.641381],[-0.7117778,10.6398995],[-0.7143313,10.6418133],[-0.7152432,10.6427728]],[[-1.0782936,10.4298391],[-1.0774756,10.4296228],[-1.077143,10.4288393],[-1.0778564,10.4296887],[-1.0782936,10.4298391]],[[-1.0674012,10.4953363],[-1.0679296,10.495186],[-1.0671625,10.4958743],[-1.0674012,10.4953363]],[[-1.0681254,10.4942313],[-1.0678625,10.4947482],[-1.067664,10.4949539],[-1.0677123,10.4947376],[-1.0681254,10.4942313]],[[-1.0670176,10.4956422],[-1.0667494,10.4961407],[-1.0656872,10.4966761],[-1.0670176,10.4956422]],[[-1.0647538,10.496829],[-1.0640511,10.4969793],[-1.0630292,10.4968422],[-1.0642228,10.4966919],[-1.0647538,10.496829]],[[-1.062533,10.4965943],[-1.06249,10.4968607],[-1.0624096,10.4966339],[-1.062533,10.4965943]]]}},{"type":"Feature","properties":{},"geometry":{"type":"Polygon","coordinates":[[[-1.1168973,8.682618],[-1.1208361,8.6807434],[-1.1298041,8.678499],[-1.1308059,8.6784433],[-1.1270039,8.6805087],[-1.133063,8.6794018],[-1.1351752,8.6786885],[-1.1371574,8.675809],[-1.1389732,8.6763446],[-1.1413229,8.6755783],[-1.1420645,8.6724508],[-1.1417145,8.6708718],[-1.1448339,8.6689707],[-1.14647,8.6653486],[-1.1486319,8.6648475],[-1.1511076,8.6628163],[-1.1510485,8.6584465],[-1.1521643,8.6548826],[-1.1514616,8.6532969],[-1.1534894,8.6528461],[-1.1545147,8.6511036],[-1.1622414,8.6460604],[-1.1631775,8.6445092],[-1.1629629,8.6433159],[-1.159833,8.6395583],[-1.1594056,8.6315323],[-1.1622226,8.6274316],[-1.1636692,8.6239111],[-1.1678016,8.6190304],[-1.172061,8.6158799],[-1.1719215,8.6141827],[-1.1711168,8.6137265],[-1.1654306,8.6174923],[-1.1591773,8.6258172],[-1.1565913,8.6281196],[-1.1534355,8.6286145],[-1.1513221,8.6267527],[-1.1506462,8.6252465],[-1.1506656,8.6216036],[-1.152556,8.6154662],[-1.1567091,8.610857],[-1.1619759,8.6078816],[-1.1630702,8.6065768],[-1.1623836,8.603405],[-1.1600769,8.5991617],[-1.1569548,8.5988011],[-1.1537361,8.5963611],[-1.1545569,8.5935022],[-1.1491577,8.5846903],[-1.1493957,8.5771495],[-1.1480606,8.5736375],[-1.1483007,8.5666813],[-1.1532211,8.5634209],[-1.1510392,8.5612951],[-1.1529207,8.558843],[-1.1550772,8.5585513],[-1.1512202,8.5547716],[-1.1549538,8.5542385],[-1.1551791,8.553586],[-1.1513731,8.5519813],[-1.1538059,8.5503607],[-1.1534572,8.546223],[-1.1575931,8.5440002],[-1.1629425,8.5390379],[-1.170001,8.5372736],[-1.1709559,8.5355972],[-1.1704677,8.5340641],[-1.1691178,8.5351541],[-1.164068,8.5349394],[-1.1614662,8.5312816],[-1.1600608,8.5304911],[-1.1593044,8.5309023],[-1.159106,8.5325097],[-1.1604014,8.5342524],[-1.1605221,8.5354725],[-1.1557684,8.5417443],[-1.1495197,8.5452469],[-1.1454428,8.5451408],[-1.1431682,8.5460002],[-1.1413884,8.5548888],[-1.1389644,8.5594305],[-1.1344886,8.5620417],[-1.135186,8.5657549],[-1.1341667,8.5673145],[-1.1317742,8.5686406],[-1.1268604,8.5669856],[-1.125766,8.567654],[-1.1310017,8.5730222],[-1.1324072,8.5755895],[-1.1318708,8.5789525],[-1.1311197,8.5799497],[-1.1256588,8.5836946],[-1.1241031,8.5841402],[-1.1267531,8.5872591],[-1.12759,8.5938894],[-1.1304975,8.6004878],[-1.1355937,8.6038824],[-1.1361623,8.6086984],[-1.1430502,8.617556],[-1.1468366,8.6241158],[-1.1473636,8.6277873],[-1.1470306,8.6298183],[-1.1459658,8.6307066],[-1.1460275,8.6329103],[-1.1476785,8.6347628],[-1.1499703,8.6348249],[-1.1516011,8.6363523],[-1.1509091,8.6373653],[-1.1507227,8.6395995],[-1.1486882,8.6409161],[-1.1479711,8.6430676],[-1.1461696,8.6432244],[-1.1474437,8.6442917],[-1.1476368,8.6452994],[-1.1447749,8.6497463],[-1.1442438,8.6525253],[-1.1455661,8.6553812],[-1.1433828,8.6593321],[-1.1374605,8.6649005],[-1.135776,8.6655727],[-1.1353496,8.667857],[-1.1341399,8.6689309],[-1.1340058,8.6702938],[-1.1328632,8.6718794],[-1.1254442,8.6768484],[-1.1205411,8.6769014],[-1.1179125,8.6802582],[-1.1143935,8.6827533],[-1.1168973,8.682618]]]}},{"type":"Feature","properties":{},"geometry":{"type":"MultiPolygon","coordinates":[[[[-0.9823714,8.7607113],[-0.9804411,8.7600387],[-0.9796125,8.7623817],[-0.9798914,8.7653666],[-0.9828204,8.7705093],[-0.9861141,8.7734888],[-0.9929109,8.7779104],[-1.0000348,8.781473],[-1.0032749,8.7824061],[-1.0175765,8.783689],[-1.0310412,8.7909733],[-1.0335839,8.793783],[-1.0370332,8.8025248],[-1.0416627,8.8090346],[-1.0437226,8.8107999],[-1.0532391,8.8120086],[-1.0777974,8.8220381],[-1.0807425,8.8222024],[-1.0861659,8.821243],[-1.0891593,8.8225788],[-1.1013472,8.8384283],[-1.1161316,8.8541075],[-1.1212492,8.8631924],[-1.1254764,8.8734379],[-1.1286146,8.87886],[-1.1383081,8.8911243],[-1.1412907,8.8968906],[-1.1580384,8.9154715],[-1.1617613,8.9203577],[-1.1658275,8.9277558],[-1.166997,8.9314653],[-1.1662889,8.9395733],[-1.1638534,8.9474161],[-1.1591971,8.9596198],[-1.1526337,8.9723636],[-1.1384207,8.9917963],[-1.1322248,8.9972802],[-1.129489,8.9987029],[-1.1304545,8.9999321],[-1.1321926,8.9989837],[-1.140148,8.9920851],[-1.1538488,8.9735081],[-1.1606723,8.9600835],[-1.1662996,8.9458369],[-1.1677802,8.9405483],[-1.1687887,8.9320059],[-1.1659777,8.9246715],[-1.1630488,8.919372],[-1.1505389,8.9052537],[-1.145035,8.8979771],[-1.1444128,8.8961857],[-1.1290598,8.8770367],[-1.1268711,8.873157],[-1.1223436,8.8621006],[-1.1174083,8.8529414],[-1.102227,8.8372515],[-1.0898888,8.8212324],[-1.0865307,8.8195361],[-1.0788596,8.819499],[-1.0778993,8.8182797],[-1.0747075,8.8172275],[-1.0727817,8.8179139],[-1.0710061,8.8176595],[-1.0556746,8.8108423],[-1.0441733,8.8089975],[-1.0421133,8.8069937],[-1.0377789,8.800505],[-1.0350108,8.7928711],[-1.0334337,8.7903795],[-1.0332004,8.7870952],[-1.0319316,8.7874213],[-1.0270071,8.7861648],[-1.0266101,8.7842881],[-1.0245985,8.7840919],[-1.0226727,8.7819766],[-1.0224259,8.7829574],[-1.017217,8.7811284],[-1.0098839,8.7796493],[-1.0067403,8.780858],[-1.0041118,8.7805081],[-0.9950405,8.7771734],[-0.9895554,8.7735312],[-0.9882143,8.7721024],[-0.9921277,8.7748036],[-0.9829974,8.7669889],[-0.9814525,8.7633837],[-0.9823714,8.7607113]],[[-0.9843117,8.7706206],[-0.9855589,8.7718294],[-0.9873721,8.7740667],[-0.9839952,8.7709334],[-0.9843117,8.7706206]],[[-1.0734335,8.8186481],[-1.0754076,8.8180279],[-1.0782775,8.819271],[-1.0744929,8.8192074],[-1.0734335,8.8186481]],[[-1.1446461,8.8969012],[-1.1431079,8.8957246],[-1.1418808,8.8936603],[-1.1442827,8.8962957],[-1.1446461,8.8969012]]],[[[-1.3646624,8.7631875],[-1.3774619,8.7693217],[-1.3928926,8.771665],[-1.4024413,8.7747453],[-1.409592,8.7755829],[-1.4211416,8.7739076],[-1.4333886,8.7696663],[-1.4394799,8.7682216],[-1.4426972,8.7679724],[-1.4454451,8.7693429],[-1.446225,8.7686994],[-1.4452621,8.7675449],[-1.4507425,8.7667212],[-1.4555517,8.767087],[-1.4611521,8.7663713],[-1.4765132,8.7660134],[-1.4800966,8.7641578],[-1.4884758,8.7578592],[-1.494602,8.7492064],[-1.5007496,8.7389098],[-1.5086889,8.6969569],[-1.5096545,8.6936692],[-1.5130019,8.6898724],[-1.5298033,8.6815787],[-1.5526986,8.6758727],[-1.5581489,8.6757454],[-1.566217,8.6773575],[-1.5764308,8.6778242],[-1.5852714,8.6766575],[-1.6119647,8.6770181],[-1.6198826,8.6783969],[-1.6299892,8.6811332],[-1.6409755,8.6885149],[-1.6455245,8.6927784],[-1.6549444,8.69596],[-1.6572619,8.69596],[-1.6765738,8.6864574],[-1.6785264,8.6850998],[-1.6803503,8.6827453],[-1.6834188,8.6760848],[-1.683805,8.6721605],[-1.6825175,8.660939],[-1.6834402,8.658054],[-1.6855002,8.6525174],[-1.6872597,8.6496323],[-1.6938043,8.6431409],[-1.6968298,8.6413377],[-1.7120004,8.6367979],[-1.7301965,8.6283969],[-1.736033,8.6274847],[-1.7411614,8.6277392],[-1.7541433,8.6309851],[-1.7610741,8.6344006],[-1.7663527,8.6400649],[-1.7729616,8.6445622],[-1.7887116,8.6533447],[-1.8129802,8.6626361],[-1.8155766,8.6630391],[-1.8286228,8.6615542],[-1.8361545,8.6624451],[-1.8431711,8.6615966],[-1.8461323,8.6603238],[-1.856668,8.653578],[-1.8690276,8.6405316],[-1.8710447,8.6369888],[-1.874156,8.6241539],[-1.8805075,8.6118702],[-1.881516,8.6072451],[-1.8892622,8.5887443],[-1.8913865,8.5743589],[-1.8931031,8.5558353],[-1.8956566,8.549703],[-1.8970299,8.5369076],[-1.8969226,8.5298413],[-1.8938542,8.5164086],[-1.8900132,8.5053522],[-1.8856144,8.4866342],[-1.8836618,8.4830051],[-1.8834043,8.4743885],[-1.886816,8.464753],[-1.8921161,8.4561148],[-1.8967724,8.4514241],[-1.9016862,8.4490045],[-1.9038964,8.447158],[-1.9095826,8.4386891],[-1.9107199,8.4285008],[-1.9097758,8.418949],[-1.9075871,8.406404],[-1.9082952,8.3979343],[-1.9078016,8.3958964],[-1.9020081,8.3865137],[-1.89924,8.3777039],[-1.8927169,8.3671318],[-1.889863,8.3592981],[-1.8842626,8.3481099],[-1.8723321,8.3347346],[-1.8692422,8.3324841],[-1.8586636,8.3297028],[-1.8484926,8.328981],[-1.8402314,8.3312527],[-1.832099,8.3323567],[-1.8168855,8.3392143],[-1.8083239,8.3396814],[-1.7946124,8.3380466],[-1.7919731,8.3371549],[-1.7903853,8.3363906],[-1.7824245,8.3287262],[-1.7718244,8.3239916],[-1.7697859,8.3221869],[-1.7662668,8.3088319],[-1.753242,8.2856241],[-1.7481566,8.2792964],[-1.7471266,8.2754955],[-1.7467618,8.2677662],[-1.7475987,8.2615869],[-1.7577267,8.2472317],[-1.7627478,8.2440676],[-1.7705155,8.2335132],[-1.7748714,8.2303914],[-1.7866302,8.2261228],[-1.7913509,8.225422],[-1.7997837,8.2259529],[-1.8058884,8.2299348],[-1.8128514,8.2364969],[-1.8228078,8.2414343],[-1.8283868,8.2455116],[-1.8421412,8.2521053],[-1.862011,8.2577645],[-1.8695104,8.2593147],[-1.8767953,8.2600155],[-1.8839729,8.2618735],[-1.8948627,8.2618948],[-1.8972015,8.2607162],[-1.9016647,8.2566497],[-1.904347,8.2524769],[-1.9086707,8.2443755],[-1.9110525,8.238663],[-1.9131982,8.2305932],[-1.915977,8.2256875],[-1.9227791,8.2172457],[-1.9257403,8.2147503],[-1.929946,8.2126265],[-1.931802,8.2106408],[-1.9329608,8.2078481],[-1.9329071,8.2017527],[-1.9433463,8.1847193],[-1.9495905,8.1802591],[-1.9541395,8.1748218],[-1.9612527,8.1690658],[-1.9651687,8.1676852],[-1.9785261,8.166294],[-1.9855535,8.1635221],[-1.990757,8.15989],[-1.9982135,8.1581165],[-2.0073331,8.1549941],[-2.0185018,8.1558331],[-2.0314729,8.154856],[-2.0384359,8.1499813],[-2.0436823,8.1483988],[-2.0544863,8.1491529],[-2.0658374,8.1469438],[-2.0724249,8.149737],[-2.0746887,8.1515956],[-2.0807076,8.1536028],[-2.0867908,8.1550047],[-2.090621,8.1551959],[-2.0942366,8.1567358],[-2.1005559,8.1565659],[-2.1060598,8.1582227],[-2.1189666,8.1574686],[-2.1204257,8.1558012],[-2.1227431,8.149822],[-2.1242988,8.1487387],[-2.1275067,8.1483032],[-2.1360576,8.1533586],[-2.1383858,8.1614618],[-2.141465,8.1629593],[-2.144469,8.1634159],[-2.147516,8.1678339],[-2.1516037,8.1715509],[-2.1606588,8.1737173],[-2.1623647,8.1794732],[-2.1627939,8.1846662],[-2.1637273,8.1861317],[-2.1628904,8.1910061],[-2.1645427,8.198705],[-2.1647894,8.2030801],[-2.165916,8.2060747],[-2.1661627,8.2109063],[-2.1673966,8.2130088],[-2.1748316,8.2189341],[-2.1893048,8.2222683],[-2.2030163,8.2313152],[-2.2094751,8.2382277],[-2.2114813,8.2416679],[-2.2082842,8.2432394],[-2.2076941,8.2441419],[-2.2078979,8.2497588],[-2.2063422,8.2530715],[-2.2065997,8.2544837],[-2.2100973,8.2598987],[-2.2115564,8.2609073],[-2.2158104,8.2607905],[-2.218852,8.2643899],[-2.2239965,8.2636466],[-2.2321451,8.2715035],[-2.2346865,8.2786074],[-2.235052,8.2790664],[-2.235402,8.2782796],[-2.2359142,8.2788727],[-2.2365523,8.2780781],[-2.232483,8.2705851],[-2.2299993,8.2675751],[-2.2241038,8.2626061],[-2.2197747,8.2633706],[-2.2175109,8.2617833],[-2.216025,8.2595748],[-2.2118998,8.2603446],[-2.2102261,8.2588688],[-2.2073615,8.2543457],[-2.2072864,8.2528273],[-2.2087669,8.2496738],[-2.2088689,8.24428],[-2.212683,8.2416042],[-2.2080696,8.236619],[-2.2050119,8.2319629],[-2.1900559,8.2212277],[-2.1860111,8.2199853],[-2.1817839,8.2198579],[-2.1763337,8.2184881],[-2.1735013,8.2157325],[-2.1682227,8.212308],[-2.1672785,8.2105028],[-2.1673322,8.2058942],[-2.1660018,8.2036323],[-2.1660662,8.199767],[-2.1640921,8.1916007],[-2.1644783,8.1864078],[-2.1635127,8.1836999],[-2.1631479,8.1771157],[-2.161839,8.1733669],[-2.1604335,8.1725704],[-2.1535993,8.1715296],[-2.1516681,8.1696287],[-2.1503377,8.1663471],[-2.140199,8.1589342],[-2.1357572,8.1521478],[-2.1291697,8.1482926],[-2.1264768,8.1476341],[-2.1225929,8.1488449],[-2.120018,8.1547498],[-2.1180332,8.1570332],[-2.1060169,8.1573837],[-2.1007812,8.1558756],[-2.0940757,8.1557694],[-2.0904601,8.1541976],[-2.0842159,8.1537197],[-2.0749784,8.1507459],[-2.0725644,8.1486218],[-2.0666533,8.1462711],[-2.0637238,8.1461048],[-2.0535421,8.1483138],[-2.0441008,8.1475492],[-2.0381999,8.1493016],[-2.0304,8.1543356],[-2.0204437,8.154941],[-2.0131803,8.1541976],[-2.0053053,8.1546436],[-1.9920123,8.1586475],[-1.9824851,8.1639576],[-1.9792771,8.1651152],[-1.9745672,8.1662834],[-1.9664884,8.1666657],[-1.9619823,8.1679188],[-1.9585061,8.1699048],[-1.9540322,8.173781],[-1.9484639,8.1802485],[-1.9431746,8.1838167],[-1.9326711,8.2003829],[-1.9321668,8.2079436],[-1.9314265,8.2097382],[-1.9281006,8.2133274],[-1.9250429,8.2145167],[-1.9230473,8.2162263],[-1.9154942,8.2249442],[-1.9131017,8.2288518],[-1.9102478,8.2384507],[-1.9074261,8.2450869],[-1.9031883,8.2523708],[-1.900506,8.2562781],[-1.8943691,8.2608436],[-1.8827176,8.2606313],[-1.8777824,8.2590811],[-1.8654871,8.2572974],[-1.838429,8.2494827],[-1.836133,8.2477626],[-1.8292451,8.2447259],[-1.8224001,8.2399266],[-1.8139243,8.2359129],[-1.8077982,8.2299136],[-1.8018222,8.2255282],[-1.7985392,8.2247],[-1.7910075,8.224169],[-1.7854715,8.224976],[-1.7741633,8.2293508],[-1.769464,8.2329186],[-1.7667175,8.2364226],[-1.7645073,8.240776],[-1.7618251,8.2435792],[-1.7578769,8.2459788],[-1.7541218,8.2500561],[-1.7471051,8.2599305],[-1.7462898,8.2624787],[-1.7458177,8.2683608],[-1.746397,8.277895],[-1.7488003,8.2820781],[-1.7530489,8.287153],[-1.7657089,8.3101908],[-1.7675543,8.319724],[-1.7696142,8.3236519],[-1.7713523,8.3250107],[-1.7806006,8.3288748],[-1.7886687,8.3365605],[-1.7928314,8.3387685],[-1.808002,8.3410402],[-1.8131733,8.3411039],[-1.8192673,8.3395965],[-1.831069,8.3341189],[-1.8471194,8.3303822],[-1.8585563,8.3307219],[-1.8677831,8.3332697],[-1.8701005,8.3344586],[-1.871624,8.3354989],[-1.8835116,8.3494899],[-1.8884254,8.3593831],[-1.8914294,8.3674503],[-1.8939615,8.3719933],[-1.8971157,8.3759843],[-1.9009137,8.3867472],[-1.9067502,8.3965757],[-1.9072652,8.3988258],[-1.9066215,8.4078899],[-1.9094324,8.4273334],[-1.9089389,8.436418],[-1.9081021,8.4393471],[-1.9029737,8.4464575],[-1.8950129,8.4509147],[-1.8923521,8.4535678],[-1.8863225,8.4633098],[-1.882546,8.4731788],[-1.8820095,8.4760652],[-1.8824387,8.4830051],[-1.8850136,8.4883108],[-1.8873096,8.4997921],[-1.8941117,8.5230082],[-1.8958497,8.5360588],[-1.8943262,8.5499788],[-1.8920946,8.5557716],[-1.8882966,8.5876835],[-1.8802929,8.6072027],[-1.8786621,8.6135462],[-1.8721605,8.6259996],[-1.870637,8.6335945],[-1.8684697,8.6392587],[-1.8555522,8.6527507],[-1.8433857,8.6603238],[-1.837678,8.6613633],[-1.8258763,8.6605572],[-1.8153191,8.6617239],[-1.7919946,8.6533659],[-1.7739058,8.6439258],[-1.7578726,8.6308806],[-1.7416808,8.6264177],[-1.7322979,8.6266559],[-1.7177037,8.6323347],[-1.7064643,8.6375616],[-1.6981173,8.6396194],[-1.6945338,8.641168],[-1.6923881,8.6429288],[-1.6858006,8.6494414],[-1.6841912,8.6517961],[-1.6819811,8.6579268],[-1.6810155,8.6626361],[-1.682539,8.672712],[-1.6800285,8.6806878],[-1.6781616,8.6832544],[-1.6749859,8.6857574],[-1.6566825,8.6945601],[-1.6534424,8.6942843],[-1.6445589,8.6900845],[-1.6387224,8.6849089],[-1.6286373,8.6789908],[-1.6236162,8.6784605],[-1.6146469,8.6757454],[-1.5830398,8.6751514],[-1.5781903,8.6763393],[-1.5736842,8.6764454],[-1.5528918,8.6741757],[-1.5304899,8.679712],[-1.5160489,8.6865422],[-1.5124226,8.6885361],[-1.5094829,8.6911239],[-1.5074015,8.696363],[-1.5001273,8.7341803],[-1.4986146,8.7387826],[-1.4938831,8.7477961],[-1.4891249,8.7548424],[-1.4832562,8.7602397],[-1.4742762,8.765128],[-1.4655805,8.7647428],[-1.4563027,8.7656025],[-1.4517322,8.7652446],[-1.4380342,8.7671692],[-1.4213777,8.7723967],[-1.4105603,8.7742151],[-1.4042437,8.7736505],[-1.3932252,8.7702468],[-1.3766062,8.7675138],[-1.3664004,8.7621935],[-1.3592899,8.760306],[-1.3549152,8.758347],[-1.3512164,8.7556006],[-1.3463268,8.7499673],[-1.3396427,8.7440661],[-1.3287824,8.7378759],[-1.3219106,8.7311792],[-1.309154,8.7218816],[-1.3027168,8.7200337],[-1.2913495,8.7208715],[-1.2877098,8.7199409],[-1.2844321,8.7165871],[-1.2811558,8.7112329],[-1.2730904,8.7033374],[-1.2641707,8.6910814],[-1.2549198,8.6863897],[-1.2549741,8.6858522],[-1.2546542,8.6862519],[-1.2477529,8.6825862],[-1.2414551,8.6804332],[-1.2330651,8.6760238],[-1.2223846,8.6731045],[-1.2117,8.6683595],[-1.21297,8.6684192],[-1.2129325,8.6680029],[-1.2085712,8.6678703],[-1.2014526,8.66874],[-1.1953291,8.6709408],[-1.1956295,8.6701692],[-1.1951521,8.6696972],[-1.1950851,8.6710681],[-1.190819,8.6753795],[-1.190127,8.6747723],[-1.1903617,8.6759045],[-1.1872395,8.6780468],[-1.1872093,8.6799821],[-1.191507,8.6767795],[-1.1946586,8.6731283],[-1.1983091,8.6712059],[-1.2046176,8.669562],[-1.2087858,8.6692597],[-1.2125918,8.6701506],[-1.2212876,8.674181],[-1.2279797,8.6759575],[-1.2475571,8.6841373],[-1.2634036,8.6924496],[-1.2662387,8.6970497],[-1.2741516,8.7065589],[-1.2734741,8.7070714],[-1.2744154,8.7067425],[-1.2805268,8.7125917],[-1.2825599,8.7165686],[-1.2860763,8.7208105],[-1.2910116,8.7223906],[-1.3017243,8.7216191],[-1.3073945,8.7228387],[-1.318472,8.7305589],[-1.3284445,8.7394613],[-1.3388622,8.745389],[-1.3450232,8.7508076],[-1.3522786,8.7584291],[-1.3583109,8.7615413],[-1.3646624,8.7631875]]]]}},{"type":"Feature","properties":{"name":"Vea Dam"},"geometry":{"type":"Polygon","coordinates":[[[-0.8378253,10.8968056],[-0.8383073,10.8983768],[-0.8388346,10.8985363],[-0.8395221,10.8964811],[-0.8390142,10.8953422],[-0.8393575,10.8934175],[-0.8399263,10.8934418],[-0.8398655,10.8919298],[-0.8404196,10.8921524],[-0.8406597,10.8915496],[-0.8389314,10.8875564],[-0.8391788,10.8863669],[-0.8401788,10.884804],[-0.8424404,10.8843441],[-0.8434948,10.8904335],[-0.845414,10.8919619],[-0.8449825,10.8932427],[-0.8456092,10.8929386],[-0.8463707,10.8948919],[-0.8492868,10.8979743],[-0.848886,10.8966249],[-0.8463535,10.894277],[-0.8458179,10.8907966],[-0.8447524,10.88857],[-0.8460932,10.8889088],[-0.8470815,10.8876828],[-0.8469521,10.8833357],[-0.8460512,10.8814792],[-0.8460453,10.879624],[-0.8482125,10.8782332],[-0.8492425,10.8763156],[-0.8510878,10.8753042],[-0.8520027,10.8737899],[-0.8532688,10.874263],[-0.8540003,10.8734178],[-0.8556351,10.8736197],[-0.8565769,10.8724797],[-0.8564688,10.870622],[-0.8548496,10.8709287],[-0.855797,10.871835],[-0.8462459,10.8629371],[-0.8458883,10.8638161],[-0.8444624,10.8644207],[-0.8424941,10.863355],[-0.8412898,10.863525],[-0.8406894,10.8658767],[-0.8393825,10.8653945],[-0.8388786,10.8662717],[-0.8376303,10.8656679],[-0.8383625,10.866513],[-0.8380967,10.8670728],[-0.8395436,10.8672966],[-0.8400801,10.8680552],[-0.8402964,10.8694725],[-0.839879,10.8701018],[-0.8369454,10.8704163],[-0.8373407,10.8722598],[-0.838115,10.8728188],[-0.8375517,10.8731199],[-0.8378756,10.8743892],[-0.8366574,10.8759304],[-0.8364975,10.8779857],[-0.8358522,10.8781676],[-0.8362745,10.8791773],[-0.8329123,10.8810884],[-0.8341324,10.8815901],[-0.8349248,10.8831126],[-0.8321694,10.8840351],[-0.8316953,10.8847644],[-0.8316257,10.8861984],[-0.8340718,10.8868305],[-0.8322909,10.8885795],[-0.8317559,10.8900772],[-0.8325572,10.8909893],[-0.8327952,10.8929727],[-0.8343336,10.8932395],[-0.8345869,10.8918561],[-0.8356276,10.8908025],[-0.8369419,10.8913981],[-0.8344495,10.8968973],[-0.8366047,10.8975962],[-0.8370053,10.8987271],[-0.8378253,10.8968056]],[[-0.8555871,10.8722453],[-0.8540127,10.8726061],[-0.8544432,10.8710099],[-0.8547691,10.8710705],[-0.8555871,10.8722453]]]}},{"type":"Feature","properties":{},"geometry":{"type":"Polygon","coordinates":[[[0.1644516,8.7606904],[0.1632499,8.7595876],[0.1818537,8.7207337],[0.18224,8.7182521],[0.1818108,8.7156009],[0.1790857,8.7080077],[0.1690435,8.7025354],[0.1564264,8.6885149],[0.1490235,8.6817272],[0.1450324,8.6761908],[0.1396036,8.6702726],[0.1377797,8.6671332],[0.1355481,8.6548296],[0.1370501,8.6436925],[0.1380586,8.6400649],[0.1397323,8.6374131],[0.1521778,8.6241115],[0.1656103,8.6171104],[0.1708889,8.6125491],[0.1722836,8.6081998],[0.1719403,8.5996922],[0.1697945,8.5949609],[0.1673698,8.5936879],[0.1512337,8.5894445],[0.1478433,8.5894657],[0.1465344,8.5904205],[0.1428437,8.5952155],[0.1325226,8.604381],[0.1299691,8.6053145],[0.1274371,8.6053357],[0.1229954,8.6021533],[0.1142192,8.5985465],[0.105443,8.5889989],[0.1012373,8.5853284],[0.0961518,8.5769899],[0.0954437,8.5734041],[0.0923753,8.5693302],[0.091238,8.5628799],[0.0843501,8.5589544],[0.0860667,8.5571933],[0.0858307,8.5562596],[0.0841784,8.5538831],[0.0802731,8.55087],[0.079844,8.5488118],[0.0807237,8.5457562],[0.0787926,8.5424035],[0.0774193,8.5416184],[0.077784,8.5389447],[0.0796509,8.5374805],[0.0797796,8.5366529],[0.0788891,8.5319208],[0.0779128,8.5294699],[0.0749516,8.5278465],[0.078578,8.525003],[0.0794148,8.5231143],[0.0804448,8.522552],[0.0824404,8.5228491],[0.0845754,8.5206846],[0.0982332,8.520292],[0.0975895,8.5213955],[0.0979113,8.525003],[0.0945854,8.5226687],[0.0922036,8.5249181],[0.0903368,8.52895],[0.0904226,8.5316662],[0.0924396,8.5346158],[0.0955939,8.5368227],[0.0915599,8.5379049],[0.0919246,8.5411728],[0.0938129,8.546223],[0.0956583,8.5492362],[0.0989198,8.5502122],[0.1001644,8.5542439],[0.1014947,8.5561536],[0.1053571,8.5574691],[0.1065159,8.5658292],[0.1084471,8.5686512],[0.1093483,8.5687149],[0.110507,8.5790268],[0.1147556,8.5848191],[0.1145625,8.5856042],[0.1118588,8.5866438],[0.1125026,8.5884048],[0.1205492,8.5983767],[0.1233816,8.5997346],[0.1272654,8.6029383],[0.1291108,8.6027897],[0.1418352,8.5928816],[0.1446461,8.5883836],[0.1489377,8.5872591],[0.1559114,8.587832],[0.1646662,8.5902295],[0.1709318,8.5927968],[0.1729703,8.5943668],[0.1737857,8.5963187],[0.1744509,8.6017077],[0.1742148,8.609791],[0.173378,8.6131007],[0.1711035,8.6169407],[0.1668978,8.6202291],[0.156877,8.6232841],[0.1531863,8.6257238],[0.1452684,8.6343582],[0.1418137,8.6382192],[0.1391101,8.6425681],[0.1378655,8.6531962],[0.1377153,8.6571843],[0.1392603,8.6657755],[0.1407194,8.6686817],[0.1471138,8.6754697],[0.1518344,8.6819605],[0.1602566,8.6901163],[0.168314,8.6994916],[0.1746225,8.7040731],[0.1813388,8.7067138],[0.1833558,8.7116982],[0.1838493,8.7193656],[0.1821282,8.7250239],[0.1644516,8.7606904]],[[0.0971488,8.5740566],[0.0978762,8.5738867],[0.0972118,8.5728956],[0.0969483,8.5731901],[0.0971488,8.5740566]]]}},{"type":"Feature","properties":{},"geometry":{"type":"Polygon","coordinates":[[[0.090159,6.2503419],[0.0912794,6.2477039],[0.0918616,6.247671],[0.0923612,6.2446635],[0.0943196,6.239693],[0.0965205,6.240195],[0.0963571,6.2436503],[0.0955164,6.245438],[0.0953421,6.2484282],[0.0946149,6.2493375],[0.0955342,6.2561908],[0.0940466,6.2570743],[0.08924,6.2681656],[0.0832319,6.2727727],[0.0721008,6.2748909],[0.0687564,6.2780587],[0.0685763,6.2799083],[0.067954,6.2802806],[0.0656577,6.2807384],[0.0643174,6.280316],[0.0641457,6.2810065],[0.0632659,6.2804385],[0.0624867,6.2810714],[0.0619228,6.2849707],[0.0630767,6.2882303],[0.0659394,6.2920404],[0.0661849,6.2951311],[0.0652836,6.2969657],[0.065098,6.3001309],[0.0638258,6.2998786],[0.0644267,6.2989748],[0.0637937,6.2970179],[0.0627771,6.2974845],[0.0628413,6.2984835],[0.0614505,6.2981568],[0.0607374,6.2993221],[0.0571128,6.2987008],[0.0563891,6.2991729],[0.0555256,6.2982623],[0.0563953,6.2974804],[0.0596874,6.296173],[0.060044,6.2951011],[0.0618077,6.2952177],[0.0616245,6.2937077],[0.0632292,6.2917443],[0.0623452,6.2913039],[0.0609046,6.2879112],[0.0596594,6.2871373],[0.0591027,6.2833196],[0.05951,6.2794274],[0.0614996,6.2785112],[0.0632584,6.2784861],[0.0629885,6.2780932],[0.0637927,6.2772361],[0.0648153,6.2779052],[0.0657699,6.2776673],[0.0670753,6.2759052],[0.0670271,6.2745068],[0.0687658,6.2725872],[0.0736015,6.2696631],[0.078153,6.2685798],[0.0784038,6.2669535],[0.0812114,6.2636846],[0.0827981,6.2605914],[0.090159,6.2503419]],[[0.0901326,6.2520408],[0.0861606,6.2569669],[0.0796287,6.2669903],[0.0801714,6.2678116],[0.0787079,6.2692131],[0.0781982,6.2689598],[0.0783352,6.2698554],[0.0813138,6.2698084],[0.0842193,6.2679987],[0.0875642,6.2631527],[0.0894117,6.2589513],[0.0901326,6.2520408]]]}},{"type":"Feature","properties":{},"geometry":{"type":"Polygon","coordinates":[[[-1.5568453,5.6104469],[-1.5561909,5.6084956],[-1.556679,5.6050094],[-1.5533692,5.6009466],[-1.5545923,5.598432],[-1.5578485,5.5988698],[-1.5587604,5.5979942],[-1.5599942,5.5941289],[-1.5586746,5.5912673],[-1.5590823,5.5889715],[-1.5600693,5.5873165],[-1.5610135,5.5873378],[-1.5648008,5.5851382],[-1.5644038,5.584348],[-1.5653586,5.5803758],[-1.566335,5.5790624],[-1.5642107,5.5767133],[-1.563803,5.5748126],[-1.5642107,5.5726449],[-1.5634596,5.5698259],[-1.566453,5.5675194],[-1.5677512,5.5651702],[-1.5683305,5.5628316],[-1.5683949,5.5564887],[-1.5693498,5.5527512],[-1.58113,5.5484264],[-1.5827072,5.5485332],[-1.5869022,5.5508931],[-1.5901637,5.550765],[-1.591537,5.549868],[-1.5938115,5.545351],[-1.593672,5.5430657],[-1.5953672,5.5361993],[-1.5941978,5.5312123],[-1.5944767,5.5296105],[-1.5975344,5.5299415],[-1.6016758,5.5319491],[-1.6072762,5.5320666],[-1.6086924,5.5317569],[-1.6103232,5.5303473],[-1.6118896,5.5269941],[-1.6110528,5.5264815],[-1.6087246,5.5302726],[-1.6073191,5.5309987],[-1.6016328,5.5309133],[-1.5972984,5.5288523],[-1.5939081,5.5288736],[-1.5931678,5.5308813],[-1.5943265,5.5346722],[-1.5943802,5.5381322],[-1.5929639,5.5426599],[-1.5926528,5.5459703],[-1.5901423,5.5496758],[-1.5875244,5.5502738],[-1.5832329,5.5478391],[-1.5811408,5.5475828],[-1.5711629,5.550733],[-1.5684486,5.5522386],[-1.5672898,5.5581545],[-1.5671396,5.5641023],[-1.5655303,5.5670602],[-1.5626443,5.5690357],[-1.5626335,5.5759444],[-1.5640497,5.5779199],[-1.5638244,5.5801516],[-1.5618181,5.5835045],[-1.558975,5.5843267],[-1.5584171,5.5853304],[-1.5591359,5.5859177],[-1.5588677,5.5867078],[-1.5548551,5.588459],[-1.5549088,5.5905519],[-1.5564859,5.5925379],[-1.5550912,5.5940221],[-1.553514,5.5945453],[-1.5531331,5.5973589],[-1.5519744,5.5987043],[-1.5527093,5.5998041],[-1.553219,5.603333],[-1.5543938,5.604593],[-1.554898,5.6064402],[-1.5540022,5.6085277],[-1.5546405,5.6096595],[-1.5566294,5.6107325],[-1.5560836,5.6166051],[-1.5543079,5.6183722],[-1.5515453,5.6187139],[-1.545249,5.6147153],[-1.5420395,5.6156441],[-1.5364444,5.6240578],[-1.5361655,5.6254512],[-1.5373617,5.6258516],[-1.5415943,5.6312863],[-1.5408808,5.6356798],[-1.5410471,5.6379007],[-1.5399474,5.6403243],[-1.5367556,5.6419152],[-1.5367448,5.6426679],[-1.5382952,5.6450435],[-1.5408057,5.6470614],[-1.5429407,5.6593662],[-1.5444052,5.6609944],[-1.5496248,5.661272],[-1.5505314,5.6640639],[-1.5504563,5.666765],[-1.5538198,5.6727011],[-1.5604395,5.6750872],[-1.5624833,5.6744253],[-1.5657717,5.6714466],[-1.5696877,5.6692366],[-1.5757173,5.6714733],[-1.5763128,5.6726424],[-1.5790004,5.6740356],[-1.5802825,5.6755677],[-1.5811783,5.6845356],[-1.5821761,5.6865694],[-1.5839034,5.6879893],[-1.5928727,5.690653],[-1.5938759,5.691806],[-1.5939751,5.6937277],[-1.5947798,5.693757],[-1.594128,5.6905676],[-1.5870738,5.6877545],[-1.5847993,5.6874982],[-1.5825677,5.6857153],[-1.5809691,5.6753274],[-1.5790486,5.6719431],[-1.5698272,5.6686441],[-1.5675956,5.6693434],[-1.5607721,5.6744039],[-1.5564591,5.6732509],[-1.5543294,5.6720979],[-1.5516204,5.6671921],[-1.5512288,5.6632845],[-1.5493083,5.6595531],[-1.5445179,5.6604072],[-1.5438205,5.6592114],[-1.5417337,5.6475525],[-1.539588,5.6442267],[-1.539588,5.6414828],[-1.5433055,5.6372173],[-1.5434665,5.6343612],[-1.5430051,5.6310407],[-1.5396255,5.6276133],[-1.538837,5.6255687],[-1.5396094,5.6242287],[-1.5388852,5.6227499],[-1.540398,5.6192958],[-1.5438795,5.6156228],[-1.5458214,5.615847],[-1.5480799,5.6176889],[-1.5485036,5.6195627],[-1.5517598,5.6209241],[-1.5564269,5.618212],[-1.5581381,5.6130869],[-1.5576017,5.6108607],[-1.5568453,5.6104469]],[[-1.5533477,5.6196855],[-1.5517759,5.6205504],[-1.5492654,5.6193545],[-1.5490937,5.618212],[-1.5500915,5.6193225],[-1.5519744,5.6190983],[-1.5533477,5.6196855]],[[-1.5383005,5.624266],[-1.5373081,5.6249921],[-1.5369487,5.6247412],[-1.5382469,5.6229848],[-1.5383005,5.624266]],[[-1.5418142,5.6316866],[-1.5426296,5.6330053],[-1.5422595,5.6343025],[-1.5427852,5.635856],[-1.5416157,5.6375216],[-1.5410149,5.6366141],[-1.5416265,5.6356265],[-1.5418142,5.6316866]],[[-1.5386385,5.6439171],[-1.5377212,5.6437996],[-1.5371418,5.6424116],[-1.5386277,5.6412479],[-1.5386385,5.6439171]],[[-1.5791452,5.6735232],[-1.5767205,5.6723167],[-1.5760231,5.671121],[-1.5788931,5.67229],[-1.5791452,5.6735232]]]}},{"type":"Feature","properties":{},"geometry":{"type":"Polygon","coordinates":[[[0.4715297,6.0422228],[0.4702784,6.0407104],[0.468374,6.040501],[0.4677236,6.0389873],[0.4655805,6.0394008],[0.4648603,6.0378577],[0.4636869,6.0378017],[0.4638626,6.036492],[0.4634254,6.03636],[0.4639149,6.036208],[0.4637928,6.0374656],[0.4644513,6.0376643],[0.4646605,6.0357238],[0.4641402,6.0347209],[0.4626033,6.0340608],[0.4625322,6.0332005],[0.4595724,6.0343968],[0.4599559,6.0365227],[0.4584351,6.0368428],[0.4593202,6.0383472],[0.4590601,6.0394354],[0.4519924,6.0399502],[0.4473147,6.0382965],[0.4429883,6.0379071],[0.4414004,6.0388033],[0.4369506,6.0344262],[0.4358898,6.032499],[0.436551,6.0323136],[0.4376279,6.0336753],[0.4404791,6.035109],[0.4442328,6.033906],[0.4451823,6.0327978],[0.4443374,6.0309106],[0.446164,6.0303745],[0.4475453,6.0309533],[0.4473951,6.0284726],[0.4466066,6.0268589],[0.4477197,6.0258826],[0.4483661,6.0266215],[0.4481623,6.0301584],[0.4489857,6.0303451],[0.4502597,6.0294782],[0.4520649,6.0318468],[0.4542884,6.0325004],[0.4544306,6.0269469],[0.4558843,6.0260586],[0.455659,6.0235993],[0.4603797,6.0240448],[0.4625362,6.0269416],[0.4638344,6.0276244],[0.4641187,6.0265788],[0.4623538,6.0233032],[0.4633784,6.0226684],[0.464859,6.0227111],[0.4660392,6.0252611],[0.4677987,6.0249357],[0.4683191,6.0269149],[0.4728252,6.0255718],[0.4758561,6.023794],[0.4744881,6.022335],[0.4748315,6.0214921],[0.4767036,6.0212387],[0.4793,6.0227377],[0.4804346,6.0220095],[0.4815638,6.0200357],[0.4813331,6.0190114],[0.4800323,6.020001],[0.47849,6.0196729],[0.4779696,6.0176056],[0.4783183,6.0150182],[0.4736781,6.0143354],[0.4704326,6.0169068],[0.4693544,6.0163253],[0.4689145,6.0148742],[0.4647088,6.0162559],[0.4632068,6.0151249],[0.4620481,6.0121454],[0.4606855,6.0106463],[0.4599264,6.0115399],[0.4596877,6.0139032],[0.456976,6.0142527],[0.456233,6.0157624],[0.4552567,6.0160185],[0.4530385,6.0134551],[0.4543582,6.0091845],[0.4534489,6.0063756],[0.4516143,6.0044284],[0.4508364,6.0045831],[0.4503322,6.0056768],[0.4491091,6.0048445],[0.4480603,6.0050979],[0.4455444,6.0102675],[0.4396033,6.0097713],[0.4399198,6.0091045],[0.4452547,6.0088724],[0.4468077,6.0043617],[0.4488033,6.0028172],[0.4488462,6.002105],[0.4475427,6.0016088],[0.4459655,5.9996322],[0.4458207,5.9976422],[0.4464,5.9967886],[0.448814,5.9982131],[0.4528534,5.9992374],[0.4546183,5.9975675],[0.4594463,5.9973595],[0.4605031,5.995919],[0.4611415,5.9983785],[0.4599452,6.0016168],[0.4610127,6.0044711],[0.4658139,6.0059062],[0.4685765,6.0031053],[0.4712963,6.0053247],[0.473088,6.0052873],[0.4735225,6.0045137],[0.4749334,6.0052233],[0.4777068,6.0050046],[0.4785919,6.0014835],[0.4815584,5.9977489],[0.4805177,5.9961644],[0.4788709,5.9957536],[0.4791498,5.9939824],[0.4774868,5.9936463],[0.4772991,5.9927873],[0.479123,5.9914909],[0.4801208,5.9896396],[0.4824436,5.9921097],[0.4844177,5.9916243],[0.485394,5.9905199],[0.4849327,5.9877189],[0.4821056,5.9833921],[0.484482,5.9824318],[0.4849756,5.9814288],[0.4827815,5.9761255],[0.4831302,5.9749411],[0.4846966,5.9747437],[0.4887414,5.9781262],[0.4900476,5.9777768],[0.490758,5.9765693],[0.4945725,5.9790332],[0.4899135,5.9843791],[0.4899618,5.9863745],[0.4908818,5.9873695],[0.4904929,5.9892741],[0.4911795,5.991931],[0.4903534,5.9952895],[0.4915175,5.9954202],[0.4933655,5.99295],[0.495235,5.9928567],[0.4976571,5.9910774],[0.4995158,5.990968],[0.5012888,5.9951881],[0.499835,5.9962658],[0.4967424,5.9971354],[0.4963133,5.9993308],[0.4984027,6.0006165],[0.4997599,6.0003951],[0.5012888,6.00318],[0.4982686,6.0041963],[0.4966217,6.0082615],[0.4977536,6.0087844],[0.4992181,6.0076107],[0.5018051,6.0071225],[0.5019868,6.0089618],[0.4959458,6.0166987],[0.4935372,6.0186833],[0.4843909,6.022599],[0.477798,6.0240581],[0.4682225,6.028802],[0.4664254,6.0303131],[0.4629171,6.028558],[0.463019,6.029705],[0.4623645,6.0301958],[0.4635072,6.0302491],[0.4645425,6.032463],[0.4633462,6.0340688],[0.4643843,6.0345462],[0.4652131,6.0367121],[0.4651165,6.0379924],[0.4658326,6.0389366],[0.4677129,6.0385872],[0.4686302,6.0401263],[0.470717,6.0406304],[0.4715297,6.0422228]],[[0.47814,6.0061316],[0.4787435,6.0064823],[0.479288,6.0057755],[0.4783706,6.0055074],[0.47814,6.0061316]],[[0.4799223,6.0005845],[0.4813372,6.0023505],[0.4826823,6.0016728],[0.4812473,5.9995068],[0.480161,5.9998509],[0.4799223,6.0005845]]]}},{"type":"Feature","properties":{"name":"Tono Reservoir"},"geometry":{"type":"Polygon","coordinates":[[[-1.1549478,10.8623898],[-1.1519907,10.8649049],[-1.1439803,10.8800021],[-1.1447598,10.8801612],[-1.1451889,10.8812853],[-1.1448821,10.8833314],[-1.1477542,10.8817942],[-1.1484376,10.8819596],[-1.1480707,10.8834831],[-1.1449626,10.8857788],[-1.1452925,10.8865558],[-1.1468777,10.8857867],[-1.147382,10.8872696],[-1.1486332,10.8859539],[-1.1492381,10.8863358],[-1.150946,10.8854407],[-1.1510158,10.8871833],[-1.1523171,10.8877385],[-1.1517791,10.8890028],[-1.1544254,10.8879491],[-1.1560535,10.888389],[-1.1526927,10.8905857],[-1.1523655,10.891792],[-1.1516006,10.891542],[-1.1536342,10.8951186],[-1.1512336,10.8963407],[-1.1516542,10.8977685],[-1.1522448,10.8975839],[-1.1535913,10.8986084],[-1.1538059,10.8996909],[-1.1549748,10.900592],[-1.1559999,10.9000966],[-1.1579171,10.9032257],[-1.1592722,10.9043001],[-1.1580706,10.9056275],[-1.1590576,10.9062175],[-1.156826,10.9077872],[-1.15821,10.908335],[-1.157341,10.9109055],[-1.158371,10.9116641],[-1.1583603,10.9136446],[-1.1593688,10.9137289],[-1.1593151,10.9129282],[-1.1605994,10.9125492],[-1.1599696,10.9154671],[-1.1591756,10.9160149],[-1.1592937,10.9170368],[-1.1607924,10.918828],[-1.1601412,10.9201866],[-1.1614287,10.9207555],[-1.1611712,10.9216404],[-1.164701,10.9242529],[-1.1637139,10.9221882],[-1.1640144,10.9216193],[-1.1656848,10.9232419],[-1.1672652,10.9233365],[-1.1681128,10.9249693],[-1.1731199,10.9275399],[-1.1753515,10.9265286],[-1.1750082,10.9255174],[-1.1694854,10.9222515],[-1.167772,10.9196095],[-1.1658387,10.9191091],[-1.163435,10.9151827],[-1.1636496,10.9145822],[-1.1666777,10.9165123],[-1.1657282,10.9145834],[-1.1661488,10.91369],[-1.1679072,10.9132423],[-1.1658548,10.911445],[-1.1666187,10.9094992],[-1.1645813,10.9090484],[-1.1637444,10.9077094],[-1.1647068,10.9074333],[-1.1658597,10.9049111],[-1.1636496,10.9006971],[-1.1639285,10.8972626],[-1.1654735,10.8985057],[-1.1660743,10.9008235],[-1.1680231,10.9036249],[-1.1688653,10.9028443],[-1.1704725,10.9028263],[-1.1699071,10.9014431],[-1.1710508,10.901875],[-1.1760665,10.9067644],[-1.176839,10.909395],[-1.176618,10.9126724],[-1.1777155,10.913551],[-1.1782766,10.9131043],[-1.1791714,10.9144685],[-1.1787702,10.9158244],[-1.1800147,10.9189247],[-1.1842848,10.9216626],[-1.1860872,10.9216637],[-1.1873532,10.9207999],[-1.1879165,10.9195937],[-1.1870528,10.917196],[-1.1878114,10.9160087],[-1.1896567,10.9159866],[-1.1907221,10.9152586],[-1.1890774,10.9138997],[-1.186688,10.9135088],[-1.1839844,10.9145623],[-1.1829115,10.913611],[-1.181388,10.9076251],[-1.1827613,10.906146],[-1.182668,10.9043676],[-1.1846356,10.9041854],[-1.1851362,10.9025937],[-1.1845416,10.9026252],[-1.1834984,10.9010543],[-1.1818172,10.9028969],[-1.1813097,10.9011565],[-1.1795641,10.9021068],[-1.1775471,10.9013061],[-1.1771394,10.9004043],[-1.1787906,10.8996068],[-1.1790362,10.8988451],[-1.1749292,10.8981708],[-1.1736858,10.8962734],[-1.1712975,10.8957119],[-1.1682001,10.8911036],[-1.1696957,10.8884971],[-1.1706978,10.8886235],[-1.171923,10.8870432],[-1.1755801,10.8857367],[-1.173777,10.885585],[-1.1759163,10.8833093],[-1.1787129,10.8831659],[-1.1833621,10.8796196],[-1.1824394,10.8779697],[-1.1826197,10.8771837],[-1.1902071,10.8758498],[-1.18704,10.8725478],[-1.1852654,10.8739133],[-1.1834694,10.8708093],[-1.1816283,10.8726637],[-1.1780191,10.8717723],[-1.1775808,10.8703953],[-1.1727191,10.8699221],[-1.1651016,10.8650248],[-1.163915,10.862869],[-1.160727,10.8642915],[-1.1586326,10.8614607],[-1.1558112,10.8629297],[-1.1549478,10.8623898]]]}},{"type":"Feature","properties":{"name":"Bontanga Irrigation Dam"},"geometry":{"type":"Polygon","coordinates":[[[-1.0126146,9.5281605],[-1.015851,9.5412241],[-1.0159626,9.5468581],[-1.0150037,9.5480748],[-1.0157394,9.5484967],[-1.015975,9.5496829],[-1.0143258,9.5523486],[-1.0138033,9.5612769],[-1.0122027,9.5684974],[-1.0133214,9.5697977],[-1.0154666,9.5701646],[-1.014673,9.5708004],[-1.0152062,9.5716563],[-1.016347,9.5711672],[-1.0189628,9.5728796],[-1.0291496,9.5659465],[-1.0295903,9.5645276],[-1.0286851,9.5605781],[-1.0265151,9.5563839],[-1.0263415,9.5548798],[-1.0262547,9.5490592],[-1.0286727,9.5395088],[-1.0280155,9.538555],[-1.0235638,9.5368552],[-1.022237,9.5352043],[-1.0168678,9.5202605],[-1.0146234,9.5158212],[-1.0137678,9.514794],[-1.0110274,9.5144148],[-1.0074429,9.5126877],[-1.0078034,9.5142192],[-1.009589,9.5162859],[-1.0097502,9.5211288],[-1.0126146,9.5281605]]]}},{"type":"Feature","properties":{"name":"Avu Lagoon"},"geometry":{"type":"Polygon","coordinates":[[[0.7503576,5.9698006],[0.753233,5.9709113],[0.7537698,5.9701656],[0.7558245,5.9712786],[0.7549439,5.976807],[0.7526962,5.9789264],[0.7475507,5.9811495],[0.7425269,5.9812349],[0.7410748,5.9828463],[0.7376626,5.983795],[0.7352463,5.9823662],[0.7337172,5.9827807],[0.7328742,5.9823734],[0.7343237,5.9784674],[0.7337021,5.9777264],[0.7340477,5.9767984],[0.7359014,5.9752014],[0.7355932,5.973629],[0.7384331,5.9730666],[0.7439734,5.9696547],[0.7503576,5.9698006]]]}},{"type":"Feature","properties":{"name":"Lake Bosomtwe"},"geometry":{"type":"Polygon","coordinates":[[[-1.4403749,6.5165489],[-1.4434254,6.5113777],[-1.4454264,6.5050298],[-1.4454103,6.5012349],[-1.4463329,6.4979837],[-1.4456409,6.4940448],[-1.4462632,6.4913318],[-1.4458716,6.4844241],[-1.4448255,6.4817537],[-1.4411455,6.4778627],[-1.440475,6.4761144],[-1.4353359,6.472783],[-1.4338231,6.4723939],[-1.4315647,6.4729536],[-1.4308083,6.4748191],[-1.4291453,6.4742222],[-1.4261037,6.4716743],[-1.4237487,6.4719142],[-1.4210397,6.4735479],[-1.4190897,6.4734493],[-1.4177594,6.4745393],[-1.4155197,6.4738624],[-1.4138299,6.4750323],[-1.4128724,6.4749737],[-1.4108446,6.4733293],[-1.4092299,6.4731028],[-1.4083985,6.4738091],[-1.4052415,6.4732201],[-1.4021194,6.4743154],[-1.4004742,6.4721889],[-1.4010106,6.4721237],[-1.4009504,6.471395],[-1.3994946,6.4727382],[-1.3979397,6.4711736],[-1.3959061,6.472302],[-1.391235,6.4730525],[-1.3882989,6.4726392],[-1.3874095,6.4741156],[-1.3820088,6.478324],[-1.3815819,6.479243],[-1.3819705,6.4808036],[-1.380646,6.4821849],[-1.3782872,6.4829842],[-1.3755891,6.4853823],[-1.3752437,6.4882831],[-1.3745248,6.4891945],[-1.375164,6.489666],[-1.3757157,6.4933306],[-1.3751042,6.4959423],[-1.3754261,6.49849],[-1.3724758,6.5067793],[-1.3729673,6.5070398],[-1.3749089,6.505656],[-1.3764131,6.5096881],[-1.3740528,6.5151618],[-1.3759357,6.5181625],[-1.3777918,6.5194736],[-1.3777918,6.5206141],[-1.3797283,6.5215628],[-1.3802379,6.5237107],[-1.3860208,6.5284434],[-1.3886923,6.529083],[-1.3898778,6.5315186],[-1.3926619,6.5321475],[-1.3939548,6.5335172],[-1.3945878,6.5355904],[-1.3995928,6.5386336],[-1.4010948,6.5385217],[-1.4032567,6.5398647],[-1.4064539,6.5407068],[-1.4080524,6.5395609],[-1.411373,6.5392891],[-1.4134651,6.536214],[-1.4164853,6.5370401],[-1.4217478,6.5373225],[-1.4243281,6.5356224],[-1.427257,6.5353933],[-1.4283165,6.5346884],[-1.4294726,6.5311562],[-1.4306849,6.5314707],[-1.4360762,6.5279904],[-1.4370096,6.5255175],[-1.4389461,6.5234416],[-1.4387798,6.5220958],[-1.4403749,6.5165489]]]}},{"type":"Feature","properties":{"name":"Tamne Dam"},"geometry":{"type":"Polygon","coordinates":[[[-0.1835168,10.9235577],[-0.1852816,10.9238421],[-0.1851931,10.9231152],[-0.1832593,10.9125095],[-0.1779807,10.9100101],[-0.1768649,10.9085668],[-0.1758993,10.9061648],[-0.173775,10.9037312],[-0.1758242,10.9014767],[-0.1748586,10.9010658],[-0.1730669,10.9016242],[-0.1725519,10.8999596],[-0.1716399,10.9000544],[-0.1698268,10.8977314],[-0.1668656,10.8967042],[-0.1659375,10.8956454],[-0.1647252,10.8956559],[-0.1645052,10.8915945],[-0.1605839,10.8930115],[-0.1600635,10.8922371],[-0.1589209,10.8924057],[-0.15935,10.8956032],[-0.1588619,10.8960826],[-0.1569253,10.895166],[-0.1570863,10.8962986],[-0.1556808,10.8977419],[-0.1557988,10.9013344],[-0.1574993,10.9027251],[-0.1596826,10.9019402],[-0.1603746,10.9034099],[-0.1612222,10.9017717],[-0.1613402,10.9022194],[-0.1631588,10.9016189],[-0.1681289,10.9038102],[-0.1708487,10.9107343],[-0.1705483,10.9159438],[-0.1692393,10.9169683],[-0.1697302,10.9195756],[-0.1692152,10.92183],[-0.1668978,10.9229888],[-0.1661253,10.9225358],[-0.1656532,10.924885],[-0.1646984,10.9255171],[-0.162735,10.9246427],[-0.1620484,10.9248534],[-0.1622951,10.9256962],[-0.1612866,10.9242003],[-0.160203,10.9241371],[-0.1596129,10.9260649],[-0.1578748,10.9276766],[-0.1568556,10.9279294],[-0.1555252,10.9272026],[-0.153755,10.9287406],[-0.1544845,10.9298677],[-0.1558685,10.929952],[-0.1556754,10.9316902],[-0.1564801,10.9320062],[-0.1555574,10.9338075],[-0.1572847,10.9336916],[-0.1578856,10.9358827],[-0.1575422,10.9388744],[-0.1580572,10.9399699],[-0.1565445,10.9426665],[-0.1566088,10.9440043],[-0.1557291,10.9455212],[-0.1560295,10.9468379],[-0.157392,10.9470485],[-0.1577354,10.9477754],[-0.1581752,10.947491],[-0.1596773,10.9451314],[-0.159924,10.9426876],[-0.16325,10.9378947],[-0.1629496,10.936578],[-0.1635933,10.9354087],[-0.1684427,10.9321642],[-0.1696766,10.9339761],[-0.1703417,10.9328805],[-0.1696122,10.9301732],[-0.1713181,10.929341],[-0.1725841,10.9302364],[-0.1730454,10.9280664],[-0.1735604,10.9284983],[-0.175792,10.9269076],[-0.1784313,10.9271604],[-0.1806843,10.9287195],[-0.1809526,10.9299204],[-0.1816177,10.9276239],[-0.1809418,10.9247902],[-0.1835168,10.9235577]]]}}]}